transaction_id,passenger_id,passenger_name,date,route,ticket_type,fare_paid_lkr,is_fraud,fraud_type,risk_score,risk_category,reason_for_flagging,suspected_fraud_type
TXN107055,PSG102756,Roshan Wijesekara,2024-01-01,Colombo Fort - Trincomalee,Full Fare,420,0,,31.8,Low,No strong rule triggered — flagged by model anomaly score only,Unclassified
TXN107054,PSG100151,Nimal Wijesekara,2024-01-01,Colombo Fort - Badulla,Full Fare,180,0,,20.4,Low,No strong rule triggered — flagged by model anomaly score only,Unclassified
TXN107056,PSG102716,Lasith Karunaratne,2024-01-01,Colombo Fort - Jaffna,Full Fare,180,0,,31.0,Low,Passenger has multiple prior fraud incidents,Unclassified
TXN107051,PSG102345,Nimal Fernando,2024-01-01,Colombo Fort - Matara,Student Concession,72,0,,20.8,Low,No strong rule triggered — flagged by model anomaly score only,Unclassified
TXN107052,PSG101330,Ravindu Kumara,2024-01-01,Colombo Fort - Jaffna,Season Ticket,210,0,,23.0,Low,No strong rule triggered — flagged by model anomaly score only,Unclassified
TXN107057,PSG100140,Dinesh Weerasinghe,2024-01-01,Colombo Fort - Matara,Full Fare,180,0,,10.9,Low,No strong rule triggered — flagged by model anomaly score only,Unclassified
TXN107053,PSG100370,Piyumi Kumara,2024-01-01,Colombo Fort - Jaffna,Season Ticket,90,0,,32.0,Low,No strong rule triggered — flagged by model anomaly score only,Unclassified
TXN107058,PSG102791,Hansika Fernando,2024-01-01,Colombo Fort - Badulla,Season Ticket,90,0,,13.4,Low,No strong rule triggered — flagged by model anomaly score only,Unclassified
TXN107059,PSG100928,Tharindu Senanayake,2024-01-01,Colombo Fort - Jaffna,Student Concession,72,0,,16.7,Low,No strong rule triggered — flagged by model anomaly score only,Unclassified
TXN107066,PSG102875,Yasas Bandara,2024-01-02,Colombo Fort - Vavuniya,Full Fare,180,0,,13.7,Low,No strong rule triggered — flagged by model anomaly score only,Unclassified
TXN107065,PSG102750,Gayan Bandara,2024-01-02,Kandy - Badulla (Upcountry local),Full Fare,180,0,,8.7,Low,No strong rule triggered — flagged by model anomaly score only,Unclassified
TXN107062,PSG100583,Nimal Dissanayake,2024-01-02,Maradana - Puttalam,Government Employee Concession,108,0,,24.7,Low,No strong rule triggered — flagged by model anomaly score only,Unclassified
TXN107063,PSG102641,Piyumi Kumara,2024-01-02,Colombo Fort - Batticaloa,Full Fare,420,0,,17.9,Low,No strong rule triggered — flagged by model anomaly score only,Unclassified
TXN107060,PSG101224,Malsha Jayawardena,2024-01-02,Colombo Fort - Matara,Full Fare,180,0,,7.4,Low,No strong rule triggered — flagged by model anomaly score only,Unclassified
TXN107064,PSG100054,Ishara Herath,2024-01-02,Colombo Fort - Negombo (Coastal Line local),Full Fare,180,0,,8.9,Low,No strong rule triggered — flagged by model anomaly score only,Unclassified
TXN107061,PSG101060,Malsha Rajapaksha,2024-01-02,Colombo Fort - Jaffna,Full Fare,180,0,,21.1,Low,No strong rule triggered — flagged by model anomaly score only,Unclassified
TXN107068,PSG101547,Roshan Kumara,2024-01-02,Colombo Fort - Anuradhapura,Full Fare,180,0,,23.1,Low,Passenger has multiple prior fraud incidents,Unclassified
TXN107067,PSG100272,Piyumi Fernando,2024-01-02,Colombo Fort - Anuradhapura,Senior Citizen Concession,90,0,,24.5,Low,No strong rule triggered — flagged by model anomaly score only,Unclassified
TXN107071,PSG101389,Tharindu Perera,2024-01-03,Colombo Fort - Kurunegala,Full Fare,180,0,,7.0,Low,No strong rule triggered — flagged by model anomaly score only,Unclassified
TXN107069,PSG102480,Tharindu Karunaratne,2024-01-03,Colombo Fort - Batticaloa,Full Fare,420,0,,18.4,Low,No strong rule triggered — flagged by model anomaly score only,Unclassified
TXN107070,PSG101171,Kavindi Herath,2024-01-03,Maradana - Puttalam,Student Concession,168,0,,19.2,Low,No strong rule triggered — flagged by model anomaly score only,Unclassified
TXN107073,PSG100732,Sanduni Silva,2024-01-03,Kandy - Badulla (Upcountry local),Full Fare,950,0,,44.6,Medium,Passenger has multiple prior fraud incidents,Unclassified
TXN107072,PSG100325,Ishara Ekanayake,2024-01-03,Colombo Fort - Batticaloa,Full Fare,180,0,,11.6,Low,No strong rule triggered — flagged by model anomaly score only,Unclassified
TXN107074,PSG102779,Nadeesha Silva,2024-01-04,Colombo Fort - Batticaloa,Full Fare,180,0,,11.9,Low,No strong rule triggered — flagged by model anomaly score only,Unclassified
TXN107077,PSG102171,Ishara Gunawardena,2024-01-04,Colombo Fort - Anuradhapura,Government Employee Concession,108,0,,22.1,Low,No strong rule triggered — flagged by model anomaly score only,Unclassified
TXN107075,PSG100733,Chathurika Dissanayake,2024-01-04,Colombo Fort - Badulla,Season Ticket,210,0,,21.4,Low,No strong rule triggered — flagged by model anomaly score only,Unclassified
TXN107078,PSG100733,Chathurika Dissanayake,2024-01-04,Colombo Fort - Vavuniya,Season Ticket,210,0,,17.7,Low,No strong rule triggered — flagged by model anomaly score only,Unclassified
TXN107076,PSG102578,Roshan Silva,2024-01-04,Colombo Fort - Vavuniya,Student Concession,72,1,Ticket Reuse,65.3,Medium,Ticket scanned multiple times (possible reuse),Ticket Reuse
TXN107082,PSG102214,Malsha Abeywardena,2024-01-05,Colombo Fort - Galle,Senior Citizen Concession,72,1,Abnormal Concession Usage,81.2,High,Fare paid does not match official concession rate; Irregular fare during off-peak/night hours,Abnormal Concession Usage
TXN107085,PSG100889,Lasith Ekanayake,2024-01-05,Colombo Fort - Matara,Season Ticket,210,0,,26.6,Low,No strong rule triggered — flagged by model anomaly score only,Unclassified
TXN107086,PSG101270,Dinesh Rajapaksha,2024-01-05,Colombo Fort - Jaffna,Season Ticket,90,0,,19.5,Low,No strong rule triggered — flagged by model anomaly score only,Unclassified
TXN107079,PSG101548,Chamara Wickramasinghe,2024-01-05,Colombo Fort - Anuradhapura,Government Employee Concession,252,0,,27.7,Low,No strong rule triggered — flagged by model anomaly score only,Unclassified
TXN107080,PSG103008,Lasith Fernando,2024-01-05,Colombo Fort - Ratnapura Line,Full Fare,420,0,,25.2,Low,No strong rule triggered — flagged by model anomaly score only,Unclassified
TXN107087,PSG101034,Lasith Rathnayake,2024-01-05,Colombo Fort - Ratnapura Line,Full Fare,420,0,,16.9,Low,No strong rule triggered — flagged by model anomaly score only,Unclassified
TXN107083,PSG103186,Gayan Herath,2024-01-05,Colombo Fort - Negombo (Coastal Line local),Full Fare,420,0,,36.3,Low,Passenger has multiple prior fraud incidents,Unclassified
TXN107081,PSG101946,Ravindu Bandara,2024-01-05,Colombo Fort - Anuradhapura,Full Fare,180,0,,22.8,Low,Passenger has multiple prior fraud incidents,Unclassified
TXN107084,PSG101979,Sunil Bandara,2024-01-05,Colombo Fort - Trincomalee,Full Fare,180,0,,21.3,Low,No strong rule triggered — flagged by model anomaly score only,Unclassified
TXN107093,PSG102348,Sunil Fernando,2024-01-06,Colombo Fort - Kandy,Season Ticket,210,0,,51.6,Medium,Passenger has multiple prior fraud incidents,Unclassified
TXN107094,PSG100032,Nuwan Wickramasinghe,2024-01-06,Colombo Fort - Negombo (Coastal Line local),Season Ticket,90,1,Suspicious Resale,69.3,High,Online booking with no assigned seat (possible resale),Suspicious Resale
TXN107091,PSG102732,Chamara Senanayake,2024-01-06,Colombo Fort - Negombo (Coastal Line local),Full Fare,180,0,,8.9,Low,No strong rule triggered — flagged by model anomaly score only,Unclassified
TXN107095,PSG100826,Kamal Senanayake,2024-01-06,Colombo Fort - Galle,Student Concession,72,0,,15.3,Low,No strong rule triggered — flagged by model anomaly score only,Unclassified
TXN107088,PSG101776,Gayan Herath,2024-01-06,Maradana - Puttalam,Full Fare,180,0,,12.1,Low,No strong rule triggered — flagged by model anomaly score only,Unclassified
TXN107090,PSG102727,Lasith Silva,2024-01-06,Colombo Fort - Batticaloa,Season Ticket,475,0,,32.5,Low,No strong rule triggered — flagged by model anomaly score only,Unclassified
TXN107096,PSG101101,Kamal Wickramasinghe,2024-01-06,Colombo Fort - Badulla,Full Fare,180,0,,27.1,Low,Passenger has multiple prior fraud incidents,Unclassified
TXN107092,PSG103044,Tharindu Herath,2024-01-06,Colombo Fort - Trincomalee,Full Fare,420,0,,33.6,Low,No strong rule triggered — flagged by model anomaly score only,Unclassified
TXN107089,PSG102644,Ashan Gunawardena,2024-01-06,Colombo Fort - Trincomalee,Student Concession,285,1,Abnormal Concession Usage,94.5,High,Fare paid does not match official concession rate; Irregular fare during off-peak/night hours,Abnormal Concession Usage
TXN107100,PSG102254,Ashan Rajapaksha,2024-01-07,Colombo Fort - Anuradhapura,Senior Citizen Concession,90,0,,30.9,Low,No strong rule triggered — flagged by model anomaly score only,Unclassified
TXN107098,PSG101980,Gayan Wijesekara,2024-01-07,Colombo Fort - Galle,Full Fare,420,0,,17.2,Low,No strong rule triggered — flagged by model anomaly score only,Unclassified
TXN107102,PSG100547,Lasith Fernando,2024-01-07,Colombo Fort - Anuradhapura,Full Fare,180,0,,17.7,Low,No strong rule triggered — flagged by model anomaly score only,Unclassified
TXN107097,PSG102546,Kamal Rajapaksha,2024-01-07,Colombo Fort - Kandy,Full Fare,180,0,,19.2,Low,No strong rule triggered — flagged by model anomaly score only,Unclassified
TXN107099,PSG102277,Hansika Bandara,2024-01-07,Colombo Fort - Jaffna,Full Fare,180,0,,45.0,Medium,Passenger has multiple prior fraud incidents,Unclassified
TXN107101,PSG102974,Gayan Karunaratne,2024-01-07,Colombo Fort - Kandy,Season Ticket,210,0,,53.9,Medium,Passenger has multiple prior fraud incidents,Unclassified
TXN107108,PSG101729,Sanduni Dissanayake,2024-01-08,Colombo Fort - Jaffna,Full Fare,180,0,,27.0,Low,No strong rule triggered — flagged by model anomaly score only,Unclassified
TXN107107,PSG101802,Roshan Silva,2024-01-08,Colombo Fort - Matara,Student Concession,72,0,,17.7,Low,No strong rule triggered — flagged by model anomaly score only,Unclassified
TXN107112,PSG100369,Sachini Wijesekara,2024-01-08,Colombo Fort - Jaffna,Student Concession,72,0,,16.9,Low,No strong rule triggered — flagged by model anomaly score only,Unclassified
TXN107104,PSG101588,Dilani Gunawardena,2024-01-08,Colombo Fort - Trincomalee,Full Fare,420,0,,20.4,Low,No strong rule triggered — flagged by model anomaly score only,Unclassified
TXN107113,PSG102384,Saman Perera,2024-01-08,Colombo Fort - Negombo (Coastal Line local),Season Ticket,210,0,,25.7,Low,No strong rule triggered — flagged by model anomaly score only,Unclassified
TXN107103,PSG100585,Dilani Amarasinghe,2024-01-08,Colombo Fort - Ratnapura Line,Full Fare,180,0,,7.9,Low,No strong rule triggered — flagged by model anomaly score only,Unclassified
TXN107106,PSG100421,Roshan Perera,2024-01-08,Colombo Fort - Kandy,Full Fare,180,0,,8.6,Low,No strong rule triggered — flagged by model anomaly score only,Unclassified
TXN107111,PSG100451,Priyantha Wijesekara,2024-01-08,Colombo Fort - Anuradhapura,Full Fare,180,0,,23.2,Low,No strong rule triggered — flagged by model anomaly score only,Unclassified
TXN107110,PSG103027,Sanduni Wijesekara,2024-01-08,Colombo Fort - Kurunegala,Full Fare,420,0,,15.2,Low,No strong rule triggered — flagged by model anomaly score only,Unclassified
TXN107105,PSG102907,Sithumini Fernando,2024-01-08,Colombo Fort - Kurunegala,Season Ticket,90,0,,23.1,Low,No strong rule triggered — flagged by model anomaly score only,Unclassified
TXN107109,PSG103028,Nimal Amarasinghe,2024-01-08,Maradana - Puttalam,Full Fare,180,0,,21.5,Low,No strong rule triggered — flagged by model anomaly score only,Unclassified
TXN107119,PSG101731,Yasas Fernando,2024-01-09,Colombo Fort - Ratnapura Line,Full Fare,420,0,,29.0,Low,No strong rule triggered — flagged by model anomaly score only,Unclassified
TXN107116,PSG100172,Roshan Gunawardena,2024-01-09,Colombo Fort - Badulla,Student Concession,72,0,,22.5,Low,No strong rule triggered — flagged by model anomaly score only,Unclassified
TXN107120,PSG100616,Chaminda Herath,2024-01-09,Colombo Fort - Galle,Season Ticket,90,0,,20.2,Low,No strong rule triggered — flagged by model anomaly score only,Unclassified
TXN107123,PSG102946,Saman Wickramasinghe,2024-01-09,Colombo Fort - Jaffna,Full Fare,180,0,,28.5,Low,No strong rule triggered — flagged by model anomaly score only,Unclassified
TXN107115,PSG103008,Lasith Fernando,2024-01-09,Colombo Fort - Batticaloa,Senior Citizen Concession,90,0,,32.8,Low,No strong rule triggered — flagged by model anomaly score only,Unclassified
TXN107114,PSG102120,Kasun Gunawardena,2024-01-09,Colombo Fort - Galle,Full Fare,180,0,,4.8,Low,No strong rule triggered — flagged by model anomaly score only,Unclassified
TXN107118,PSG102055,Nimal Weerasinghe,2024-01-09,Colombo Fort - Galle,Student Concession,54,1,Abnormal Concession Usage,64.5,Medium,Fare paid does not match official concession rate,Abnormal Concession Usage
TXN107121,PSG101682,Ruwan Herath,2024-01-09,Colombo Fort - Badulla,Full Fare,420,0,,12.3,Low,No strong rule triggered — flagged by model anomaly score only,Unclassified
TXN107117,PSG102875,Yasas Bandara,2024-01-09,Colombo Fort - Negombo (Coastal Line local),Student Concession,72,0,,22.3,Low,No strong rule triggered — flagged by model anomaly score only,Unclassified
TXN107122,PSG100036,Ravindu Silva,2024-01-09,Colombo Fort - Jaffna,Full Fare,180,0,,26.8,Low,No strong rule triggered — flagged by model anomaly score only,Unclassified
TXN107127,PSG102807,Sithumini Herath,2024-01-10,Kandy - Badulla (Upcountry local),Full Fare,420,0,,14.9,Low,No strong rule triggered — flagged by model anomaly score only,Unclassified
TXN107128,PSG100482,Gayan Senanayake,2024-01-10,Colombo Fort - Badulla,Full Fare,420,0,,10.1,Low,No strong rule triggered — flagged by model anomaly score only,Unclassified
TXN107126,PSG100326,Priyantha de Zoysa,2024-01-10,Colombo Fort - Kandy,Full Fare,420,0,,24.2,Low,No strong rule triggered — flagged by model anomaly score only,Unclassified
TXN107124,PSG100610,Chathurika Senanayake,2024-01-10,Colombo Fort - Negombo (Coastal Line local),Government Employee Concession,108,0,,31.8,Low,No strong rule triggered — flagged by model anomaly score only,Unclassified
TXN107125,PSG101734,Nadeesha Wijesekara,2024-01-10,Colombo Fort - Ratnapura Line,Full Fare,420,0,,25.6,Low,No strong rule triggered — flagged by model anomaly score only,Unclassified
TXN107129,PSG103153,Piyumi Silva,2024-01-10,Colombo Fort - Matara,Season Ticket,90,0,,22.0,Low,No strong rule triggered — flagged by model anomaly score only,Unclassified
TXN107131,PSG100913,Saman Rajapaksha,2024-01-11,Colombo Fort - Anuradhapura,Student Concession,333,1,Abnormal Concession Usage,69.7,High,Fare paid does not match official concession rate; Irregular fare during off-peak/night hours,Abnormal Concession Usage
TXN107139,PSG100942,Dilani Jayawardena,2024-01-11,Colombo Fort - Kandy,Season Ticket,210,0,,47.0,Medium,Passenger has multiple prior fraud incidents,Unclassified
TXN107140,PSG100744,Saman Karunaratne,2024-01-11,Colombo Fort - Galle,Full Fare,180,0,,22.3,Low,No strong rule triggered — flagged by model anomaly score only,Unclassified
TXN107136,PSG101262,Kamal Wickramasinghe,2024-01-11,Colombo Fort - Badulla,Full Fare,420,0,,11.0,Low,No strong rule triggered — flagged by model anomaly score only,Unclassified
TXN107130,PSG100596,Chamara Herath,2024-01-11,Colombo Fort - Kurunegala,Full Fare,180,0,,25.7,Low,No strong rule triggered — flagged by model anomaly score only,Unclassified
TXN107138,PSG100442,Piyumi Herath,2024-01-11,Colombo Fort - Ratnapura Line,Full Fare,420,0,,13.1,Low,No strong rule triggered — flagged by model anomaly score only,Unclassified
TXN107137,PSG101352,Sunil Gunawardena,2024-01-11,Maradana - Puttalam,Student Concession,72,0,,27.2,Low,No strong rule triggered — flagged by model anomaly score only,Unclassified
TXN107132,PSG102623,Sithumini Abeywardena,2024-01-11,Colombo Fort - Ratnapura Line,Season Ticket,210,0,,33.2,Low,No strong rule triggered — flagged by model anomaly score only,Unclassified
TXN107133,PSG102832,Kavindi Weerasinghe,2024-01-11,Colombo Fort - Matara,Full Fare,180,0,,7.7,Low,No strong rule triggered — flagged by model anomaly score only,Unclassified
TXN107134,PSG101336,Sanduni Jayawardena,2024-01-11,Colombo Fort - Negombo (Coastal Line local),Full Fare,180,0,,20.8,Low,Passenger has multiple prior fraud incidents,Unclassified
TXN107135,PSG102132,Sithumini Rajapaksha,2024-01-11,Colombo Fort - Vavuniya,Senior Citizen Concession,90,0,,32.9,Low,No strong rule triggered — flagged by model anomaly score only,Unclassified
TXN107142,PSG100393,Nimal Ekanayake,2024-01-12,Colombo Fort - Kandy,Full Fare,420,0,,28.4,Low,No strong rule triggered — flagged by model anomaly score only,Unclassified
TXN107143,PSG101728,Sachini Perera,2024-01-12,Colombo Fort - Trincomalee,Full Fare,420,0,,29.7,Low,No strong rule triggered — flagged by model anomaly score only,Unclassified
TXN107147,PSG100067,Malsha Wickramasinghe,2024-01-12,Colombo Fort - Negombo (Coastal Line local),Full Fare,950,1,Suspicious Resale,21.7,Low,No strong rule triggered — flagged by model anomaly score only,Unclassified
TXN107150,PSG100142,Ravindu Abeywardena,2024-01-12,Colombo Fort - Anuradhapura,Government Employee Concession,90,1,Abnormal Concession Usage,78.7,High,Fare paid does not match official concession rate,Abnormal Concession Usage
TXN107146,PSG100547,Lasith Fernando,2024-01-12,Maradana - Puttalam,Season Ticket,210,0,,18.7,Low,No strong rule triggered — flagged by model anomaly score only,Unclassified
TXN107144,PSG101986,Saman Gunawardena,2024-01-12,Colombo Fort - Kandy,Senior Citizen Concession,72,1,Abnormal Concession Usage,76.2,High,Fare paid does not match official concession rate,Abnormal Concession Usage
TXN107149,PSG101547,Roshan Kumara,2024-01-12,Colombo Fort - Galle,Full Fare,420,0,,23.3,Low,Passenger has multiple prior fraud incidents,Unclassified
TXN107141,PSG102877,Ruwan Rathnayake,2024-01-12,Colombo Fort - Anuradhapura,Government Employee Concession,108,0,,43.1,Medium,Passenger has multiple prior fraud incidents,Unclassified
TXN107145,PSG103191,Dilani Perera,2024-01-12,Colombo Fort - Matara,Senior Citizen Concession,210,0,,26.5,Low,No strong rule triggered — flagged by model anomaly score only,Unclassified
TXN107148,PSG100625,Ashan Rathnayake,2024-01-12,Colombo Fort - Badulla,Full Fare,180,1,Ticket Reuse,49.3,Medium,Ticket scanned multiple times (possible reuse),Ticket Reuse
TXN107156,PSG102125,Nuwan Dissanayake,2024-01-13,Colombo Fort - Galle,Government Employee Concession,108,0,,19.3,Low,No strong rule triggered — flagged by model anomaly score only,Unclassified
TXN107154,PSG101866,Nuwan Abeywardena,2024-01-13,Colombo Fort - Anuradhapura,Full Fare,180,0,,12.0,Low,No strong rule triggered — flagged by model anomaly score only,Unclassified
TXN107157,PSG101986,Saman Gunawardena,2024-01-13,Colombo Fort - Negombo (Coastal Line local),Student Concession,72,1,Suspicious Resale,72.7,High,Online booking with no assigned seat (possible resale),Suspicious Resale
TXN107152,PSG101942,Ruwan Rathnayake,2024-01-13,Colombo Fort - Kurunegala,Student Concession,72,0,,22.4,Low,No strong rule triggered — flagged by model anomaly score only,Unclassified
TXN107158,PSG101637,Ashan Abeywardena,2024-01-13,Colombo Fort - Kandy,Senior Citizen Concession,90,0,,25.0,Low,No strong rule triggered — flagged by model anomaly score only,Unclassified
TXN107155,PSG102117,Ashan Perera,2024-01-13,Colombo Fort - Matara,Senior Citizen Concession,90,0,,40.9,Medium,No strong rule triggered — flagged by model anomaly score only,Unclassified
TXN107151,PSG102094,Kamal Abeywardena,2024-01-13,Colombo Fort - Ratnapura Line,Full Fare,420,0,,20.0,Low,No strong rule triggered — flagged by model anomaly score only,Unclassified
TXN107153,PSG101346,Roshan Rathnayake,2024-01-13,Colombo Fort - Matara,Government Employee Concession,108,0,,25.5,Low,No strong rule triggered — flagged by model anomaly score only,Unclassified
TXN107160,PSG100837,Hansika Rajapaksha,2024-01-14,Colombo Fort - Batticaloa,Government Employee Concession,252,0,,36.1,Low,No strong rule triggered — flagged by model anomaly score only,Unclassified
TXN107168,PSG102281,Nimal Jayawardena,2024-01-14,Colombo Fort - Vavuniya,Full Fare,950,0,,49.0,Medium,Passenger has multiple prior fraud incidents,Unclassified
TXN107164,PSG103001,Chathurika Senanayake,2024-01-14,Colombo Fort - Ratnapura Line,Full Fare,180,0,,12.5,Low,No strong rule triggered — flagged by model anomaly score only,Unclassified
TXN107161,PSG102147,Roshan Rajapaksha,2024-01-14,Colombo Fort - Matara,Government Employee Concession,108,0,,16.8,Low,No strong rule triggered — flagged by model anomaly score only,Unclassified
TXN107162,PSG101651,Dilani Gunawardena,2024-01-14,Colombo Fort - Anuradhapura,Government Employee Concession,108,0,,23.3,Low,No strong rule triggered — flagged by model anomaly score only,Unclassified
TXN107165,PSG102714,Nimal Wijesekara,2024-01-14,Colombo Fort - Kurunegala,Full Fare,950,0,,56.0,Medium,Passenger has multiple prior fraud incidents,Unclassified
TXN107169,PSG103161,Saman Rajapaksha,2024-01-14,Colombo Fort - Vavuniya,Disability Concession,54,0,,28.9,Low,No strong rule triggered — flagged by model anomaly score only,Unclassified
TXN107167,PSG101243,Ashan Fernando,2024-01-14,Colombo Fort - Negombo (Coastal Line local),Full Fare,180,0,,9.4,Low,No strong rule triggered — flagged by model anomaly score only,Unclassified
TXN107163,PSG100303,Lasith Karunaratne,2024-01-14,Colombo Fort - Galle,Student Concession,72,0,,16.5,Low,No strong rule triggered — flagged by model anomaly score only,Unclassified
TXN107166,PSG102286,Ishara Wijesekara,2024-01-14,Colombo Fort - Galle,Season Ticket,90,0,,21.5,Low,No strong rule triggered — flagged by model anomaly score only,Unclassified
TXN107159,PSG101859,Anushka Gunawardena,2024-01-14,Colombo Fort - Kandy,Full Fare,180,0,,31.7,Low,Passenger has multiple prior fraud incidents,Unclassified
TXN107174,PSG101952,Yasas Kumara,2024-01-15,Colombo Fort - Anuradhapura,Student Concession,168,0,,23.5,Low,No strong rule triggered — flagged by model anomaly score only,Unclassified
TXN107176,PSG102626,Hansika Senanayake,2024-01-15,Colombo Fort - Jaffna,Student Concession,168,0,,24.2,Low,No strong rule triggered — flagged by model anomaly score only,Unclassified
TXN107175,PSG100497,Nadeesha Amarasinghe,2024-01-15,Kandy - Badulla (Upcountry local),Government Employee Concession,252,0,,53.0,Medium,Passenger has multiple prior fraud incidents,Unclassified
TXN107172,PSG102875,Yasas Bandara,2024-01-15,Colombo Fort - Badulla,Season Ticket,210,0,,23.0,Low,No strong rule triggered — flagged by model anomaly score only,Unclassified
TXN107170,PSG100699,Nimal Gunawardena,2024-01-15,Colombo Fort - Badulla,Full Fare,180,0,,7.8,Low,No strong rule triggered — flagged by model anomaly score only,Unclassified
TXN107173,PSG101625,Kasun Herath,2024-01-15,Colombo Fort - Vavuniya,Government Employee Concession,210,1,Abnormal Concession Usage,81.2,High,Fare paid does not match official concession rate,Abnormal Concession Usage
TXN107177,PSG102080,Nuwan Dissanayake,2024-01-15,Kandy - Badulla (Upcountry local),Full Fare,420,0,,10.6,Low,No strong rule triggered — flagged by model anomaly score only,Unclassified
TXN107171,PSG100426,Gayan Bandara,2024-01-15,Kandy - Badulla (Upcountry local),Full Fare,180,0,,7.5,Low,No strong rule triggered — flagged by model anomaly score only,Unclassified
TXN107179,PSG100859,Nuwan Karunaratne,2024-01-16,Colombo Fort - Vavuniya,Full Fare,950,0,,50.4,Medium,Passenger has multiple prior fraud incidents,Unclassified
TXN107183,PSG101525,Sanduni Jayawardena,2024-01-16,Colombo Fort - Galle,Full Fare,180,0,,4.8,Low,No strong rule triggered — flagged by model anomaly score only,Unclassified
TXN107181,PSG101428,Sithumini Kumara,2024-01-16,Kandy - Badulla (Upcountry local),Full Fare,180,0,,4.5,Low,No strong rule triggered — flagged by model anomaly score only,Unclassified
TXN107180,PSG100413,Anushka Wijesekara,2024-01-16,Colombo Fort - Vavuniya,Student Concession,72,0,,29.7,Low,No strong rule triggered — flagged by model anomaly score only,Unclassified
TXN107178,PSG101468,Malsha Herath,2024-01-16,Colombo Fort - Trincomalee,Full Fare,420,0,,15.4,Low,No strong rule triggered — flagged by model anomaly score only,Unclassified
TXN107182,PSG102422,Sachini Kumara,2024-01-16,Colombo Fort - Batticaloa,Full Fare,180,0,,18.4,Low,No strong rule triggered — flagged by model anomaly score only,Unclassified
TXN107185,PSG101020,Dinesh Wijesekara,2024-01-16,Colombo Fort - Trincomalee,Full Fare,420,0,,16.7,Low,No strong rule triggered — flagged by model anomaly score only,Unclassified
TXN107184,PSG101001,Tharindu Weerasinghe,2024-01-16,Colombo Fort - Ratnapura Line,Full Fare,180,0,,21.5,Low,No strong rule triggered — flagged by model anomaly score only,Unclassified
TXN107188,PSG102958,Lasith Bandara,2024-01-17,Colombo Fort - Jaffna,Full Fare,180,0,,13.1,Low,No strong rule triggered — flagged by model anomaly score only,Unclassified
TXN107186,PSG102499,Anushka Weerasinghe,2024-01-17,Colombo Fort - Anuradhapura,Full Fare,420,1,Suspicious Resale,72.3,High,Online booking with no assigned seat (possible resale),Suspicious Resale
TXN107187,PSG100413,Anushka Wijesekara,2024-01-17,Colombo Fort - Negombo (Coastal Line local),Full Fare,180,0,,33.3,Low,No strong rule triggered — flagged by model anomaly score only,Unclassified
TXN107197,PSG100962,Kasun Silva,2024-01-18,Colombo Fort - Galle,Full Fare,180,0,,19.5,Low,No strong rule triggered — flagged by model anomaly score only,Unclassified
TXN107198,PSG100965,Sunil Weerasinghe,2024-01-18,Colombo Fort - Badulla,Season Ticket,210,0,,20.9,Low,No strong rule triggered — flagged by model anomaly score only,Unclassified
TXN107191,PSG101980,Gayan Wijesekara,2024-01-18,Maradana - Puttalam,Season Ticket,90,0,,19.3,Low,No strong rule triggered — flagged by model anomaly score only,Unclassified
TXN107194,PSG102672,Dinesh Dissanayake,2024-01-18,Colombo Fort - Ratnapura Line,Government Employee Concession,108,0,,19.3,Low,No strong rule triggered — flagged by model anomaly score only,Unclassified
TXN107199,PSG100064,Sithumini Amarasinghe,2024-01-18,Colombo Fort - Matara,Season Ticket,90,0,,14.2,Low,No strong rule triggered — flagged by model anomaly score only,Unclassified
TXN107196,PSG100843,Nuwan Rathnayake,2024-01-18,Colombo Fort - Negombo (Coastal Line local),Student Concession,168,0,,25.5,Low,No strong rule triggered — flagged by model anomaly score only,Unclassified
TXN107193,PSG101629,Kavindi Rathnayake,2024-01-18,Colombo Fort - Badulla,Full Fare,420,0,,10.3,Low,No strong rule triggered — flagged by model anomaly score only,Unclassified
TXN107192,PSG100429,Anushka de Zoysa,2024-01-18,Colombo Fort - Negombo (Coastal Line local),Student Concession,168,0,,21.7,Low,No strong rule triggered — flagged by model anomaly score only,Unclassified
TXN107189,PSG102550,Kavindi Karunaratne,2024-01-18,Colombo Fort - Vavuniya,Full Fare,420,0,,12.7,Low,No strong rule triggered — flagged by model anomaly score only,Unclassified
TXN107195,PSG102807,Sithumini Herath,2024-01-18,Colombo Fort - Matara,Full Fare,180,0,,13.6,Low,No strong rule triggered — flagged by model anomaly score only,Unclassified
TXN107190,PSG102019,Lasith Dissanayake,2024-01-18,Kandy - Badulla (Upcountry local),Season Ticket,90,0,,15.2,Low,No strong rule triggered — flagged by model anomaly score only,Unclassified
TXN107203,PSG102893,Chathurika Amarasinghe,2024-01-19,Colombo Fort - Kandy,Full Fare,180,1,Suspicious Resale,42.6,Medium,Passenger has multiple prior fraud incidents,Unclassified
TXN107202,PSG101544,Priyantha Weerasinghe,2024-01-19,Kandy - Badulla (Upcountry local),Government Employee Concession,108,0,,13.7,Low,No strong rule triggered — flagged by model anomaly score only,Unclassified
TXN107206,PSG102653,Tharindu Herath,2024-01-19,Colombo Fort - Ratnapura Line,Full Fare,180,0,,9.7,Low,No strong rule triggered — flagged by model anomaly score only,Unclassified
TXN107205,PSG100728,Chaminda Weerasinghe,2024-01-19,Colombo Fort - Badulla,Full Fare,180,0,,17.7,Low,No strong rule triggered — flagged by model anomaly score only,Unclassified
TXN107204,PSG101663,Ruwan Bandara,2024-01-19,Kandy - Badulla (Upcountry local),Full Fare,420,0,,14.9,Low,No strong rule triggered — flagged by model anomaly score only,Unclassified
TXN107200,PSG102832,Kavindi Weerasinghe,2024-01-19,Colombo Fort - Anuradhapura,Senior Citizen Concession,90,0,,17.0,Low,No strong rule triggered — flagged by model anomaly score only,Unclassified
TXN107201,PSG102158,Chaminda Rathnayake,2024-01-19,Colombo Fort - Trincomalee,Full Fare,420,0,,18.0,Low,No strong rule triggered — flagged by model anomaly score only,Unclassified
TXN107209,PSG102429,Ashan Kumara,2024-01-20,Colombo Fort - Galle,Student Concession,72,0,,28.9,Low,No strong rule triggered — flagged by model anomaly score only,Unclassified
TXN107210,PSG102987,Gayan Karunaratne,2024-01-20,Kandy - Badulla (Upcountry local),Full Fare,180,0,,22.9,Low,No strong rule triggered — flagged by model anomaly score only,Unclassified
TXN107212,PSG100942,Dilani Jayawardena,2024-01-20,Colombo Fort - Ratnapura Line,Full Fare,180,1,Suspicious Resale,88.5,High,Online booking with no assigned seat (possible resale); Passenger has multiple prior fraud incidents,Suspicious Resale
TXN107213,PSG102990,Dilani Kumara,2024-01-20,Colombo Fort - Ratnapura Line,Senior Citizen Concession,210,0,,27.2,Low,No strong rule triggered — flagged by model anomaly score only,Unclassified
TXN107207,PSG100135,Dinesh Perera,2024-01-20,Colombo Fort - Ratnapura Line,Senior Citizen Concession,90,0,,25.2,Low,No strong rule triggered — flagged by model anomaly score only,Unclassified
TXN107208,PSG102417,Chaminda Karunaratne,2024-01-20,Colombo Fort - Galle,Student Concession,72,0,,29.8,Low,No strong rule triggered — flagged by model anomaly score only,Unclassified
TXN107214,PSG101708,Dilani Wijesekara,2024-01-20,Colombo Fort - Vavuniya,Full Fare,180,0,,26.7,Low,No strong rule triggered — flagged by model anomaly score only,Unclassified
TXN107211,PSG101423,Sanduni Dissanayake,2024-01-20,Colombo Fort - Kandy,Season Ticket,90,0,,38.3,Low,No strong rule triggered — flagged by model anomaly score only,Unclassified
TXN107217,PSG102961,Chathurika Rajapaksha,2024-01-21,Colombo Fort - Ratnapura Line,Full Fare,180,0,,22.7,Low,No strong rule triggered — flagged by model anomaly score only,Unclassified
TXN107216,PSG102446,Kamal Perera,2024-01-21,Colombo Fort - Ratnapura Line,Full Fare,180,0,,14.6,Low,No strong rule triggered — flagged by model anomaly score only,Unclassified
TXN107219,PSG100649,Nadeesha Perera,2024-01-21,Colombo Fort - Jaffna,Senior Citizen Concession,210,0,,41.4,Medium,No strong rule triggered — flagged by model anomaly score only,Unclassified
TXN107222,PSG100469,Ravindu Karunaratne,2024-01-21,Colombo Fort - Matara,Full Fare,180,0,,9.8,Low,No strong rule triggered — flagged by model anomaly score only,Unclassified
TXN107221,PSG100884,Sunil Jayawardena,2024-01-21,Maradana - Puttalam,Student Concession,72,0,,30.5,Low,No strong rule triggered — flagged by model anomaly score only,Unclassified
TXN107225,PSG101423,Sanduni Dissanayake,2024-01-21,Maradana - Puttalam,Full Fare,180,0,,15.5,Low,No strong rule triggered — flagged by model anomaly score only,Unclassified
TXN107223,PSG101013,Dilani Rajapaksha,2024-01-21,Colombo Fort - Jaffna,Full Fare,180,1,Ticket Reuse,53.5,Medium,Ticket scanned multiple times (possible reuse),Ticket Reuse
TXN107220,PSG100261,Chamara de Zoysa,2024-01-21,Colombo Fort - Kandy,Student Concession,168,0,,29.2,Low,No strong rule triggered — flagged by model anomaly score only,Unclassified
TXN107215,PSG102179,Anushka Rajapaksha,2024-01-21,Colombo Fort - Anuradhapura,Full Fare,180,0,,15.6,Low,No strong rule triggered — flagged by model anomaly score only,Unclassified
TXN107218,PSG100752,Sithumini Bandara,2024-01-21,Colombo Fort - Batticaloa,Season Ticket,210,0,,35.9,Low,No strong rule triggered — flagged by model anomaly score only,Unclassified
TXN107224,PSG101817,Gayan Weerasinghe,2024-01-21,Colombo Fort - Kurunegala,Full Fare,180,0,,34.7,Low,No strong rule triggered — flagged by model anomaly score only,Unclassified
TXN107226,PSG102604,Ishara Perera,2024-01-22,Colombo Fort - Jaffna,Full Fare,180,0,,26.1,Low,No strong rule triggered — flagged by model anomaly score only,Unclassified
TXN107227,PSG101011,Chathurika Senanayake,2024-01-22,Colombo Fort - Ratnapura Line,Full Fare,420,0,,17.9,Low,No strong rule triggered — flagged by model anomaly score only,Unclassified
TXN107229,PSG100252,Dinesh Weerasinghe,2024-01-22,Colombo Fort - Vavuniya,Season Ticket,210,0,,18.8,Low,No strong rule triggered — flagged by model anomaly score only,Unclassified
TXN107228,PSG101953,Hansika Rajapaksha,2024-01-22,Maradana - Puttalam,Senior Citizen Concession,210,0,,36.6,Low,Passenger has multiple prior fraud incidents,Unclassified
TXN107234,PSG101224,Malsha Jayawardena,2024-01-23,Colombo Fort - Kurunegala,Full Fare,180,0,,12.6,Low,No strong rule triggered — flagged by model anomaly score only,Unclassified
TXN107232,PSG100856,Yasas Herath,2024-01-23,Colombo Fort - Trincomalee,Full Fare,180,0,,19.6,Low,No strong rule triggered — flagged by model anomaly score only,Unclassified
TXN107231,PSG100856,Yasas Herath,2024-01-23,Colombo Fort - Trincomalee,Full Fare,180,0,,21.9,Low,No strong rule triggered — flagged by model anomaly score only,Unclassified
TXN107240,PSG103059,Nadeesha Gunawardena,2024-01-23,Colombo Fort - Galle,Senior Citizen Concession,90,0,,14.2,Low,No strong rule triggered — flagged by model anomaly score only,Unclassified
TXN107237,PSG100531,Ruwan Herath,2024-01-23,Colombo Fort - Ratnapura Line,Student Concession,72,0,,18.0,Low,No strong rule triggered — flagged by model anomaly score only,Unclassified
TXN107236,PSG100090,Gayan Jayawardena,2024-01-23,Colombo Fort - Galle,Full Fare,180,0,,6.8,Low,No strong rule triggered — flagged by model anomaly score only,Unclassified
TXN107235,PSG102562,Saman Herath,2024-01-23,Kandy - Badulla (Upcountry local),Full Fare,180,0,,12.7,Low,No strong rule triggered — flagged by model anomaly score only,Unclassified
TXN107241,PSG100972,Tharindu Silva,2024-01-23,Maradana - Puttalam,Government Employee Concession,570,0,,29.2,Low,No strong rule triggered — flagged by model anomaly score only,Unclassified
TXN107233,PSG101953,Hansika Rajapaksha,2024-01-23,Colombo Fort - Anuradhapura,Season Ticket,475,0,,45.2,Medium,Passenger has multiple prior fraud incidents,Unclassified
TXN107238,PSG100685,Yasas Wickramasinghe,2024-01-23,Maradana - Puttalam,Student Concession,72,0,,18.4,Low,No strong rule triggered — flagged by model anomaly score only,Unclassified
TXN107242,PSG102999,Sachini Fernando,2024-01-23,Colombo Fort - Jaffna,Student Concession,72,0,,28.1,Low,No strong rule triggered — flagged by model anomaly score only,Unclassified
TXN107239,PSG100917,Nuwan Silva,2024-01-23,Kandy - Badulla (Upcountry local),Full Fare,180,1,Ticket Reuse,63.5,Medium,Ticket scanned multiple times (possible reuse),Ticket Reuse
TXN107230,PSG102165,Chamara Gunawardena,2024-01-23,Colombo Fort - Trincomalee,Student Concession,72,0,,28.6,Low,No strong rule triggered — flagged by model anomaly score only,Unclassified
TXN107243,PSG102150,Dinesh Ekanayake,2024-01-23,Colombo Fort - Galle,Full Fare,180,0,,40.4,Medium,No strong rule triggered — flagged by model anomaly score only,Unclassified
TXN107245,PSG101980,Gayan Wijesekara,2024-01-24,Colombo Fort - Jaffna,Full Fare,180,0,,31.0,Low,No strong rule triggered — flagged by model anomaly score only,Unclassified
TXN107248,PSG100126,Chamara Wickramasinghe,2024-01-24,Colombo Fort - Galle,Full Fare,420,0,,13.6,Low,No strong rule triggered — flagged by model anomaly score only,Unclassified
TXN107250,PSG103040,Yasas Dissanayake,2024-01-24,Maradana - Puttalam,Government Employee Concession,108,0,,25.4,Low,No strong rule triggered — flagged by model anomaly score only,Unclassified
TXN107249,PSG101487,Nimal Weerasinghe,2024-01-24,Colombo Fort - Vavuniya,Full Fare,180,0,,14.7,Low,No strong rule triggered — flagged by model anomaly score only,Unclassified
TXN107247,PSG103080,Ashan Bandara,2024-01-24,Colombo Fort - Ratnapura Line,Season Ticket,210,1,Ticket Reuse,61.8,Medium,Ticket scanned multiple times (possible reuse),Ticket Reuse
TXN107246,PSG100841,Kamal Kumara,2024-01-24,Colombo Fort - Jaffna,Full Fare,950,0,,44.3,Medium,No strong rule triggered — flagged by model anomaly score only,Unclassified
TXN107244,PSG101541,Dinesh Bandara,2024-01-24,Colombo Fort - Anuradhapura,Government Employee Concession,252,0,,27.8,Low,No strong rule triggered — flagged by model anomaly score only,Unclassified
TXN107252,PSG102212,Lasith Wijesekara,2024-01-25,Kandy - Badulla (Upcountry local),Full Fare,420,1,Suspicious Resale,68.4,High,Online booking with no assigned seat (possible resale),Suspicious Resale
TXN107251,PSG101380,Ruwan Rathnayake,2024-01-25,Colombo Fort - Trincomalee,Student Concession,380,0,,41.2,Medium,No strong rule triggered — flagged by model anomaly score only,Unclassified
TXN107256,PSG100253,Nadeesha Bandara,2024-01-25,Colombo Fort - Badulla,Student Concession,72,0,,14.8,Low,No strong rule triggered — flagged by model anomaly score only,Unclassified
TXN107254,PSG100579,Tharindu Wickramasinghe,2024-01-25,Colombo Fort - Negombo (Coastal Line local),Full Fare,180,0,,5.8,Low,No strong rule triggered — flagged by model anomaly score only,Unclassified
TXN107253,PSG100278,Sachini Wijesekara,2024-01-25,Colombo Fort - Negombo (Coastal Line local),Full Fare,180,0,,6.8,Low,No strong rule triggered — flagged by model anomaly score only,Unclassified
TXN107257,PSG102128,Lasith Fernando,2024-01-25,Colombo Fort - Galle,Full Fare,420,0,,25.8,Low,No strong rule triggered — flagged by model anomaly score only,Unclassified
TXN107255,PSG102951,Sunil Kumara,2024-01-25,Colombo Fort - Vavuniya,Full Fare,180,0,,24.9,Low,No strong rule triggered — flagged by model anomaly score only,Unclassified
TXN107267,PSG103143,Sunil Fernando,2024-01-26,Colombo Fort - Kurunegala,Student Concession,72,0,,45.5,Medium,Passenger has multiple prior fraud incidents,Unclassified
TXN107263,PSG102850,Dilani Dissanayake,2024-01-26,Colombo Fort - Jaffna,Senior Citizen Concession,168,1,Abnormal Concession Usage,90.3,High,Fare paid does not match official concession rate; Passenger has multiple prior fraud incidents,Abnormal Concession Usage
TXN107262,PSG102269,Sanduni Wijesekara,2024-01-26,Colombo Fort - Kurunegala,Full Fare,420,0,,29.4,Low,No strong rule triggered — flagged by model anomaly score only,Unclassified
TXN107265,PSG100917,Nuwan Silva,2024-01-26,Colombo Fort - Badulla,Student Concession,72,0,,31.0,Low,Passenger has multiple prior fraud incidents,Unclassified
TXN107266,PSG101386,Priyantha Herath,2024-01-26,Maradana - Puttalam,Full Fare,180,0,,9.6,Low,No strong rule triggered — flagged by model anomaly score only,Unclassified
TXN107260,PSG101571,Ravindu Senanayake,2024-01-26,Colombo Fort - Kandy,Full Fare,180,0,,9.1,Low,No strong rule triggered — flagged by model anomaly score only,Unclassified
TXN107264,PSG102027,Nimal Dissanayake,2024-01-26,Colombo Fort - Batticaloa,Full Fare,180,0,,15.5,Low,No strong rule triggered — flagged by model anomaly score only,Unclassified
TXN107259,PSG103171,Chathurika Ekanayake,2024-01-26,Colombo Fort - Trincomalee,Government Employee Concession,108,0,,19.9,Low,No strong rule triggered — flagged by model anomaly score only,Unclassified
TXN107268,PSG102516,Kasun Silva,2024-01-26,Colombo Fort - Anuradhapura,Full Fare,180,0,,25.9,Low,No strong rule triggered — flagged by model anomaly score only,Unclassified
TXN107261,PSG102158,Chaminda Rathnayake,2024-01-26,Colombo Fort - Badulla,Student Concession,72,0,,17.1,Low,No strong rule triggered — flagged by model anomaly score only,Unclassified
TXN107258,PSG101678,Kamal Wijesekara,2024-01-26,Colombo Fort - Anuradhapura,Full Fare,180,0,,22.2,Low,No strong rule triggered — flagged by model anomaly score only,Unclassified
TXN107271,PSG101994,Nuwan Weerasinghe,2024-01-27,Colombo Fort - Vavuniya,Government Employee Concession,108,0,,21.3,Low,No strong rule triggered — flagged by model anomaly score only,Unclassified
TXN107274,PSG101048,Gayan Wijesekara,2024-01-27,Colombo Fort - Kurunegala,Full Fare,180,0,,33.9,Low,Passenger has multiple prior fraud incidents,Unclassified
TXN107276,PSG101523,Hansika Kumara,2024-01-27,Colombo Fort - Anuradhapura,Season Ticket,90,0,,18.5,Low,No strong rule triggered — flagged by model anomaly score only,Unclassified
TXN107273,PSG100719,Lasith Rajapaksha,2024-01-27,Colombo Fort - Kandy,Student Concession,72,0,,24.2,Low,No strong rule triggered — flagged by model anomaly score only,Unclassified
TXN107269,PSG100839,Roshan Karunaratne,2024-01-27,Colombo Fort - Kurunegala,Student Concession,72,0,,17.2,Low,No strong rule triggered — flagged by model anomaly score only,Unclassified
TXN107272,PSG102489,Roshan Amarasinghe,2024-01-27,Colombo Fort - Batticaloa,Full Fare,180,0,,19.3,Low,No strong rule triggered — flagged by model anomaly score only,Unclassified
TXN107275,PSG102223,Lasith Jayawardena,2024-01-27,Colombo Fort - Jaffna,Full Fare,180,0,,21.5,Low,No strong rule triggered — flagged by model anomaly score only,Unclassified
TXN107270,PSG102007,Dinesh Silva,2024-01-27,Colombo Fort - Vavuniya,Full Fare,420,0,,26.6,Low,No strong rule triggered — flagged by model anomaly score only,Unclassified
TXN107278,PSG102848,Sunil Kumara,2024-01-28,Colombo Fort - Negombo (Coastal Line local),Senior Citizen Concession,475,0,,47.7,Medium,No strong rule triggered — flagged by model anomaly score only,Unclassified
TXN107277,PSG101210,Ashan Kumara,2024-01-28,Colombo Fort - Trincomalee,Full Fare,420,0,,25.3,Low,No strong rule triggered — flagged by model anomaly score only,Unclassified
TXN107279,PSG100942,Dilani Jayawardena,2024-01-28,Colombo Fort - Batticaloa,Senior Citizen Concession,210,0,,62.8,Medium,Passenger has multiple prior fraud incidents,Unclassified
TXN107280,PSG102502,Malsha Rajapaksha,2024-01-28,Colombo Fort - Matara,Full Fare,420,0,,17.3,Low,No strong rule triggered — flagged by model anomaly score only,Unclassified
TXN107281,PSG100106,Malsha Rathnayake,2024-01-28,Kandy - Badulla (Upcountry local),Disability Concession,54,1,Suspicious Resale,82.2,High,Online booking with no assigned seat (possible resale),Suspicious Resale
TXN107282,PSG101085,Nimal Herath,2024-01-28,Colombo Fort - Kandy,Senior Citizen Concession,90,0,,37.8,Low,No strong rule triggered — flagged by model anomaly score only,Unclassified
TXN107285,PSG100689,Nadeesha Karunaratne,2024-01-29,Colombo Fort - Vavuniya,Student Concession,72,0,,33.1,Low,No strong rule triggered — flagged by model anomaly score only,Unclassified
TXN107284,PSG102284,Lasith Bandara,2024-01-29,Kandy - Badulla (Upcountry local),Full Fare,180,0,,8.7,Low,No strong rule triggered — flagged by model anomaly score only,Unclassified
TXN107283,PSG100725,Dinesh Perera,2024-01-29,Colombo Fort - Ratnapura Line,Full Fare,180,0,,14.4,Low,No strong rule triggered — flagged by model anomaly score only,Unclassified
TXN107287,PSG101199,Ashan Herath,2024-01-29,Colombo Fort - Galle,Student Concession,168,0,,21.3,Low,No strong rule triggered — flagged by model anomaly score only,Unclassified
TXN107286,PSG100584,Chaminda Abeywardena,2024-01-29,Colombo Fort - Anuradhapura,Full Fare,180,0,,15.9,Low,No strong rule triggered — flagged by model anomaly score only,Unclassified
TXN107294,PSG101848,Lasith Rathnayake,2024-01-30,Colombo Fort - Badulla,Full Fare,180,0,,9.7,Low,No strong rule triggered — flagged by model anomaly score only,Unclassified
TXN107288,PSG102157,Sachini Gunawardena,2024-01-30,Colombo Fort - Kurunegala,Student Concession,72,0,,18.3,Low,No strong rule triggered — flagged by model anomaly score only,Unclassified
TXN107291,PSG100413,Anushka Wijesekara,2024-01-30,Colombo Fort - Ratnapura Line,Full Fare,180,0,,26.7,Low,No strong rule triggered — flagged by model anomaly score only,Unclassified
TXN107289,PSG100802,Saman Wijesekara,2024-01-30,Colombo Fort - Badulla,Full Fare,180,0,,12.4,Low,No strong rule triggered — flagged by model anomaly score only,Unclassified
TXN107290,PSG101404,Malsha Jayawardena,2024-01-30,Colombo Fort - Kandy,Season Ticket,90,1,Ticket Reuse,57.4,Medium,Ticket scanned multiple times (possible reuse),Ticket Reuse
TXN107293,PSG102430,Kamal de Zoysa,2024-01-30,Maradana - Puttalam,Full Fare,420,1,Suspicious Resale,69.6,High,Online booking with no assigned seat (possible resale),Suspicious Resale
TXN107292,PSG102358,Yasas Rajapaksha,2024-01-30,Colombo Fort - Ratnapura Line,Senior Citizen Concession,90,0,,19.5,Low,No strong rule triggered — flagged by model anomaly score only,Unclassified
TXN107301,PSG102814,Ravindu Perera,2024-01-31,Colombo Fort - Negombo (Coastal Line local),Disability Concession,126,0,,48.5,Medium,No strong rule triggered — flagged by model anomaly score only,Unclassified
TXN107303,PSG101746,Tharindu Herath,2024-01-31,Colombo Fort - Negombo (Coastal Line local),Government Employee Concession,252,1,Suspicious Resale,23.9,Low,No strong rule triggered — flagged by model anomaly score only,Unclassified
TXN107307,PSG101743,Kasun Rajapaksha,2024-01-31,Colombo Fort - Kandy,Full Fare,180,0,,9.9,Low,No strong rule triggered — flagged by model anomaly score only,Unclassified
TXN107304,PSG101668,Nadeesha Fernando,2024-01-31,Colombo Fort - Kandy,Full Fare,950,0,,24.1,Low,No strong rule triggered — flagged by model anomaly score only,Unclassified
TXN107308,PSG102250,Anushka Karunaratne,2024-01-31,Colombo Fort - Galle,Full Fare,420,0,,11.2,Low,No strong rule triggered — flagged by model anomaly score only,Unclassified
TXN107295,PSG100862,Kavindi Kumara,2024-01-31,Colombo Fort - Jaffna,Student Concession,72,0,,27.4,Low,No strong rule triggered — flagged by model anomaly score only,Unclassified
TXN107302,PSG101716,Priyantha Wickramasinghe,2024-01-31,Colombo Fort - Vavuniya,Full Fare,420,0,,18.4,Low,No strong rule triggered — flagged by model anomaly score only,Unclassified
TXN107306,PSG103175,Kasun Perera,2024-01-31,Maradana - Puttalam,Season Ticket,90,0,,19.9,Low,No strong rule triggered — flagged by model anomaly score only,Unclassified
TXN107299,PSG101490,Hansika Fernando,2024-01-31,Colombo Fort - Kurunegala,Student Concession,72,0,,18.6,Low,No strong rule triggered — flagged by model anomaly score only,Unclassified
TXN107309,PSG102350,Yasas Fernando,2024-01-31,Colombo Fort - Kandy,Full Fare,180,0,,10.1,Low,No strong rule triggered — flagged by model anomaly score only,Unclassified
TXN107297,PSG101089,Dilani Weerasinghe,2024-01-31,Colombo Fort - Kandy,Season Ticket,90,0,,19.6,Low,No strong rule triggered — flagged by model anomaly score only,Unclassified
TXN107296,PSG102693,Ashan Rajapaksha,2024-01-31,Maradana - Puttalam,Full Fare,180,1,Suspicious Resale,11.8,Low,No strong rule triggered — flagged by model anomaly score only,Unclassified
TXN107300,PSG102185,Kavindi Jayawardena,2024-01-31,Colombo Fort - Trincomalee,Government Employee Concession,108,0,,21.1,Low,No strong rule triggered — flagged by model anomaly score only,Unclassified
TXN107298,PSG103101,Priyantha Jayawardena,2024-01-31,Colombo Fort - Kandy,Full Fare,180,0,,11.5,Low,No strong rule triggered — flagged by model anomaly score only,Unclassified
TXN107305,PSG102650,Sunil Rajapaksha,2024-01-31,Colombo Fort - Negombo (Coastal Line local),Full Fare,420,0,,14.4,Low,No strong rule triggered — flagged by model anomaly score only,Unclassified
TXN107311,PSG100015,Ravindu Bandara,2024-02-01,Colombo Fort - Anuradhapura,Full Fare,180,0,,13.6,Low,No strong rule triggered — flagged by model anomaly score only,Unclassified
TXN107310,PSG100807,Kamal Jayawardena,2024-02-01,Colombo Fort - Batticaloa,Full Fare,180,0,,13.8,Low,No strong rule triggered — flagged by model anomaly score only,Unclassified
TXN107313,PSG101098,Dinesh Wijesekara,2024-02-01,Colombo Fort - Negombo (Coastal Line local),Full Fare,420,0,,10.4,Low,No strong rule triggered — flagged by model anomaly score only,Unclassified
TXN107312,PSG100833,Sachini Ekanayake,2024-02-01,Maradana - Puttalam,Full Fare,180,0,,10.1,Low,No strong rule triggered — flagged by model anomaly score only,Unclassified
TXN107314,PSG101287,Malsha Wickramasinghe,2024-02-01,Colombo Fort - Kurunegala,Full Fare,180,0,,5.5,Low,No strong rule triggered — flagged by model anomaly score only,Unclassified
TXN107318,PSG101072,Kasun Rathnayake,2024-02-02,Colombo Fort - Badulla,Senior Citizen Concession,475,0,,35.2,Low,No strong rule triggered — flagged by model anomaly score only,Unclassified
TXN107328,PSG102931,Sithumini Bandara,2024-02-02,Colombo Fort - Kandy,Season Ticket,90,0,,25.3,Low,No strong rule triggered — flagged by model anomaly score only,Unclassified
TXN107326,PSG102877,Ruwan Rathnayake,2024-02-02,Colombo Fort - Badulla,Disability Concession,126,0,,62.6,Medium,Passenger has multiple prior fraud incidents,Unclassified
TXN107320,PSG102491,Chamara Rathnayake,2024-02-02,Colombo Fort - Ratnapura Line,Full Fare,420,0,,39.9,Low,No strong rule triggered — flagged by model anomaly score only,Unclassified
TXN107324,PSG101561,Ishara Amarasinghe,2024-02-02,Colombo Fort - Negombo (Coastal Line local),Season Ticket,90,0,,13.2,Low,No strong rule triggered — flagged by model anomaly score only,Unclassified
TXN107316,PSG102422,Sachini Kumara,2024-02-02,Colombo Fort - Ratnapura Line,Student Concession,168,0,,34.3,Low,No strong rule triggered — flagged by model anomaly score only,Unclassified
TXN107321,PSG102539,Piyumi Karunaratne,2024-02-02,Colombo Fort - Negombo (Coastal Line local),Full Fare,180,0,,16.2,Low,No strong rule triggered — flagged by model anomaly score only,Unclassified
TXN107327,PSG102013,Priyantha Rathnayake,2024-02-02,Colombo Fort - Kandy,Full Fare,950,1,Suspicious Resale,77.1,High,Online booking with no assigned seat (possible resale),Suspicious Resale
TXN107319,PSG101888,Nadeesha Wijesekara,2024-02-02,Colombo Fort - Jaffna,Government Employee Concession,252,1,Ticket Reuse,66.4,High,Ticket scanned multiple times (possible reuse),Ticket Reuse
TXN107325,PSG103120,Chathurika Jayawardena,2024-02-02,Colombo Fort - Kurunegala,Student Concession,72,0,,11.2,Low,No strong rule triggered — flagged by model anomaly score only,Unclassified
TXN107317,PSG101641,Chaminda Fernando,2024-02-02,Maradana - Puttalam,Full Fare,180,0,,11.8,Low,No strong rule triggered — flagged by model anomaly score only,Unclassified
TXN107322,PSG100943,Chathurika Rathnayake,2024-02-02,Colombo Fort - Kurunegala,Full Fare,180,0,,32.4,Low,No strong rule triggered — flagged by model anomaly score only,Unclassified
TXN107315,PSG100589,Ashan Perera,2024-02-02,Colombo Fort - Kandy,Full Fare,420,0,,16.1,Low,No strong rule triggered — flagged by model anomaly score only,Unclassified
TXN107323,PSG100761,Chamara Jayawardena,2024-02-02,Colombo Fort - Kurunegala,Government Employee Concession,108,0,,18.3,Low,No strong rule triggered — flagged by model anomaly score only,Unclassified
TXN107332,PSG102671,Sithumini Rathnayake,2024-02-03,Colombo Fort - Matara,Full Fare,180,0,,31.0,Low,No strong rule triggered — flagged by model anomaly score only,Unclassified
TXN107335,PSG102048,Kavindi Silva,2024-02-03,Colombo Fort - Kurunegala,Full Fare,180,0,,8.6,Low,No strong rule triggered — flagged by model anomaly score only,Unclassified
TXN107337,PSG100230,Hansika Silva,2024-02-03,Colombo Fort - Matara,Full Fare,180,0,,11.2,Low,No strong rule triggered — flagged by model anomaly score only,Unclassified
TXN107329,PSG100420,Dinesh Ekanayake,2024-02-03,Colombo Fort - Negombo (Coastal Line local),Student Concession,168,0,,24.6,Low,No strong rule triggered — flagged by model anomaly score only,Unclassified
TXN107333,PSG100932,Sanduni Rathnayake,2024-02-03,Colombo Fort - Anuradhapura,Student Concession,168,0,,23.8,Low,No strong rule triggered — flagged by model anomaly score only,Unclassified
TXN107334,PSG100202,Ishara Karunaratne,2024-02-03,Maradana - Puttalam,Government Employee Concession,570,0,,37.7,Low,No strong rule triggered — flagged by model anomaly score only,Unclassified
TXN107336,PSG100805,Malsha Silva,2024-02-03,Colombo Fort - Badulla,Season Ticket,90,0,,43.3,Medium,Passenger has multiple prior fraud incidents,Unclassified
TXN107330,PSG100392,Ishara Senanayake,2024-02-03,Colombo Fort - Ratnapura Line,Season Ticket,475,0,,28.7,Low,No strong rule triggered — flagged by model anomaly score only,Unclassified
TXN107331,PSG101159,Sanduni Kumara,2024-02-03,Colombo Fort - Matara,Full Fare,420,0,,24.9,Low,No strong rule triggered — flagged by model anomaly score only,Unclassified
TXN107345,PSG100725,Dinesh Perera,2024-02-04,Colombo Fort - Matara,Full Fare,180,0,,16.5,Low,No strong rule triggered — flagged by model anomaly score only,Unclassified
TXN107339,PSG100413,Anushka Wijesekara,2024-02-04,Colombo Fort - Batticaloa,Government Employee Concession,252,0,,44.1,Medium,No strong rule triggered — flagged by model anomaly score only,Unclassified
TXN107340,PSG100486,Ishara Weerasinghe,2024-02-04,Colombo Fort - Galle,Season Ticket,210,0,,26.1,Low,No strong rule triggered — flagged by model anomaly score only,Unclassified
TXN107342,PSG102089,Ravindu Weerasinghe,2024-02-04,Maradana - Puttalam,Season Ticket,90,0,,18.2,Low,No strong rule triggered — flagged by model anomaly score only,Unclassified
TXN107346,PSG101356,Gayan Karunaratne,2024-02-04,Maradana - Puttalam,Student Concession,72,0,,20.9,Low,No strong rule triggered — flagged by model anomaly score only,Unclassified
TXN107341,PSG100165,Kavindi Dissanayake,2024-02-04,Colombo Fort - Kandy,Full Fare,180,0,,12.6,Low,No strong rule triggered — flagged by model anomaly score only,Unclassified
TXN107338,PSG100727,Sithumini Fernando,2024-02-04,Colombo Fort - Matara,Student Concession,380,0,,31.1,Low,No strong rule triggered — flagged by model anomaly score only,Unclassified
TXN107343,PSG102441,Ishara Jayawardena,2024-02-04,Colombo Fort - Badulla,Season Ticket,90,0,,16.5,Low,No strong rule triggered — flagged by model anomaly score only,Unclassified
TXN107344,PSG101060,Malsha Rajapaksha,2024-02-04,Colombo Fort - Trincomalee,Season Ticket,475,0,,42.7,Medium,No strong rule triggered — flagged by model anomaly score only,Unclassified
TXN107347,PSG100132,Chaminda Senanayake,2024-02-05,Colombo Fort - Jaffna,Disability Concession,126,0,,46.2,Medium,No strong rule triggered — flagged by model anomaly score only,Unclassified
TXN107353,PSG100801,Piyumi Wickramasinghe,2024-02-05,Colombo Fort - Badulla,Season Ticket,90,0,,26.8,Low,No strong rule triggered — flagged by model anomaly score only,Unclassified
TXN107350,PSG101769,Nadeesha de Zoysa,2024-02-05,Colombo Fort - Batticaloa,Full Fare,180,0,,18.9,Low,No strong rule triggered — flagged by model anomaly score only,Unclassified
TXN107348,PSG101683,Dilani Gunawardena,2024-02-05,Colombo Fort - Kandy,Student Concession,72,0,,26.4,Low,No strong rule triggered — flagged by model anomaly score only,Unclassified
TXN107356,PSG102999,Sachini Fernando,2024-02-05,Colombo Fort - Badulla,Full Fare,420,0,,16.1,Low,No strong rule triggered — flagged by model anomaly score only,Unclassified
TXN107354,PSG103008,Lasith Fernando,2024-02-05,Colombo Fort - Kurunegala,Full Fare,420,0,,26.4,Low,No strong rule triggered — flagged by model anomaly score only,Unclassified
TXN107351,PSG100321,Sanduni Weerasinghe,2024-02-05,Colombo Fort - Kandy,Student Concession,168,0,,27.0,Low,No strong rule triggered — flagged by model anomaly score only,Unclassified
TXN107355,PSG100778,Yasas Kumara,2024-02-05,Colombo Fort - Vavuniya,Season Ticket,90,0,,13.3,Low,No strong rule triggered — flagged by model anomaly score only,Unclassified
TXN107352,PSG100426,Gayan Bandara,2024-02-05,Colombo Fort - Negombo (Coastal Line local),Full Fare,180,0,,6.1,Low,No strong rule triggered — flagged by model anomaly score only,Unclassified
TXN107349,PSG101909,Dilani Wijesekara,2024-02-05,Colombo Fort - Matara,Full Fare,180,0,,7.4,Low,No strong rule triggered — flagged by model anomaly score only,Unclassified
TXN107360,PSG102840,Chamara Kumara,2024-02-06,Colombo Fort - Kandy,Government Employee Concession,252,0,,34.4,Low,No strong rule triggered — flagged by model anomaly score only,Unclassified
TXN107358,PSG101750,Kamal Amarasinghe,2024-02-06,Colombo Fort - Kurunegala,Full Fare,180,0,,6.2,Low,No strong rule triggered — flagged by model anomaly score only,Unclassified
TXN107359,PSG103165,Kamal Ekanayake,2024-02-06,Kandy - Badulla (Upcountry local),Full Fare,180,0,,11.9,Low,No strong rule triggered — flagged by model anomaly score only,Unclassified
TXN107357,PSG101036,Nuwan Wickramasinghe,2024-02-06,Colombo Fort - Badulla,Full Fare,420,0,,15.1,Low,No strong rule triggered — flagged by model anomaly score only,Unclassified
TXN107374,PSG100756,Sachini Wickramasinghe,2024-02-07,Colombo Fort - Negombo (Coastal Line local),Season Ticket,210,0,,21.5,Low,No strong rule triggered — flagged by model anomaly score only,Unclassified
TXN107362,PSG102269,Sanduni Wijesekara,2024-02-07,Colombo Fort - Negombo (Coastal Line local),Student Concession,72,0,,33.6,Low,No strong rule triggered — flagged by model anomaly score only,Unclassified
TXN107367,PSG100817,Nuwan Karunaratne,2024-02-07,Colombo Fort - Jaffna,Student Concession,168,0,,31.6,Low,No strong rule triggered — flagged by model anomaly score only,Unclassified
TXN107361,PSG103132,Kavindi Fernando,2024-02-07,Colombo Fort - Kandy,Season Ticket,90,0,,17.3,Low,No strong rule triggered — flagged by model anomaly score only,Unclassified
TXN107370,PSG102684,Chathurika Gunawardena,2024-02-07,Colombo Fort - Negombo (Coastal Line local),Disability Concession,54,1,Ticket Reuse,63.6,Medium,Ticket scanned multiple times (possible reuse),Ticket Reuse
TXN107366,PSG101223,Malsha Amarasinghe,2024-02-07,Maradana - Puttalam,Full Fare,950,0,,19.2,Low,No strong rule triggered — flagged by model anomaly score only,Unclassified
TXN107373,PSG102974,Gayan Karunaratne,2024-02-07,Colombo Fort - Kandy,Full Fare,420,0,,32.7,Low,Passenger has multiple prior fraud incidents,Unclassified
TXN107365,PSG100649,Nadeesha Perera,2024-02-07,Colombo Fort - Batticaloa,Full Fare,180,0,,25.8,Low,No strong rule triggered — flagged by model anomaly score only,Unclassified
TXN107369,PSG102175,Dilani Senanayake,2024-02-07,Colombo Fort - Jaffna,Disability Concession,54,0,,40.3,Medium,No strong rule triggered — flagged by model anomaly score only,Unclassified
TXN107364,PSG101504,Dilani de Zoysa,2024-02-07,Colombo Fort - Kurunegala,Senior Citizen Concession,90,0,,17.0,Low,No strong rule triggered — flagged by model anomaly score only,Unclassified
TXN107371,PSG100061,Chathurika Weerasinghe,2024-02-07,Kandy - Badulla (Upcountry local),Season Ticket,210,0,,16.1,Low,No strong rule triggered — flagged by model anomaly score only,Unclassified
TXN107368,PSG102364,Saman Ekanayake,2024-02-07,Colombo Fort - Anuradhapura,Season Ticket,210,1,Ticket Reuse,95.1,High,Ticket scanned multiple times (possible reuse); Passenger has multiple prior fraud incidents,Ticket Reuse
TXN107363,PSG102393,Kavindi Perera,2024-02-07,Colombo Fort - Kurunegala,Season Ticket,210,0,,32.4,Low,No strong rule triggered — flagged by model anomaly score only,Unclassified
TXN107372,PSG102499,Anushka Weerasinghe,2024-02-07,Colombo Fort - Badulla,Government Employee Concession,108,0,,35.9,Low,No strong rule triggered — flagged by model anomaly score only,Unclassified
TXN107379,PSG102924,Dilani Fernando,2024-02-08,Colombo Fort - Jaffna,Season Ticket,90,0,,32.2,Low,No strong rule triggered — flagged by model anomaly score only,Unclassified
TXN107377,PSG101800,Ravindu Amarasinghe,2024-02-08,Colombo Fort - Trincomalee,Full Fare,180,1,Suspicious Resale,69.9,High,Online booking with no assigned seat (possible resale),Suspicious Resale
TXN107376,PSG102267,Nimal Karunaratne,2024-02-08,Colombo Fort - Kandy,Full Fare,420,0,,16.3,Low,No strong rule triggered — flagged by model anomaly score only,Unclassified
TXN107382,PSG101473,Sithumini Weerasinghe,2024-02-08,Colombo Fort - Galle,Government Employee Concession,108,0,,17.3,Low,No strong rule triggered — flagged by model anomaly score only,Unclassified
TXN107383,PSG100704,Nimal Gunawardena,2024-02-08,Colombo Fort - Batticaloa,Full Fare,420,0,,15.1,Low,No strong rule triggered — flagged by model anomaly score only,Unclassified
TXN107375,PSG103086,Roshan Bandara,2024-02-08,Colombo Fort - Kandy,Student Concession,72,0,,20.1,Low,No strong rule triggered — flagged by model anomaly score only,Unclassified
TXN107381,PSG102888,Tharindu Silva,2024-02-08,Colombo Fort - Kurunegala,Full Fare,420,0,,16.2,Low,No strong rule triggered — flagged by model anomaly score only,Unclassified
TXN107384,PSG100544,Chathurika Silva,2024-02-08,Maradana - Puttalam,Full Fare,180,0,,8.6,Low,No strong rule triggered — flagged by model anomaly score only,Unclassified
TXN107378,PSG100202,Ishara Karunaratne,2024-02-08,Colombo Fort - Kurunegala,Student Concession,72,0,,20.7,Low,No strong rule triggered — flagged by model anomaly score only,Unclassified
TXN107380,PSG102637,Dilani Bandara,2024-02-08,Colombo Fort - Ratnapura Line,Full Fare,180,0,,22.9,Low,No strong rule triggered — flagged by model anomaly score only,Unclassified
TXN107389,PSG100260,Kasun Silva,2024-02-09,Colombo Fort - Anuradhapura,Full Fare,180,0,,30.9,Low,No strong rule triggered — flagged by model anomaly score only,Unclassified
TXN107388,PSG101599,Chaminda Gunawardena,2024-02-09,Colombo Fort - Matara,Student Concession,72,0,,16.9,Low,No strong rule triggered — flagged by model anomaly score only,Unclassified
TXN107387,PSG100625,Ashan Rathnayake,2024-02-09,Maradana - Puttalam,Season Ticket,210,0,,27.0,Low,No strong rule triggered — flagged by model anomaly score only,Unclassified
TXN107395,PSG101269,Nadeesha Weerasinghe,2024-02-09,Colombo Fort - Matara,Season Ticket,90,0,,14.3,Low,No strong rule triggered — flagged by model anomaly score only,Unclassified
TXN107394,PSG101628,Chamara Jayawardena,2024-02-09,Colombo Fort - Trincomalee,Full Fare,420,0,,14.8,Low,No strong rule triggered — flagged by model anomaly score only,Unclassified
TXN107391,PSG101784,Sachini Bandara,2024-02-09,Colombo Fort - Ratnapura Line,Full Fare,180,0,,15.0,Low,No strong rule triggered — flagged by model anomaly score only,Unclassified
TXN107392,PSG101777,Nuwan Rathnayake,2024-02-09,Colombo Fort - Jaffna,Student Concession,168,0,,22.5,Low,No strong rule triggered — flagged by model anomaly score only,Unclassified
TXN107390,PSG101359,Sithumini Jayawardena,2024-02-09,Colombo Fort - Matara,Full Fare,180,0,,11.5,Low,No strong rule triggered — flagged by model anomaly score only,Unclassified
TXN107386,PSG100019,Dinesh Amarasinghe,2024-02-09,Colombo Fort - Anuradhapura,Season Ticket,90,0,,21.3,Low,No strong rule triggered — flagged by model anomaly score only,Unclassified
TXN107393,PSG100044,Malsha de Zoysa,2024-02-09,Colombo Fort - Badulla,Student Concession,72,0,,37.4,Low,No strong rule triggered — flagged by model anomaly score only,Unclassified
TXN107385,PSG100858,Chathurika Dissanayake,2024-02-09,Colombo Fort - Ratnapura Line,Senior Citizen Concession,90,0,,29.5,Low,No strong rule triggered — flagged by model anomaly score only,Unclassified
TXN107401,PSG101947,Dilani Abeywardena,2024-02-10,Maradana - Puttalam,Government Employee Concession,252,0,,39.3,Low,No strong rule triggered — flagged by model anomaly score only,Unclassified
TXN107399,PSG101357,Nadeesha Weerasinghe,2024-02-10,Colombo Fort - Vavuniya,Student Concession,380,0,,37.2,Low,No strong rule triggered — flagged by model anomaly score only,Unclassified
TXN107403,PSG100867,Sanduni Kumara,2024-02-10,Colombo Fort - Galle,Student Concession,72,0,,19.6,Low,No strong rule triggered — flagged by model anomaly score only,Unclassified
TXN107402,PSG103106,Sithumini Wickramasinghe,2024-02-10,Colombo Fort - Kandy,Full Fare,180,0,,17.3,Low,No strong rule triggered — flagged by model anomaly score only,Unclassified
TXN107400,PSG103165,Kamal Ekanayake,2024-02-10,Colombo Fort - Ratnapura Line,Full Fare,180,0,,14.6,Low,No strong rule triggered — flagged by model anomaly score only,Unclassified
TXN107398,PSG101063,Lasith Amarasinghe,2024-02-10,Maradana - Puttalam,Full Fare,420,0,,18.2,Low,No strong rule triggered — flagged by model anomaly score only,Unclassified
TXN107396,PSG101579,Anushka Wijesekara,2024-02-10,Colombo Fort - Galle,Full Fare,180,1,Suspicious Resale,71.4,High,Online booking with no assigned seat (possible resale),Suspicious Resale
TXN107397,PSG100013,Nuwan de Zoysa,2024-02-10,Colombo Fort - Vavuniya,Full Fare,180,0,,33.8,Low,No strong rule triggered — flagged by model anomaly score only,Unclassified
TXN107405,PSG102630,Chaminda Fernando,2024-02-11,Colombo Fort - Kandy,Full Fare,180,0,,27.7,Low,No strong rule triggered — flagged by model anomaly score only,Unclassified
TXN107404,PSG100939,Hansika Silva,2024-02-11,Colombo Fort - Ratnapura Line,Full Fare,180,0,,20.8,Low,No strong rule triggered — flagged by model anomaly score only,Unclassified
TXN107406,PSG101574,Chaminda Silva,2024-02-11,Colombo Fort - Negombo (Coastal Line local),Full Fare,950,0,,25.5,Low,No strong rule triggered — flagged by model anomaly score only,Unclassified
TXN107410,PSG101318,Kasun Herath,2024-02-11,Maradana - Puttalam,Full Fare,180,0,,15.2,Low,No strong rule triggered — flagged by model anomaly score only,Unclassified
TXN107408,PSG100530,Malsha Ekanayake,2024-02-11,Colombo Fort - Negombo (Coastal Line local),Full Fare,180,0,,11.2,Low,No strong rule triggered — flagged by model anomaly score only,Unclassified
TXN107411,PSG101167,Kavindi Karunaratne,2024-02-11,Colombo Fort - Batticaloa,Government Employee Concession,252,0,,30.8,Low,No strong rule triggered — flagged by model anomaly score only,Unclassified
TXN107407,PSG101351,Priyantha de Zoysa,2024-02-11,Colombo Fort - Kandy,Full Fare,420,0,,22.3,Low,No strong rule triggered — flagged by model anomaly score only,Unclassified
TXN107409,PSG101852,Gayan Karunaratne,2024-02-11,Colombo Fort - Kandy,Full Fare,180,0,,31.6,Low,No strong rule triggered — flagged by model anomaly score only,Unclassified
TXN107418,PSG100593,Ruwan Senanayake,2024-02-12,Colombo Fort - Batticaloa,Government Employee Concession,108,0,,38.8,Low,No strong rule triggered — flagged by model anomaly score only,Unclassified
TXN107416,PSG102534,Kamal Rajapaksha,2024-02-12,Colombo Fort - Vavuniya,Senior Citizen Concession,90,0,,22.7,Low,No strong rule triggered — flagged by model anomaly score only,Unclassified
TXN107413,PSG101873,Ravindu Rajapaksha,2024-02-12,Colombo Fort - Kurunegala,Student Concession,72,0,,15.5,Low,No strong rule triggered — flagged by model anomaly score only,Unclassified
TXN107419,PSG100917,Nuwan Silva,2024-02-12,Kandy - Badulla (Upcountry local),Full Fare,180,0,,25.7,Low,Passenger has multiple prior fraud incidents,Unclassified
TXN107412,PSG101831,Chaminda Rajapaksha,2024-02-12,Colombo Fort - Trincomalee,Full Fare,180,1,Ticket Reuse,56.4,Medium,Ticket scanned multiple times (possible reuse),Ticket Reuse
TXN107415,PSG101499,Ravindu Ekanayake,2024-02-12,Colombo Fort - Galle,Student Concession,72,0,,16.8,Low,No strong rule triggered — flagged by model anomaly score only,Unclassified
TXN107417,PSG102521,Tharindu Senanayake,2024-02-12,Colombo Fort - Ratnapura Line,Full Fare,180,0,,10.5,Low,No strong rule triggered — flagged by model anomaly score only,Unclassified
TXN107414,PSG100252,Dinesh Weerasinghe,2024-02-12,Colombo Fort - Vavuniya,Season Ticket,90,1,Suspicious Resale,78.1,High,Online booking with no assigned seat (possible resale),Suspicious Resale
TXN107421,PSG101493,Sachini Kumara,2024-02-13,Kandy - Badulla (Upcountry local),Full Fare,180,0,,18.5,Low,No strong rule triggered — flagged by model anomaly score only,Unclassified
TXN107420,PSG102714,Nimal Wijesekara,2024-02-13,Colombo Fort - Negombo (Coastal Line local),Student Concession,168,0,,53.9,Medium,Passenger has multiple prior fraud incidents,Unclassified
TXN107423,PSG100083,Lasith Jayawardena,2024-02-13,Colombo Fort - Badulla,Full Fare,180,1,Ticket Reuse,51.0,Medium,Ticket scanned multiple times (possible reuse),Ticket Reuse
TXN107422,PSG101107,Saman Dissanayake,2024-02-13,Colombo Fort - Kandy,Student Concession,72,0,,26.4,Low,No strong rule triggered — flagged by model anomaly score only,Unclassified
TXN107426,PSG102785,Sachini Ekanayake,2024-02-14,Colombo Fort - Ratnapura Line,Full Fare,420,0,,28.7,Low,No strong rule triggered — flagged by model anomaly score only,Unclassified
TXN107429,PSG102474,Ashan Dissanayake,2024-02-14,Colombo Fort - Kurunegala,Full Fare,420,0,,16.9,Low,No strong rule triggered — flagged by model anomaly score only,Unclassified
TXN107425,PSG101105,Anushka Kumara,2024-02-14,Kandy - Badulla (Upcountry local),Season Ticket,90,0,,14.4,Low,No strong rule triggered — flagged by model anomaly score only,Unclassified
TXN107428,PSG100700,Sanduni Bandara,2024-02-14,Colombo Fort - Matara,Full Fare,420,0,,19.6,Low,No strong rule triggered — flagged by model anomaly score only,Unclassified
TXN107427,PSG101651,Dilani Gunawardena,2024-02-14,Colombo Fort - Vavuniya,Full Fare,180,0,,10.6,Low,No strong rule triggered — flagged by model anomaly score only,Unclassified
TXN107424,PSG101587,Chaminda Senanayake,2024-02-14,Colombo Fort - Kurunegala,Full Fare,420,0,,20.7,Low,No strong rule triggered — flagged by model anomaly score only,Unclassified
TXN107436,PSG102165,Chamara Gunawardena,2024-02-15,Colombo Fort - Galle,Senior Citizen Concession,210,0,,46.5,Medium,No strong rule triggered — flagged by model anomaly score only,Unclassified
TXN107438,PSG102930,Nadeesha Senanayake,2024-02-15,Maradana - Puttalam,Full Fare,180,0,,11.9,Low,No strong rule triggered — flagged by model anomaly score only,Unclassified
TXN107430,PSG101034,Lasith Rathnayake,2024-02-15,Colombo Fort - Galle,Full Fare,180,0,,14.1,Low,No strong rule triggered — flagged by model anomaly score only,Unclassified
TXN107433,PSG102836,Gayan Amarasinghe,2024-02-15,Colombo Fort - Galle,Full Fare,180,0,,22.6,Low,No strong rule triggered — flagged by model anomaly score only,Unclassified
TXN107434,PSG100483,Dilani Wickramasinghe,2024-02-15,Colombo Fort - Ratnapura Line,Student Concession,72,0,,15.0,Low,No strong rule triggered — flagged by model anomaly score only,Unclassified
TXN107435,PSG100981,Ruwan de Zoysa,2024-02-15,Colombo Fort - Matara,Full Fare,180,0,,8.6,Low,No strong rule triggered — flagged by model anomaly score only,Unclassified
TXN107431,PSG101882,Nuwan Rathnayake,2024-02-15,Kandy - Badulla (Upcountry local),Government Employee Concession,108,0,,13.3,Low,No strong rule triggered — flagged by model anomaly score only,Unclassified
TXN107437,PSG101703,Kasun Amarasinghe,2024-02-15,Colombo Fort - Kurunegala,Student Concession,126,1,Abnormal Concession Usage,74.1,High,Fare paid does not match official concession rate,Abnormal Concession Usage
TXN107432,PSG102150,Dinesh Ekanayake,2024-02-15,Colombo Fort - Matara,Full Fare,420,0,,24.0,Low,No strong rule triggered — flagged by model anomaly score only,Unclassified
TXN107439,PSG101839,Kavindi Herath,2024-02-15,Colombo Fort - Kandy,Full Fare,950,0,,45.8,Medium,No strong rule triggered — flagged by model anomaly score only,Unclassified
TXN107443,PSG100295,Piyumi Abeywardena,2024-02-16,Colombo Fort - Anuradhapura,Disability Concession,54,0,,64.0,Medium,Passenger has multiple prior fraud incidents,Unclassified
TXN107441,PSG100242,Ravindu Bandara,2024-02-16,Maradana - Puttalam,Full Fare,180,0,,25.6,Low,Passenger has multiple prior fraud incidents,Unclassified
TXN107442,PSG100123,Sachini Rathnayake,2024-02-16,Colombo Fort - Ratnapura Line,Season Ticket,90,0,,17.8,Low,No strong rule triggered — flagged by model anomaly score only,Unclassified
TXN107440,PSG102157,Sachini Gunawardena,2024-02-16,Colombo Fort - Batticaloa,Full Fare,180,0,,15.6,Low,No strong rule triggered — flagged by model anomaly score only,Unclassified
TXN107444,PSG100911,Lasith Wijesekara,2024-02-16,Colombo Fort - Badulla,Full Fare,180,0,,8.0,Low,No strong rule triggered — flagged by model anomaly score only,Unclassified
TXN107446,PSG102250,Anushka Karunaratne,2024-02-16,Colombo Fort - Anuradhapura,Full Fare,180,0,,9.4,Low,No strong rule triggered — flagged by model anomaly score only,Unclassified
TXN107445,PSG101923,Malsha Dissanayake,2024-02-16,Colombo Fort - Negombo (Coastal Line local),Student Concession,72,0,,15.9,Low,No strong rule triggered — flagged by model anomaly score only,Unclassified
TXN107448,PSG101979,Sunil Bandara,2024-02-16,Colombo Fort - Ratnapura Line,Senior Citizen Concession,90,0,,17.9,Low,No strong rule triggered — flagged by model anomaly score only,Unclassified
TXN107447,PSG100549,Kamal Rathnayake,2024-02-16,Colombo Fort - Anuradhapura,Full Fare,180,0,,19.7,Low,No strong rule triggered — flagged by model anomaly score only,Unclassified
TXN107452,PSG101547,Roshan Kumara,2024-02-17,Colombo Fort - Trincomalee,Season Ticket,90,0,,41.1,Medium,Passenger has multiple prior fraud incidents,Unclassified
TXN107449,PSG100640,Sachini Herath,2024-02-17,Colombo Fort - Kurunegala,Full Fare,420,0,,19.0,Low,No strong rule triggered — flagged by model anomaly score only,Unclassified
TXN107450,PSG102738,Ashan Herath,2024-02-17,Colombo Fort - Kurunegala,Full Fare,180,0,,29.6,Low,Passenger has multiple prior fraud incidents,Unclassified
TXN107454,PSG102159,Sanduni Perera,2024-02-17,Kandy - Badulla (Upcountry local),Student Concession,72,0,,21.1,Low,No strong rule triggered — flagged by model anomaly score only,Unclassified
TXN107453,PSG102668,Sachini Senanayake,2024-02-17,Colombo Fort - Negombo (Coastal Line local),Season Ticket,210,1,Ticket Reuse,73.5,High,Ticket scanned multiple times (possible reuse),Ticket Reuse
TXN107451,PSG102685,Malsha Herath,2024-02-17,Colombo Fort - Badulla,Full Fare,420,0,,31.8,Low,No strong rule triggered — flagged by model anomaly score only,Unclassified
TXN107457,PSG101859,Anushka Gunawardena,2024-02-18,Colombo Fort - Badulla,Full Fare,420,0,,44.9,Medium,Passenger has multiple prior fraud incidents,Unclassified
TXN107455,PSG101901,Piyumi Perera,2024-02-18,Colombo Fort - Kandy,Full Fare,420,0,,27.2,Low,No strong rule triggered — flagged by model anomaly score only,Unclassified
TXN107456,PSG102254,Ashan Rajapaksha,2024-02-18,Maradana - Puttalam,Government Employee Concession,108,0,,28.8,Low,No strong rule triggered — flagged by model anomaly score only,Unclassified
TXN107463,PSG101942,Ruwan Rathnayake,2024-02-18,Colombo Fort - Kandy,Season Ticket,90,0,,31.0,Low,No strong rule triggered — flagged by model anomaly score only,Unclassified
TXN107458,PSG100080,Chaminda Ekanayake,2024-02-18,Colombo Fort - Matara,Season Ticket,90,0,,33.1,Low,No strong rule triggered — flagged by model anomaly score only,Unclassified
TXN107460,PSG101409,Saman Herath,2024-02-18,Colombo Fort - Kandy,Full Fare,180,0,,35.2,Low,No strong rule triggered — flagged by model anomaly score only,Unclassified
TXN107459,PSG102322,Nimal Rathnayake,2024-02-18,Colombo Fort - Trincomalee,Season Ticket,90,0,,19.3,Low,No strong rule triggered — flagged by model anomaly score only,Unclassified
TXN107461,PSG100852,Roshan Wijesekara,2024-02-18,Colombo Fort - Kandy,Full Fare,180,0,,14.3,Low,No strong rule triggered — flagged by model anomaly score only,Unclassified
TXN107464,PSG102958,Lasith Bandara,2024-02-18,Colombo Fort - Negombo (Coastal Line local),Full Fare,420,0,,13.8,Low,No strong rule triggered — flagged by model anomaly score only,Unclassified
TXN107465,PSG103141,Sithumini Jayawardena,2024-02-18,Colombo Fort - Galle,Full Fare,180,0,,13.3,Low,No strong rule triggered — flagged by model anomaly score only,Unclassified
TXN107462,PSG100285,Gayan Rathnayake,2024-02-18,Colombo Fort - Trincomalee,Full Fare,180,0,,26.1,Low,No strong rule triggered — flagged by model anomaly score only,Unclassified
TXN107470,PSG101810,Chaminda Bandara,2024-02-19,Colombo Fort - Batticaloa,Full Fare,420,0,,23.2,Low,No strong rule triggered — flagged by model anomaly score only,Unclassified
TXN107469,PSG101005,Ishara Dissanayake,2024-02-19,Colombo Fort - Matara,Full Fare,180,0,,9.1,Low,No strong rule triggered — flagged by model anomaly score only,Unclassified
TXN107466,PSG101471,Sachini Jayawardena,2024-02-19,Colombo Fort - Trincomalee,Full Fare,420,0,,20.1,Low,No strong rule triggered — flagged by model anomaly score only,Unclassified
TXN107468,PSG100347,Sunil Gunawardena,2024-02-19,Colombo Fort - Badulla,Full Fare,420,0,,18.8,Low,No strong rule triggered — flagged by model anomaly score only,Unclassified
TXN107467,PSG101590,Priyantha Jayawardena,2024-02-19,Colombo Fort - Negombo (Coastal Line local),Full Fare,180,0,,8.7,Low,No strong rule triggered — flagged by model anomaly score only,Unclassified
TXN107481,PSG103086,Roshan Bandara,2024-02-20,Kandy - Badulla (Upcountry local),Season Ticket,475,1,Suspicious Resale,87.7,High,Online booking with no assigned seat (possible resale),Suspicious Resale
TXN107480,PSG101558,Dilani Amarasinghe,2024-02-20,Colombo Fort - Anuradhapura,Full Fare,180,0,,16.9,Low,No strong rule triggered — flagged by model anomaly score only,Unclassified
TXN107471,PSG103139,Kamal Dissanayake,2024-02-20,Colombo Fort - Jaffna,Season Ticket,210,0,,25.0,Low,No strong rule triggered — flagged by model anomaly score only,Unclassified
TXN107478,PSG101552,Hansika Wickramasinghe,2024-02-20,Kandy - Badulla (Upcountry local),Season Ticket,210,0,,24.8,Low,No strong rule triggered — flagged by model anomaly score only,Unclassified
TXN107479,PSG102832,Kavindi Weerasinghe,2024-02-20,Kandy - Badulla (Upcountry local),Full Fare,180,0,,9.4,Low,No strong rule triggered — flagged by model anomaly score only,Unclassified
TXN107482,PSG101113,Yasas Abeywardena,2024-02-20,Colombo Fort - Kandy,Full Fare,420,0,,17.6,Low,No strong rule triggered — flagged by model anomaly score only,Unclassified
TXN107475,PSG101447,Ashan Karunaratne,2024-02-20,Colombo Fort - Trincomalee,Full Fare,180,0,,12.1,Low,No strong rule triggered — flagged by model anomaly score only,Unclassified
TXN107472,PSG103195,Sachini Dissanayake,2024-02-20,Colombo Fort - Ratnapura Line,Senior Citizen Concession,90,0,,19.5,Low,No strong rule triggered — flagged by model anomaly score only,Unclassified
TXN107474,PSG101081,Nuwan Abeywardena,2024-02-20,Colombo Fort - Anuradhapura,Full Fare,950,0,,17.9,Low,No strong rule triggered — flagged by model anomaly score only,Unclassified
TXN107477,PSG101214,Sachini Gunawardena,2024-02-20,Colombo Fort - Batticaloa,Senior Citizen Concession,81,1,Abnormal Concession Usage,45.4,Medium,Fare paid does not match official concession rate,Abnormal Concession Usage
TXN107473,PSG100943,Chathurika Rathnayake,2024-02-20,Colombo Fort - Batticaloa,Full Fare,180,0,,35.4,Low,No strong rule triggered — flagged by model anomaly score only,Unclassified
TXN107476,PSG101495,Ravindu Amarasinghe,2024-02-20,Colombo Fort - Galle,Student Concession,72,1,Ticket Reuse,66.2,High,Ticket scanned multiple times (possible reuse),Ticket Reuse
TXN107485,PSG100347,Sunil Gunawardena,2024-02-21,Kandy - Badulla (Upcountry local),Season Ticket,90,0,,20.1,Low,No strong rule triggered — flagged by model anomaly score only,Unclassified
TXN107484,PSG100937,Nuwan Silva,2024-02-21,Colombo Fort - Kandy,Government Employee Concession,108,0,,20.8,Low,No strong rule triggered — flagged by model anomaly score only,Unclassified
TXN107490,PSG100733,Chathurika Dissanayake,2024-02-21,Colombo Fort - Jaffna,Senior Citizen Concession,90,0,,19.5,Low,No strong rule triggered — flagged by model anomaly score only,Unclassified
TXN107491,PSG101334,Sunil Rajapaksha,2024-02-21,Kandy - Badulla (Upcountry local),Full Fare,180,0,,8.6,Low,No strong rule triggered — flagged by model anomaly score only,Unclassified
TXN107487,PSG100347,Sunil Gunawardena,2024-02-21,Colombo Fort - Badulla,Disability Concession,54,0,,33.2,Low,No strong rule triggered — flagged by model anomaly score only,Unclassified
TXN107492,PSG101868,Tharindu Karunaratne,2024-02-21,Maradana - Puttalam,Student Concession,72,0,,19.3,Low,No strong rule triggered — flagged by model anomaly score only,Unclassified
TXN107488,PSG100879,Sithumini Senanayake,2024-02-21,Colombo Fort - Anuradhapura,Senior Citizen Concession,210,0,,22.1,Low,No strong rule triggered — flagged by model anomaly score only,Unclassified
TXN107486,PSG101311,Saman Abeywardena,2024-02-21,Colombo Fort - Ratnapura Line,Student Concession,380,0,,31.8,Low,No strong rule triggered — flagged by model anomaly score only,Unclassified
TXN107489,PSG101683,Dilani Gunawardena,2024-02-21,Colombo Fort - Kandy,Student Concession,72,0,,42.5,Medium,No strong rule triggered — flagged by model anomaly score only,Unclassified
TXN107483,PSG100898,Chaminda Jayawardena,2024-02-21,Colombo Fort - Matara,Student Concession,168,0,,43.5,Medium,No strong rule triggered — flagged by model anomaly score only,Unclassified
TXN107500,PSG102580,Tharindu Perera,2024-02-22,Colombo Fort - Trincomalee,Student Concession,72,0,,19.4,Low,No strong rule triggered — flagged by model anomaly score only,Unclassified
TXN107502,PSG100039,Kavindi Ekanayake,2024-02-22,Colombo Fort - Kandy,Season Ticket,90,0,,37.5,Low,No strong rule triggered — flagged by model anomaly score only,Unclassified
TXN107503,PSG102281,Nimal Jayawardena,2024-02-22,Colombo Fort - Jaffna,Full Fare,180,1,Suspicious Resale,40.3,Medium,Passenger has multiple prior fraud incidents,Unclassified
TXN107498,PSG102534,Kamal Rajapaksha,2024-02-22,Colombo Fort - Negombo (Coastal Line local),Senior Citizen Concession,81,1,Abnormal Concession Usage,48.2,Medium,Fare paid does not match official concession rate,Abnormal Concession Usage
TXN107495,PSG101082,Gayan Abeywardena,2024-02-22,Colombo Fort - Jaffna,Government Employee Concession,252,0,,26.6,Low,No strong rule triggered — flagged by model anomaly score only,Unclassified
TXN107496,PSG101318,Kasun Herath,2024-02-22,Maradana - Puttalam,Full Fare,180,0,,11.5,Low,No strong rule triggered — flagged by model anomaly score only,Unclassified
TXN107497,PSG101235,Yasas Fernando,2024-02-22,Colombo Fort - Ratnapura Line,Full Fare,180,0,,9.0,Low,No strong rule triggered — flagged by model anomaly score only,Unclassified
TXN107494,PSG100912,Malsha Abeywardena,2024-02-22,Colombo Fort - Matara,Full Fare,180,0,,9.4,Low,No strong rule triggered — flagged by model anomaly score only,Unclassified
TXN107501,PSG100841,Kamal Kumara,2024-02-22,Maradana - Puttalam,Senior Citizen Concession,210,0,,39.3,Low,No strong rule triggered — flagged by model anomaly score only,Unclassified
TXN107499,PSG101790,Yasas Kumara,2024-02-22,Colombo Fort - Batticaloa,Senior Citizen Concession,90,0,,22.4,Low,No strong rule triggered — flagged by model anomaly score only,Unclassified
TXN107493,PSG102340,Lasith Jayawardena,2024-02-22,Colombo Fort - Anuradhapura,Season Ticket,90,0,,38.9,Low,No strong rule triggered — flagged by model anomaly score only,Unclassified
TXN107511,PSG102810,Nimal Perera,2024-02-23,Colombo Fort - Jaffna,Full Fare,180,0,,22.2,Low,No strong rule triggered — flagged by model anomaly score only,Unclassified
TXN107510,PSG101213,Ruwan Dissanayake,2024-02-23,Colombo Fort - Kandy,Student Concession,72,0,,19.4,Low,No strong rule triggered — flagged by model anomaly score only,Unclassified
TXN107505,PSG103006,Chathurika Senanayake,2024-02-23,Colombo Fort - Anuradhapura,Full Fare,180,0,,10.7,Low,No strong rule triggered — flagged by model anomaly score only,Unclassified
TXN107508,PSG100870,Nuwan Herath,2024-02-23,Colombo Fort - Kurunegala,Full Fare,420,0,,11.5,Low,No strong rule triggered — flagged by model anomaly score only,Unclassified
TXN107512,PSG101679,Chamara Karunaratne,2024-02-23,Colombo Fort - Anuradhapura,Government Employee Concession,252,1,Suspicious Resale,32.3,Low,No strong rule triggered — flagged by model anomaly score only,Unclassified
TXN107509,PSG101621,Yasas Karunaratne,2024-02-23,Colombo Fort - Anuradhapura,Full Fare,180,1,Ticket Reuse,50.5,Medium,Ticket scanned multiple times (possible reuse),Ticket Reuse
TXN107507,PSG102777,Kavindi Karunaratne,2024-02-23,Colombo Fort - Badulla,Full Fare,420,0,,17.5,Low,No strong rule triggered — flagged by model anomaly score only,Unclassified
TXN107504,PSG102165,Chamara Gunawardena,2024-02-23,Colombo Fort - Kurunegala,Full Fare,180,0,,20.5,Low,No strong rule triggered — flagged by model anomaly score only,Unclassified
TXN107506,PSG100130,Malsha Jayawardena,2024-02-23,Colombo Fort - Kurunegala,Full Fare,180,0,,17.3,Low,No strong rule triggered — flagged by model anomaly score only,Unclassified
TXN107515,PSG100485,Dinesh Rathnayake,2024-02-24,Colombo Fort - Kurunegala,Full Fare,180,0,,34.4,Low,No strong rule triggered — flagged by model anomaly score only,Unclassified
TXN107520,PSG100086,Malsha Herath,2024-02-24,Colombo Fort - Anuradhapura,Full Fare,180,1,Suspicious Resale,15.5,Low,No strong rule triggered — flagged by model anomaly score only,Unclassified
TXN107518,PSG100431,Saman Kumara,2024-02-24,Colombo Fort - Negombo (Coastal Line local),Season Ticket,90,0,,21.4,Low,No strong rule triggered — flagged by model anomaly score only,Unclassified
TXN107513,PSG102495,Chathurika Karunaratne,2024-02-24,Colombo Fort - Matara,Senior Citizen Concession,90,0,,18.0,Low,No strong rule triggered — flagged by model anomaly score only,Unclassified
TXN107517,PSG101387,Kavindi Wickramasinghe,2024-02-24,Colombo Fort - Ratnapura Line,Full Fare,180,0,,12.0,Low,No strong rule triggered — flagged by model anomaly score only,Unclassified
TXN107516,PSG101380,Ruwan Rathnayake,2024-02-24,Colombo Fort - Trincomalee,Full Fare,420,1,Suspicious Resale,78.2,High,Online booking with no assigned seat (possible resale),Suspicious Resale
TXN107521,PSG101349,Saman Silva,2024-02-24,Colombo Fort - Trincomalee,Season Ticket,210,0,,27.7,Low,No strong rule triggered — flagged by model anomaly score only,Unclassified
TXN107519,PSG100358,Nadeesha Weerasinghe,2024-02-24,Kandy - Badulla (Upcountry local),Student Concession,72,0,,24.4,Low,No strong rule triggered — flagged by model anomaly score only,Unclassified
TXN107514,PSG101485,Dilani Fernando,2024-02-24,Colombo Fort - Galle,Full Fare,180,0,,10.7,Low,No strong rule triggered — flagged by model anomaly score only,Unclassified
TXN107522,PSG100733,Chathurika Dissanayake,2024-02-25,Colombo Fort - Kandy,Full Fare,180,0,,19.1,Low,No strong rule triggered — flagged by model anomaly score only,Unclassified
TXN107524,PSG100355,Anushka Karunaratne,2024-02-25,Colombo Fort - Negombo (Coastal Line local),Student Concession,72,0,,17.7,Low,No strong rule triggered — flagged by model anomaly score only,Unclassified
TXN107526,PSG101538,Saman de Zoysa,2024-02-25,Kandy - Badulla (Upcountry local),Student Concession,72,0,,19.1,Low,No strong rule triggered — flagged by model anomaly score only,Unclassified
TXN107525,PSG102363,Sunil Wijesekara,2024-02-25,Colombo Fort - Anuradhapura,Full Fare,180,0,,12.1,Low,No strong rule triggered — flagged by model anomaly score only,Unclassified
TXN107523,PSG100002,Nuwan Wijesekara,2024-02-25,Colombo Fort - Galle,Government Employee Concession,108,0,,21.7,Low,No strong rule triggered — flagged by model anomaly score only,Unclassified
TXN107530,PSG101989,Kavindi Jayawardena,2024-02-26,Colombo Fort - Matara,Disability Concession,54,0,,28.2,Low,No strong rule triggered — flagged by model anomaly score only,Unclassified
TXN107537,PSG100375,Gayan Silva,2024-02-26,Colombo Fort - Kurunegala,Full Fare,180,0,,8.9,Low,No strong rule triggered — flagged by model anomaly score only,Unclassified
TXN107528,PSG100147,Kavindi Karunaratne,2024-02-26,Colombo Fort - Kandy,Senior Citizen Concession,90,1,Ticket Reuse,71.5,High,Ticket scanned multiple times (possible reuse),Ticket Reuse
TXN107538,PSG102471,Sanduni Wijesekara,2024-02-26,Colombo Fort - Kandy,Government Employee Concession,108,0,,17.5,Low,No strong rule triggered — flagged by model anomaly score only,Unclassified
TXN107534,PSG102939,Chathurika Perera,2024-02-26,Kandy - Badulla (Upcountry local),Season Ticket,90,0,,15.0,Low,No strong rule triggered — flagged by model anomaly score only,Unclassified
TXN107531,PSG101026,Kasun Abeywardena,2024-02-26,Colombo Fort - Trincomalee,Disability Concession,54,0,,27.6,Low,No strong rule triggered — flagged by model anomaly score only,Unclassified
TXN107536,PSG103026,Tharindu Gunawardena,2024-02-26,Colombo Fort - Badulla,Full Fare,420,0,,19.8,Low,No strong rule triggered — flagged by model anomaly score only,Unclassified
TXN107529,PSG101999,Hansika Karunaratne,2024-02-26,Colombo Fort - Kandy,Senior Citizen Concession,90,0,,34.2,Low,No strong rule triggered — flagged by model anomaly score only,Unclassified
TXN107527,PSG101238,Nadeesha Jayawardena,2024-02-26,Colombo Fort - Matara,Full Fare,180,0,,5.8,Low,No strong rule triggered — flagged by model anomaly score only,Unclassified
TXN107535,PSG101027,Hansika Dissanayake,2024-02-26,Colombo Fort - Anuradhapura,Full Fare,180,0,,13.9,Low,No strong rule triggered — flagged by model anomaly score only,Unclassified
TXN107533,PSG103026,Tharindu Gunawardena,2024-02-26,Maradana - Puttalam,Full Fare,180,0,,19.7,Low,No strong rule triggered — flagged by model anomaly score only,Unclassified
TXN107532,PSG101615,Sanduni Bandara,2024-02-26,Colombo Fort - Anuradhapura,Full Fare,180,0,,15.2,Low,No strong rule triggered — flagged by model anomaly score only,Unclassified
TXN107542,PSG100651,Anushka Wijesekara,2024-02-27,Maradana - Puttalam,Senior Citizen Concession,90,0,,27.8,Low,No strong rule triggered — flagged by model anomaly score only,Unclassified
TXN107541,PSG102107,Anushka Rajapaksha,2024-02-27,Kandy - Badulla (Upcountry local),Student Concession,72,0,,15.8,Low,No strong rule triggered — flagged by model anomaly score only,Unclassified
TXN107545,PSG102671,Sithumini Rathnayake,2024-02-27,Colombo Fort - Matara,Full Fare,420,0,,18.8,Low,No strong rule triggered — flagged by model anomaly score only,Unclassified
TXN107543,PSG100478,Nuwan Amarasinghe,2024-02-27,Colombo Fort - Badulla,Student Concession,72,0,,17.1,Low,No strong rule triggered — flagged by model anomaly score only,Unclassified
TXN107540,PSG100281,Ishara Jayawardena,2024-02-27,Colombo Fort - Kandy,Student Concession,72,0,,34.1,Low,Passenger has multiple prior fraud incidents,Unclassified
TXN107544,PSG100972,Tharindu Silva,2024-02-27,Colombo Fort - Kandy,Student Concession,168,0,,35.9,Low,No strong rule triggered — flagged by model anomaly score only,Unclassified
TXN107539,PSG102606,Ravindu Amarasinghe,2024-02-27,Colombo Fort - Jaffna,Full Fare,420,0,,33.3,Low,No strong rule triggered — flagged by model anomaly score only,Unclassified
TXN107553,PSG103079,Malsha Gunawardena,2024-02-28,Colombo Fort - Matara,Season Ticket,90,0,,14.1,Low,No strong rule triggered — flagged by model anomaly score only,Unclassified
TXN107554,PSG102865,Sanduni Silva,2024-02-28,Kandy - Badulla (Upcountry local),Full Fare,420,0,,13.9,Low,No strong rule triggered — flagged by model anomaly score only,Unclassified
TXN107547,PSG100281,Ishara Jayawardena,2024-02-28,Colombo Fort - Anuradhapura,Season Ticket,475,0,,44.7,Medium,Passenger has multiple prior fraud incidents,Unclassified
TXN107549,PSG100949,Sachini Wickramasinghe,2024-02-28,Colombo Fort - Vavuniya,Full Fare,420,0,,16.0,Low,No strong rule triggered — flagged by model anomaly score only,Unclassified
TXN107546,PSG101400,Malsha Rathnayake,2024-02-28,Colombo Fort - Kurunegala,Full Fare,180,0,,7.0,Low,No strong rule triggered — flagged by model anomaly score only,Unclassified
TXN107551,PSG101705,Sunil Rajapaksha,2024-02-28,Colombo Fort - Kandy,Senior Citizen Concession,90,0,,23.8,Low,No strong rule triggered — flagged by model anomaly score only,Unclassified
TXN107552,PSG100413,Anushka Wijesekara,2024-02-28,Kandy - Badulla (Upcountry local),Full Fare,180,0,,28.0,Low,No strong rule triggered — flagged by model anomaly score only,Unclassified
TXN107550,PSG102928,Ishara Dissanayake,2024-02-28,Colombo Fort - Badulla,Full Fare,420,0,,27.4,Low,No strong rule triggered — flagged by model anomaly score only,Unclassified
TXN107548,PSG102005,Kasun Wijesekara,2024-02-28,Colombo Fort - Anuradhapura,Government Employee Concession,108,0,,27.5,Low,No strong rule triggered — flagged by model anomaly score only,Unclassified
TXN107557,PSG100168,Gayan Wickramasinghe,2024-02-29,Colombo Fort - Galle,Government Employee Concession,108,0,,14.2,Low,No strong rule triggered — flagged by model anomaly score only,Unclassified
TXN107556,PSG101318,Kasun Herath,2024-02-29,Colombo Fort - Vavuniya,Full Fare,180,0,,12.2,Low,No strong rule triggered — flagged by model anomaly score only,Unclassified
TXN107555,PSG100713,Anushka Abeywardena,2024-02-29,Colombo Fort - Ratnapura Line,Full Fare,180,0,,24.4,Low,Passenger has multiple prior fraud incidents,Unclassified
TXN107558,PSG100104,Ashan Kumara,2024-02-29,Maradana - Puttalam,Full Fare,420,0,,20.8,Low,No strong rule triggered — flagged by model anomaly score only,Unclassified
TXN107561,PSG101462,Nuwan Jayawardena,2024-03-01,Colombo Fort - Matara,Full Fare,180,0,,6.7,Low,No strong rule triggered — flagged by model anomaly score only,Unclassified
TXN107563,PSG103147,Sunil Herath,2024-03-01,Colombo Fort - Ratnapura Line,Student Concession,72,0,,13.7,Low,No strong rule triggered — flagged by model anomaly score only,Unclassified
TXN107560,PSG101832,Nadeesha Weerasinghe,2024-03-01,Colombo Fort - Galle,Government Employee Concession,252,0,,20.8,Low,No strong rule triggered — flagged by model anomaly score only,Unclassified
TXN107559,PSG101013,Dilani Rajapaksha,2024-03-01,Colombo Fort - Ratnapura Line,Full Fare,180,0,,11.0,Low,No strong rule triggered — flagged by model anomaly score only,Unclassified
TXN107562,PSG100159,Gayan Kumara,2024-03-01,Kandy - Badulla (Upcountry local),Student Concession,168,0,,19.9,Low,No strong rule triggered — flagged by model anomaly score only,Unclassified
TXN107572,PSG101490,Hansika Fernando,2024-03-02,Colombo Fort - Negombo (Coastal Line local),Senior Citizen Concession,90,0,,29.4,Low,No strong rule triggered — flagged by model anomaly score only,Unclassified
TXN107569,PSG102437,Chamara Ekanayake,2024-03-02,Colombo Fort - Jaffna,Season Ticket,210,0,,27.3,Low,No strong rule triggered — flagged by model anomaly score only,Unclassified
TXN107573,PSG101586,Nuwan Wickramasinghe,2024-03-02,Maradana - Puttalam,Full Fare,180,0,,11.3,Low,No strong rule triggered — flagged by model anomaly score only,Unclassified
TXN107564,PSG102449,Sachini Senanayake,2024-03-02,Colombo Fort - Galle,Government Employee Concession,252,1,Ticket Reuse,73.9,High,Ticket scanned multiple times (possible reuse),Ticket Reuse
TXN107571,PSG102335,Sunil Ekanayake,2024-03-02,Kandy - Badulla (Upcountry local),Student Concession,72,0,,27.9,Low,No strong rule triggered — flagged by model anomaly score only,Unclassified
TXN107567,PSG100117,Ishara Herath,2024-03-02,Colombo Fort - Badulla,Full Fare,420,0,,19.3,Low,No strong rule triggered — flagged by model anomaly score only,Unclassified
TXN107565,PSG100151,Nimal Wijesekara,2024-03-02,Colombo Fort - Trincomalee,Government Employee Concession,108,0,,24.1,Low,No strong rule triggered — flagged by model anomaly score only,Unclassified
TXN107566,PSG103135,Nadeesha Kumara,2024-03-02,Colombo Fort - Batticaloa,Full Fare,420,0,,35.9,Low,Passenger has multiple prior fraud incidents,Unclassified
TXN107568,PSG101493,Sachini Kumara,2024-03-02,Colombo Fort - Matara,Student Concession,72,0,,24.1,Low,No strong rule triggered — flagged by model anomaly score only,Unclassified
TXN107570,PSG102852,Lasith de Zoysa,2024-03-02,Colombo Fort - Batticaloa,Full Fare,180,0,,19.8,Low,No strong rule triggered — flagged by model anomaly score only,Unclassified
TXN107576,PSG100038,Lasith Bandara,2024-03-03,Colombo Fort - Kandy,Government Employee Concession,99,1,Abnormal Concession Usage,72.8,High,Fare paid does not match official concession rate; Passenger has multiple prior fraud incidents; Irregular fare during off-peak/night hours,Abnormal Concession Usage
TXN107579,PSG102872,Nimal Perera,2024-03-03,Colombo Fort - Trincomalee,Full Fare,180,0,,22.1,Low,No strong rule triggered — flagged by model anomaly score only,Unclassified
TXN107574,PSG101344,Chathurika Rajapaksha,2024-03-03,Colombo Fort - Badulla,Senior Citizen Concession,90,0,,18.4,Low,No strong rule triggered — flagged by model anomaly score only,Unclassified
TXN107578,PSG101453,Dilani Abeywardena,2024-03-03,Colombo Fort - Anuradhapura,Student Concession,72,0,,26.7,Low,No strong rule triggered — flagged by model anomaly score only,Unclassified
TXN107575,PSG102156,Kasun Fernando,2024-03-03,Colombo Fort - Jaffna,Student Concession,380,0,,30.0,Low,No strong rule triggered — flagged by model anomaly score only,Unclassified
TXN107577,PSG101072,Kasun Rathnayake,2024-03-03,Maradana - Puttalam,Government Employee Concession,570,0,,50.3,Medium,No strong rule triggered — flagged by model anomaly score only,Unclassified
TXN107582,PSG100525,Nadeesha Dissanayake,2024-03-04,Colombo Fort - Galle,Full Fare,420,1,Suspicious Resale,69.3,High,Online booking with no assigned seat (possible resale),Suspicious Resale
TXN107581,PSG101258,Anushka Karunaratne,2024-03-04,Colombo Fort - Batticaloa,Full Fare,180,0,,10.7,Low,No strong rule triggered — flagged by model anomaly score only,Unclassified
TXN107580,PSG101588,Dilani Gunawardena,2024-03-04,Colombo Fort - Kurunegala,Full Fare,180,0,,11.9,Low,No strong rule triggered — flagged by model anomaly score only,Unclassified
TXN107583,PSG101580,Saman Wijesekara,2024-03-04,Kandy - Badulla (Upcountry local),Student Concession,72,0,,14.3,Low,No strong rule triggered — flagged by model anomaly score only,Unclassified
TXN107584,PSG100195,Sachini Jayawardena,2024-03-04,Colombo Fort - Trincomalee,Student Concession,72,0,,19.0,Low,No strong rule triggered — flagged by model anomaly score only,Unclassified
TXN107585,PSG102130,Priyantha Bandara,2024-03-05,Kandy - Badulla (Upcountry local),Full Fare,180,0,,27.5,Low,No strong rule triggered — flagged by model anomaly score only,Unclassified
TXN107588,PSG101056,Roshan Abeywardena,2024-03-05,Colombo Fort - Ratnapura Line,Full Fare,180,0,,17.0,Low,No strong rule triggered — flagged by model anomaly score only,Unclassified
TXN107587,PSG101112,Nuwan Amarasinghe,2024-03-05,Maradana - Puttalam,Student Concession,72,0,,20.0,Low,No strong rule triggered — flagged by model anomaly score only,Unclassified
TXN107586,PSG103194,Priyantha Amarasinghe,2024-03-05,Colombo Fort - Kurunegala,Season Ticket,90,0,,12.9,Low,No strong rule triggered — flagged by model anomaly score only,Unclassified
TXN107589,PSG102157,Sachini Gunawardena,2024-03-05,Colombo Fort - Vavuniya,Senior Citizen Concession,90,0,,24.5,Low,No strong rule triggered — flagged by model anomaly score only,Unclassified
TXN107596,PSG101967,Chamara de Zoysa,2024-03-06,Colombo Fort - Anuradhapura,Government Employee Concession,108,0,,39.4,Low,No strong rule triggered — flagged by model anomaly score only,Unclassified
TXN107592,PSG102829,Nadeesha Herath,2024-03-06,Colombo Fort - Vavuniya,Full Fare,180,0,,9.8,Low,No strong rule triggered — flagged by model anomaly score only,Unclassified
TXN107594,PSG102554,Lasith Gunawardena,2024-03-06,Colombo Fort - Badulla,Government Employee Concession,108,0,,27.5,Low,No strong rule triggered — flagged by model anomaly score only,Unclassified
TXN107600,PSG102373,Sachini Gunawardena,2024-03-06,Colombo Fort - Ratnapura Line,Full Fare,420,0,,15.7,Low,No strong rule triggered — flagged by model anomaly score only,Unclassified
TXN107595,PSG102644,Ashan Gunawardena,2024-03-06,Colombo Fort - Anuradhapura,Senior Citizen Concession,90,0,,36.0,Low,No strong rule triggered — flagged by model anomaly score only,Unclassified
TXN107601,PSG102630,Chaminda Fernando,2024-03-06,Colombo Fort - Jaffna,Government Employee Concession,108,0,,19.8,Low,No strong rule triggered — flagged by model anomaly score only,Unclassified
TXN107599,PSG102044,Chaminda Rajapaksha,2024-03-06,Colombo Fort - Kandy,Senior Citizen Concession,90,0,,29.3,Low,No strong rule triggered — flagged by model anomaly score only,Unclassified
TXN107598,PSG101785,Malsha de Zoysa,2024-03-06,Colombo Fort - Vavuniya,Senior Citizen Concession,210,0,,39.8,Low,Passenger has multiple prior fraud incidents,Unclassified
TXN107590,PSG102062,Malsha Karunaratne,2024-03-06,Colombo Fort - Badulla,Government Employee Concession,108,0,,14.1,Low,No strong rule triggered — flagged by model anomaly score only,Unclassified
TXN107597,PSG100024,Anushka Kumara,2024-03-06,Maradana - Puttalam,Senior Citizen Concession,210,0,,21.5,Low,No strong rule triggered — flagged by model anomaly score only,Unclassified
TXN107593,PSG101504,Dilani de Zoysa,2024-03-06,Maradana - Puttalam,Full Fare,420,0,,13.7,Low,No strong rule triggered — flagged by model anomaly score only,Unclassified
TXN107591,PSG102902,Lasith Silva,2024-03-06,Colombo Fort - Badulla,Student Concession,168,0,,40.4,Medium,No strong rule triggered — flagged by model anomaly score only,Unclassified
TXN107603,PSG101080,Piyumi Bandara,2024-03-07,Colombo Fort - Badulla,Student Concession,72,0,,13.5,Low,No strong rule triggered — flagged by model anomaly score only,Unclassified
TXN107609,PSG100104,Ashan Kumara,2024-03-07,Colombo Fort - Kandy,Student Concession,72,0,,27.5,Low,No strong rule triggered — flagged by model anomaly score only,Unclassified
TXN107608,PSG100010,Nadeesha Dissanayake,2024-03-07,Maradana - Puttalam,Season Ticket,90,0,,25.8,Low,No strong rule triggered — flagged by model anomaly score only,Unclassified
TXN107607,PSG102371,Nuwan Wickramasinghe,2024-03-07,Colombo Fort - Galle,Full Fare,180,0,,8.1,Low,No strong rule triggered — flagged by model anomaly score only,Unclassified
TXN107604,PSG102664,Chamara Weerasinghe,2024-03-07,Colombo Fort - Galle,Full Fare,420,0,,22.8,Low,No strong rule triggered — flagged by model anomaly score only,Unclassified
TXN107605,PSG102532,Nadeesha Ekanayake,2024-03-07,Maradana - Puttalam,Student Concession,72,0,,27.5,Low,No strong rule triggered — flagged by model anomaly score only,Unclassified
TXN107602,PSG101287,Malsha Wickramasinghe,2024-03-07,Maradana - Puttalam,Full Fare,420,0,,14.2,Low,No strong rule triggered — flagged by model anomaly score only,Unclassified
TXN107606,PSG101285,Piyumi Abeywardena,2024-03-07,Colombo Fort - Kandy,Student Concession,380,0,,31.0,Low,No strong rule triggered — flagged by model anomaly score only,Unclassified
TXN107616,PSG101920,Yasas Weerasinghe,2024-03-08,Kandy - Badulla (Upcountry local),Student Concession,72,0,,13.3,Low,No strong rule triggered — flagged by model anomaly score only,Unclassified
TXN107610,PSG101810,Chaminda Bandara,2024-03-08,Colombo Fort - Anuradhapura,Government Employee Concession,108,0,,17.9,Low,No strong rule triggered — flagged by model anomaly score only,Unclassified
TXN107613,PSG101013,Dilani Rajapaksha,2024-03-08,Colombo Fort - Vavuniya,Full Fare,180,0,,7.7,Low,No strong rule triggered — flagged by model anomaly score only,Unclassified
TXN107614,PSG100434,Ravindu Perera,2024-03-08,Colombo Fort - Galle,Full Fare,180,1,Suspicious Resale,69.5,High,Online booking with no assigned seat (possible resale),Suspicious Resale
TXN107615,PSG102283,Hansika Herath,2024-03-08,Colombo Fort - Batticaloa,Disability Concession,126,0,,35.4,Low,No strong rule triggered — flagged by model anomaly score only,Unclassified
TXN107612,PSG101980,Gayan Wijesekara,2024-03-08,Colombo Fort - Batticaloa,Student Concession,168,0,,30.7,Low,No strong rule triggered — flagged by model anomaly score only,Unclassified
TXN107611,PSG102991,Roshan de Zoysa,2024-03-08,Colombo Fort - Batticaloa,Full Fare,180,1,Suspicious Resale,67.8,High,Online booking with no assigned seat (possible resale),Suspicious Resale
TXN107621,PSG101841,Priyantha Senanayake,2024-03-09,Colombo Fort - Matara,Full Fare,180,0,,13.1,Low,No strong rule triggered — flagged by model anomaly score only,Unclassified
TXN107617,PSG103092,Chamara Wijesekara,2024-03-09,Colombo Fort - Ratnapura Line,Government Employee Concession,90,1,Abnormal Concession Usage,78.0,High,Fare paid does not match official concession rate,Abnormal Concession Usage
TXN107622,PSG101193,Gayan Rajapaksha,2024-03-09,Colombo Fort - Vavuniya,Full Fare,420,1,Ticket Reuse,58.4,Medium,Ticket scanned multiple times (possible reuse),Ticket Reuse
TXN107626,PSG100188,Sachini Herath,2024-03-09,Colombo Fort - Matara,Government Employee Concession,252,0,,24.8,Low,No strong rule triggered — flagged by model anomaly score only,Unclassified
TXN107627,PSG102085,Tharindu Gunawardena,2024-03-09,Colombo Fort - Ratnapura Line,Full Fare,180,0,,14.3,Low,No strong rule triggered — flagged by model anomaly score only,Unclassified
TXN107620,PSG100504,Sachini Karunaratne,2024-03-09,Colombo Fort - Kandy,Season Ticket,210,0,,45.4,Medium,No strong rule triggered — flagged by model anomaly score only,Unclassified
TXN107628,PSG100235,Sachini de Zoysa,2024-03-09,Colombo Fort - Jaffna,Season Ticket,90,0,,26.6,Low,No strong rule triggered — flagged by model anomaly score only,Unclassified
TXN107623,PSG103175,Kasun Perera,2024-03-09,Maradana - Puttalam,Student Concession,72,0,,18.7,Low,No strong rule triggered — flagged by model anomaly score only,Unclassified
TXN107618,PSG101987,Sunil Ekanayake,2024-03-09,Colombo Fort - Badulla,Full Fare,180,0,,18.9,Low,No strong rule triggered — flagged by model anomaly score only,Unclassified
TXN107625,PSG100713,Anushka Abeywardena,2024-03-09,Maradana - Puttalam,Full Fare,950,0,,42.0,Medium,Passenger has multiple prior fraud incidents,Unclassified
TXN107619,PSG103097,Lasith Dissanayake,2024-03-09,Colombo Fort - Vavuniya,Season Ticket,90,0,,22.5,Low,No strong rule triggered — flagged by model anomaly score only,Unclassified
TXN107624,PSG101651,Dilani Gunawardena,2024-03-09,Colombo Fort - Matara,Season Ticket,90,1,Suspicious Resale,74.1,High,Online booking with no assigned seat (possible resale),Suspicious Resale
TXN107633,PSG102098,Kavindi Silva,2024-03-10,Maradana - Puttalam,Full Fare,180,0,,14.3,Low,No strong rule triggered — flagged by model anomaly score only,Unclassified
TXN107629,PSG100908,Ashan Gunawardena,2024-03-10,Maradana - Puttalam,Full Fare,420,0,,32.2,Low,Passenger has multiple prior fraud incidents,Unclassified
TXN107631,PSG101632,Nadeesha Amarasinghe,2024-03-10,Maradana - Puttalam,Full Fare,180,0,,10.3,Low,No strong rule triggered — flagged by model anomaly score only,Unclassified
TXN107630,PSG101223,Malsha Amarasinghe,2024-03-10,Colombo Fort - Anuradhapura,Season Ticket,90,0,,18.5,Low,No strong rule triggered — flagged by model anomaly score only,Unclassified
TXN107635,PSG100949,Sachini Wickramasinghe,2024-03-10,Colombo Fort - Jaffna,Student Concession,168,0,,29.2,Low,No strong rule triggered — flagged by model anomaly score only,Unclassified
TXN107634,PSG101398,Yasas Senanayake,2024-03-10,Colombo Fort - Ratnapura Line,Student Concession,54,1,Abnormal Concession Usage,72.7,High,Fare paid does not match official concession rate,Abnormal Concession Usage
TXN107632,PSG101406,Chamara Rajapaksha,2024-03-10,Colombo Fort - Anuradhapura,Full Fare,180,0,,13.2,Low,No strong rule triggered — flagged by model anomaly score only,Unclassified
TXN107641,PSG101542,Kasun Dissanayake,2024-03-11,Colombo Fort - Anuradhapura,Full Fare,420,0,,26.8,Low,No strong rule triggered — flagged by model anomaly score only,Unclassified
TXN107636,PSG102350,Yasas Fernando,2024-03-11,Colombo Fort - Vavuniya,Full Fare,180,0,,10.1,Low,No strong rule triggered — flagged by model anomaly score only,Unclassified
TXN107638,PSG101094,Ravindu Senanayake,2024-03-11,Colombo Fort - Vavuniya,Full Fare,180,0,,7.3,Low,No strong rule triggered — flagged by model anomaly score only,Unclassified
TXN107643,PSG102637,Dilani Bandara,2024-03-11,Colombo Fort - Anuradhapura,Full Fare,180,0,,7.2,Low,No strong rule triggered — flagged by model anomaly score only,Unclassified
TXN107640,PSG100963,Kasun Silva,2024-03-11,Colombo Fort - Trincomalee,Full Fare,180,0,,20.8,Low,No strong rule triggered — flagged by model anomaly score only,Unclassified
TXN107642,PSG100106,Malsha Rathnayake,2024-03-11,Colombo Fort - Matara,Full Fare,180,0,,20.8,Low,Passenger has multiple prior fraud incidents,Unclassified
TXN107639,PSG101374,Nuwan Rajapaksha,2024-03-11,Kandy - Badulla (Upcountry local),Senior Citizen Concession,90,0,,15.3,Low,No strong rule triggered — flagged by model anomaly score only,Unclassified
TXN107644,PSG101593,Sachini Rathnayake,2024-03-11,Colombo Fort - Badulla,Student Concession,380,0,,30.3,Low,No strong rule triggered — flagged by model anomaly score only,Unclassified
TXN107645,PSG100670,Kavindi Silva,2024-03-11,Colombo Fort - Matara,Student Concession,168,0,,31.4,Low,No strong rule triggered — flagged by model anomaly score only,Unclassified
TXN107637,PSG101000,Yasas Fernando,2024-03-11,Colombo Fort - Matara,Full Fare,420,0,,27.3,Low,No strong rule triggered — flagged by model anomaly score only,Unclassified
TXN107647,PSG102970,Ashan Weerasinghe,2024-03-12,Colombo Fort - Anuradhapura,Full Fare,420,0,,25.4,Low,No strong rule triggered — flagged by model anomaly score only,Unclassified
TXN107646,PSG100167,Ravindu de Zoysa,2024-03-12,Colombo Fort - Matara,Season Ticket,90,0,,19.6,Low,No strong rule triggered — flagged by model anomaly score only,Unclassified
TXN107649,PSG100064,Sithumini Amarasinghe,2024-03-12,Colombo Fort - Anuradhapura,Full Fare,180,0,,10.2,Low,No strong rule triggered — flagged by model anomaly score only,Unclassified
TXN107648,PSG100548,Sanduni Kumara,2024-03-12,Colombo Fort - Matara,Season Ticket,90,0,,11.8,Low,No strong rule triggered — flagged by model anomaly score only,Unclassified
TXN107651,PSG100426,Gayan Bandara,2024-03-13,Colombo Fort - Anuradhapura,Full Fare,180,0,,20.0,Low,No strong rule triggered — flagged by model anomaly score only,Unclassified
TXN107653,PSG101433,Lasith Jayawardena,2024-03-13,Colombo Fort - Vavuniya,Full Fare,180,0,,20.4,Low,No strong rule triggered — flagged by model anomaly score only,Unclassified
TXN107655,PSG100555,Dilani Bandara,2024-03-13,Colombo Fort - Vavuniya,Student Concession,72,0,,23.1,Low,No strong rule triggered — flagged by model anomaly score only,Unclassified
TXN107650,PSG100370,Piyumi Kumara,2024-03-13,Colombo Fort - Galle,Disability Concession,54,0,,48.9,Medium,No strong rule triggered — flagged by model anomaly score only,Unclassified
TXN107652,PSG102991,Roshan de Zoysa,2024-03-13,Colombo Fort - Kandy,Full Fare,180,0,,22.1,Low,Passenger has multiple prior fraud incidents,Unclassified
TXN107654,PSG100702,Chamara Jayawardena,2024-03-13,Colombo Fort - Kurunegala,Government Employee Concession,90,1,Abnormal Concession Usage,88.0,High,Fare paid does not match official concession rate,Abnormal Concession Usage
TXN107661,PSG100252,Dinesh Weerasinghe,2024-03-14,Maradana - Puttalam,Government Employee Concession,252,1,Ticket Reuse,72.0,High,Ticket scanned multiple times (possible reuse),Ticket Reuse
TXN107656,PSG102568,Ravindu Ekanayake,2024-03-14,Colombo Fort - Batticaloa,Season Ticket,90,0,,15.6,Low,No strong rule triggered — flagged by model anomaly score only,Unclassified
TXN107660,PSG100494,Ashan Kumara,2024-03-14,Maradana - Puttalam,Full Fare,180,0,,36.2,Low,Passenger has multiple prior fraud incidents,Unclassified
TXN107657,PSG103065,Sunil Rathnayake,2024-03-14,Colombo Fort - Vavuniya,Full Fare,180,0,,6.0,Low,No strong rule triggered — flagged by model anomaly score only,Unclassified
TXN107659,PSG102348,Sunil Fernando,2024-03-14,Colombo Fort - Ratnapura Line,Student Concession,168,0,,38.9,Low,Passenger has multiple prior fraud incidents,Unclassified
TXN107662,PSG101218,Chathurika Ekanayake,2024-03-14,Colombo Fort - Kandy,Full Fare,420,0,,19.5,Low,No strong rule triggered — flagged by model anomaly score only,Unclassified
TXN107658,PSG100415,Ashan Bandara,2024-03-14,Colombo Fort - Ratnapura Line,Full Fare,420,0,,38.4,Low,Passenger has multiple prior fraud incidents,Unclassified
TXN107665,PSG102797,Sanduni Dissanayake,2024-03-15,Colombo Fort - Matara,Disability Concession,126,0,,47.5,Medium,No strong rule triggered — flagged by model anomaly score only,Unclassified
TXN107664,PSG101379,Kasun Rathnayake,2024-03-15,Colombo Fort - Kandy,Student Concession,168,0,,34.4,Low,No strong rule triggered — flagged by model anomaly score only,Unclassified
TXN107667,PSG102143,Hansika de Zoysa,2024-03-15,Colombo Fort - Badulla,Full Fare,180,0,,31.2,Low,Passenger has multiple prior fraud incidents,Unclassified
TXN107666,PSG101686,Lasith Karunaratne,2024-03-15,Kandy - Badulla (Upcountry local),Full Fare,420,0,,19.6,Low,No strong rule triggered — flagged by model anomaly score only,Unclassified
TXN107663,PSG101751,Lasith Bandara,2024-03-15,Colombo Fort - Negombo (Coastal Line local),Full Fare,420,0,,53.6,Medium,Passenger has multiple prior fraud incidents,Unclassified
TXN107670,PSG101850,Ruwan Bandara,2024-03-16,Colombo Fort - Galle,Student Concession,72,0,,50.6,Medium,No strong rule triggered — flagged by model anomaly score only,Unclassified
TXN107668,PSG101800,Ravindu Amarasinghe,2024-03-16,Colombo Fort - Negombo (Coastal Line local),Season Ticket,90,0,,36.4,Low,No strong rule triggered — flagged by model anomaly score only,Unclassified
TXN107672,PSG100336,Chathurika Fernando,2024-03-16,Colombo Fort - Anuradhapura,Season Ticket,475,0,,35.3,Low,No strong rule triggered — flagged by model anomaly score only,Unclassified
TXN107673,PSG102700,Sanduni Ekanayake,2024-03-16,Colombo Fort - Anuradhapura,Disability Concession,126,0,,53.6,Medium,No strong rule triggered — flagged by model anomaly score only,Unclassified
TXN107675,PSG102296,Sunil Herath,2024-03-16,Colombo Fort - Jaffna,Full Fare,420,0,,22.6,Low,No strong rule triggered — flagged by model anomaly score only,Unclassified
TXN107669,PSG100837,Hansika Rajapaksha,2024-03-16,Colombo Fort - Kurunegala,Full Fare,420,0,,26.6,Low,No strong rule triggered — flagged by model anomaly score only,Unclassified
TXN107674,PSG101187,Anushka Rajapaksha,2024-03-16,Colombo Fort - Ratnapura Line,Government Employee Concession,252,0,,28.0,Low,No strong rule triggered — flagged by model anomaly score only,Unclassified
TXN107671,PSG101911,Kavindi Jayawardena,2024-03-16,Colombo Fort - Trincomalee,Student Concession,72,0,,21.9,Low,No strong rule triggered — flagged by model anomaly score only,Unclassified
TXN107682,PSG100788,Kavindi Kumara,2024-03-17,Kandy - Badulla (Upcountry local),Full Fare,180,0,,23.5,Low,No strong rule triggered — flagged by model anomaly score only,Unclassified
TXN107677,PSG101230,Kasun Bandara,2024-03-17,Colombo Fort - Matara,Student Concession,72,0,,20.8,Low,No strong rule triggered — flagged by model anomaly score only,Unclassified
TXN107676,PSG102974,Gayan Karunaratne,2024-03-17,Colombo Fort - Ratnapura Line,Government Employee Concession,108,0,,42.8,Medium,Passenger has multiple prior fraud incidents,Unclassified
TXN107681,PSG100639,Nimal Wijesekara,2024-03-17,Kandy - Badulla (Upcountry local),Senior Citizen Concession,90,0,,36.1,Low,No strong rule triggered — flagged by model anomaly score only,Unclassified
TXN107683,PSG101911,Kavindi Jayawardena,2024-03-17,Maradana - Puttalam,Full Fare,180,0,,13.7,Low,No strong rule triggered — flagged by model anomaly score only,Unclassified
TXN107680,PSG101953,Hansika Rajapaksha,2024-03-17,Colombo Fort - Anuradhapura,Student Concession,72,0,,38.4,Low,Passenger has multiple prior fraud incidents,Unclassified
TXN107679,PSG102850,Dilani Dissanayake,2024-03-17,Colombo Fort - Anuradhapura,Government Employee Concession,231,1,Abnormal Concession Usage,71.6,High,Fare paid does not match official concession rate; Passenger has multiple prior fraud incidents,Abnormal Concession Usage
TXN107678,PSG100497,Nadeesha Amarasinghe,2024-03-17,Colombo Fort - Badulla,Season Ticket,475,0,,67.2,High,Passenger has multiple prior fraud incidents,Unclassified
TXN107686,PSG102797,Sanduni Dissanayake,2024-03-18,Colombo Fort - Ratnapura Line,Full Fare,180,0,,15.6,Low,No strong rule triggered — flagged by model anomaly score only,Unclassified
TXN107684,PSG102724,Nuwan Jayawardena,2024-03-18,Colombo Fort - Kurunegala,Full Fare,420,0,,20.8,Low,No strong rule triggered — flagged by model anomaly score only,Unclassified
TXN107687,PSG101178,Nuwan Bandara,2024-03-18,Colombo Fort - Trincomalee,Full Fare,180,0,,12.7,Low,No strong rule triggered — flagged by model anomaly score only,Unclassified
TXN107685,PSG103092,Chamara Wijesekara,2024-03-18,Colombo Fort - Kurunegala,Student Concession,72,0,,33.9,Low,No strong rule triggered — flagged by model anomaly score only,Unclassified
TXN107693,PSG100223,Lasith Rajapaksha,2024-03-19,Maradana - Puttalam,Government Employee Concession,570,0,,41.7,Medium,No strong rule triggered — flagged by model anomaly score only,Unclassified
TXN107688,PSG101882,Nuwan Rathnayake,2024-03-19,Colombo Fort - Vavuniya,Student Concession,72,0,,15.6,Low,No strong rule triggered — flagged by model anomaly score only,Unclassified
TXN107690,PSG100304,Chaminda Wijesekara,2024-03-19,Colombo Fort - Kandy,Senior Citizen Concession,90,0,,22.0,Low,No strong rule triggered — flagged by model anomaly score only,Unclassified
TXN107691,PSG103063,Ruwan Wijesekara,2024-03-19,Colombo Fort - Negombo (Coastal Line local),Senior Citizen Concession,90,0,,14.3,Low,No strong rule triggered — flagged by model anomaly score only,Unclassified
TXN107689,PSG100626,Sunil Kumara,2024-03-19,Colombo Fort - Matara,Full Fare,950,0,,16.2,Low,No strong rule triggered — flagged by model anomaly score only,Unclassified
TXN107692,PSG100068,Dilani Perera,2024-03-19,Colombo Fort - Negombo (Coastal Line local),Full Fare,420,0,,15.7,Low,No strong rule triggered — flagged by model anomaly score only,Unclassified
TXN107704,PSG100531,Ruwan Herath,2024-03-20,Colombo Fort - Anuradhapura,Senior Citizen Concession,475,0,,44.3,Medium,No strong rule triggered — flagged by model anomaly score only,Unclassified
TXN107702,PSG102604,Ishara Perera,2024-03-20,Colombo Fort - Trincomalee,Full Fare,420,0,,30.3,Low,No strong rule triggered — flagged by model anomaly score only,Unclassified
TXN107699,PSG100826,Kamal Senanayake,2024-03-20,Colombo Fort - Matara,Full Fare,180,0,,19.5,Low,No strong rule triggered — flagged by model anomaly score only,Unclassified
TXN107703,PSG102771,Dinesh Kumara,2024-03-20,Maradana - Puttalam,Full Fare,180,0,,9.7,Low,No strong rule triggered — flagged by model anomaly score only,Unclassified
TXN107698,PSG100369,Sachini Wijesekara,2024-03-20,Kandy - Badulla (Upcountry local),Full Fare,180,0,,4.7,Low,No strong rule triggered — flagged by model anomaly score only,Unclassified
TXN107700,PSG100917,Nuwan Silva,2024-03-20,Colombo Fort - Kurunegala,Student Concession,72,0,,34.8,Low,Passenger has multiple prior fraud incidents,Unclassified
TXN107701,PSG102175,Dilani Senanayake,2024-03-20,Colombo Fort - Galle,Full Fare,180,0,,12.1,Low,No strong rule triggered — flagged by model anomaly score only,Unclassified
TXN107695,PSG100955,Sunil Wijesekara,2024-03-20,Colombo Fort - Vavuniya,Season Ticket,90,0,,14.0,Low,No strong rule triggered — flagged by model anomaly score only,Unclassified
TXN107696,PSG101984,Sithumini Amarasinghe,2024-03-20,Maradana - Puttalam,Full Fare,180,1,Ticket Reuse,50.2,Medium,Ticket scanned multiple times (possible reuse),Ticket Reuse
TXN107694,PSG100048,Ashan Ekanayake,2024-03-20,Kandy - Badulla (Upcountry local),Student Concession,72,0,,46.8,Medium,No strong rule triggered — flagged by model anomaly score only,Unclassified
TXN107697,PSG101948,Nadeesha Perera,2024-03-20,Colombo Fort - Jaffna,Full Fare,180,0,,22.7,Low,No strong rule triggered — flagged by model anomaly score only,Unclassified
TXN107710,PSG101072,Kasun Rathnayake,2024-03-21,Colombo Fort - Badulla,Government Employee Concession,108,0,,21.0,Low,No strong rule triggered — flagged by model anomaly score only,Unclassified
TXN107709,PSG100267,Sithumini Jayawardena,2024-03-21,Colombo Fort - Trincomalee,Full Fare,180,0,,11.9,Low,No strong rule triggered — flagged by model anomaly score only,Unclassified
TXN107711,PSG100315,Sachini Wickramasinghe,2024-03-21,Colombo Fort - Kandy,Full Fare,420,0,,15.4,Low,No strong rule triggered — flagged by model anomaly score only,Unclassified
TXN107708,PSG103096,Ashan Fernando,2024-03-21,Maradana - Puttalam,Full Fare,420,0,,16.7,Low,No strong rule triggered — flagged by model anomaly score only,Unclassified
TXN107707,PSG101248,Piyumi Wijesekara,2024-03-21,Maradana - Puttalam,Student Concession,72,0,,21.6,Low,No strong rule triggered — flagged by model anomaly score only,Unclassified
TXN107706,PSG101659,Ashan Perera,2024-03-21,Kandy - Badulla (Upcountry local),Full Fare,950,0,,34.5,Low,No strong rule triggered — flagged by model anomaly score only,Unclassified
TXN107705,PSG100282,Yasas Bandara,2024-03-21,Colombo Fort - Matara,Full Fare,420,0,,36.9,Low,No strong rule triggered — flagged by model anomaly score only,Unclassified
TXN107718,PSG100842,Kasun Karunaratne,2024-03-22,Maradana - Puttalam,Full Fare,950,0,,34.0,Low,No strong rule triggered — flagged by model anomaly score only,Unclassified
TXN107719,PSG102735,Sithumini Weerasinghe,2024-03-22,Colombo Fort - Matara,Full Fare,180,0,,6.5,Low,No strong rule triggered — flagged by model anomaly score only,Unclassified
TXN107712,PSG102937,Hansika Fernando,2024-03-22,Maradana - Puttalam,Full Fare,420,0,,28.0,Low,No strong rule triggered — flagged by model anomaly score only,Unclassified
TXN107714,PSG102345,Nimal Fernando,2024-03-22,Colombo Fort - Ratnapura Line,Full Fare,420,0,,24.5,Low,No strong rule triggered — flagged by model anomaly score only,Unclassified
TXN107713,PSG102849,Hansika Dissanayake,2024-03-22,Colombo Fort - Anuradhapura,Full Fare,420,1,Ticket Reuse,62.9,Medium,Ticket scanned multiple times (possible reuse),Ticket Reuse
TXN107715,PSG100836,Dinesh Kumara,2024-03-22,Colombo Fort - Anuradhapura,Full Fare,420,0,,18.0,Low,No strong rule triggered — flagged by model anomaly score only,Unclassified
TXN107717,PSG101445,Ruwan Senanayake,2024-03-22,Colombo Fort - Kurunegala,Student Concession,72,0,,17.3,Low,No strong rule triggered — flagged by model anomaly score only,Unclassified
TXN107716,PSG100860,Sunil Herath,2024-03-22,Colombo Fort - Negombo (Coastal Line local),Full Fare,180,0,,17.3,Low,No strong rule triggered — flagged by model anomaly score only,Unclassified
TXN107726,PSG102956,Anushka Jayawardena,2024-03-23,Colombo Fort - Vavuniya,Government Employee Concession,108,0,,38.5,Low,No strong rule triggered — flagged by model anomaly score only,Unclassified
TXN107725,PSG101359,Sithumini Jayawardena,2024-03-23,Colombo Fort - Batticaloa,Full Fare,420,0,,24.7,Low,No strong rule triggered — flagged by model anomaly score only,Unclassified
TXN107722,PSG100441,Ravindu Jayawardena,2024-03-23,Colombo Fort - Matara,Full Fare,180,0,,14.5,Low,No strong rule triggered — flagged by model anomaly score only,Unclassified
TXN107728,PSG100471,Roshan Weerasinghe,2024-03-23,Colombo Fort - Anuradhapura,Disability Concession,126,0,,34.1,Low,No strong rule triggered — flagged by model anomaly score only,Unclassified
TXN107723,PSG100740,Ruwan Perera,2024-03-23,Colombo Fort - Galle,Full Fare,420,0,,19.6,Low,No strong rule triggered — flagged by model anomaly score only,Unclassified
TXN107724,PSG100039,Kavindi Ekanayake,2024-03-23,Colombo Fort - Jaffna,Student Concession,72,0,,38.1,Low,No strong rule triggered — flagged by model anomaly score only,Unclassified
TXN107721,PSG102486,Sanduni Kumara,2024-03-23,Colombo Fort - Kandy,Full Fare,180,0,,16.0,Low,No strong rule triggered — flagged by model anomaly score only,Unclassified
TXN107720,PSG100112,Hansika Wickramasinghe,2024-03-23,Colombo Fort - Batticaloa,Full Fare,180,0,,12.1,Low,No strong rule triggered — flagged by model anomaly score only,Unclassified
TXN107727,PSG103138,Sunil Kumara,2024-03-23,Colombo Fort - Ratnapura Line,Government Employee Concession,252,0,,39.1,Low,No strong rule triggered — flagged by model anomaly score only,Unclassified
TXN107731,PSG100243,Kasun Karunaratne,2024-03-24,Colombo Fort - Kandy,Season Ticket,90,1,Ticket Reuse,84.7,High,Ticket scanned multiple times (possible reuse),Ticket Reuse
TXN107730,PSG101266,Roshan Jayawardena,2024-03-24,Colombo Fort - Anuradhapura,Full Fare,180,0,,16.6,Low,No strong rule triggered — flagged by model anomaly score only,Unclassified
TXN107732,PSG102084,Nadeesha Ekanayake,2024-03-24,Colombo Fort - Jaffna,Full Fare,180,0,,14.0,Low,No strong rule triggered — flagged by model anomaly score only,Unclassified
TXN107729,PSG101159,Sanduni Kumara,2024-03-24,Colombo Fort - Negombo (Coastal Line local),Full Fare,180,0,,25.9,Low,No strong rule triggered — flagged by model anomaly score only,Unclassified
TXN107737,PSG101668,Nadeesha Fernando,2024-03-25,Colombo Fort - Kurunegala,Full Fare,180,0,,17.2,Low,No strong rule triggered — flagged by model anomaly score only,Unclassified
TXN107740,PSG100956,Nimal Kumara,2024-03-25,Colombo Fort - Kandy,Full Fare,180,0,,11.9,Low,No strong rule triggered — flagged by model anomaly score only,Unclassified
TXN107734,PSG101060,Malsha Rajapaksha,2024-03-25,Colombo Fort - Negombo (Coastal Line local),Full Fare,180,1,Ticket Reuse,64.3,Medium,Ticket scanned multiple times (possible reuse),Ticket Reuse
TXN107738,PSG100717,Lasith Silva,2024-03-25,Colombo Fort - Kurunegala,Senior Citizen Concession,90,0,,16.5,Low,No strong rule triggered — flagged by model anomaly score only,Unclassified
TXN107733,PSG101091,Dilani Amarasinghe,2024-03-25,Kandy - Badulla (Upcountry local),Full Fare,180,0,,9.5,Low,No strong rule triggered — flagged by model anomaly score only,Unclassified
TXN107735,PSG100042,Dilani Herath,2024-03-25,Maradana - Puttalam,Disability Concession,54,0,,25.0,Low,No strong rule triggered — flagged by model anomaly score only,Unclassified
TXN107739,PSG101975,Tharindu Bandara,2024-03-25,Colombo Fort - Jaffna,Full Fare,180,0,,16.6,Low,No strong rule triggered — flagged by model anomaly score only,Unclassified
TXN107736,PSG102611,Roshan de Zoysa,2024-03-25,Kandy - Badulla (Upcountry local),Full Fare,180,0,,17.5,Low,No strong rule triggered — flagged by model anomaly score only,Unclassified
TXN107741,PSG102889,Hansika Silva,2024-03-26,Colombo Fort - Batticaloa,Season Ticket,210,0,,35.4,Low,No strong rule triggered — flagged by model anomaly score only,Unclassified
TXN107744,PSG100972,Tharindu Silva,2024-03-26,Colombo Fort - Kandy,Full Fare,420,0,,19.8,Low,No strong rule triggered — flagged by model anomaly score only,Unclassified
TXN107748,PSG100583,Nimal Dissanayake,2024-03-26,Maradana - Puttalam,Season Ticket,90,0,,22.2,Low,No strong rule triggered — flagged by model anomaly score only,Unclassified
TXN107745,PSG101857,Hansika Gunawardena,2024-03-26,Colombo Fort - Kandy,Full Fare,180,0,,10.2,Low,No strong rule triggered — flagged by model anomaly score only,Unclassified
TXN107746,PSG102057,Dinesh Weerasinghe,2024-03-26,Colombo Fort - Vavuniya,Student Concession,380,0,,34.9,Low,No strong rule triggered — flagged by model anomaly score only,Unclassified
TXN107750,PSG100215,Sunil Herath,2024-03-26,Colombo Fort - Kandy,Senior Citizen Concession,90,0,,23.4,Low,No strong rule triggered — flagged by model anomaly score only,Unclassified
TXN107742,PSG100300,Dilani Kumara,2024-03-26,Colombo Fort - Jaffna,Government Employee Concession,108,0,,24.8,Low,No strong rule triggered — flagged by model anomaly score only,Unclassified
TXN107743,PSG101450,Nadeesha de Zoysa,2024-03-26,Colombo Fort - Galle,Full Fare,420,0,,18.8,Low,No strong rule triggered — flagged by model anomaly score only,Unclassified
TXN107747,PSG101929,Lasith Rathnayake,2024-03-26,Colombo Fort - Vavuniya,Student Concession,72,0,,29.3,Low,No strong rule triggered — flagged by model anomaly score only,Unclassified
TXN107749,PSG100580,Sithumini Weerasinghe,2024-03-26,Kandy - Badulla (Upcountry local),Student Concession,72,1,Ticket Reuse,73.4,High,Ticket scanned multiple times (possible reuse),Ticket Reuse
TXN107756,PSG102886,Nuwan Perera,2024-03-27,Colombo Fort - Kandy,Student Concession,168,0,,37.0,Low,No strong rule triggered — flagged by model anomaly score only,Unclassified
TXN107759,PSG100370,Piyumi Kumara,2024-03-27,Colombo Fort - Badulla,Senior Citizen Concession,210,0,,52.5,Medium,No strong rule triggered — flagged by model anomaly score only,Unclassified
TXN107760,PSG100817,Nuwan Karunaratne,2024-03-27,Colombo Fort - Trincomalee,Senior Citizen Concession,90,0,,34.2,Low,No strong rule triggered — flagged by model anomaly score only,Unclassified
TXN107751,PSG102026,Sachini de Zoysa,2024-03-27,Maradana - Puttalam,Senior Citizen Concession,210,0,,24.5,Low,No strong rule triggered — flagged by model anomaly score only,Unclassified
TXN107758,PSG102459,Sanduni Karunaratne,2024-03-27,Colombo Fort - Negombo (Coastal Line local),Full Fare,950,0,,48.9,Medium,Passenger has multiple prior fraud incidents,Unclassified
TXN107761,PSG103003,Dinesh Herath,2024-03-27,Colombo Fort - Kurunegala,Season Ticket,90,0,,15.4,Low,No strong rule triggered — flagged by model anomaly score only,Unclassified
TXN107755,PSG102256,Saman Abeywardena,2024-03-27,Colombo Fort - Vavuniya,Government Employee Concession,108,1,Suspicious Resale,69.1,High,Online booking with no assigned seat (possible resale),Suspicious Resale
TXN107757,PSG102659,Sachini Bandara,2024-03-27,Colombo Fort - Matara,Full Fare,420,0,,9.3,Low,No strong rule triggered — flagged by model anomaly score only,Unclassified
TXN107754,PSG101222,Sithumini Wijesekara,2024-03-27,Colombo Fort - Vavuniya,Season Ticket,90,0,,13.7,Low,No strong rule triggered — flagged by model anomaly score only,Unclassified
TXN107752,PSG103032,Tharindu Gunawardena,2024-03-27,Colombo Fort - Kandy,Government Employee Concession,570,0,,28.6,Low,No strong rule triggered — flagged by model anomaly score only,Unclassified
TXN107753,PSG103096,Ashan Fernando,2024-03-27,Kandy - Badulla (Upcountry local),Student Concession,72,0,,15.7,Low,No strong rule triggered — flagged by model anomaly score only,Unclassified
TXN107764,PSG100433,Piyumi de Zoysa,2024-03-28,Colombo Fort - Galle,Government Employee Concession,108,0,,17.3,Low,No strong rule triggered — flagged by model anomaly score only,Unclassified
TXN107762,PSG100206,Dinesh Silva,2024-03-28,Maradana - Puttalam,Full Fare,180,0,,12.7,Low,No strong rule triggered — flagged by model anomaly score only,Unclassified
TXN107763,PSG101298,Nadeesha Herath,2024-03-28,Colombo Fort - Kurunegala,Full Fare,180,0,,18.4,Low,No strong rule triggered — flagged by model anomaly score only,Unclassified
TXN107766,PSG102880,Saman Jayawardena,2024-03-29,Colombo Fort - Kurunegala,Full Fare,420,0,,11.4,Low,No strong rule triggered — flagged by model anomaly score only,Unclassified
TXN107767,PSG100226,Ishara Perera,2024-03-29,Colombo Fort - Badulla,Student Concession,72,0,,19.1,Low,No strong rule triggered — flagged by model anomaly score only,Unclassified
TXN107765,PSG103144,Dinesh de Zoysa,2024-03-29,Colombo Fort - Kurunegala,Full Fare,180,0,,8.2,Low,No strong rule triggered — flagged by model anomaly score only,Unclassified
TXN107769,PSG100825,Chamara Perera,2024-03-29,Kandy - Badulla (Upcountry local),Government Employee Concession,108,0,,18.8,Low,No strong rule triggered — flagged by model anomaly score only,Unclassified
TXN107768,PSG100113,Piyumi Senanayake,2024-03-29,Colombo Fort - Ratnapura Line,Season Ticket,475,0,,27.3,Low,No strong rule triggered — flagged by model anomaly score only,Unclassified
TXN107770,PSG102951,Sunil Kumara,2024-03-30,Colombo Fort - Trincomalee,Season Ticket,210,0,,38.9,Low,No strong rule triggered — flagged by model anomaly score only,Unclassified
TXN107771,PSG102716,Lasith Karunaratne,2024-03-30,Colombo Fort - Batticaloa,Student Concession,72,0,,47.8,Medium,Passenger has multiple prior fraud incidents,Unclassified
TXN107774,PSG100425,Chaminda de Zoysa,2024-03-31,Colombo Fort - Anuradhapura,Government Employee Concession,108,0,,37.8,Low,No strong rule triggered — flagged by model anomaly score only,Unclassified
TXN107772,PSG100457,Sithumini Weerasinghe,2024-03-31,Colombo Fort - Kandy,Student Concession,72,0,,31.6,Low,No strong rule triggered — flagged by model anomaly score only,Unclassified
TXN107773,PSG100929,Nadeesha Herath,2024-03-31,Maradana - Puttalam,Full Fare,180,0,,18.0,Low,No strong rule triggered — flagged by model anomaly score only,Unclassified
TXN107777,PSG100898,Chaminda Jayawardena,2024-03-31,Colombo Fort - Trincomalee,Student Concession,72,0,,40.1,Medium,No strong rule triggered — flagged by model anomaly score only,Unclassified
TXN107776,PSG102099,Gayan Bandara,2024-03-31,Colombo Fort - Badulla,Full Fare,180,1,Ticket Reuse,58.2,Medium,Ticket scanned multiple times (possible reuse),Ticket Reuse
TXN107775,PSG102245,Chamara Jayawardena,2024-03-31,Colombo Fort - Kandy,Government Employee Concession,108,1,Suspicious Resale,75.8,High,Online booking with no assigned seat (possible resale),Suspicious Resale
TXN107778,PSG102738,Ashan Herath,2024-04-01,Colombo Fort - Matara,Full Fare,180,0,,28.8,Low,Passenger has multiple prior fraud incidents,Unclassified
TXN107781,PSG103081,Priyantha Silva,2024-04-01,Colombo Fort - Trincomalee,Full Fare,180,0,,9.3,Low,No strong rule triggered — flagged by model anomaly score only,Unclassified
TXN107782,PSG100603,Nadeesha Herath,2024-04-01,Colombo Fort - Anuradhapura,Government Employee Concession,108,0,,20.7,Low,No strong rule triggered — flagged by model anomaly score only,Unclassified
TXN107780,PSG101456,Ishara Bandara,2024-04-01,Colombo Fort - Vavuniya,Season Ticket,210,1,Suspicious Resale,72.9,High,Online booking with no assigned seat (possible resale),Suspicious Resale
TXN107779,PSG102370,Ashan Weerasinghe,2024-04-01,Colombo Fort - Badulla,Season Ticket,210,0,,34.7,Low,Passenger has multiple prior fraud incidents,Unclassified
TXN107789,PSG102245,Chamara Jayawardena,2024-04-02,Colombo Fort - Matara,Student Concession,63,1,Abnormal Concession Usage,59.8,Medium,Fare paid does not match official concession rate,Abnormal Concession Usage
TXN107787,PSG101852,Gayan Karunaratne,2024-04-02,Colombo Fort - Ratnapura Line,Full Fare,180,0,,14.8,Low,No strong rule triggered — flagged by model anomaly score only,Unclassified
TXN107786,PSG100999,Dinesh Gunawardena,2024-04-02,Colombo Fort - Kandy,Season Ticket,90,1,Suspicious Resale,68.7,High,Online booking with no assigned seat (possible resale),Suspicious Resale
TXN107784,PSG102630,Chaminda Fernando,2024-04-02,Colombo Fort - Negombo (Coastal Line local),Student Concession,72,1,Ticket Reuse,50.9,Medium,Ticket scanned multiple times (possible reuse),Ticket Reuse
TXN107785,PSG101062,Sachini Gunawardena,2024-04-02,Colombo Fort - Kandy,Full Fare,420,0,,19.0,Low,No strong rule triggered — flagged by model anomaly score only,Unclassified
TXN107788,PSG101834,Nuwan Bandara,2024-04-02,Colombo Fort - Vavuniya,Full Fare,180,0,,49.9,Medium,Passenger has multiple prior fraud incidents,Unclassified
TXN107783,PSG100853,Chaminda Abeywardena,2024-04-02,Colombo Fort - Badulla,Season Ticket,90,0,,15.2,Low,No strong rule triggered — flagged by model anomaly score only,Unclassified
TXN107793,PSG103133,Anushka Perera,2024-04-03,Colombo Fort - Matara,Student Concession,72,0,,46.9,Medium,No strong rule triggered — flagged by model anomaly score only,Unclassified
TXN107794,PSG100187,Yasas Fernando,2024-04-03,Colombo Fort - Ratnapura Line,Full Fare,180,0,,10.5,Low,No strong rule triggered — flagged by model anomaly score only,Unclassified
TXN107791,PSG100623,Sanduni Weerasinghe,2024-04-03,Colombo Fort - Negombo (Coastal Line local),Full Fare,180,0,,7.0,Low,No strong rule triggered — flagged by model anomaly score only,Unclassified
TXN107790,PSG100353,Nimal Senanayake,2024-04-03,Colombo Fort - Anuradhapura,Full Fare,180,0,,8.8,Low,No strong rule triggered — flagged by model anomaly score only,Unclassified
TXN107792,PSG102256,Saman Abeywardena,2024-04-03,Colombo Fort - Kandy,Government Employee Concession,108,1,Ticket Reuse,76.0,High,Ticket scanned multiple times (possible reuse),Ticket Reuse
TXN107799,PSG101421,Sachini Weerasinghe,2024-04-04,Colombo Fort - Kandy,Student Concession,72,0,,26.8,Low,No strong rule triggered — flagged by model anomaly score only,Unclassified
TXN107802,PSG102642,Chaminda Senanayake,2024-04-04,Colombo Fort - Trincomalee,Full Fare,180,0,,59.8,Medium,Passenger has multiple prior fraud incidents,Unclassified
TXN107801,PSG101293,Tharindu Wickramasinghe,2024-04-04,Colombo Fort - Batticaloa,Season Ticket,90,0,,16.6,Low,No strong rule triggered — flagged by model anomaly score only,Unclassified
TXN107795,PSG101637,Ashan Abeywardena,2024-04-04,Colombo Fort - Kandy,Full Fare,180,0,,13.2,Low,No strong rule triggered — flagged by model anomaly score only,Unclassified
TXN107798,PSG102434,Roshan Ekanayake,2024-04-04,Colombo Fort - Negombo (Coastal Line local),Full Fare,950,0,,33.6,Low,No strong rule triggered — flagged by model anomaly score only,Unclassified
TXN107800,PSG102860,Chaminda Rathnayake,2024-04-04,Colombo Fort - Jaffna,Full Fare,180,0,,25.6,Low,No strong rule triggered — flagged by model anomaly score only,Unclassified
TXN107797,PSG101215,Saman Karunaratne,2024-04-04,Colombo Fort - Galle,Full Fare,180,0,,35.9,Low,Passenger has multiple prior fraud incidents,Unclassified
TXN107796,PSG102716,Lasith Karunaratne,2024-04-04,Maradana - Puttalam,Full Fare,180,0,,37.0,Low,Passenger has multiple prior fraud incidents,Unclassified
TXN107808,PSG102143,Hansika de Zoysa,2024-04-05,Colombo Fort - Trincomalee,Government Employee Concession,108,0,,49.9,Medium,Passenger has multiple prior fraud incidents,Unclassified
TXN107815,PSG101057,Sachini Bandara,2024-04-05,Kandy - Badulla (Upcountry local),Full Fare,180,0,,18.6,Low,No strong rule triggered — flagged by model anomaly score only,Unclassified
TXN107813,PSG103092,Chamara Wijesekara,2024-04-05,Colombo Fort - Galle,Season Ticket,210,0,,23.4,Low,No strong rule triggered — flagged by model anomaly score only,Unclassified
TXN107812,PSG100827,Ruwan Bandara,2024-04-05,Colombo Fort - Negombo (Coastal Line local),Full Fare,180,0,,6.8,Low,No strong rule triggered — flagged by model anomaly score only,Unclassified
TXN107807,PSG100550,Ishara Weerasinghe,2024-04-05,Maradana - Puttalam,Student Concession,72,1,Ticket Reuse,52.5,Medium,Ticket scanned multiple times (possible reuse),Ticket Reuse
TXN107814,PSG102921,Kavindi Perera,2024-04-05,Colombo Fort - Negombo (Coastal Line local),Student Concession,72,0,,11.4,Low,No strong rule triggered — flagged by model anomaly score only,Unclassified
TXN107805,PSG101587,Chaminda Senanayake,2024-04-05,Colombo Fort - Anuradhapura,Full Fare,180,0,,15.6,Low,No strong rule triggered — flagged by model anomaly score only,Unclassified
TXN107810,PSG101454,Saman Wickramasinghe,2024-04-05,Colombo Fort - Jaffna,Season Ticket,90,0,,18.1,Low,No strong rule triggered — flagged by model anomaly score only,Unclassified
TXN107809,PSG102348,Sunil Fernando,2024-04-05,Colombo Fort - Badulla,Full Fare,180,0,,25.3,Low,Passenger has multiple prior fraud incidents,Unclassified
TXN107811,PSG101927,Ishara Herath,2024-04-05,Colombo Fort - Anuradhapura,Full Fare,950,0,,44.3,Medium,No strong rule triggered — flagged by model anomaly score only,Unclassified
TXN107806,PSG102427,Kamal Ekanayake,2024-04-05,Colombo Fort - Vavuniya,Full Fare,950,0,,17.7,Low,No strong rule triggered — flagged by model anomaly score only,Unclassified
TXN107804,PSG102481,Chaminda Bandara,2024-04-05,Colombo Fort - Negombo (Coastal Line local),Season Ticket,90,0,,11.6,Low,No strong rule triggered — flagged by model anomaly score only,Unclassified
TXN107803,PSG103156,Kamal Fernando,2024-04-05,Colombo Fort - Ratnapura Line,Season Ticket,90,0,,18.1,Low,No strong rule triggered — flagged by model anomaly score only,Unclassified
TXN107817,PSG100164,Ruwan Senanayake,2024-04-06,Colombo Fort - Vavuniya,Full Fare,180,1,Ticket Reuse,49.2,Medium,Ticket scanned multiple times (possible reuse),Ticket Reuse
TXN107816,PSG102130,Priyantha Bandara,2024-04-06,Colombo Fort - Ratnapura Line,Full Fare,180,0,,21.2,Low,No strong rule triggered — flagged by model anomaly score only,Unclassified
TXN107818,PSG102448,Sanduni Senanayake,2024-04-06,Maradana - Puttalam,Full Fare,180,0,,10.8,Low,No strong rule triggered — flagged by model anomaly score only,Unclassified
TXN107819,PSG100126,Chamara Wickramasinghe,2024-04-06,Colombo Fort - Trincomalee,Disability Concession,54,1,Ticket Reuse,68.2,High,Ticket scanned multiple times (possible reuse),Ticket Reuse
TXN107821,PSG100194,Yasas Jayawardena,2024-04-07,Colombo Fort - Anuradhapura,Disability Concession,126,0,,52.1,Medium,No strong rule triggered — flagged by model anomaly score only,Unclassified
TXN107820,PSG101756,Saman Silva,2024-04-07,Colombo Fort - Vavuniya,Full Fare,180,0,,23.5,Low,No strong rule triggered — flagged by model anomaly score only,Unclassified
TXN107823,PSG101404,Malsha Jayawardena,2024-04-07,Colombo Fort - Batticaloa,Senior Citizen Concession,90,1,Suspicious Resale,75.7,High,Online booking with no assigned seat (possible resale),Suspicious Resale
TXN107824,PSG101830,Kavindi Weerasinghe,2024-04-07,Colombo Fort - Ratnapura Line,Senior Citizen Concession,90,0,,20.7,Low,No strong rule triggered — flagged by model anomaly score only,Unclassified
TXN107822,PSG102860,Chaminda Rathnayake,2024-04-07,Colombo Fort - Galle,Full Fare,180,0,,15.6,Low,No strong rule triggered — flagged by model anomaly score only,Unclassified
TXN107825,PSG102167,Roshan Rathnayake,2024-04-08,Colombo Fort - Kurunegala,Full Fare,180,0,,5.5,Low,No strong rule triggered — flagged by model anomaly score only,Unclassified
TXN107828,PSG102789,Ravindu Dissanayake,2024-04-08,Colombo Fort - Trincomalee,Full Fare,180,0,,18.8,Low,No strong rule triggered — flagged by model anomaly score only,Unclassified
TXN107827,PSG100844,Gayan Fernando,2024-04-08,Colombo Fort - Negombo (Coastal Line local),Student Concession,72,0,,13.0,Low,No strong rule triggered — flagged by model anomaly score only,Unclassified
TXN107826,PSG100448,Nadeesha Fernando,2024-04-08,Colombo Fort - Badulla,Full Fare,180,0,,6.2,Low,No strong rule triggered — flagged by model anomaly score only,Unclassified
TXN107832,PSG101475,Nimal Karunaratne,2024-04-09,Maradana - Puttalam,Season Ticket,90,1,Ticket Reuse,80.2,High,Ticket scanned multiple times (possible reuse); Passenger has multiple prior fraud incidents,Ticket Reuse
TXN107837,PSG100596,Chamara Herath,2024-04-09,Colombo Fort - Jaffna,Full Fare,420,0,,38.1,Low,No strong rule triggered — flagged by model anomaly score only,Unclassified
TXN107830,PSG102175,Dilani Senanayake,2024-04-09,Colombo Fort - Anuradhapura,Full Fare,180,0,,17.2,Low,No strong rule triggered — flagged by model anomaly score only,Unclassified
TXN107836,PSG100837,Hansika Rajapaksha,2024-04-09,Colombo Fort - Negombo (Coastal Line local),Full Fare,180,0,,11.8,Low,No strong rule triggered — flagged by model anomaly score only,Unclassified
TXN107838,PSG102380,Chaminda de Zoysa,2024-04-09,Colombo Fort - Matara,Student Concession,72,0,,14.1,Low,No strong rule triggered — flagged by model anomaly score only,Unclassified
TXN107840,PSG100821,Ravindu Senanayake,2024-04-09,Colombo Fort - Batticaloa,Season Ticket,90,0,,15.0,Low,No strong rule triggered — flagged by model anomaly score only,Unclassified
TXN107831,PSG103147,Sunil Herath,2024-04-09,Colombo Fort - Negombo (Coastal Line local),Full Fare,420,0,,14.3,Low,No strong rule triggered — flagged by model anomaly score only,Unclassified
TXN107841,PSG101980,Gayan Wijesekara,2024-04-09,Colombo Fort - Batticaloa,Full Fare,180,0,,19.6,Low,No strong rule triggered — flagged by model anomaly score only,Unclassified
TXN107833,PSG101112,Nuwan Amarasinghe,2024-04-09,Colombo Fort - Kurunegala,Full Fare,420,0,,13.9,Low,No strong rule triggered — flagged by model anomaly score only,Unclassified
TXN107829,PSG100806,Anushka Ekanayake,2024-04-09,Colombo Fort - Galle,Full Fare,180,0,,7.1,Low,No strong rule triggered — flagged by model anomaly score only,Unclassified
TXN107839,PSG102806,Chathurika Wickramasinghe,2024-04-09,Colombo Fort - Ratnapura Line,Full Fare,180,0,,9.5,Low,No strong rule triggered — flagged by model anomaly score only,Unclassified
TXN107834,PSG101668,Nadeesha Fernando,2024-04-09,Colombo Fort - Trincomalee,Student Concession,72,0,,16.6,Low,No strong rule triggered — flagged by model anomaly score only,Unclassified
TXN107835,PSG100459,Ashan Amarasinghe,2024-04-09,Colombo Fort - Anuradhapura,Season Ticket,210,0,,28.4,Low,No strong rule triggered — flagged by model anomaly score only,Unclassified
TXN107844,PSG100045,Ravindu de Zoysa,2024-04-10,Colombo Fort - Matara,Full Fare,420,0,,28.1,Low,No strong rule triggered — flagged by model anomaly score only,Unclassified
TXN107848,PSG100397,Nuwan Gunawardena,2024-04-10,Colombo Fort - Badulla,Full Fare,420,0,,11.1,Low,No strong rule triggered — flagged by model anomaly score only,Unclassified
TXN107846,PSG101866,Nuwan Abeywardena,2024-04-10,Colombo Fort - Batticaloa,Full Fare,180,0,,10.1,Low,No strong rule triggered — flagged by model anomaly score only,Unclassified
TXN107847,PSG103180,Dilani Abeywardena,2024-04-10,Colombo Fort - Galle,Senior Citizen Concession,90,0,,28.9,Low,No strong rule triggered — flagged by model anomaly score only,Unclassified
TXN107845,PSG102872,Nimal Perera,2024-04-10,Colombo Fort - Kandy,Full Fare,180,0,,16.8,Low,No strong rule triggered — flagged by model anomaly score only,Unclassified
TXN107843,PSG101079,Piyumi Wickramasinghe,2024-04-10,Colombo Fort - Ratnapura Line,Full Fare,180,0,,11.7,Low,No strong rule triggered — flagged by model anomaly score only,Unclassified
TXN107842,PSG102190,Gayan Silva,2024-04-10,Colombo Fort - Kandy,Student Concession,72,0,,19.2,Low,No strong rule triggered — flagged by model anomaly score only,Unclassified
TXN107854,PSG102937,Hansika Fernando,2024-04-11,Colombo Fort - Anuradhapura,Full Fare,180,0,,22.9,Low,No strong rule triggered — flagged by model anomaly score only,Unclassified
TXN107853,PSG100657,Roshan Gunawardena,2024-04-11,Colombo Fort - Galle,Full Fare,180,0,,8.3,Low,No strong rule triggered — flagged by model anomaly score only,Unclassified
TXN107852,PSG101402,Chamara Rajapaksha,2024-04-11,Colombo Fort - Kandy,Disability Concession,54,0,,64.5,Medium,Passenger has multiple prior fraud incidents,Unclassified
TXN107851,PSG102403,Ishara Wijesekara,2024-04-11,Colombo Fort - Kandy,Senior Citizen Concession,90,0,,29.6,Low,No strong rule triggered — flagged by model anomaly score only,Unclassified
TXN107849,PSG101752,Nimal Wijesekara,2024-04-11,Colombo Fort - Kurunegala,Senior Citizen Concession,90,0,,16.4,Low,No strong rule triggered — flagged by model anomaly score only,Unclassified
TXN107850,PSG100196,Tharindu Senanayake,2024-04-11,Colombo Fort - Kurunegala,Student Concession,126,1,Abnormal Concession Usage,80.8,High,Fare paid does not match official concession rate,Abnormal Concession Usage
TXN107860,PSG102928,Ishara Dissanayake,2024-04-12,Kandy - Badulla (Upcountry local),Season Ticket,90,0,,41.2,Medium,No strong rule triggered — flagged by model anomaly score only,Unclassified
TXN107861,PSG100963,Kasun Silva,2024-04-12,Maradana - Puttalam,Full Fare,180,0,,31.4,Low,No strong rule triggered — flagged by model anomaly score only,Unclassified
TXN107856,PSG101893,Chamara Perera,2024-04-12,Maradana - Puttalam,Full Fare,420,0,,24.5,Low,No strong rule triggered — flagged by model anomaly score only,Unclassified
TXN107855,PSG101561,Ishara Amarasinghe,2024-04-12,Maradana - Puttalam,Full Fare,180,0,,9.2,Low,No strong rule triggered — flagged by model anomaly score only,Unclassified
TXN107858,PSG100021,Hansika Dissanayake,2024-04-12,Colombo Fort - Anuradhapura,Student Concession,54,1,Abnormal Concession Usage,73.8,High,Fare paid does not match official concession rate,Abnormal Concession Usage
TXN107857,PSG101930,Kavindi Amarasinghe,2024-04-12,Colombo Fort - Galle,Student Concession,72,0,,13.4,Low,No strong rule triggered — flagged by model anomaly score only,Unclassified
TXN107859,PSG101607,Kavindi Gunawardena,2024-04-12,Colombo Fort - Kandy,Student Concession,72,0,,16.4,Low,No strong rule triggered — flagged by model anomaly score only,Unclassified
TXN107870,PSG102732,Chamara Senanayake,2024-04-13,Maradana - Puttalam,Full Fare,180,0,,24.2,Low,No strong rule triggered — flagged by model anomaly score only,Unclassified
TXN107864,PSG102241,Sanduni Fernando,2024-04-13,Kandy - Badulla (Upcountry local),Full Fare,180,0,,19.0,Low,No strong rule triggered — flagged by model anomaly score only,Unclassified
TXN107867,PSG101543,Chamara Jayawardena,2024-04-13,Colombo Fort - Vavuniya,Student Concession,168,0,,24.8,Low,No strong rule triggered — flagged by model anomaly score only,Unclassified
TXN107866,PSG100972,Tharindu Silva,2024-04-13,Colombo Fort - Anuradhapura,Full Fare,950,0,,30.4,Low,No strong rule triggered — flagged by model anomaly score only,Unclassified
TXN107865,PSG101545,Kasun Dissanayake,2024-04-13,Colombo Fort - Anuradhapura,Senior Citizen Concession,90,0,,21.1,Low,No strong rule triggered — flagged by model anomaly score only,Unclassified
TXN107868,PSG101756,Saman Silva,2024-04-13,Colombo Fort - Badulla,Student Concession,72,0,,19.1,Low,No strong rule triggered — flagged by model anomaly score only,Unclassified
TXN107863,PSG102906,Dinesh Rajapaksha,2024-04-13,Maradana - Puttalam,Student Concession,72,0,,18.3,Low,No strong rule triggered — flagged by model anomaly score only,Unclassified
TXN107869,PSG101650,Chathurika Gunawardena,2024-04-13,Colombo Fort - Galle,Full Fare,180,0,,16.2,Low,No strong rule triggered — flagged by model anomaly score only,Unclassified
TXN107871,PSG100504,Sachini Karunaratne,2024-04-13,Colombo Fort - Trincomalee,Student Concession,72,0,,43.3,Medium,No strong rule triggered — flagged by model anomaly score only,Unclassified
TXN107862,PSG101619,Yasas Perera,2024-04-13,Colombo Fort - Badulla,Government Employee Concession,570,0,,47.7,Medium,No strong rule triggered — flagged by model anomaly score only,Unclassified
TXN107879,PSG102895,Hansika Fernando,2024-04-14,Colombo Fort - Matara,Full Fare,420,0,,14.1,Low,No strong rule triggered — flagged by model anomaly score only,Unclassified
TXN107876,PSG103156,Kamal Fernando,2024-04-14,Colombo Fort - Kandy,Full Fare,180,0,,12.8,Low,No strong rule triggered — flagged by model anomaly score only,Unclassified
TXN107874,PSG100755,Kasun Bandara,2024-04-14,Colombo Fort - Kurunegala,Student Concession,168,0,,43.8,Medium,No strong rule triggered — flagged by model anomaly score only,Unclassified
TXN107877,PSG101809,Ravindu Fernando,2024-04-14,Kandy - Badulla (Upcountry local),Student Concession,72,0,,16.4,Low,No strong rule triggered — flagged by model anomaly score only,Unclassified
TXN107872,PSG100309,Kamal Silva,2024-04-14,Colombo Fort - Galle,Full Fare,420,0,,22.1,Low,No strong rule triggered — flagged by model anomaly score only,Unclassified
TXN107875,PSG100635,Tharindu Silva,2024-04-14,Colombo Fort - Ratnapura Line,Full Fare,180,0,,25.0,Low,No strong rule triggered — flagged by model anomaly score only,Unclassified
TXN107878,PSG101830,Kavindi Weerasinghe,2024-04-14,Colombo Fort - Vavuniya,Full Fare,420,0,,18.8,Low,No strong rule triggered — flagged by model anomaly score only,Unclassified
TXN107873,PSG101031,Ruwan Herath,2024-04-14,Kandy - Badulla (Upcountry local),Season Ticket,90,0,,28.6,Low,No strong rule triggered — flagged by model anomaly score only,Unclassified
TXN107885,PSG102552,Saman Amarasinghe,2024-04-15,Colombo Fort - Vavuniya,Disability Concession,54,0,,28.8,Low,No strong rule triggered — flagged by model anomaly score only,Unclassified
TXN107881,PSG101751,Lasith Bandara,2024-04-15,Colombo Fort - Ratnapura Line,Full Fare,180,0,,47.9,Medium,Passenger has multiple prior fraud incidents,Unclassified
TXN107882,PSG100909,Ruwan Gunawardena,2024-04-15,Maradana - Puttalam,Full Fare,180,1,Ticket Reuse,49.8,Medium,Ticket scanned multiple times (possible reuse),Ticket Reuse
TXN107883,PSG100162,Chaminda Bandara,2024-04-15,Colombo Fort - Matara,Full Fare,180,0,,4.4,Low,No strong rule triggered — flagged by model anomaly score only,Unclassified
TXN107884,PSG101578,Malsha Rajapaksha,2024-04-15,Colombo Fort - Ratnapura Line,Full Fare,180,0,,26.7,Low,No strong rule triggered — flagged by model anomaly score only,Unclassified
TXN107880,PSG100136,Ruwan Rajapaksha,2024-04-15,Colombo Fort - Anuradhapura,Full Fare,420,0,,15.5,Low,No strong rule triggered — flagged by model anomaly score only,Unclassified
TXN107888,PSG102979,Dilani Wijesekara,2024-04-16,Colombo Fort - Anuradhapura,Government Employee Concession,252,0,,33.5,Low,No strong rule triggered — flagged by model anomaly score only,Unclassified
TXN107889,PSG100877,Dilani Wickramasinghe,2024-04-16,Colombo Fort - Vavuniya,Student Concession,72,0,,15.5,Low,No strong rule triggered — flagged by model anomaly score only,Unclassified
TXN107886,PSG102974,Gayan Karunaratne,2024-04-16,Colombo Fort - Negombo (Coastal Line local),Full Fare,180,0,,30.0,Low,Passenger has multiple prior fraud incidents,Unclassified
TXN107887,PSG100884,Sunil Jayawardena,2024-04-16,Kandy - Badulla (Upcountry local),Disability Concession,54,0,,40.8,Medium,No strong rule triggered — flagged by model anomaly score only,Unclassified
TXN107890,PSG101003,Ravindu Jayawardena,2024-04-16,Kandy - Badulla (Upcountry local),Government Employee Concession,570,0,,29.5,Low,No strong rule triggered — flagged by model anomaly score only,Unclassified
TXN107896,PSG101375,Ashan Fernando,2024-04-17,Colombo Fort - Kurunegala,Full Fare,180,0,,20.1,Low,No strong rule triggered — flagged by model anomaly score only,Unclassified
TXN107891,PSG101423,Sanduni Dissanayake,2024-04-17,Colombo Fort - Vavuniya,Full Fare,180,1,Ticket Reuse,48.6,Medium,Ticket scanned multiple times (possible reuse),Ticket Reuse
TXN107895,PSG100550,Ishara Weerasinghe,2024-04-17,Colombo Fort - Kandy,Full Fare,180,0,,15.7,Low,No strong rule triggered — flagged by model anomaly score only,Unclassified
TXN107902,PSG101965,Hansika Fernando,2024-04-17,Colombo Fort - Jaffna,Season Ticket,90,0,,20.8,Low,No strong rule triggered — flagged by model anomaly score only,Unclassified
TXN107899,PSG100059,Ashan Silva,2024-04-17,Colombo Fort - Ratnapura Line,Full Fare,180,0,,10.6,Low,No strong rule triggered — flagged by model anomaly score only,Unclassified
TXN107901,PSG102393,Kavindi Perera,2024-04-17,Colombo Fort - Anuradhapura,Full Fare,180,0,,14.0,Low,No strong rule triggered — flagged by model anomaly score only,Unclassified
TXN107898,PSG102033,Sanduni Rathnayake,2024-04-17,Colombo Fort - Negombo (Coastal Line local),Full Fare,180,0,,8.3,Low,No strong rule triggered — flagged by model anomaly score only,Unclassified
TXN107892,PSG103026,Tharindu Gunawardena,2024-04-17,Colombo Fort - Anuradhapura,Season Ticket,90,0,,29.2,Low,No strong rule triggered — flagged by model anomaly score only,Unclassified
TXN107897,PSG100118,Chathurika Rathnayake,2024-04-17,Maradana - Puttalam,Full Fare,180,1,Ticket Reuse,71.5,High,Ticket scanned multiple times (possible reuse),Ticket Reuse
TXN107900,PSG101017,Chaminda de Zoysa,2024-04-17,Colombo Fort - Negombo (Coastal Line local),Season Ticket,210,0,,21.2,Low,No strong rule triggered — flagged by model anomaly score only,Unclassified
TXN107894,PSG102994,Yasas Senanayake,2024-04-17,Colombo Fort - Vavuniya,Student Concession,72,0,,13.6,Low,No strong rule triggered — flagged by model anomaly score only,Unclassified
TXN107893,PSG101493,Sachini Kumara,2024-04-17,Kandy - Badulla (Upcountry local),Full Fare,420,0,,30.2,Low,No strong rule triggered — flagged by model anomaly score only,Unclassified
TXN107911,PSG100534,Kasun Perera,2024-04-18,Colombo Fort - Batticaloa,Full Fare,420,0,,24.4,Low,No strong rule triggered — flagged by model anomaly score only,Unclassified
TXN107905,PSG101391,Sachini de Zoysa,2024-04-18,Kandy - Badulla (Upcountry local),Student Concession,380,0,,29.0,Low,No strong rule triggered — flagged by model anomaly score only,Unclassified
TXN107907,PSG100367,Priyantha Ekanayake,2024-04-18,Kandy - Badulla (Upcountry local),Student Concession,72,0,,16.7,Low,No strong rule triggered — flagged by model anomaly score only,Unclassified
TXN107909,PSG101310,Sanduni Dissanayake,2024-04-18,Colombo Fort - Jaffna,Full Fare,180,0,,13.8,Low,No strong rule triggered — flagged by model anomaly score only,Unclassified
TXN107912,PSG102560,Piyumi Amarasinghe,2024-04-18,Maradana - Puttalam,Full Fare,950,0,,23.0,Low,No strong rule triggered — flagged by model anomaly score only,Unclassified
TXN107910,PSG100283,Priyantha Bandara,2024-04-18,Colombo Fort - Negombo (Coastal Line local),Student Concession,380,0,,33.6,Low,No strong rule triggered — flagged by model anomaly score only,Unclassified
TXN107903,PSG100267,Sithumini Jayawardena,2024-04-18,Colombo Fort - Jaffna,Student Concession,380,0,,34.7,Low,No strong rule triggered — flagged by model anomaly score only,Unclassified
TXN107908,PSG101300,Sanduni Bandara,2024-04-18,Maradana - Puttalam,Full Fare,180,0,,10.1,Low,No strong rule triggered — flagged by model anomaly score only,Unclassified
TXN107904,PSG100797,Hansika Jayawardena,2024-04-18,Colombo Fort - Badulla,Full Fare,420,0,,13.1,Low,No strong rule triggered — flagged by model anomaly score only,Unclassified
TXN107906,PSG102964,Saman Gunawardena,2024-04-18,Colombo Fort - Kandy,Student Concession,72,0,,32.7,Low,No strong rule triggered — flagged by model anomaly score only,Unclassified
TXN107914,PSG100203,Ravindu Silva,2024-04-19,Colombo Fort - Badulla,Full Fare,180,0,,7.0,Low,No strong rule triggered — flagged by model anomaly score only,Unclassified
TXN107913,PSG100104,Ashan Kumara,2024-04-19,Maradana - Puttalam,Full Fare,420,0,,21.0,Low,No strong rule triggered — flagged by model anomaly score only,Unclassified
TXN107915,PSG101337,Roshan Senanayake,2024-04-20,Colombo Fort - Kurunegala,Full Fare,180,0,,10.2,Low,No strong rule triggered — flagged by model anomaly score only,Unclassified
TXN107916,PSG100370,Piyumi Kumara,2024-04-20,Kandy - Badulla (Upcountry local),Full Fare,180,0,,40.3,Medium,No strong rule triggered — flagged by model anomaly score only,Unclassified
TXN107920,PSG101055,Dinesh Ekanayake,2024-04-20,Colombo Fort - Negombo (Coastal Line local),Government Employee Concession,108,0,,25.6,Low,No strong rule triggered — flagged by model anomaly score only,Unclassified
TXN107918,PSG101010,Lasith Ekanayake,2024-04-20,Kandy - Badulla (Upcountry local),Full Fare,180,0,,8.9,Low,No strong rule triggered — flagged by model anomaly score only,Unclassified
TXN107917,PSG102199,Sunil Ekanayake,2024-04-20,Colombo Fort - Badulla,Full Fare,420,0,,16.2,Low,No strong rule triggered — flagged by model anomaly score only,Unclassified
TXN107922,PSG100530,Malsha Ekanayake,2024-04-20,Kandy - Badulla (Upcountry local),Season Ticket,90,0,,15.7,Low,No strong rule triggered — flagged by model anomaly score only,Unclassified
TXN107921,PSG100021,Hansika Dissanayake,2024-04-20,Colombo Fort - Matara,Student Concession,168,0,,40.7,Medium,Passenger has multiple prior fraud incidents,Unclassified
TXN107919,PSG101723,Lasith Senanayake,2024-04-20,Colombo Fort - Kandy,Government Employee Concession,108,0,,35.4,Low,No strong rule triggered — flagged by model anomaly score only,Unclassified
TXN107925,PSG103167,Kamal Jayawardena,2024-04-21,Colombo Fort - Trincomalee,Senior Citizen Concession,90,0,,37.0,Low,No strong rule triggered — flagged by model anomaly score only,Unclassified
TXN107924,PSG100310,Ravindu Weerasinghe,2024-04-21,Colombo Fort - Batticaloa,Senior Citizen Concession,90,0,,21.8,Low,No strong rule triggered — flagged by model anomaly score only,Unclassified
TXN107923,PSG101755,Chaminda Senanayake,2024-04-21,Colombo Fort - Galle,Student Concession,72,0,,23.7,Low,No strong rule triggered — flagged by model anomaly score only,Unclassified
TXN107927,PSG101786,Anushka Wickramasinghe,2024-04-22,Colombo Fort - Vavuniya,Full Fare,180,1,Ticket Reuse,78.0,High,Ticket scanned multiple times (possible reuse); Passenger has multiple prior fraud incidents,Ticket Reuse
TXN107930,PSG101468,Malsha Herath,2024-04-22,Colombo Fort - Matara,Government Employee Concession,108,0,,14.9,Low,No strong rule triggered — flagged by model anomaly score only,Unclassified
TXN107926,PSG100594,Kavindi Perera,2024-04-22,Colombo Fort - Ratnapura Line,Senior Citizen Concession,90,0,,16.8,Low,No strong rule triggered — flagged by model anomaly score only,Unclassified
TXN107929,PSG100919,Priyantha Senanayake,2024-04-22,Colombo Fort - Ratnapura Line,Season Ticket,90,0,,16.2,Low,No strong rule triggered — flagged by model anomaly score only,Unclassified
TXN107932,PSG102175,Dilani Senanayake,2024-04-22,Colombo Fort - Kandy,Student Concession,72,0,,29.5,Low,No strong rule triggered — flagged by model anomaly score only,Unclassified
TXN107931,PSG100605,Dilani Kumara,2024-04-22,Colombo Fort - Kurunegala,Student Concession,72,0,,19.1,Low,No strong rule triggered — flagged by model anomaly score only,Unclassified
TXN107928,PSG102096,Sachini Perera,2024-04-22,Kandy - Badulla (Upcountry local),Student Concession,168,0,,34.1,Low,No strong rule triggered — flagged by model anomaly score only,Unclassified
TXN107943,PSG100884,Sunil Jayawardena,2024-04-23,Colombo Fort - Vavuniya,Government Employee Concession,99,1,Abnormal Concession Usage,58.5,Medium,Fare paid does not match official concession rate,Abnormal Concession Usage
TXN107942,PSG100285,Gayan Rathnayake,2024-04-23,Colombo Fort - Kurunegala,Senior Citizen Concession,210,1,Ticket Reuse,63.2,Medium,Ticket scanned multiple times (possible reuse),Ticket Reuse
TXN107935,PSG101210,Ashan Kumara,2024-04-23,Kandy - Badulla (Upcountry local),Full Fare,180,0,,5.9,Low,No strong rule triggered — flagged by model anomaly score only,Unclassified
TXN107936,PSG100102,Ravindu Gunawardena,2024-04-23,Colombo Fort - Ratnapura Line,Senior Citizen Concession,90,0,,16.9,Low,No strong rule triggered — flagged by model anomaly score only,Unclassified
TXN107938,PSG100484,Roshan Perera,2024-04-23,Colombo Fort - Ratnapura Line,Government Employee Concession,252,0,,22.8,Low,No strong rule triggered — flagged by model anomaly score only,Unclassified
TXN107933,PSG100196,Tharindu Senanayake,2024-04-23,Colombo Fort - Anuradhapura,Student Concession,72,0,,34.5,Low,No strong rule triggered — flagged by model anomaly score only,Unclassified
TXN107939,PSG100410,Nimal Ekanayake,2024-04-23,Kandy - Badulla (Upcountry local),Full Fare,420,0,,10.5,Low,No strong rule triggered — flagged by model anomaly score only,Unclassified
TXN107937,PSG101826,Nuwan Karunaratne,2024-04-23,Colombo Fort - Anuradhapura,Season Ticket,210,0,,20.4,Low,No strong rule triggered — flagged by model anomaly score only,Unclassified
TXN107940,PSG102018,Anushka Amarasinghe,2024-04-23,Maradana - Puttalam,Disability Concession,126,0,,29.5,Low,No strong rule triggered — flagged by model anomaly score only,Unclassified
TXN107934,PSG101884,Piyumi Wickramasinghe,2024-04-23,Colombo Fort - Kandy,Full Fare,180,0,,10.1,Low,No strong rule triggered — flagged by model anomaly score only,Unclassified
TXN107941,PSG101614,Sachini de Zoysa,2024-04-23,Colombo Fort - Batticaloa,Season Ticket,90,0,,23.5,Low,No strong rule triggered — flagged by model anomaly score only,Unclassified
TXN107944,PSG102299,Gayan Herath,2024-04-24,Colombo Fort - Vavuniya,Full Fare,180,0,,14.7,Low,No strong rule triggered — flagged by model anomaly score only,Unclassified
TXN107945,PSG101817,Gayan Weerasinghe,2024-04-24,Kandy - Badulla (Upcountry local),Full Fare,180,0,,37.9,Low,No strong rule triggered — flagged by model anomaly score only,Unclassified
TXN107946,PSG100610,Chathurika Senanayake,2024-04-25,Colombo Fort - Matara,Government Employee Concession,108,0,,43.6,Medium,No strong rule triggered — flagged by model anomaly score only,Unclassified
TXN107948,PSG100954,Kamal Abeywardena,2024-04-25,Colombo Fort - Ratnapura Line,Senior Citizen Concession,90,0,,17.9,Low,No strong rule triggered — flagged by model anomaly score only,Unclassified
TXN107950,PSG101250,Anushka Fernando,2024-04-25,Colombo Fort - Kurunegala,Senior Citizen Concession,90,0,,15.5,Low,No strong rule triggered — flagged by model anomaly score only,Unclassified
TXN107949,PSG102907,Sithumini Fernando,2024-04-25,Colombo Fort - Anuradhapura,Student Concession,72,0,,27.0,Low,No strong rule triggered — flagged by model anomaly score only,Unclassified
TXN107947,PSG101810,Chaminda Bandara,2024-04-25,Maradana - Puttalam,Full Fare,950,1,Suspicious Resale,27.7,Low,No strong rule triggered — flagged by model anomaly score only,Unclassified
TXN107951,PSG102892,Sithumini Amarasinghe,2024-04-25,Colombo Fort - Galle,Full Fare,420,0,,21.4,Low,No strong rule triggered — flagged by model anomaly score only,Unclassified
TXN107957,PSG100832,Nadeesha Dissanayake,2024-04-26,Colombo Fort - Matara,Government Employee Concession,99,1,Abnormal Concession Usage,55.7,Medium,Fare paid does not match official concession rate; Irregular fare during off-peak/night hours,Abnormal Concession Usage
TXN107952,PSG102434,Roshan Ekanayake,2024-04-26,Colombo Fort - Vavuniya,Full Fare,420,0,,26.2,Low,No strong rule triggered — flagged by model anomaly score only,Unclassified
TXN107958,PSG102436,Kamal Senanayake,2024-04-26,Colombo Fort - Kurunegala,Full Fare,420,0,,11.4,Low,No strong rule triggered — flagged by model anomaly score only,Unclassified
TXN107955,PSG102123,Dinesh Jayawardena,2024-04-26,Colombo Fort - Badulla,Season Ticket,90,1,Ticket Reuse,55.1,Medium,Ticket scanned multiple times (possible reuse),Ticket Reuse
TXN107956,PSG102704,Kavindi Herath,2024-04-26,Colombo Fort - Badulla,Government Employee Concession,108,0,,13.6,Low,No strong rule triggered — flagged by model anomaly score only,Unclassified
TXN107953,PSG101053,Sachini Silva,2024-04-26,Colombo Fort - Negombo (Coastal Line local),Full Fare,180,0,,5.1,Low,No strong rule triggered — flagged by model anomaly score only,Unclassified
TXN107959,PSG101383,Tharindu Rajapaksha,2024-04-26,Colombo Fort - Ratnapura Line,Student Concession,72,0,,25.3,Low,No strong rule triggered — flagged by model anomaly score only,Unclassified
TXN107954,PSG101395,Gayan Jayawardena,2024-04-26,Maradana - Puttalam,Senior Citizen Concession,90,0,,39.5,Low,No strong rule triggered — flagged by model anomaly score only,Unclassified
TXN107964,PSG102400,Dilani Senanayake,2024-04-27,Colombo Fort - Badulla,Student Concession,380,0,,30.7,Low,No strong rule triggered — flagged by model anomaly score only,Unclassified
TXN107963,PSG102052,Sunil Weerasinghe,2024-04-27,Colombo Fort - Galle,Full Fare,180,0,,9.9,Low,No strong rule triggered — flagged by model anomaly score only,Unclassified
TXN107961,PSG102505,Sanduni Fernando,2024-04-27,Colombo Fort - Galle,Full Fare,180,0,,8.8,Low,No strong rule triggered — flagged by model anomaly score only,Unclassified
TXN107960,PSG101155,Dinesh Fernando,2024-04-27,Colombo Fort - Badulla,Full Fare,180,0,,8.5,Low,No strong rule triggered — flagged by model anomaly score only,Unclassified
TXN107965,PSG101468,Malsha Herath,2024-04-27,Colombo Fort - Ratnapura Line,Full Fare,180,0,,11.8,Low,No strong rule triggered — flagged by model anomaly score only,Unclassified
TXN107962,PSG101288,Dinesh Weerasinghe,2024-04-27,Colombo Fort - Jaffna,Student Concession,72,0,,34.9,Low,No strong rule triggered — flagged by model anomaly score only,Unclassified
TXN107967,PSG100898,Chaminda Jayawardena,2024-04-28,Colombo Fort - Kurunegala,Senior Citizen Concession,90,0,,37.8,Low,No strong rule triggered — flagged by model anomaly score only,Unclassified
TXN107968,PSG102674,Lasith Senanayake,2024-04-28,Colombo Fort - Ratnapura Line,Full Fare,420,0,,20.3,Low,No strong rule triggered — flagged by model anomaly score only,Unclassified
TXN107969,PSG102437,Chamara Ekanayake,2024-04-28,Colombo Fort - Badulla,Full Fare,180,0,,10.5,Low,No strong rule triggered — flagged by model anomaly score only,Unclassified
TXN107966,PSG100985,Piyumi Abeywardena,2024-04-28,Colombo Fort - Badulla,Season Ticket,90,0,,30.5,Low,No strong rule triggered — flagged by model anomaly score only,Unclassified
TXN107970,PSG102945,Sachini Rathnayake,2024-04-29,Maradana - Puttalam,Full Fare,180,0,,30.4,Low,Passenger has multiple prior fraud incidents,Unclassified
TXN107972,PSG101415,Roshan Kumara,2024-04-29,Colombo Fort - Batticaloa,Full Fare,180,0,,10.2,Low,No strong rule triggered — flagged by model anomaly score only,Unclassified
TXN107973,PSG100985,Piyumi Abeywardena,2024-04-29,Colombo Fort - Kurunegala,Student Concession,72,0,,22.8,Low,No strong rule triggered — flagged by model anomaly score only,Unclassified
TXN107974,PSG101652,Saman Gunawardena,2024-04-29,Colombo Fort - Kurunegala,Full Fare,180,0,,5.6,Low,No strong rule triggered — flagged by model anomaly score only,Unclassified
TXN107971,PSG101953,Hansika Rajapaksha,2024-04-29,Colombo Fort - Matara,Season Ticket,210,0,,44.6,Medium,Passenger has multiple prior fraud incidents,Unclassified
TXN107978,PSG100267,Sithumini Jayawardena,2024-04-30,Colombo Fort - Vavuniya,Season Ticket,210,0,,38.6,Low,No strong rule triggered — flagged by model anomaly score only,Unclassified
TXN107976,PSG102972,Ashan Silva,2024-04-30,Colombo Fort - Negombo (Coastal Line local),Government Employee Concession,108,0,,18.1,Low,No strong rule triggered — flagged by model anomaly score only,Unclassified
TXN107975,PSG101834,Nuwan Bandara,2024-04-30,Colombo Fort - Badulla,Full Fare,420,0,,50.7,Medium,Passenger has multiple prior fraud incidents,Unclassified
TXN107977,PSG101893,Chamara Perera,2024-04-30,Colombo Fort - Kurunegala,Government Employee Concession,108,0,,28.7,Low,No strong rule triggered — flagged by model anomaly score only,Unclassified
TXN107980,PSG100639,Nimal Wijesekara,2024-04-30,Colombo Fort - Batticaloa,Full Fare,950,0,,42.1,Medium,No strong rule triggered — flagged by model anomaly score only,Unclassified
TXN107979,PSG100012,Malsha Amarasinghe,2024-04-30,Colombo Fort - Matara,Full Fare,950,0,,22.2,Low,No strong rule triggered — flagged by model anomaly score only,Unclassified
TXN107982,PSG102761,Sachini Abeywardena,2024-05-01,Colombo Fort - Kurunegala,Senior Citizen Concession,90,0,,35.6,Low,No strong rule triggered — flagged by model anomaly score only,Unclassified
TXN107985,PSG100657,Roshan Gunawardena,2024-05-01,Colombo Fort - Anuradhapura,Student Concession,168,0,,25.9,Low,No strong rule triggered — flagged by model anomaly score only,Unclassified
TXN107984,PSG102845,Tharindu Senanayake,2024-05-01,Colombo Fort - Kurunegala,Full Fare,180,0,,8.3,Low,No strong rule triggered — flagged by model anomaly score only,Unclassified
TXN107981,PSG101666,Ashan de Zoysa,2024-05-01,Colombo Fort - Batticaloa,Government Employee Concession,108,0,,20.1,Low,No strong rule triggered — flagged by model anomaly score only,Unclassified
TXN107983,PSG101581,Ruwan Wickramasinghe,2024-05-01,Maradana - Puttalam,Full Fare,420,0,,29.8,Low,No strong rule triggered — flagged by model anomaly score only,Unclassified
TXN107993,PSG100497,Nadeesha Amarasinghe,2024-05-02,Colombo Fort - Galle,Full Fare,180,1,Ticket Reuse,92.8,High,Ticket scanned multiple times (possible reuse); Passenger has multiple prior fraud incidents,Ticket Reuse
TXN107991,PSG102348,Sunil Fernando,2024-05-02,Colombo Fort - Ratnapura Line,Government Employee Concession,570,0,,50.3,Medium,Passenger has multiple prior fraud incidents,Unclassified
TXN107988,PSG102493,Gayan Abeywardena,2024-05-02,Colombo Fort - Jaffna,Season Ticket,90,0,,17.1,Low,No strong rule triggered — flagged by model anomaly score only,Unclassified
TXN107995,PSG100115,Ravindu Wijesekara,2024-05-02,Maradana - Puttalam,Season Ticket,90,0,,13.3,Low,No strong rule triggered — flagged by model anomaly score only,Unclassified
TXN107986,PSG100891,Nimal Rajapaksha,2024-05-02,Colombo Fort - Kandy,Government Employee Concession,108,0,,21.7,Low,No strong rule triggered — flagged by model anomaly score only,Unclassified
TXN107994,PSG100415,Ashan Bandara,2024-05-02,Kandy - Badulla (Upcountry local),Season Ticket,90,0,,37.3,Low,Passenger has multiple prior fraud incidents,Unclassified
TXN107987,PSG102240,Ishara Gunawardena,2024-05-02,Colombo Fort - Vavuniya,Full Fare,180,0,,25.8,Low,No strong rule triggered — flagged by model anomaly score only,Unclassified
TXN107997,PSG101372,Chamara Rathnayake,2024-05-02,Colombo Fort - Ratnapura Line,Season Ticket,90,0,,19.5,Low,No strong rule triggered — flagged by model anomaly score only,Unclassified
TXN107992,PSG101139,Tharindu Ekanayake,2024-05-02,Colombo Fort - Kurunegala,Senior Citizen Concession,90,0,,14.9,Low,No strong rule triggered — flagged by model anomaly score only,Unclassified
TXN107998,PSG102222,Sachini Rathnayake,2024-05-02,Colombo Fort - Kurunegala,Season Ticket,90,0,,23.3,Low,No strong rule triggered — flagged by model anomaly score only,Unclassified
TXN107989,PSG103097,Lasith Dissanayake,2024-05-02,Colombo Fort - Matara,Student Concession,72,1,Suspicious Resale,20.6,Low,No strong rule triggered — flagged by model anomaly score only,Unclassified
TXN107996,PSG102847,Sithumini Fernando,2024-05-02,Maradana - Puttalam,Season Ticket,90,0,,21.0,Low,No strong rule triggered — flagged by model anomaly score only,Unclassified
TXN107990,PSG102044,Chaminda Rajapaksha,2024-05-02,Kandy - Badulla (Upcountry local),Student Concession,72,0,,31.8,Low,No strong rule triggered — flagged by model anomaly score only,Unclassified
TXN108007,PSG102157,Sachini Gunawardena,2024-05-03,Colombo Fort - Negombo (Coastal Line local),Government Employee Concession,99,1,Abnormal Concession Usage,58.2,Medium,Fare paid does not match official concession rate; Irregular fare during off-peak/night hours,Abnormal Concession Usage
TXN108008,PSG100008,Nadeesha Silva,2024-05-03,Colombo Fort - Matara,Full Fare,180,0,,22.9,Low,No strong rule triggered — flagged by model anomaly score only,Unclassified
TXN107999,PSG102213,Ashan Weerasinghe,2024-05-03,Colombo Fort - Kurunegala,Full Fare,180,0,,8.7,Low,No strong rule triggered — flagged by model anomaly score only,Unclassified
TXN108010,PSG103138,Sunil Kumara,2024-05-03,Colombo Fort - Matara,Senior Citizen Concession,90,0,,22.0,Low,No strong rule triggered — flagged by model anomaly score only,Unclassified
TXN108006,PSG100963,Kasun Silva,2024-05-03,Colombo Fort - Galle,Senior Citizen Concession,210,0,,36.0,Low,No strong rule triggered — flagged by model anomaly score only,Unclassified
TXN108000,PSG100007,Hansika Kumara,2024-05-03,Colombo Fort - Matara,Government Employee Concession,252,0,,56.6,Medium,Passenger has multiple prior fraud incidents,Unclassified
TXN108009,PSG101984,Sithumini Amarasinghe,2024-05-03,Colombo Fort - Matara,Season Ticket,210,0,,26.5,Low,No strong rule triggered — flagged by model anomaly score only,Unclassified
TXN108003,PSG101273,Malsha Senanayake,2024-05-03,Colombo Fort - Anuradhapura,Full Fare,180,0,,13.2,Low,No strong rule triggered — flagged by model anomaly score only,Unclassified
TXN108005,PSG101537,Sithumini Herath,2024-05-03,Colombo Fort - Ratnapura Line,Government Employee Concession,252,0,,30.7,Low,No strong rule triggered — flagged by model anomaly score only,Unclassified
TXN108002,PSG100812,Kavindi Rajapaksha,2024-05-03,Colombo Fort - Anuradhapura,Season Ticket,210,0,,19.9,Low,No strong rule triggered — flagged by model anomaly score only,Unclassified
TXN108004,PSG100282,Yasas Bandara,2024-05-03,Colombo Fort - Galle,Full Fare,180,0,,23.5,Low,No strong rule triggered — flagged by model anomaly score only,Unclassified
TXN108001,PSG101634,Ruwan Rajapaksha,2024-05-03,Kandy - Badulla (Upcountry local),Season Ticket,90,0,,12.7,Low,No strong rule triggered — flagged by model anomaly score only,Unclassified
TXN108016,PSG101069,Kavindi Rathnayake,2024-05-04,Colombo Fort - Ratnapura Line,Full Fare,420,0,,18.3,Low,No strong rule triggered — flagged by model anomaly score only,Unclassified
TXN108012,PSG102954,Malsha Karunaratne,2024-05-04,Colombo Fort - Jaffna,Full Fare,180,0,,28.2,Low,No strong rule triggered — flagged by model anomaly score only,Unclassified
TXN108018,PSG101946,Ravindu Bandara,2024-05-04,Colombo Fort - Vavuniya,Student Concession,54,1,Abnormal Concession Usage,82.3,High,Fare paid does not match official concession rate; Passenger has multiple prior fraud incidents,Abnormal Concession Usage
TXN108015,PSG102308,Dinesh Senanayake,2024-05-04,Kandy - Badulla (Upcountry local),Student Concession,168,0,,24.6,Low,No strong rule triggered — flagged by model anomaly score only,Unclassified
TXN108013,PSG102494,Roshan Wijesekara,2024-05-04,Colombo Fort - Galle,Student Concession,168,0,,25.6,Low,No strong rule triggered — flagged by model anomaly score only,Unclassified
TXN108017,PSG102817,Sachini Senanayake,2024-05-04,Colombo Fort - Vavuniya,Student Concession,72,0,,16.8,Low,No strong rule triggered — flagged by model anomaly score only,Unclassified
TXN108011,PSG103021,Kasun Herath,2024-05-04,Colombo Fort - Vavuniya,Season Ticket,90,0,,21.8,Low,No strong rule triggered — flagged by model anomaly score only,Unclassified
TXN108014,PSG101394,Nimal de Zoysa,2024-05-04,Colombo Fort - Anuradhapura,Full Fare,180,0,,15.5,Low,No strong rule triggered — flagged by model anomaly score only,Unclassified
TXN108019,PSG102391,Kasun Kumara,2024-05-05,Colombo Fort - Matara,Full Fare,180,0,,12.6,Low,No strong rule triggered — flagged by model anomaly score only,Unclassified
TXN108020,PSG102688,Chamara Gunawardena,2024-05-05,Colombo Fort - Vavuniya,Full Fare,180,1,Ticket Reuse,58.7,Medium,Ticket scanned multiple times (possible reuse),Ticket Reuse
TXN108022,PSG103140,Nimal Wickramasinghe,2024-05-06,Colombo Fort - Batticaloa,Government Employee Concession,252,0,,29.5,Low,No strong rule triggered — flagged by model anomaly score only,Unclassified
TXN108021,PSG102933,Hansika Wijesekara,2024-05-06,Kandy - Badulla (Upcountry local),Season Ticket,90,0,,12.8,Low,No strong rule triggered — flagged by model anomaly score only,Unclassified
TXN108023,PSG102731,Hansika Gunawardena,2024-05-06,Maradana - Puttalam,Season Ticket,90,0,,18.0,Low,No strong rule triggered — flagged by model anomaly score only,Unclassified
TXN108026,PSG102795,Sunil Senanayake,2024-05-07,Kandy - Badulla (Upcountry local),Full Fare,180,0,,17.3,Low,No strong rule triggered — flagged by model anomaly score only,Unclassified
TXN108028,PSG100402,Sachini Kumara,2024-05-07,Colombo Fort - Anuradhapura,Full Fare,180,0,,10.8,Low,No strong rule triggered — flagged by model anomaly score only,Unclassified
TXN108027,PSG100802,Saman Wijesekara,2024-05-07,Colombo Fort - Matara,Full Fare,180,0,,8.4,Low,No strong rule triggered — flagged by model anomaly score only,Unclassified
TXN108025,PSG102265,Nimal Silva,2024-05-07,Colombo Fort - Negombo (Coastal Line local),Government Employee Concession,108,0,,13.5,Low,No strong rule triggered — flagged by model anomaly score only,Unclassified
TXN108030,PSG100110,Saman Weerasinghe,2024-05-07,Colombo Fort - Negombo (Coastal Line local),Government Employee Concession,475,1,Abnormal Concession Usage,87.3,High,Fare paid does not match official concession rate,Abnormal Concession Usage
TXN108029,PSG100914,Dilani Rajapaksha,2024-05-07,Colombo Fort - Galle,Full Fare,180,0,,4.4,Low,No strong rule triggered — flagged by model anomaly score only,Unclassified
TXN108024,PSG101322,Ravindu Perera,2024-05-07,Maradana - Puttalam,Government Employee Concession,108,0,,38.6,Low,No strong rule triggered — flagged by model anomaly score only,Unclassified
TXN108031,PSG102222,Sachini Rathnayake,2024-05-08,Colombo Fort - Galle,Government Employee Concession,108,0,,39.8,Low,No strong rule triggered — flagged by model anomaly score only,Unclassified
TXN108036,PSG101013,Dilani Rajapaksha,2024-05-08,Colombo Fort - Jaffna,Student Concession,72,0,,21.5,Low,No strong rule triggered — flagged by model anomaly score only,Unclassified
TXN108037,PSG100149,Dinesh Perera,2024-05-08,Maradana - Puttalam,Government Employee Concession,108,0,,18.9,Low,No strong rule triggered — flagged by model anomaly score only,Unclassified
TXN108034,PSG102926,Ashan Ekanayake,2024-05-08,Colombo Fort - Anuradhapura,Full Fare,180,0,,20.6,Low,Passenger has multiple prior fraud incidents,Unclassified
TXN108032,PSG100220,Chaminda Wickramasinghe,2024-05-08,Colombo Fort - Batticaloa,Full Fare,420,0,,29.7,Low,No strong rule triggered — flagged by model anomaly score only,Unclassified
TXN108033,PSG100501,Kavindi Wijesekara,2024-05-08,Colombo Fort - Ratnapura Line,Full Fare,180,0,,8.7,Low,No strong rule triggered — flagged by model anomaly score only,Unclassified
TXN108035,PSG102896,Tharindu Rajapaksha,2024-05-08,Colombo Fort - Badulla,Full Fare,420,0,,14.2,Low,No strong rule triggered — flagged by model anomaly score only,Unclassified
TXN108038,PSG102926,Ashan Ekanayake,2024-05-09,Colombo Fort - Vavuniya,Full Fare,180,0,,19.9,Low,Passenger has multiple prior fraud incidents,Unclassified
TXN108041,PSG101450,Nadeesha de Zoysa,2024-05-09,Colombo Fort - Trincomalee,Student Concession,168,0,,30.3,Low,No strong rule triggered — flagged by model anomaly score only,Unclassified
TXN108039,PSG100594,Kavindi Perera,2024-05-09,Kandy - Badulla (Upcountry local),Season Ticket,90,0,,10.8,Low,No strong rule triggered — flagged by model anomaly score only,Unclassified
TXN108040,PSG100026,Kasun Weerasinghe,2024-05-09,Colombo Fort - Kandy,Season Ticket,90,0,,15.3,Low,No strong rule triggered — flagged by model anomaly score only,Unclassified
TXN108046,PSG101408,Anushka Wijesekara,2024-05-10,Colombo Fort - Badulla,Season Ticket,90,0,,21.5,Low,No strong rule triggered — flagged by model anomaly score only,Unclassified
TXN108049,PSG100100,Kasun Abeywardena,2024-05-10,Maradana - Puttalam,Full Fare,180,0,,23.1,Low,No strong rule triggered — flagged by model anomaly score only,Unclassified
TXN108045,PSG101418,Gayan Wijesekara,2024-05-10,Colombo Fort - Negombo (Coastal Line local),Full Fare,420,0,,12.1,Low,No strong rule triggered — flagged by model anomaly score only,Unclassified
TXN108050,PSG101365,Gayan Karunaratne,2024-05-10,Colombo Fort - Ratnapura Line,Full Fare,180,0,,27.6,Low,Passenger has multiple prior fraud incidents,Unclassified
TXN108042,PSG102534,Kamal Rajapaksha,2024-05-10,Colombo Fort - Vavuniya,Full Fare,180,0,,18.0,Low,No strong rule triggered — flagged by model anomaly score only,Unclassified
TXN108051,PSG100354,Ishara Weerasinghe,2024-05-10,Colombo Fort - Anuradhapura,Season Ticket,90,0,,14.9,Low,No strong rule triggered — flagged by model anomaly score only,Unclassified
TXN108048,PSG101018,Sithumini Perera,2024-05-10,Colombo Fort - Kandy,Full Fare,180,0,,9.0,Low,No strong rule triggered — flagged by model anomaly score only,Unclassified
TXN108044,PSG102919,Dinesh Herath,2024-05-10,Colombo Fort - Kurunegala,Full Fare,180,0,,5.8,Low,No strong rule triggered — flagged by model anomaly score only,Unclassified
TXN108047,PSG101612,Dilani Kumara,2024-05-10,Colombo Fort - Kandy,Government Employee Concession,108,0,,22.1,Low,No strong rule triggered — flagged by model anomaly score only,Unclassified
TXN108043,PSG101254,Nuwan Silva,2024-05-10,Colombo Fort - Ratnapura Line,Full Fare,420,0,,16.5,Low,No strong rule triggered — flagged by model anomaly score only,Unclassified
TXN108059,PSG101380,Ruwan Rathnayake,2024-05-11,Colombo Fort - Matara,Full Fare,420,0,,28.5,Low,Passenger has multiple prior fraud incidents,Unclassified
TXN108058,PSG100815,Sithumini Wijesekara,2024-05-11,Kandy - Badulla (Upcountry local),Senior Citizen Concession,90,0,,20.1,Low,No strong rule triggered — flagged by model anomaly score only,Unclassified
TXN108057,PSG101818,Kavindi Weerasinghe,2024-05-11,Colombo Fort - Jaffna,Full Fare,180,0,,13.7,Low,No strong rule triggered — flagged by model anomaly score only,Unclassified
TXN108055,PSG102956,Anushka Jayawardena,2024-05-11,Colombo Fort - Batticaloa,Full Fare,420,0,,35.7,Low,No strong rule triggered — flagged by model anomaly score only,Unclassified
TXN108054,PSG100328,Sachini Amarasinghe,2024-05-11,Colombo Fort - Jaffna,Full Fare,420,0,,18.8,Low,No strong rule triggered — flagged by model anomaly score only,Unclassified
TXN108053,PSG101153,Lasith Jayawardena,2024-05-11,Colombo Fort - Negombo (Coastal Line local),Full Fare,180,0,,9.4,Low,No strong rule triggered — flagged by model anomaly score only,Unclassified
TXN108052,PSG101710,Nadeesha Kumara,2024-05-11,Colombo Fort - Galle,Government Employee Concession,108,0,,40.6,Medium,No strong rule triggered — flagged by model anomaly score only,Unclassified
TXN108056,PSG101608,Nimal Rathnayake,2024-05-11,Colombo Fort - Anuradhapura,Season Ticket,90,0,,27.4,Low,No strong rule triggered — flagged by model anomaly score only,Unclassified
TXN108063,PSG100542,Priyantha de Zoysa,2024-05-12,Colombo Fort - Anuradhapura,Full Fare,180,0,,18.5,Low,No strong rule triggered — flagged by model anomaly score only,Unclassified
TXN108062,PSG101054,Dinesh Gunawardena,2024-05-12,Kandy - Badulla (Upcountry local),Full Fare,180,0,,13.6,Low,No strong rule triggered — flagged by model anomaly score only,Unclassified
TXN108060,PSG100292,Nuwan Abeywardena,2024-05-12,Colombo Fort - Kandy,Full Fare,420,0,,30.3,Low,No strong rule triggered — flagged by model anomaly score only,Unclassified
TXN108061,PSG100069,Kasun Rathnayake,2024-05-12,Colombo Fort - Kurunegala,Season Ticket,90,0,,42.9,Medium,No strong rule triggered — flagged by model anomaly score only,Unclassified
TXN108067,PSG100195,Sachini Jayawardena,2024-05-13,Colombo Fort - Trincomalee,Full Fare,180,0,,21.2,Low,No strong rule triggered — flagged by model anomaly score only,Unclassified
TXN108070,PSG102981,Piyumi Gunawardena,2024-05-13,Colombo Fort - Vavuniya,Full Fare,180,0,,13.1,Low,No strong rule triggered — flagged by model anomaly score only,Unclassified
TXN108071,PSG102188,Lasith Gunawardena,2024-05-13,Colombo Fort - Anuradhapura,Full Fare,420,0,,22.1,Low,No strong rule triggered — flagged by model anomaly score only,Unclassified
TXN108072,PSG100904,Sunil Rajapaksha,2024-05-13,Colombo Fort - Batticaloa,Full Fare,180,0,,10.1,Low,No strong rule triggered — flagged by model anomaly score only,Unclassified
TXN108064,PSG101371,Nadeesha Abeywardena,2024-05-13,Maradana - Puttalam,Full Fare,180,0,,7.1,Low,No strong rule triggered — flagged by model anomaly score only,Unclassified
TXN108066,PSG100008,Nadeesha Silva,2024-05-13,Maradana - Puttalam,Full Fare,180,0,,6.4,Low,No strong rule triggered — flagged by model anomaly score only,Unclassified
TXN108065,PSG100106,Malsha Rathnayake,2024-05-13,Colombo Fort - Galle,Season Ticket,90,0,,28.7,Low,Passenger has multiple prior fraud incidents,Unclassified
TXN108068,PSG103121,Roshan Wickramasinghe,2024-05-13,Colombo Fort - Negombo (Coastal Line local),Full Fare,180,0,,13.2,Low,No strong rule triggered — flagged by model anomaly score only,Unclassified
TXN108069,PSG100445,Sunil Herath,2024-05-13,Kandy - Badulla (Upcountry local),Senior Citizen Concession,90,0,,19.4,Low,No strong rule triggered — flagged by model anomaly score only,Unclassified
TXN108076,PSG101742,Nuwan Perera,2024-05-14,Colombo Fort - Badulla,Season Ticket,90,0,,19.3,Low,No strong rule triggered — flagged by model anomaly score only,Unclassified
TXN108078,PSG101799,Dinesh Amarasinghe,2024-05-14,Colombo Fort - Anuradhapura,Season Ticket,90,0,,17.5,Low,No strong rule triggered — flagged by model anomaly score only,Unclassified
TXN108073,PSG103168,Kavindi Fernando,2024-05-14,Colombo Fort - Vavuniya,Senior Citizen Concession,81,1,Abnormal Concession Usage,42.5,Medium,Fare paid does not match official concession rate,Abnormal Concession Usage
TXN108075,PSG101801,Ruwan Amarasinghe,2024-05-14,Colombo Fort - Vavuniya,Senior Citizen Concession,90,0,,14.7,Low,No strong rule triggered — flagged by model anomaly score only,Unclassified
TXN108079,PSG103079,Malsha Gunawardena,2024-05-14,Maradana - Puttalam,Senior Citizen Concession,210,0,,24.2,Low,No strong rule triggered — flagged by model anomaly score only,Unclassified
TXN108077,PSG101880,Chamara Karunaratne,2024-05-14,Colombo Fort - Matara,Full Fare,180,0,,5.1,Low,No strong rule triggered — flagged by model anomaly score only,Unclassified
TXN108074,PSG103057,Chamara Jayawardena,2024-05-14,Colombo Fort - Negombo (Coastal Line local),Full Fare,180,0,,11.8,Low,No strong rule triggered — flagged by model anomaly score only,Unclassified
TXN108080,PSG102700,Sanduni Ekanayake,2024-05-14,Colombo Fort - Batticaloa,Student Concession,126,1,Abnormal Concession Usage,86.3,High,Fare paid does not match official concession rate,Abnormal Concession Usage
TXN108090,PSG100617,Chathurika Wickramasinghe,2024-05-15,Colombo Fort - Anuradhapura,Season Ticket,210,0,,40.8,Medium,No strong rule triggered — flagged by model anomaly score only,Unclassified
TXN108084,PSG103149,Dinesh Jayawardena,2024-05-15,Colombo Fort - Vavuniya,Full Fare,420,0,,13.3,Low,No strong rule triggered — flagged by model anomaly score only,Unclassified
TXN108085,PSG102782,Sunil Amarasinghe,2024-05-15,Colombo Fort - Badulla,Full Fare,180,0,,7.1,Low,No strong rule triggered — flagged by model anomaly score only,Unclassified
TXN108083,PSG100859,Nuwan Karunaratne,2024-05-15,Colombo Fort - Jaffna,Season Ticket,210,0,,49.4,Medium,Passenger has multiple prior fraud incidents,Unclassified
TXN108086,PSG102937,Hansika Fernando,2024-05-15,Colombo Fort - Badulla,Senior Citizen Concession,210,0,,37.0,Low,No strong rule triggered — flagged by model anomaly score only,Unclassified
TXN108081,PSG101859,Anushka Gunawardena,2024-05-15,Kandy - Badulla (Upcountry local),Full Fare,180,0,,24.3,Low,Passenger has multiple prior fraud incidents,Unclassified
TXN108082,PSG102082,Hansika Ekanayake,2024-05-15,Colombo Fort - Trincomalee,Full Fare,180,1,Ticket Reuse,49.9,Medium,Ticket scanned multiple times (possible reuse),Ticket Reuse
TXN108089,PSG103141,Sithumini Jayawardena,2024-05-15,Maradana - Puttalam,Full Fare,180,0,,7.6,Low,No strong rule triggered — flagged by model anomaly score only,Unclassified
TXN108087,PSG101168,Ravindu de Zoysa,2024-05-15,Colombo Fort - Badulla,Government Employee Concession,570,0,,30.8,Low,No strong rule triggered — flagged by model anomaly score only,Unclassified
TXN108088,PSG101336,Sanduni Jayawardena,2024-05-15,Colombo Fort - Anuradhapura,Student Concession,126,1,Abnormal Concession Usage,93.9,High,Fare paid does not match official concession rate; Passenger has multiple prior fraud incidents; Irregular fare during off-peak/night hours,Abnormal Concession Usage
TXN108093,PSG101226,Sunil Weerasinghe,2024-05-16,Kandy - Badulla (Upcountry local),Student Concession,72,0,,43.5,Medium,Passenger has multiple prior fraud incidents,Unclassified
TXN108095,PSG101595,Nimal Ekanayake,2024-05-16,Colombo Fort - Badulla,Full Fare,180,0,,17.5,Low,No strong rule triggered — flagged by model anomaly score only,Unclassified
TXN108094,PSG100444,Nimal Gunawardena,2024-05-16,Colombo Fort - Ratnapura Line,Student Concession,168,0,,25.7,Low,No strong rule triggered — flagged by model anomaly score only,Unclassified
TXN108091,PSG100352,Saman Senanayake,2024-05-16,Kandy - Badulla (Upcountry local),Student Concession,72,0,,12.0,Low,No strong rule triggered — flagged by model anomaly score only,Unclassified
TXN108098,PSG101942,Ruwan Rathnayake,2024-05-16,Colombo Fort - Anuradhapura,Season Ticket,210,0,,31.6,Low,No strong rule triggered — flagged by model anomaly score only,Unclassified
TXN108097,PSG100898,Chaminda Jayawardena,2024-05-16,Colombo Fort - Kandy,Government Employee Concession,108,0,,36.0,Low,No strong rule triggered — flagged by model anomaly score only,Unclassified
TXN108099,PSG101830,Kavindi Weerasinghe,2024-05-16,Kandy - Badulla (Upcountry local),Full Fare,420,0,,9.7,Low,No strong rule triggered — flagged by model anomaly score only,Unclassified
TXN108096,PSG100825,Chamara Perera,2024-05-16,Colombo Fort - Ratnapura Line,Season Ticket,90,0,,20.0,Low,No strong rule triggered — flagged by model anomaly score only,Unclassified
TXN108092,PSG102911,Yasas Silva,2024-05-16,Colombo Fort - Vavuniya,Student Concession,72,0,,16.0,Low,No strong rule triggered — flagged by model anomaly score only,Unclassified
TXN108100,PSG102277,Hansika Bandara,2024-05-17,Colombo Fort - Trincomalee,Government Employee Concession,108,0,,50.6,Medium,Passenger has multiple prior fraud incidents,Unclassified
TXN108106,PSG101436,Piyumi Bandara,2024-05-18,Colombo Fort - Batticaloa,Full Fare,180,0,,37.2,Low,No strong rule triggered — flagged by model anomaly score only,Unclassified
TXN108101,PSG100463,Kavindi Wickramasinghe,2024-05-18,Maradana - Puttalam,Government Employee Concession,108,0,,23.2,Low,No strong rule triggered — flagged by model anomaly score only,Unclassified
TXN108104,PSG100516,Hansika Wickramasinghe,2024-05-18,Colombo Fort - Anuradhapura,Full Fare,180,0,,16.0,Low,No strong rule triggered — flagged by model anomaly score only,Unclassified
TXN108105,PSG101525,Sanduni Jayawardena,2024-05-18,Colombo Fort - Batticaloa,Student Concession,72,0,,19.1,Low,No strong rule triggered — flagged by model anomaly score only,Unclassified
TXN108107,PSG102998,Sanduni Rajapaksha,2024-05-18,Colombo Fort - Anuradhapura,Season Ticket,210,0,,28.1,Low,No strong rule triggered — flagged by model anomaly score only,Unclassified
TXN108102,PSG102962,Roshan Silva,2024-05-18,Colombo Fort - Batticaloa,Full Fare,180,0,,12.4,Low,No strong rule triggered — flagged by model anomaly score only,Unclassified
TXN108103,PSG100963,Kasun Silva,2024-05-18,Colombo Fort - Kurunegala,Senior Citizen Concession,72,1,Abnormal Concession Usage,81.1,High,Fare paid does not match official concession rate,Abnormal Concession Usage
TXN108109,PSG101342,Nadeesha Weerasinghe,2024-05-19,Kandy - Badulla (Upcountry local),Senior Citizen Concession,90,0,,20.0,Low,No strong rule triggered — flagged by model anomaly score only,Unclassified
TXN108108,PSG100404,Tharindu Rajapaksha,2024-05-19,Colombo Fort - Batticaloa,Full Fare,180,0,,14.0,Low,No strong rule triggered — flagged by model anomaly score only,Unclassified
TXN108110,PSG100630,Ashan Abeywardena,2024-05-19,Colombo Fort - Negombo (Coastal Line local),Full Fare,180,0,,13.9,Low,No strong rule triggered — flagged by model anomaly score only,Unclassified
TXN108113,PSG101548,Chamara Wickramasinghe,2024-05-20,Colombo Fort - Negombo (Coastal Line local),Full Fare,180,0,,8.9,Low,No strong rule triggered — flagged by model anomaly score only,Unclassified
TXN108112,PSG102902,Lasith Silva,2024-05-20,Colombo Fort - Galle,Full Fare,420,0,,26.7,Low,No strong rule triggered — flagged by model anomaly score only,Unclassified
TXN108114,PSG101373,Priyantha de Zoysa,2024-05-20,Colombo Fort - Ratnapura Line,Full Fare,420,0,,23.3,Low,No strong rule triggered — flagged by model anomaly score only,Unclassified
TXN108115,PSG100713,Anushka Abeywardena,2024-05-20,Colombo Fort - Trincomalee,Full Fare,420,0,,34.0,Low,Passenger has multiple prior fraud incidents,Unclassified
TXN108111,PSG102546,Kamal Rajapaksha,2024-05-20,Colombo Fort - Negombo (Coastal Line local),Season Ticket,475,0,,24.9,Low,No strong rule triggered — flagged by model anomaly score only,Unclassified
TXN108118,PSG101472,Piyumi Silva,2024-05-21,Colombo Fort - Trincomalee,Full Fare,180,0,,30.0,Low,No strong rule triggered — flagged by model anomaly score only,Unclassified
TXN108117,PSG100145,Piyumi Gunawardena,2024-05-21,Colombo Fort - Kurunegala,Full Fare,420,0,,18.1,Low,No strong rule triggered — flagged by model anomaly score only,Unclassified
TXN108116,PSG101330,Ravindu Kumara,2024-05-21,Colombo Fort - Kurunegala,Full Fare,950,0,,22.4,Low,No strong rule triggered — flagged by model anomaly score only,Unclassified
TXN108119,PSG100425,Chaminda de Zoysa,2024-05-21,Kandy - Badulla (Upcountry local),Full Fare,180,1,Suspicious Resale,65.8,Medium,Online booking with no assigned seat (possible resale),Suspicious Resale
TXN108120,PSG101324,Gayan Wickramasinghe,2024-05-21,Colombo Fort - Jaffna,Full Fare,180,0,,13.1,Low,No strong rule triggered — flagged by model anomaly score only,Unclassified
TXN108126,PSG100838,Ruwan Rathnayake,2024-05-22,Colombo Fort - Galle,Full Fare,180,0,,17.2,Low,No strong rule triggered — flagged by model anomaly score only,Unclassified
TXN108125,PSG101248,Piyumi Wijesekara,2024-05-22,Colombo Fort - Galle,Full Fare,180,0,,5.6,Low,No strong rule triggered — flagged by model anomaly score only,Unclassified
TXN108122,PSG101210,Ashan Kumara,2024-05-22,Colombo Fort - Anuradhapura,Senior Citizen Concession,475,0,,29.0,Low,No strong rule triggered — flagged by model anomaly score only,Unclassified
TXN108121,PSG102381,Sunil Bandara,2024-05-22,Kandy - Badulla (Upcountry local),Senior Citizen Concession,81,1,Abnormal Concession Usage,48.3,Medium,Fare paid does not match official concession rate,Abnormal Concession Usage
TXN108123,PSG100443,Kamal Jayawardena,2024-05-22,Colombo Fort - Anuradhapura,Student Concession,168,0,,28.1,Low,No strong rule triggered — flagged by model anomaly score only,Unclassified
TXN108124,PSG100226,Ishara Perera,2024-05-22,Colombo Fort - Badulla,Full Fare,180,0,,23.1,Low,No strong rule triggered — flagged by model anomaly score only,Unclassified
TXN108132,PSG101404,Malsha Jayawardena,2024-05-23,Colombo Fort - Jaffna,Student Concession,72,0,,43.8,Medium,Passenger has multiple prior fraud incidents,Unclassified
TXN108128,PSG101588,Dilani Gunawardena,2024-05-23,Colombo Fort - Anuradhapura,Senior Citizen Concession,90,1,Ticket Reuse,81.8,High,Ticket scanned multiple times (possible reuse),Ticket Reuse
TXN108130,PSG101936,Sanduni Weerasinghe,2024-05-23,Colombo Fort - Vavuniya,Student Concession,72,0,,21.4,Low,No strong rule triggered — flagged by model anomaly score only,Unclassified
TXN108133,PSG101692,Malsha Bandara,2024-05-23,Colombo Fort - Kurunegala,Full Fare,180,0,,30.3,Low,Passenger has multiple prior fraud incidents,Unclassified
TXN108134,PSG103094,Saman Weerasinghe,2024-05-23,Kandy - Badulla (Upcountry local),Government Employee Concession,108,0,,19.7,Low,No strong rule triggered — flagged by model anomaly score only,Unclassified
TXN108131,PSG102591,Chathurika Wijesekara,2024-05-23,Colombo Fort - Kandy,Full Fare,180,0,,9.2,Low,No strong rule triggered — flagged by model anomaly score only,Unclassified
TXN108135,PSG100534,Kasun Perera,2024-05-23,Maradana - Puttalam,Full Fare,180,0,,16.8,Low,No strong rule triggered — flagged by model anomaly score only,Unclassified
TXN108129,PSG103036,Hansika Amarasinghe,2024-05-23,Colombo Fort - Trincomalee,Full Fare,950,0,,30.5,Low,No strong rule triggered — flagged by model anomaly score only,Unclassified
TXN108127,PSG101401,Chaminda Fernando,2024-05-23,Colombo Fort - Trincomalee,Season Ticket,90,1,Ticket Reuse,72.7,High,Ticket scanned multiple times (possible reuse),Ticket Reuse
TXN108139,PSG102516,Kasun Silva,2024-05-24,Colombo Fort - Kurunegala,Season Ticket,90,0,,31.5,Low,No strong rule triggered — flagged by model anomaly score only,Unclassified
TXN108138,PSG100639,Nimal Wijesekara,2024-05-24,Colombo Fort - Negombo (Coastal Line local),Season Ticket,90,0,,31.7,Low,No strong rule triggered — flagged by model anomaly score only,Unclassified
TXN108137,PSG100769,Hansika Amarasinghe,2024-05-24,Colombo Fort - Matara,Full Fare,180,0,,7.0,Low,No strong rule triggered — flagged by model anomaly score only,Unclassified
TXN108136,PSG101709,Sunil Gunawardena,2024-05-24,Colombo Fort - Badulla,Student Concession,72,0,,19.5,Low,No strong rule triggered — flagged by model anomaly score only,Unclassified
TXN108141,PSG102513,Ashan Fernando,2024-05-25,Colombo Fort - Matara,Student Concession,72,0,,18.6,Low,No strong rule triggered — flagged by model anomaly score only,Unclassified
TXN108143,PSG101060,Malsha Rajapaksha,2024-05-25,Colombo Fort - Anuradhapura,Season Ticket,90,0,,42.9,Medium,Passenger has multiple prior fraud incidents,Unclassified
TXN108145,PSG102192,Tharindu Herath,2024-05-25,Colombo Fort - Trincomalee,Full Fare,420,0,,19.1,Low,No strong rule triggered — flagged by model anomaly score only,Unclassified
TXN108140,PSG101043,Hansika Ekanayake,2024-05-25,Maradana - Puttalam,Full Fare,420,0,,17.5,Low,No strong rule triggered — flagged by model anomaly score only,Unclassified
TXN108142,PSG102472,Kamal Herath,2024-05-25,Colombo Fort - Negombo (Coastal Line local),Disability Concession,54,0,,73.6,High,Passenger has multiple prior fraud incidents,Unclassified
TXN108144,PSG102305,Sunil Wickramasinghe,2024-05-25,Colombo Fort - Anuradhapura,Season Ticket,90,0,,32.1,Low,No strong rule triggered — flagged by model anomaly score only,Unclassified
TXN108146,PSG101869,Anushka de Zoysa,2024-05-26,Colombo Fort - Matara,Season Ticket,210,0,,33.1,Low,No strong rule triggered — flagged by model anomaly score only,Unclassified
TXN108148,PSG100597,Nadeesha Amarasinghe,2024-05-26,Kandy - Badulla (Upcountry local),Full Fare,180,0,,17.1,Low,No strong rule triggered — flagged by model anomaly score only,Unclassified
TXN108152,PSG102890,Chamara Silva,2024-05-26,Maradana - Puttalam,Season Ticket,90,0,,24.8,Low,No strong rule triggered — flagged by model anomaly score only,Unclassified
TXN108147,PSG100282,Yasas Bandara,2024-05-26,Kandy - Badulla (Upcountry local),Full Fare,180,0,,28.1,Low,No strong rule triggered — flagged by model anomaly score only,Unclassified
TXN108153,PSG101603,Chaminda de Zoysa,2024-05-26,Maradana - Puttalam,Full Fare,180,0,,14.9,Low,No strong rule triggered — flagged by model anomaly score only,Unclassified
TXN108151,PSG101101,Kamal Wickramasinghe,2024-05-26,Kandy - Badulla (Upcountry local),Government Employee Concession,108,0,,38.2,Low,Passenger has multiple prior fraud incidents,Unclassified
TXN108149,PSG100184,Nimal Kumara,2024-05-26,Maradana - Puttalam,Student Concession,168,0,,28.8,Low,No strong rule triggered — flagged by model anomaly score only,Unclassified
TXN108154,PSG100800,Lasith Herath,2024-05-26,Colombo Fort - Negombo (Coastal Line local),Full Fare,420,0,,15.5,Low,No strong rule triggered — flagged by model anomaly score only,Unclassified
TXN108150,PSG100825,Chamara Perera,2024-05-26,Colombo Fort - Anuradhapura,Full Fare,180,0,,25.6,Low,No strong rule triggered — flagged by model anomaly score only,Unclassified
TXN108157,PSG100436,Saman Silva,2024-05-27,Colombo Fort - Trincomalee,Senior Citizen Concession,210,0,,27.0,Low,No strong rule triggered — flagged by model anomaly score only,Unclassified
TXN108158,PSG101864,Kasun Amarasinghe,2024-05-27,Colombo Fort - Matara,Senior Citizen Concession,475,0,,30.7,Low,No strong rule triggered — flagged by model anomaly score only,Unclassified
TXN108156,PSG102252,Nimal Dissanayake,2024-05-27,Colombo Fort - Ratnapura Line,Senior Citizen Concession,90,0,,19.5,Low,No strong rule triggered — flagged by model anomaly score only,Unclassified
TXN108159,PSG100271,Chamara Jayawardena,2024-05-27,Colombo Fort - Matara,Full Fare,180,0,,11.4,Low,No strong rule triggered — flagged by model anomaly score only,Unclassified
TXN108155,PSG101283,Piyumi Amarasinghe,2024-05-27,Colombo Fort - Kurunegala,Student Concession,168,0,,25.3,Low,No strong rule triggered — flagged by model anomaly score only,Unclassified
TXN108161,PSG102491,Chamara Rathnayake,2024-05-28,Maradana - Puttalam,Government Employee Concession,252,0,,55.4,Medium,No strong rule triggered — flagged by model anomaly score only,Unclassified
TXN108160,PSG102459,Sanduni Karunaratne,2024-05-28,Colombo Fort - Kandy,Season Ticket,210,0,,45.5,Medium,Passenger has multiple prior fraud incidents,Unclassified
TXN108162,PSG101035,Chamara Amarasinghe,2024-05-28,Colombo Fort - Kandy,Government Employee Concession,570,0,,27.7,Low,No strong rule triggered — flagged by model anomaly score only,Unclassified
TXN108164,PSG100309,Kamal Silva,2024-05-28,Colombo Fort - Jaffna,Student Concession,168,0,,31.7,Low,No strong rule triggered — flagged by model anomaly score only,Unclassified
TXN108163,PSG100912,Malsha Abeywardena,2024-05-28,Maradana - Puttalam,Season Ticket,210,0,,33.6,Low,No strong rule triggered — flagged by model anomaly score only,Unclassified
TXN108167,PSG100100,Kasun Abeywardena,2024-05-29,Colombo Fort - Badulla,Senior Citizen Concession,210,0,,33.5,Low,No strong rule triggered — flagged by model anomaly score only,Unclassified
TXN108165,PSG102394,Lasith Senanayake,2024-05-29,Kandy - Badulla (Upcountry local),Student Concession,168,0,,18.6,Low,No strong rule triggered — flagged by model anomaly score only,Unclassified
TXN108166,PSG103101,Priyantha Jayawardena,2024-05-29,Colombo Fort - Galle,Government Employee Concession,90,1,Abnormal Concession Usage,70.5,High,Fare paid does not match official concession rate,Abnormal Concession Usage
TXN108171,PSG100503,Sanduni Karunaratne,2024-05-29,Colombo Fort - Badulla,Government Employee Concession,108,0,,19.9,Low,No strong rule triggered — flagged by model anomaly score only,Unclassified
TXN108168,PSG102340,Lasith Jayawardena,2024-05-29,Maradana - Puttalam,Full Fare,180,0,,23.8,Low,No strong rule triggered — flagged by model anomaly score only,Unclassified
TXN108170,PSG102370,Ashan Weerasinghe,2024-05-29,Maradana - Puttalam,Disability Concession,54,0,,53.9,Medium,Passenger has multiple prior fraud incidents,Unclassified
TXN108169,PSG101628,Chamara Jayawardena,2024-05-29,Colombo Fort - Badulla,Government Employee Concession,108,0,,29.7,Low,No strong rule triggered — flagged by model anomaly score only,Unclassified
TXN108172,PSG103068,Ruwan Herath,2024-05-30,Colombo Fort - Anuradhapura,Full Fare,180,0,,10.2,Low,No strong rule triggered — flagged by model anomaly score only,Unclassified
TXN108173,PSG101519,Dinesh Jayawardena,2024-05-30,Colombo Fort - Kandy,Student Concession,72,0,,26.4,Low,No strong rule triggered — flagged by model anomaly score only,Unclassified
TXN108178,PSG101810,Chaminda Bandara,2024-05-31,Colombo Fort - Matara,Full Fare,180,0,,17.4,Low,No strong rule triggered — flagged by model anomaly score only,Unclassified
TXN108177,PSG100848,Ishara Silva,2024-05-31,Colombo Fort - Badulla,Senior Citizen Concession,210,0,,21.2,Low,No strong rule triggered — flagged by model anomaly score only,Unclassified
TXN108174,PSG101608,Nimal Rathnayake,2024-05-31,Colombo Fort - Badulla,Season Ticket,90,0,,21.0,Low,No strong rule triggered — flagged by model anomaly score only,Unclassified
TXN108176,PSG101953,Hansika Rajapaksha,2024-05-31,Colombo Fort - Negombo (Coastal Line local),Season Ticket,90,0,,36.4,Low,Passenger has multiple prior fraud incidents,Unclassified
TXN108179,PSG102974,Gayan Karunaratne,2024-05-31,Colombo Fort - Matara,Full Fare,180,0,,37.5,Low,Passenger has multiple prior fraud incidents,Unclassified
TXN108175,PSG102867,Chathurika Senanayake,2024-05-31,Colombo Fort - Batticaloa,Government Employee Concession,90,1,Abnormal Concession Usage,99.7,High,Fare paid does not match official concession rate; Passenger has multiple prior fraud incidents; Irregular fare during off-peak/night hours,Abnormal Concession Usage
TXN108180,PSG102731,Hansika Gunawardena,2024-06-01,Colombo Fort - Trincomalee,Full Fare,180,0,,17.2,Low,No strong rule triggered — flagged by model anomaly score only,Unclassified
TXN108181,PSG100619,Dinesh Perera,2024-06-01,Colombo Fort - Anuradhapura,Full Fare,180,0,,18.5,Low,No strong rule triggered — flagged by model anomaly score only,Unclassified
TXN108187,PSG101813,Malsha Bandara,2024-06-01,Colombo Fort - Kandy,Full Fare,180,0,,17.8,Low,No strong rule triggered — flagged by model anomaly score only,Unclassified
TXN108183,PSG103141,Sithumini Jayawardena,2024-06-01,Colombo Fort - Vavuniya,Full Fare,180,1,Ticket Reuse,49.4,Medium,Ticket scanned multiple times (possible reuse),Ticket Reuse
TXN108182,PSG101436,Piyumi Bandara,2024-06-01,Colombo Fort - Negombo (Coastal Line local),Full Fare,180,0,,22.3,Low,No strong rule triggered — flagged by model anomaly score only,Unclassified
TXN108184,PSG101659,Ashan Perera,2024-06-01,Kandy - Badulla (Upcountry local),Government Employee Concession,252,0,,32.6,Low,No strong rule triggered — flagged by model anomaly score only,Unclassified
TXN108185,PSG101104,Ashan Silva,2024-06-01,Kandy - Badulla (Upcountry local),Student Concession,72,0,,44.1,Medium,No strong rule triggered — flagged by model anomaly score only,Unclassified
TXN108186,PSG101340,Saman Silva,2024-06-01,Colombo Fort - Vavuniya,Student Concession,72,0,,19.9,Low,No strong rule triggered — flagged by model anomaly score only,Unclassified
TXN108192,PSG102339,Chathurika Fernando,2024-06-02,Colombo Fort - Vavuniya,Senior Citizen Concession,210,0,,32.4,Low,No strong rule triggered — flagged by model anomaly score only,Unclassified
TXN108191,PSG103148,Ruwan Wijesekara,2024-06-02,Colombo Fort - Kandy,Senior Citizen Concession,72,1,Abnormal Concession Usage,74.6,High,Fare paid does not match official concession rate,Abnormal Concession Usage
TXN108190,PSG101960,Gayan Amarasinghe,2024-06-02,Colombo Fort - Badulla,Student Concession,72,0,,21.0,Low,No strong rule triggered — flagged by model anomaly score only,Unclassified
TXN108189,PSG101101,Kamal Wickramasinghe,2024-06-02,Colombo Fort - Negombo (Coastal Line local),Season Ticket,210,0,,48.4,Medium,Passenger has multiple prior fraud incidents,Unclassified
TXN108188,PSG101618,Kasun Rajapaksha,2024-06-02,Colombo Fort - Badulla,Senior Citizen Concession,90,0,,34.5,Low,No strong rule triggered — flagged by model anomaly score only,Unclassified
TXN108193,PSG101749,Saman Rathnayake,2024-06-03,Colombo Fort - Galle,Senior Citizen Concession,90,0,,16.4,Low,No strong rule triggered — flagged by model anomaly score only,Unclassified
TXN108194,PSG103042,Anushka Kumara,2024-06-03,Colombo Fort - Jaffna,Full Fare,180,0,,11.9,Low,No strong rule triggered — flagged by model anomaly score only,Unclassified
TXN108197,PSG103145,Nuwan Amarasinghe,2024-06-03,Colombo Fort - Anuradhapura,Government Employee Concession,570,0,,26.8,Low,No strong rule triggered — flagged by model anomaly score only,Unclassified
TXN108196,PSG102850,Dilani Dissanayake,2024-06-03,Colombo Fort - Badulla,Full Fare,180,0,,47.3,Medium,Passenger has multiple prior fraud incidents,Unclassified
TXN108195,PSG102819,Saman Abeywardena,2024-06-03,Colombo Fort - Kurunegala,Senior Citizen Concession,90,0,,18.7,Low,No strong rule triggered — flagged by model anomaly score only,Unclassified
TXN108198,PSG102677,Malsha de Zoysa,2024-06-04,Colombo Fort - Anuradhapura,Government Employee Concession,108,0,,30.8,Low,No strong rule triggered — flagged by model anomaly score only,Unclassified
TXN108199,PSG100336,Chathurika Fernando,2024-06-04,Colombo Fort - Matara,Season Ticket,210,0,,23.7,Low,No strong rule triggered — flagged by model anomaly score only,Unclassified
TXN108201,PSG100917,Nuwan Silva,2024-06-04,Kandy - Badulla (Upcountry local),Full Fare,420,0,,32.6,Low,Passenger has multiple prior fraud incidents,Unclassified
TXN108200,PSG100359,Ashan Senanayake,2024-06-04,Colombo Fort - Galle,Disability Concession,54,0,,28.2,Low,No strong rule triggered — flagged by model anomaly score only,Unclassified
TXN108208,PSG101407,Chamara Fernando,2024-06-05,Colombo Fort - Kurunegala,Full Fare,420,0,,30.0,Low,No strong rule triggered — flagged by model anomaly score only,Unclassified
TXN108210,PSG103065,Sunil Rathnayake,2024-06-05,Colombo Fort - Batticaloa,Season Ticket,90,1,Ticket Reuse,66.3,High,Ticket scanned multiple times (possible reuse),Ticket Reuse
TXN108204,PSG102552,Saman Amarasinghe,2024-06-05,Colombo Fort - Kurunegala,Full Fare,180,0,,9.4,Low,No strong rule triggered — flagged by model anomaly score only,Unclassified
TXN108207,PSG100755,Kasun Bandara,2024-06-05,Colombo Fort - Batticaloa,Government Employee Concession,108,0,,39.3,Low,No strong rule triggered — flagged by model anomaly score only,Unclassified
TXN108211,PSG100572,Lasith Weerasinghe,2024-06-05,Colombo Fort - Kurunegala,Senior Citizen Concession,90,1,Ticket Reuse,61.7,Medium,Ticket scanned multiple times (possible reuse),Ticket Reuse
TXN108203,PSG103164,Sunil Amarasinghe,2024-06-05,Colombo Fort - Vavuniya,Season Ticket,90,0,,17.5,Low,No strong rule triggered — flagged by model anomaly score only,Unclassified
TXN108206,PSG103142,Ravindu Rajapaksha,2024-06-05,Colombo Fort - Trincomalee,Student Concession,72,0,,21.6,Low,No strong rule triggered — flagged by model anomaly score only,Unclassified
TXN108212,PSG103094,Saman Weerasinghe,2024-06-05,Colombo Fort - Vavuniya,Season Ticket,90,0,,20.7,Low,No strong rule triggered — flagged by model anomaly score only,Unclassified
TXN108209,PSG102161,Ravindu Gunawardena,2024-06-05,Maradana - Puttalam,Full Fare,180,0,,12.3,Low,No strong rule triggered — flagged by model anomaly score only,Unclassified
TXN108205,PSG102091,Saman Wijesekara,2024-06-05,Colombo Fort - Kandy,Full Fare,180,0,,16.9,Low,No strong rule triggered — flagged by model anomaly score only,Unclassified
TXN108202,PSG101493,Sachini Kumara,2024-06-05,Colombo Fort - Batticaloa,Full Fare,180,0,,26.2,Low,No strong rule triggered — flagged by model anomaly score only,Unclassified
TXN108213,PSG101725,Ishara Fernando,2024-06-06,Colombo Fort - Badulla,Season Ticket,210,0,,17.6,Low,No strong rule triggered — flagged by model anomaly score only,Unclassified
TXN108214,PSG103168,Kavindi Fernando,2024-06-06,Colombo Fort - Matara,Student Concession,72,0,,19.6,Low,No strong rule triggered — flagged by model anomaly score only,Unclassified
TXN108215,PSG103008,Lasith Fernando,2024-06-06,Kandy - Badulla (Upcountry local),Full Fare,420,0,,29.1,Low,No strong rule triggered — flagged by model anomaly score only,Unclassified
TXN108223,PSG101222,Sithumini Wijesekara,2024-06-07,Colombo Fort - Trincomalee,Season Ticket,90,0,,22.1,Low,No strong rule triggered — flagged by model anomaly score only,Unclassified
TXN108218,PSG101582,Saman Rathnayake,2024-06-07,Colombo Fort - Negombo (Coastal Line local),Senior Citizen Concession,90,0,,16.9,Low,No strong rule triggered — flagged by model anomaly score only,Unclassified
TXN108222,PSG100396,Hansika de Zoysa,2024-06-07,Colombo Fort - Anuradhapura,Season Ticket,90,0,,23.1,Low,No strong rule triggered — flagged by model anomaly score only,Unclassified
TXN108217,PSG103182,Piyumi Weerasinghe,2024-06-07,Colombo Fort - Galle,Government Employee Concession,108,0,,18.4,Low,No strong rule triggered — flagged by model anomaly score only,Unclassified
TXN108226,PSG101832,Nadeesha Weerasinghe,2024-06-07,Colombo Fort - Kurunegala,Full Fare,180,0,,5.8,Low,No strong rule triggered — flagged by model anomaly score only,Unclassified
TXN108224,PSG101395,Gayan Jayawardena,2024-06-07,Colombo Fort - Anuradhapura,Full Fare,950,0,,40.7,Medium,No strong rule triggered — flagged by model anomaly score only,Unclassified
TXN108216,PSG100805,Malsha Silva,2024-06-07,Colombo Fort - Matara,Full Fare,420,0,,30.4,Low,Passenger has multiple prior fraud incidents,Unclassified
TXN108225,PSG102619,Roshan Abeywardena,2024-06-07,Colombo Fort - Vavuniya,Government Employee Concession,252,0,,31.4,Low,No strong rule triggered — flagged by model anomaly score only,Unclassified
TXN108220,PSG100562,Sanduni de Zoysa,2024-06-07,Colombo Fort - Batticaloa,Full Fare,180,0,,20.3,Low,No strong rule triggered — flagged by model anomaly score only,Unclassified
TXN108219,PSG103014,Nadeesha Gunawardena,2024-06-07,Colombo Fort - Jaffna,Full Fare,180,0,,18.7,Low,No strong rule triggered — flagged by model anomaly score only,Unclassified
TXN108221,PSG100873,Chaminda Dissanayake,2024-06-07,Colombo Fort - Galle,Full Fare,420,0,,20.8,Low,No strong rule triggered — flagged by model anomaly score only,Unclassified
TXN108235,PSG102538,Lasith Perera,2024-06-08,Colombo Fort - Badulla,Full Fare,180,1,Ticket Reuse,72.9,High,Ticket scanned multiple times (possible reuse),Ticket Reuse
TXN108236,PSG101242,Kasun Dissanayake,2024-06-08,Colombo Fort - Jaffna,Full Fare,180,1,Ticket Reuse,70.9,High,Ticket scanned multiple times (possible reuse); Passenger has multiple prior fraud incidents,Ticket Reuse
TXN108239,PSG100982,Piyumi Herath,2024-06-08,Colombo Fort - Badulla,Full Fare,180,0,,9.0,Low,No strong rule triggered — flagged by model anomaly score only,Unclassified
TXN108237,PSG102725,Ashan Herath,2024-06-08,Colombo Fort - Batticaloa,Season Ticket,90,0,,19.7,Low,No strong rule triggered — flagged by model anomaly score only,Unclassified
TXN108234,PSG100912,Malsha Abeywardena,2024-06-08,Colombo Fort - Badulla,Full Fare,180,0,,8.3,Low,No strong rule triggered — flagged by model anomaly score only,Unclassified
TXN108233,PSG101138,Priyantha Fernando,2024-06-08,Maradana - Puttalam,Season Ticket,90,0,,18.0,Low,No strong rule triggered — flagged by model anomaly score only,Unclassified
TXN108238,PSG101072,Kasun Rathnayake,2024-06-08,Colombo Fort - Kandy,Government Employee Concession,252,0,,39.0,Low,No strong rule triggered — flagged by model anomaly score only,Unclassified
TXN108231,PSG100862,Kavindi Kumara,2024-06-08,Kandy - Badulla (Upcountry local),Full Fare,950,0,,32.8,Low,No strong rule triggered — flagged by model anomaly score only,Unclassified
TXN108228,PSG101436,Piyumi Bandara,2024-06-08,Colombo Fort - Anuradhapura,Full Fare,180,0,,25.2,Low,No strong rule triggered — flagged by model anomaly score only,Unclassified
TXN108229,PSG102469,Dinesh Wickramasinghe,2024-06-08,Colombo Fort - Galle,Full Fare,180,1,Ticket Reuse,57.1,Medium,Ticket scanned multiple times (possible reuse),Ticket Reuse
TXN108232,PSG102335,Sunil Ekanayake,2024-06-08,Colombo Fort - Kurunegala,Full Fare,420,0,,36.2,Low,No strong rule triggered — flagged by model anomaly score only,Unclassified
TXN108230,PSG100573,Nadeesha Kumara,2024-06-08,Colombo Fort - Trincomalee,Season Ticket,90,0,,35.3,Low,No strong rule triggered — flagged by model anomaly score only,Unclassified
TXN108227,PSG102902,Lasith Silva,2024-06-08,Colombo Fort - Jaffna,Student Concession,72,0,,50.2,Medium,No strong rule triggered — flagged by model anomaly score only,Unclassified
TXN108244,PSG102200,Tharindu Silva,2024-06-09,Maradana - Puttalam,Student Concession,72,0,,31.6,Low,No strong rule triggered — flagged by model anomaly score only,Unclassified
TXN108240,PSG101644,Chamara Jayawardena,2024-06-09,Kandy - Badulla (Upcountry local),Student Concession,72,0,,20.3,Low,No strong rule triggered — flagged by model anomaly score only,Unclassified
TXN108243,PSG100584,Chaminda Abeywardena,2024-06-09,Colombo Fort - Kandy,Full Fare,180,0,,15.9,Low,No strong rule triggered — flagged by model anomaly score only,Unclassified
TXN108246,PSG100094,Ashan Wickramasinghe,2024-06-09,Colombo Fort - Galle,Senior Citizen Concession,72,1,Abnormal Concession Usage,86.4,High,Fare paid does not match official concession rate,Abnormal Concession Usage
TXN108245,PSG103017,Ashan Fernando,2024-06-09,Colombo Fort - Galle,Full Fare,180,0,,12.7,Low,No strong rule triggered — flagged by model anomaly score only,Unclassified
TXN108241,PSG100966,Sanduni Rajapaksha,2024-06-09,Colombo Fort - Negombo (Coastal Line local),Government Employee Concession,252,0,,23.8,Low,No strong rule triggered — flagged by model anomaly score only,Unclassified
TXN108242,PSG100305,Sanduni Weerasinghe,2024-06-09,Colombo Fort - Jaffna,Full Fare,180,0,,16.4,Low,No strong rule triggered — flagged by model anomaly score only,Unclassified
TXN108256,PSG101060,Malsha Rajapaksha,2024-06-10,Colombo Fort - Galle,Season Ticket,90,0,,37.3,Low,Passenger has multiple prior fraud incidents,Unclassified
TXN108254,PSG101261,Priyantha Rathnayake,2024-06-10,Colombo Fort - Trincomalee,Full Fare,180,0,,28.9,Low,Passenger has multiple prior fraud incidents,Unclassified
TXN108255,PSG101942,Ruwan Rathnayake,2024-06-10,Colombo Fort - Batticaloa,Disability Concession,54,0,,44.6,Medium,No strong rule triggered — flagged by model anomaly score only,Unclassified
TXN108253,PSG101272,Piyumi Dissanayake,2024-06-10,Colombo Fort - Anuradhapura,Senior Citizen Concession,90,0,,17.7,Low,No strong rule triggered — flagged by model anomaly score only,Unclassified
TXN108248,PSG100911,Lasith Wijesekara,2024-06-10,Maradana - Puttalam,Full Fare,180,0,,6.5,Low,No strong rule triggered — flagged by model anomaly score only,Unclassified
TXN108252,PSG100658,Hansika Senanayake,2024-06-10,Colombo Fort - Galle,Full Fare,420,0,,11.7,Low,No strong rule triggered — flagged by model anomaly score only,Unclassified
TXN108251,PSG100167,Ravindu de Zoysa,2024-06-10,Colombo Fort - Trincomalee,Disability Concession,54,0,,25.4,Low,No strong rule triggered — flagged by model anomaly score only,Unclassified
TXN108249,PSG100737,Chaminda Wickramasinghe,2024-06-10,Colombo Fort - Kandy,Full Fare,180,0,,9.9,Low,No strong rule triggered — flagged by model anomaly score only,Unclassified
TXN108250,PSG101893,Chamara Perera,2024-06-10,Colombo Fort - Trincomalee,Full Fare,180,0,,22.5,Low,No strong rule triggered — flagged by model anomaly score only,Unclassified
TXN108247,PSG101537,Sithumini Herath,2024-06-10,Colombo Fort - Kurunegala,Season Ticket,90,0,,25.3,Low,No strong rule triggered — flagged by model anomaly score only,Unclassified
TXN108261,PSG103020,Tharindu Dissanayake,2024-06-11,Colombo Fort - Negombo (Coastal Line local),Full Fare,180,0,,25.5,Low,No strong rule triggered — flagged by model anomaly score only,Unclassified
TXN108259,PSG102372,Anushka Wickramasinghe,2024-06-11,Colombo Fort - Vavuniya,Full Fare,420,0,,23.4,Low,No strong rule triggered — flagged by model anomaly score only,Unclassified
TXN108263,PSG102147,Roshan Rajapaksha,2024-06-11,Colombo Fort - Anuradhapura,Season Ticket,90,0,,13.6,Low,No strong rule triggered — flagged by model anomaly score only,Unclassified
TXN108262,PSG102393,Kavindi Perera,2024-06-11,Colombo Fort - Kandy,Full Fare,180,0,,17.8,Low,No strong rule triggered — flagged by model anomaly score only,Unclassified
TXN108257,PSG102936,Sachini Wickramasinghe,2024-06-11,Kandy - Badulla (Upcountry local),Student Concession,72,0,,11.2,Low,No strong rule triggered — flagged by model anomaly score only,Unclassified
TXN108260,PSG102584,Kasun Perera,2024-06-11,Colombo Fort - Vavuniya,Full Fare,950,0,,17.1,Low,No strong rule triggered — flagged by model anomaly score only,Unclassified
TXN108258,PSG100108,Sunil Fernando,2024-06-11,Kandy - Badulla (Upcountry local),Season Ticket,210,0,,20.5,Low,No strong rule triggered — flagged by model anomaly score only,Unclassified
TXN108266,PSG100292,Nuwan Abeywardena,2024-06-12,Colombo Fort - Vavuniya,Senior Citizen Concession,210,0,,29.6,Low,No strong rule triggered — flagged by model anomaly score only,Unclassified
TXN108265,PSG101230,Kasun Bandara,2024-06-12,Maradana - Puttalam,Senior Citizen Concession,90,0,,21.4,Low,No strong rule triggered — flagged by model anomaly score only,Unclassified
TXN108264,PSG102738,Ashan Herath,2024-06-12,Maradana - Puttalam,Full Fare,950,0,,43.3,Medium,Passenger has multiple prior fraud incidents,Unclassified
TXN108269,PSG102900,Saman Dissanayake,2024-06-13,Colombo Fort - Kandy,Senior Citizen Concession,90,0,,29.7,Low,No strong rule triggered — flagged by model anomaly score only,Unclassified
TXN108270,PSG100626,Sunil Kumara,2024-06-13,Colombo Fort - Negombo (Coastal Line local),Senior Citizen Concession,90,0,,30.8,Low,No strong rule triggered — flagged by model anomaly score only,Unclassified
TXN108267,PSG102577,Piyumi Wijesekara,2024-06-13,Colombo Fort - Matara,Full Fare,180,0,,7.9,Low,No strong rule triggered — flagged by model anomaly score only,Unclassified
TXN108271,PSG101445,Ruwan Senanayake,2024-06-13,Colombo Fort - Kandy,Season Ticket,210,0,,28.9,Low,No strong rule triggered — flagged by model anomaly score only,Unclassified
TXN108268,PSG101557,Kasun Weerasinghe,2024-06-13,Maradana - Puttalam,Full Fare,180,0,,26.5,Low,Passenger has multiple prior fraud incidents,Unclassified
TXN108280,PSG100268,Ravindu Silva,2024-06-14,Colombo Fort - Badulla,Season Ticket,90,0,,25.6,Low,No strong rule triggered — flagged by model anomaly score only,Unclassified
TXN108277,PSG100814,Tharindu Silva,2024-06-14,Colombo Fort - Anuradhapura,Full Fare,950,0,,31.0,Low,No strong rule triggered — flagged by model anomaly score only,Unclassified
TXN108278,PSG100102,Ravindu Gunawardena,2024-06-14,Kandy - Badulla (Upcountry local),Full Fare,180,0,,14.2,Low,No strong rule triggered — flagged by model anomaly score only,Unclassified
TXN108284,PSG101718,Dinesh Ekanayake,2024-06-14,Kandy - Badulla (Upcountry local),Student Concession,72,0,,11.5,Low,No strong rule triggered — flagged by model anomaly score only,Unclassified
TXN108272,PSG101950,Nadeesha Rajapaksha,2024-06-14,Colombo Fort - Vavuniya,Season Ticket,210,0,,17.2,Low,No strong rule triggered — flagged by model anomaly score only,Unclassified
TXN108274,PSG100927,Saman Wijesekara,2024-06-14,Colombo Fort - Jaffna,Full Fare,180,0,,10.1,Low,No strong rule triggered — flagged by model anomaly score only,Unclassified
TXN108282,PSG102987,Gayan Karunaratne,2024-06-14,Colombo Fort - Badulla,Full Fare,180,0,,6.5,Low,No strong rule triggered — flagged by model anomaly score only,Unclassified
TXN108276,PSG102649,Chamara de Zoysa,2024-06-14,Maradana - Puttalam,Full Fare,950,0,,17.3,Low,No strong rule triggered — flagged by model anomaly score only,Unclassified
TXN108275,PSG101953,Hansika Rajapaksha,2024-06-14,Colombo Fort - Galle,Full Fare,180,0,,30.4,Low,Passenger has multiple prior fraud incidents,Unclassified
TXN108281,PSG100875,Roshan Wijesekara,2024-06-14,Colombo Fort - Trincomalee,Senior Citizen Concession,189,1,Abnormal Concession Usage,59.2,Medium,Fare paid does not match official concession rate,Abnormal Concession Usage
TXN108273,PSG102775,Dilani Dissanayake,2024-06-14,Colombo Fort - Badulla,Student Concession,168,0,,25.6,Low,No strong rule triggered — flagged by model anomaly score only,Unclassified
TXN108283,PSG100295,Piyumi Abeywardena,2024-06-14,Colombo Fort - Badulla,Full Fare,180,0,,40.3,Medium,Passenger has multiple prior fraud incidents,Unclassified
TXN108279,PSG103135,Nadeesha Kumara,2024-06-14,Colombo Fort - Matara,Full Fare,180,0,,32.5,Low,Passenger has multiple prior fraud incidents,Unclassified
TXN108289,PSG103116,Ruwan Jayawardena,2024-06-15,Kandy - Badulla (Upcountry local),Full Fare,180,0,,17.1,Low,No strong rule triggered — flagged by model anomaly score only,Unclassified
TXN108286,PSG101500,Malsha Ekanayake,2024-06-15,Colombo Fort - Trincomalee,Full Fare,180,0,,26.2,Low,No strong rule triggered — flagged by model anomaly score only,Unclassified
TXN108285,PSG100862,Kavindi Kumara,2024-06-15,Colombo Fort - Kandy,Season Ticket,90,0,,27.7,Low,No strong rule triggered — flagged by model anomaly score only,Unclassified
TXN108294,PSG102639,Tharindu Jayawardena,2024-06-15,Maradana - Puttalam,Full Fare,180,0,,11.0,Low,No strong rule triggered — flagged by model anomaly score only,Unclassified
TXN108293,PSG100397,Nuwan Gunawardena,2024-06-15,Colombo Fort - Vavuniya,Student Concession,168,0,,29.3,Low,No strong rule triggered — flagged by model anomaly score only,Unclassified
TXN108287,PSG100817,Nuwan Karunaratne,2024-06-15,Maradana - Puttalam,Full Fare,180,0,,22.8,Low,No strong rule triggered — flagged by model anomaly score only,Unclassified
TXN108291,PSG100415,Ashan Bandara,2024-06-15,Colombo Fort - Kandy,Student Concession,72,0,,45.4,Medium,Passenger has multiple prior fraud incidents,Unclassified
TXN108288,PSG102877,Ruwan Rathnayake,2024-06-15,Colombo Fort - Jaffna,Government Employee Concession,108,0,,54.4,Medium,Passenger has multiple prior fraud incidents,Unclassified
TXN108292,PSG100539,Nuwan de Zoysa,2024-06-15,Colombo Fort - Badulla,Full Fare,420,0,,18.9,Low,No strong rule triggered — flagged by model anomaly score only,Unclassified
TXN108290,PSG102081,Kavindi Bandara,2024-06-15,Colombo Fort - Ratnapura Line,Senior Citizen Concession,90,0,,32.3,Low,No strong rule triggered — flagged by model anomaly score only,Unclassified
TXN108302,PSG101493,Sachini Kumara,2024-06-16,Colombo Fort - Kurunegala,Full Fare,180,0,,16.6,Low,No strong rule triggered — flagged by model anomaly score only,Unclassified
TXN108301,PSG100223,Lasith Rajapaksha,2024-06-16,Colombo Fort - Badulla,Full Fare,180,0,,16.9,Low,No strong rule triggered — flagged by model anomaly score only,Unclassified
TXN108295,PSG100371,Chathurika Gunawardena,2024-06-16,Colombo Fort - Jaffna,Full Fare,180,0,,14.1,Low,No strong rule triggered — flagged by model anomaly score only,Unclassified
TXN108304,PSG100187,Yasas Fernando,2024-06-16,Colombo Fort - Jaffna,Full Fare,420,0,,18.9,Low,No strong rule triggered — flagged by model anomaly score only,Unclassified
TXN108299,PSG102833,Priyantha de Zoysa,2024-06-16,Colombo Fort - Jaffna,Full Fare,180,0,,14.0,Low,No strong rule triggered — flagged by model anomaly score only,Unclassified
TXN108300,PSG100639,Nimal Wijesekara,2024-06-16,Colombo Fort - Anuradhapura,Full Fare,950,0,,48.1,Medium,No strong rule triggered — flagged by model anomaly score only,Unclassified
TXN108298,PSG102453,Dinesh Kumara,2024-06-16,Colombo Fort - Negombo (Coastal Line local),Senior Citizen Concession,210,0,,28.0,Low,No strong rule triggered — flagged by model anomaly score only,Unclassified
TXN108306,PSG100756,Sachini Wickramasinghe,2024-06-16,Kandy - Badulla (Upcountry local),Season Ticket,90,0,,16.5,Low,No strong rule triggered — flagged by model anomaly score only,Unclassified
TXN108307,PSG100841,Kamal Kumara,2024-06-16,Colombo Fort - Ratnapura Line,Full Fare,180,0,,31.1,Low,No strong rule triggered — flagged by model anomaly score only,Unclassified
TXN108303,PSG100263,Roshan Silva,2024-06-16,Maradana - Puttalam,Student Concession,168,0,,28.7,Low,No strong rule triggered — flagged by model anomaly score only,Unclassified
TXN108296,PSG102688,Chamara Gunawardena,2024-06-16,Colombo Fort - Kandy,Student Concession,380,1,Ticket Reuse,82.0,High,Ticket scanned multiple times (possible reuse),Ticket Reuse
TXN108305,PSG101077,Hansika Weerasinghe,2024-06-16,Colombo Fort - Negombo (Coastal Line local),Season Ticket,210,0,,46.9,Medium,No strong rule triggered — flagged by model anomaly score only,Unclassified
TXN108297,PSG102057,Dinesh Weerasinghe,2024-06-16,Colombo Fort - Galle,Full Fare,180,0,,31.3,Low,No strong rule triggered — flagged by model anomaly score only,Unclassified
TXN108311,PSG101298,Nadeesha Herath,2024-06-17,Colombo Fort - Anuradhapura,Government Employee Concession,252,0,,36.2,Low,No strong rule triggered — flagged by model anomaly score only,Unclassified
TXN108313,PSG101039,Ashan Silva,2024-06-17,Colombo Fort - Jaffna,Senior Citizen Concession,72,1,Abnormal Concession Usage,90.1,High,Fare paid does not match official concession rate; Passenger has multiple prior fraud incidents,Abnormal Concession Usage
TXN108309,PSG100463,Kavindi Wickramasinghe,2024-06-17,Colombo Fort - Badulla,Full Fare,180,0,,5.1,Low,No strong rule triggered — flagged by model anomaly score only,Unclassified
TXN108308,PSG103026,Tharindu Gunawardena,2024-06-17,Colombo Fort - Jaffna,Full Fare,420,0,,31.1,Low,No strong rule triggered — flagged by model anomaly score only,Unclassified
TXN108310,PSG103121,Roshan Wickramasinghe,2024-06-17,Colombo Fort - Jaffna,Government Employee Concession,252,0,,31.3,Low,No strong rule triggered — flagged by model anomaly score only,Unclassified
TXN108312,PSG100158,Hansika Herath,2024-06-17,Kandy - Badulla (Upcountry local),Full Fare,180,0,,18.9,Low,No strong rule triggered — flagged by model anomaly score only,Unclassified
TXN108316,PSG101490,Hansika Fernando,2024-06-18,Colombo Fort - Badulla,Full Fare,180,0,,16.1,Low,No strong rule triggered — flagged by model anomaly score only,Unclassified
TXN108314,PSG102327,Saman Jayawardena,2024-06-18,Colombo Fort - Kandy,Full Fare,180,0,,11.2,Low,No strong rule triggered — flagged by model anomaly score only,Unclassified
TXN108318,PSG103096,Ashan Fernando,2024-06-18,Kandy - Badulla (Upcountry local),Full Fare,180,0,,4.9,Low,No strong rule triggered — flagged by model anomaly score only,Unclassified
TXN108315,PSG101970,Kavindi Wickramasinghe,2024-06-18,Colombo Fort - Trincomalee,Season Ticket,90,0,,24.2,Low,No strong rule triggered — flagged by model anomaly score only,Unclassified
TXN108317,PSG100551,Roshan Jayawardena,2024-06-18,Kandy - Badulla (Upcountry local),Full Fare,180,0,,21.9,Low,No strong rule triggered — flagged by model anomaly score only,Unclassified
TXN108319,PSG100296,Ashan Rajapaksha,2024-06-19,Colombo Fort - Jaffna,Season Ticket,90,0,,49.1,Medium,Passenger has multiple prior fraud incidents,Unclassified
TXN108322,PSG101148,Chamara Weerasinghe,2024-06-19,Maradana - Puttalam,Student Concession,168,0,,22.4,Low,No strong rule triggered — flagged by model anomaly score only,Unclassified
TXN108323,PSG102108,Ishara Wickramasinghe,2024-06-19,Kandy - Badulla (Upcountry local),Season Ticket,90,0,,15.1,Low,No strong rule triggered — flagged by model anomaly score only,Unclassified
TXN108320,PSG100862,Kavindi Kumara,2024-06-19,Colombo Fort - Vavuniya,Full Fare,180,0,,20.6,Low,No strong rule triggered — flagged by model anomaly score only,Unclassified
TXN108321,PSG102104,Priyantha Amarasinghe,2024-06-19,Colombo Fort - Vavuniya,Season Ticket,90,0,,15.3,Low,No strong rule triggered — flagged by model anomaly score only,Unclassified
TXN108329,PSG100281,Ishara Jayawardena,2024-06-20,Colombo Fort - Anuradhapura,Full Fare,180,1,Ticket Reuse,79.0,High,Ticket scanned multiple times (possible reuse); Passenger has multiple prior fraud incidents,Ticket Reuse
TXN108325,PSG100326,Priyantha de Zoysa,2024-06-20,Colombo Fort - Vavuniya,Season Ticket,90,0,,20.3,Low,No strong rule triggered — flagged by model anomaly score only,Unclassified
TXN108326,PSG100787,Ruwan Wickramasinghe,2024-06-20,Kandy - Badulla (Upcountry local),Full Fare,420,0,,11.6,Low,No strong rule triggered — flagged by model anomaly score only,Unclassified
TXN108330,PSG102642,Chaminda Senanayake,2024-06-20,Colombo Fort - Badulla,Disability Concession,54,0,,76.7,High,Passenger has multiple prior fraud incidents,Unclassified
TXN108324,PSG102148,Ravindu Kumara,2024-06-20,Colombo Fort - Negombo (Coastal Line local),Full Fare,180,0,,7.8,Low,No strong rule triggered — flagged by model anomaly score only,Unclassified
TXN108332,PSG101943,Sunil Jayawardena,2024-06-20,Colombo Fort - Trincomalee,Full Fare,180,0,,11.2,Low,No strong rule triggered — flagged by model anomaly score only,Unclassified
TXN108331,PSG102507,Chathurika Abeywardena,2024-06-20,Colombo Fort - Batticaloa,Full Fare,180,1,Ticket Reuse,49.8,Medium,Ticket scanned multiple times (possible reuse),Ticket Reuse
TXN108328,PSG101351,Priyantha de Zoysa,2024-06-20,Kandy - Badulla (Upcountry local),Season Ticket,90,0,,21.1,Low,No strong rule triggered — flagged by model anomaly score only,Unclassified
TXN108327,PSG100975,Roshan Amarasinghe,2024-06-20,Colombo Fort - Kandy,Senior Citizen Concession,90,1,Suspicious Resale,71.2,High,Online booking with no assigned seat (possible resale),Suspicious Resale
TXN108337,PSG102549,Gayan Gunawardena,2024-06-21,Maradana - Puttalam,Senior Citizen Concession,90,0,,32.9,Low,No strong rule triggered — flagged by model anomaly score only,Unclassified
TXN108335,PSG101655,Nadeesha Rathnayake,2024-06-21,Colombo Fort - Vavuniya,Student Concession,72,0,,12.2,Low,No strong rule triggered — flagged by model anomaly score only,Unclassified
TXN108334,PSG103121,Roshan Wickramasinghe,2024-06-21,Kandy - Badulla (Upcountry local),Full Fare,180,0,,12.2,Low,No strong rule triggered — flagged by model anomaly score only,Unclassified
TXN108336,PSG102340,Lasith Jayawardena,2024-06-21,Colombo Fort - Vavuniya,Full Fare,180,0,,28.8,Low,No strong rule triggered — flagged by model anomaly score only,Unclassified
TXN108333,PSG101366,Roshan Bandara,2024-06-21,Colombo Fort - Jaffna,Student Concession,380,0,,37.5,Low,No strong rule triggered — flagged by model anomaly score only,Unclassified
TXN108341,PSG100688,Gayan Kumara,2024-06-22,Colombo Fort - Kurunegala,Full Fare,180,0,,22.1,Low,No strong rule triggered — flagged by model anomaly score only,Unclassified
TXN108339,PSG102492,Chamara Fernando,2024-06-22,Maradana - Puttalam,Student Concession,72,0,,31.6,Low,No strong rule triggered — flagged by model anomaly score only,Unclassified
TXN108340,PSG103082,Ashan Ekanayake,2024-06-22,Colombo Fort - Trincomalee,Full Fare,180,0,,17.9,Low,No strong rule triggered — flagged by model anomaly score only,Unclassified
TXN108344,PSG101511,Tharindu Jayawardena,2024-06-22,Colombo Fort - Trincomalee,Season Ticket,90,0,,24.7,Low,No strong rule triggered — flagged by model anomaly score only,Unclassified
TXN108342,PSG102196,Nimal Fernando,2024-06-22,Colombo Fort - Vavuniya,Full Fare,180,0,,11.5,Low,No strong rule triggered — flagged by model anomaly score only,Unclassified
TXN108343,PSG100878,Kasun Amarasinghe,2024-06-22,Colombo Fort - Anuradhapura,Full Fare,420,0,,17.0,Low,No strong rule triggered — flagged by model anomaly score only,Unclassified
TXN108345,PSG100898,Chaminda Jayawardena,2024-06-22,Colombo Fort - Kandy,Full Fare,180,0,,36.7,Low,No strong rule triggered — flagged by model anomaly score only,Unclassified
TXN108338,PSG102956,Anushka Jayawardena,2024-06-22,Colombo Fort - Kandy,Government Employee Concession,252,0,,49.8,Medium,No strong rule triggered — flagged by model anomaly score only,Unclassified
TXN108351,PSG100651,Anushka Wijesekara,2024-06-23,Colombo Fort - Matara,Full Fare,180,0,,11.0,Low,No strong rule triggered — flagged by model anomaly score only,Unclassified
TXN108346,PSG101482,Sachini Senanayake,2024-06-23,Colombo Fort - Kurunegala,Full Fare,180,0,,11.2,Low,No strong rule triggered — flagged by model anomaly score only,Unclassified
TXN108347,PSG100202,Ishara Karunaratne,2024-06-23,Colombo Fort - Batticaloa,Government Employee Concession,99,1,Abnormal Concession Usage,52.8,Medium,Fare paid does not match official concession rate,Abnormal Concession Usage
TXN108352,PSG101040,Piyumi Fernando,2024-06-23,Kandy - Badulla (Upcountry local),Government Employee Concession,108,0,,23.4,Low,No strong rule triggered — flagged by model anomaly score only,Unclassified
TXN108350,PSG100347,Sunil Gunawardena,2024-06-23,Maradana - Puttalam,Full Fare,420,0,,25.5,Low,No strong rule triggered — flagged by model anomaly score only,Unclassified
TXN108353,PSG102539,Piyumi Karunaratne,2024-06-23,Colombo Fort - Matara,Season Ticket,90,0,,31.4,Low,No strong rule triggered — flagged by model anomaly score only,Unclassified
TXN108355,PSG102935,Malsha Weerasinghe,2024-06-23,Colombo Fort - Batticaloa,Full Fare,950,0,,22.4,Low,No strong rule triggered — flagged by model anomaly score only,Unclassified
TXN108349,PSG100994,Priyantha Abeywardena,2024-06-23,Colombo Fort - Ratnapura Line,Full Fare,420,0,,16.4,Low,No strong rule triggered — flagged by model anomaly score only,Unclassified
TXN108354,PSG101730,Nuwan Abeywardena,2024-06-23,Colombo Fort - Anuradhapura,Season Ticket,90,0,,18.5,Low,No strong rule triggered — flagged by model anomaly score only,Unclassified
TXN108348,PSG102951,Sunil Kumara,2024-06-23,Colombo Fort - Anuradhapura,Full Fare,180,0,,32.4,Low,No strong rule triggered — flagged by model anomaly score only,Unclassified
TXN108357,PSG100764,Nimal Abeywardena,2024-06-24,Colombo Fort - Anuradhapura,Disability Concession,54,0,,28.9,Low,No strong rule triggered — flagged by model anomaly score only,Unclassified
TXN108361,PSG101696,Malsha Jayawardena,2024-06-24,Colombo Fort - Galle,Full Fare,420,0,,11.3,Low,No strong rule triggered — flagged by model anomaly score only,Unclassified
TXN108358,PSG100779,Chaminda Wijesekara,2024-06-24,Colombo Fort - Badulla,Season Ticket,90,0,,20.0,Low,No strong rule triggered — flagged by model anomaly score only,Unclassified
TXN108364,PSG101826,Nuwan Karunaratne,2024-06-24,Colombo Fort - Anuradhapura,Student Concession,63,1,Abnormal Concession Usage,39.2,Low,Fare paid does not match official concession rate,Abnormal Concession Usage
TXN108363,PSG101429,Hansika Rathnayake,2024-06-24,Colombo Fort - Anuradhapura,Full Fare,950,0,,17.9,Low,No strong rule triggered — flagged by model anomaly score only,Unclassified
TXN108360,PSG100457,Sithumini Weerasinghe,2024-06-24,Colombo Fort - Galle,Full Fare,180,0,,11.4,Low,No strong rule triggered — flagged by model anomaly score only,Unclassified
TXN108362,PSG102212,Lasith Wijesekara,2024-06-24,Colombo Fort - Ratnapura Line,Disability Concession,126,0,,47.1,Medium,No strong rule triggered — flagged by model anomaly score only,Unclassified
TXN108359,PSG101503,Sithumini Rathnayake,2024-06-24,Colombo Fort - Negombo (Coastal Line local),Full Fare,180,0,,8.1,Low,No strong rule triggered — flagged by model anomaly score only,Unclassified
TXN108356,PSG101700,Piyumi Abeywardena,2024-06-24,Colombo Fort - Trincomalee,Student Concession,72,0,,18.9,Low,No strong rule triggered — flagged by model anomaly score only,Unclassified
TXN108367,PSG102130,Priyantha Bandara,2024-06-25,Colombo Fort - Matara,Season Ticket,475,0,,50.6,Medium,No strong rule triggered — flagged by model anomaly score only,Unclassified
TXN108370,PSG100989,Kamal Kumara,2024-06-25,Kandy - Badulla (Upcountry local),Full Fare,420,0,,23.7,Low,No strong rule triggered — flagged by model anomaly score only,Unclassified
TXN108366,PSG102886,Nuwan Perera,2024-06-25,Colombo Fort - Galle,Full Fare,180,0,,7.5,Low,No strong rule triggered — flagged by model anomaly score only,Unclassified
TXN108368,PSG101571,Ravindu Senanayake,2024-06-25,Colombo Fort - Negombo (Coastal Line local),Full Fare,950,0,,21.6,Low,No strong rule triggered — flagged by model anomaly score only,Unclassified
TXN108369,PSG102516,Kasun Silva,2024-06-25,Colombo Fort - Ratnapura Line,Student Concession,72,0,,35.9,Low,No strong rule triggered — flagged by model anomaly score only,Unclassified
TXN108365,PSG100197,Hansika Wijesekara,2024-06-25,Maradana - Puttalam,Full Fare,180,0,,7.6,Low,No strong rule triggered — flagged by model anomaly score only,Unclassified
TXN108376,PSG101191,Roshan Dissanayake,2024-06-26,Colombo Fort - Anuradhapura,Full Fare,180,1,Ticket Reuse,59.6,Medium,Ticket scanned multiple times (possible reuse),Ticket Reuse
TXN108373,PSG102088,Lasith Herath,2024-06-26,Colombo Fort - Galle,Full Fare,950,0,,20.5,Low,No strong rule triggered — flagged by model anomaly score only,Unclassified
TXN108375,PSG102002,Piyumi Rajapaksha,2024-06-26,Colombo Fort - Batticaloa,Government Employee Concession,108,0,,23.5,Low,No strong rule triggered — flagged by model anomaly score only,Unclassified
TXN108374,PSG101598,Priyantha de Zoysa,2024-06-26,Colombo Fort - Trincomalee,Full Fare,180,0,,11.9,Low,No strong rule triggered — flagged by model anomaly score only,Unclassified
TXN108371,PSG102132,Sithumini Rajapaksha,2024-06-26,Colombo Fort - Ratnapura Line,Season Ticket,90,0,,20.5,Low,No strong rule triggered — flagged by model anomaly score only,Unclassified
TXN108372,PSG102915,Lasith Jayawardena,2024-06-26,Colombo Fort - Galle,Full Fare,180,0,,6.4,Low,No strong rule triggered — flagged by model anomaly score only,Unclassified
TXN108382,PSG100091,Ishara Ekanayake,2024-06-27,Colombo Fort - Kandy,Government Employee Concession,99,1,Abnormal Concession Usage,58.6,Medium,Fare paid does not match official concession rate; Irregular fare during off-peak/night hours,Abnormal Concession Usage
TXN108378,PSG102516,Kasun Silva,2024-06-27,Colombo Fort - Badulla,Student Concession,168,0,,43.4,Medium,No strong rule triggered — flagged by model anomaly score only,Unclassified
TXN108381,PSG101901,Piyumi Perera,2024-06-27,Colombo Fort - Ratnapura Line,Full Fare,180,0,,8.6,Low,No strong rule triggered — flagged by model anomaly score only,Unclassified
TXN108377,PSG101039,Ashan Silva,2024-06-27,Colombo Fort - Negombo (Coastal Line local),Full Fare,420,0,,37.6,Low,Passenger has multiple prior fraud incidents,Unclassified
TXN108380,PSG101905,Priyantha Rathnayake,2024-06-27,Colombo Fort - Kurunegala,Student Concession,72,0,,18.9,Low,No strong rule triggered — flagged by model anomaly score only,Unclassified
TXN108379,PSG100522,Hansika Jayawardena,2024-06-27,Colombo Fort - Vavuniya,Government Employee Concession,108,0,,18.4,Low,No strong rule triggered — flagged by model anomaly score only,Unclassified
TXN108383,PSG100713,Anushka Abeywardena,2024-06-27,Colombo Fort - Galle,Senior Citizen Concession,90,0,,47.9,Medium,Passenger has multiple prior fraud incidents,Unclassified
TXN108389,PSG102288,Sunil Jayawardena,2024-06-28,Colombo Fort - Negombo (Coastal Line local),Full Fare,420,0,,10.8,Low,No strong rule triggered — flagged by model anomaly score only,Unclassified
TXN108385,PSG102712,Lasith Bandara,2024-06-28,Colombo Fort - Negombo (Coastal Line local),Full Fare,180,0,,21.1,Low,No strong rule triggered — flagged by model anomaly score only,Unclassified
TXN108386,PSG101054,Dinesh Gunawardena,2024-06-28,Colombo Fort - Kandy,Season Ticket,210,0,,24.5,Low,No strong rule triggered — flagged by model anomaly score only,Unclassified
TXN108387,PSG101156,Nadeesha Fernando,2024-06-28,Colombo Fort - Trincomalee,Student Concession,72,0,,16.3,Low,No strong rule triggered — flagged by model anomaly score only,Unclassified
TXN108384,PSG100104,Ashan Kumara,2024-06-28,Colombo Fort - Batticaloa,Full Fare,180,0,,23.8,Low,No strong rule triggered — flagged by model anomaly score only,Unclassified
TXN108388,PSG102804,Dilani Silva,2024-06-28,Colombo Fort - Ratnapura Line,Full Fare,180,0,,14.8,Low,No strong rule triggered — flagged by model anomaly score only,Unclassified
TXN108390,PSG100625,Ashan Rathnayake,2024-06-28,Colombo Fort - Badulla,Student Concession,72,1,Suspicious Resale,69.7,High,Online booking with no assigned seat (possible resale),Suspicious Resale
TXN108392,PSG101615,Sanduni Bandara,2024-06-29,Colombo Fort - Vavuniya,Full Fare,180,0,,11.2,Low,No strong rule triggered — flagged by model anomaly score only,Unclassified
TXN108394,PSG100725,Dinesh Perera,2024-06-29,Colombo Fort - Galle,Government Employee Concession,108,0,,21.6,Low,No strong rule triggered — flagged by model anomaly score only,Unclassified
TXN108393,PSG101368,Sithumini Jayawardena,2024-06-29,Colombo Fort - Vavuniya,Full Fare,420,0,,13.6,Low,No strong rule triggered — flagged by model anomaly score only,Unclassified
TXN108391,PSG102115,Sunil Abeywardena,2024-06-29,Colombo Fort - Batticaloa,Student Concession,126,1,Abnormal Concession Usage,78.7,High,Fare paid does not match official concession rate,Abnormal Concession Usage
TXN108396,PSG100252,Dinesh Weerasinghe,2024-06-29,Colombo Fort - Kandy,Disability Concession,126,0,,58.6,Medium,Passenger has multiple prior fraud incidents,Unclassified
TXN108395,PSG101524,Chamara Herath,2024-06-29,Colombo Fort - Kurunegala,Government Employee Concession,570,0,,46.2,Medium,No strong rule triggered — flagged by model anomaly score only,Unclassified
TXN108400,PSG102069,Yasas Karunaratne,2024-06-30,Colombo Fort - Ratnapura Line,Full Fare,420,0,,32.3,Low,No strong rule triggered — flagged by model anomaly score only,Unclassified
TXN108397,PSG103130,Saman Rathnayake,2024-06-30,Kandy - Badulla (Upcountry local),Senior Citizen Concession,210,0,,28.3,Low,No strong rule triggered — flagged by model anomaly score only,Unclassified
TXN108399,PSG102778,Saman Gunawardena,2024-06-30,Colombo Fort - Anuradhapura,Full Fare,420,0,,16.6,Low,No strong rule triggered — flagged by model anomaly score only,Unclassified
TXN108398,PSG102345,Nimal Fernando,2024-06-30,Colombo Fort - Anuradhapura,Full Fare,420,0,,25.8,Low,No strong rule triggered — flagged by model anomaly score only,Unclassified
TXN108406,PSG101443,Roshan Fernando,2024-07-01,Colombo Fort - Anuradhapura,Full Fare,180,1,Ticket Reuse,59.0,Medium,Ticket scanned multiple times (possible reuse),Ticket Reuse
TXN108403,PSG101547,Roshan Kumara,2024-07-01,Colombo Fort - Kurunegala,Season Ticket,475,0,,45.6,Medium,Passenger has multiple prior fraud incidents,Unclassified
TXN108404,PSG101269,Nadeesha Weerasinghe,2024-07-01,Colombo Fort - Kandy,Senior Citizen Concession,90,0,,21.6,Low,No strong rule triggered — flagged by model anomaly score only,Unclassified
TXN108401,PSG103192,Ashan Senanayake,2024-07-01,Colombo Fort - Badulla,Full Fare,180,0,,4.8,Low,No strong rule triggered — flagged by model anomaly score only,Unclassified
TXN108405,PSG100031,Kasun Rajapaksha,2024-07-01,Colombo Fort - Trincomalee,Full Fare,180,1,Suspicious Resale,70.7,High,Online booking with no assigned seat (possible resale),Suspicious Resale
TXN108402,PSG100393,Nimal Ekanayake,2024-07-01,Colombo Fort - Vavuniya,Student Concession,72,0,,23.3,Low,No strong rule triggered — flagged by model anomaly score only,Unclassified
TXN108409,PSG101716,Priyantha Wickramasinghe,2024-07-02,Colombo Fort - Vavuniya,Full Fare,950,0,,31.1,Low,No strong rule triggered — flagged by model anomaly score only,Unclassified
TXN108407,PSG101239,Sunil Silva,2024-07-02,Colombo Fort - Badulla,Full Fare,180,1,Ticket Reuse,54.8,Medium,Ticket scanned multiple times (possible reuse),Ticket Reuse
TXN108411,PSG100288,Roshan Karunaratne,2024-07-02,Colombo Fort - Negombo (Coastal Line local),Full Fare,180,0,,9.5,Low,No strong rule triggered — flagged by model anomaly score only,Unclassified
TXN108410,PSG100308,Ashan Gunawardena,2024-07-02,Colombo Fort - Kandy,Senior Citizen Concession,475,1,Ticket Reuse,78.2,High,Ticket scanned multiple times (possible reuse),Ticket Reuse
TXN108408,PSG101537,Sithumini Herath,2024-07-02,Colombo Fort - Badulla,Full Fare,180,0,,18.4,Low,No strong rule triggered — flagged by model anomaly score only,Unclassified
TXN108415,PSG101318,Kasun Herath,2024-07-03,Colombo Fort - Anuradhapura,Full Fare,180,0,,21.7,Low,No strong rule triggered — flagged by model anomaly score only,Unclassified
TXN108412,PSG102516,Kasun Silva,2024-07-03,Colombo Fort - Jaffna,Student Concession,72,0,,42.2,Medium,No strong rule triggered — flagged by model anomaly score only,Unclassified
TXN108413,PSG102302,Priyantha Weerasinghe,2024-07-03,Colombo Fort - Ratnapura Line,Full Fare,420,1,Suspicious Resale,68.6,High,Online booking with no assigned seat (possible resale),Suspicious Resale
TXN108414,PSG101332,Priyantha Karunaratne,2024-07-03,Colombo Fort - Kandy,Season Ticket,210,0,,23.9,Low,No strong rule triggered — flagged by model anomaly score only,Unclassified
TXN108426,PSG102228,Sithumini Perera,2024-07-04,Kandy - Badulla (Upcountry local),Full Fare,420,0,,24.5,Low,No strong rule triggered — flagged by model anomaly score only,Unclassified
TXN108419,PSG100504,Sachini Karunaratne,2024-07-04,Colombo Fort - Kurunegala,Student Concession,72,0,,36.6,Low,No strong rule triggered — flagged by model anomaly score only,Unclassified
TXN108422,PSG100817,Nuwan Karunaratne,2024-07-04,Colombo Fort - Vavuniya,Full Fare,180,0,,22.0,Low,No strong rule triggered — flagged by model anomaly score only,Unclassified
TXN108417,PSG102297,Dilani Perera,2024-07-04,Colombo Fort - Anuradhapura,Full Fare,420,0,,20.6,Low,No strong rule triggered — flagged by model anomaly score only,Unclassified
TXN108424,PSG100886,Kasun Dissanayake,2024-07-04,Maradana - Puttalam,Full Fare,180,0,,11.3,Low,No strong rule triggered — flagged by model anomaly score only,Unclassified
TXN108421,PSG100281,Ishara Jayawardena,2024-07-04,Colombo Fort - Vavuniya,Season Ticket,210,0,,44.6,Medium,Passenger has multiple prior fraud incidents,Unclassified
TXN108418,PSG100884,Sunil Jayawardena,2024-07-04,Colombo Fort - Negombo (Coastal Line local),Government Employee Concession,108,0,,37.6,Low,Passenger has multiple prior fraud incidents,Unclassified
TXN108416,PSG101383,Tharindu Rajapaksha,2024-07-04,Colombo Fort - Badulla,Senior Citizen Concession,210,0,,29.9,Low,No strong rule triggered — flagged by model anomaly score only,Unclassified
TXN108423,PSG100326,Priyantha de Zoysa,2024-07-04,Colombo Fort - Vavuniya,Student Concession,72,0,,27.9,Low,No strong rule triggered — flagged by model anomaly score only,Unclassified
TXN108420,PSG103092,Chamara Wijesekara,2024-07-04,Colombo Fort - Ratnapura Line,Senior Citizen Concession,90,0,,25.5,Low,No strong rule triggered — flagged by model anomaly score only,Unclassified
TXN108425,PSG101676,Saman Herath,2024-07-04,Colombo Fort - Ratnapura Line,Season Ticket,90,0,,26.5,Low,No strong rule triggered — flagged by model anomaly score only,Unclassified
TXN108428,PSG100067,Malsha Wickramasinghe,2024-07-05,Kandy - Badulla (Upcountry local),Student Concession,72,0,,24.2,Low,No strong rule triggered — flagged by model anomaly score only,Unclassified
TXN108431,PSG101173,Lasith Kumara,2024-07-05,Colombo Fort - Batticaloa,Full Fare,420,0,,15.5,Low,No strong rule triggered — flagged by model anomaly score only,Unclassified
TXN108436,PSG100196,Tharindu Senanayake,2024-07-05,Colombo Fort - Anuradhapura,Full Fare,180,0,,23.8,Low,No strong rule triggered — flagged by model anomaly score only,Unclassified
TXN108427,PSG102731,Hansika Gunawardena,2024-07-05,Colombo Fort - Jaffna,Full Fare,180,0,,10.2,Low,No strong rule triggered — flagged by model anomaly score only,Unclassified
TXN108432,PSG101853,Ruwan Kumara,2024-07-05,Colombo Fort - Jaffna,Full Fare,180,0,,12.1,Low,No strong rule triggered — flagged by model anomaly score only,Unclassified
TXN108435,PSG101560,Dilani Rajapaksha,2024-07-05,Colombo Fort - Badulla,Government Employee Concession,108,0,,26.9,Low,No strong rule triggered — flagged by model anomaly score only,Unclassified
TXN108433,PSG102904,Ishara Dissanayake,2024-07-05,Kandy - Badulla (Upcountry local),Student Concession,168,0,,17.2,Low,No strong rule triggered — flagged by model anomaly score only,Unclassified
TXN108429,PSG100281,Ishara Jayawardena,2024-07-05,Maradana - Puttalam,Senior Citizen Concession,475,0,,58.4,Medium,Passenger has multiple prior fraud incidents,Unclassified
TXN108430,PSG100362,Malsha Silva,2024-07-05,Colombo Fort - Ratnapura Line,Full Fare,180,0,,11.7,Low,No strong rule triggered — flagged by model anomaly score only,Unclassified
TXN108434,PSG101898,Anushka Fernando,2024-07-05,Colombo Fort - Jaffna,Season Ticket,90,0,,26.0,Low,No strong rule triggered — flagged by model anomaly score only,Unclassified
TXN108439,PSG100434,Ravindu Perera,2024-07-06,Colombo Fort - Badulla,Full Fare,950,1,Suspicious Resale,54.9,Medium,Passenger has multiple prior fraud incidents,Unclassified
TXN108448,PSG102833,Priyantha de Zoysa,2024-07-06,Colombo Fort - Galle,Full Fare,950,0,,19.3,Low,No strong rule triggered — flagged by model anomaly score only,Unclassified
TXN108450,PSG102698,Gayan Dissanayake,2024-07-06,Colombo Fort - Jaffna,Senior Citizen Concession,90,0,,25.7,Low,No strong rule triggered — flagged by model anomaly score only,Unclassified
TXN108438,PSG101368,Sithumini Jayawardena,2024-07-06,Colombo Fort - Kandy,Full Fare,180,0,,13.9,Low,No strong rule triggered — flagged by model anomaly score only,Unclassified
TXN108437,PSG102443,Anushka Karunaratne,2024-07-06,Colombo Fort - Kandy,Season Ticket,90,0,,19.9,Low,No strong rule triggered — flagged by model anomaly score only,Unclassified
TXN108442,PSG100147,Kavindi Karunaratne,2024-07-06,Colombo Fort - Jaffna,Disability Concession,126,0,,62.5,Medium,Passenger has multiple prior fraud incidents,Unclassified
TXN108443,PSG100782,Kavindi Weerasinghe,2024-07-06,Colombo Fort - Negombo (Coastal Line local),Student Concession,168,0,,20.5,Low,No strong rule triggered — flagged by model anomaly score only,Unclassified
TXN108441,PSG101644,Chamara Jayawardena,2024-07-06,Colombo Fort - Negombo (Coastal Line local),Full Fare,420,0,,17.0,Low,No strong rule triggered — flagged by model anomaly score only,Unclassified
TXN108446,PSG100118,Chathurika Rathnayake,2024-07-06,Colombo Fort - Galle,Government Employee Concession,570,0,,57.7,Medium,Passenger has multiple prior fraud incidents,Unclassified
TXN108447,PSG101014,Nadeesha Wickramasinghe,2024-07-06,Colombo Fort - Matara,Season Ticket,90,0,,15.7,Low,No strong rule triggered — flagged by model anomaly score only,Unclassified
TXN108440,PSG103179,Kamal Karunaratne,2024-07-06,Colombo Fort - Matara,Season Ticket,90,0,,16.2,Low,No strong rule triggered — flagged by model anomaly score only,Unclassified
TXN108444,PSG101255,Chamara Wijesekara,2024-07-06,Colombo Fort - Ratnapura Line,Full Fare,420,0,,21.0,Low,No strong rule triggered — flagged by model anomaly score only,Unclassified
TXN108449,PSG101572,Sachini Senanayake,2024-07-06,Kandy - Badulla (Upcountry local),Government Employee Concession,252,0,,28.1,Low,No strong rule triggered — flagged by model anomaly score only,Unclassified
TXN108445,PSG101956,Chamara Senanayake,2024-07-06,Colombo Fort - Ratnapura Line,Full Fare,180,0,,30.9,Low,No strong rule triggered — flagged by model anomaly score only,Unclassified
TXN108456,PSG101860,Chathurika Senanayake,2024-07-07,Colombo Fort - Galle,Full Fare,180,0,,22.5,Low,No strong rule triggered — flagged by model anomaly score only,Unclassified
TXN108458,PSG100038,Lasith Bandara,2024-07-07,Colombo Fort - Kurunegala,Senior Citizen Concession,90,0,,51.9,Medium,Passenger has multiple prior fraud incidents,Unclassified
TXN108457,PSG101274,Ishara Silva,2024-07-07,Colombo Fort - Badulla,Full Fare,180,0,,8.5,Low,No strong rule triggered — flagged by model anomaly score only,Unclassified
TXN108451,PSG100418,Piyumi Jayawardena,2024-07-07,Kandy - Badulla (Upcountry local),Season Ticket,90,0,,16.1,Low,No strong rule triggered — flagged by model anomaly score only,Unclassified
TXN108455,PSG101376,Sithumini Ekanayake,2024-07-07,Colombo Fort - Matara,Student Concession,72,0,,16.1,Low,No strong rule triggered — flagged by model anomaly score only,Unclassified
TXN108452,PSG102553,Sachini Rajapaksha,2024-07-07,Colombo Fort - Negombo (Coastal Line local),Full Fare,420,0,,17.6,Low,No strong rule triggered — flagged by model anomaly score only,Unclassified
TXN108453,PSG100068,Dilani Perera,2024-07-07,Colombo Fort - Kurunegala,Full Fare,180,0,,10.1,Low,No strong rule triggered — flagged by model anomaly score only,Unclassified
TXN108454,PSG101301,Malsha Senanayake,2024-07-07,Colombo Fort - Badulla,Student Concession,72,0,,22.6,Low,No strong rule triggered — flagged by model anomaly score only,Unclassified
TXN108459,PSG101056,Roshan Abeywardena,2024-07-07,Colombo Fort - Jaffna,Season Ticket,90,0,,33.0,Low,No strong rule triggered — flagged by model anomaly score only,Unclassified
TXN108466,PSG102440,Tharindu Rajapaksha,2024-07-08,Colombo Fort - Kandy,Full Fare,180,0,,18.2,Low,No strong rule triggered — flagged by model anomaly score only,Unclassified
TXN108461,PSG100426,Gayan Bandara,2024-07-08,Colombo Fort - Negombo (Coastal Line local),Senior Citizen Concession,90,0,,14.7,Low,No strong rule triggered — flagged by model anomaly score only,Unclassified
TXN108465,PSG101844,Chaminda Jayawardena,2024-07-08,Colombo Fort - Kurunegala,Season Ticket,90,0,,15.4,Low,No strong rule triggered — flagged by model anomaly score only,Unclassified
TXN108462,PSG100781,Ashan Abeywardena,2024-07-08,Colombo Fort - Kurunegala,Senior Citizen Concession,210,0,,24.3,Low,No strong rule triggered — flagged by model anomaly score only,Unclassified
TXN108467,PSG100037,Anushka Weerasinghe,2024-07-08,Colombo Fort - Vavuniya,Full Fare,180,0,,14.6,Low,No strong rule triggered — flagged by model anomaly score only,Unclassified
TXN108460,PSG102946,Saman Wickramasinghe,2024-07-08,Maradana - Puttalam,Full Fare,180,0,,12.6,Low,No strong rule triggered — flagged by model anomaly score only,Unclassified
TXN108464,PSG101297,Lasith Jayawardena,2024-07-08,Colombo Fort - Matara,Full Fare,420,0,,11.1,Low,No strong rule triggered — flagged by model anomaly score only,Unclassified
TXN108468,PSG103191,Dilani Perera,2024-07-08,Colombo Fort - Ratnapura Line,Season Ticket,90,0,,27.3,Low,No strong rule triggered — flagged by model anomaly score only,Unclassified
TXN108463,PSG101914,Anushka Jayawardena,2024-07-08,Colombo Fort - Badulla,Full Fare,180,0,,23.9,Low,No strong rule triggered — flagged by model anomaly score only,Unclassified
TXN108474,PSG102583,Hansika Jayawardena,2024-07-09,Colombo Fort - Batticaloa,Student Concession,72,0,,18.9,Low,No strong rule triggered — flagged by model anomaly score only,Unclassified
TXN108471,PSG101794,Chathurika Abeywardena,2024-07-09,Colombo Fort - Vavuniya,Full Fare,180,0,,11.9,Low,No strong rule triggered — flagged by model anomaly score only,Unclassified
TXN108473,PSG100045,Ravindu de Zoysa,2024-07-09,Colombo Fort - Ratnapura Line,Full Fare,180,0,,7.6,Low,No strong rule triggered — flagged by model anomaly score only,Unclassified
TXN108475,PSG102222,Sachini Rathnayake,2024-07-09,Colombo Fort - Negombo (Coastal Line local),Full Fare,420,0,,25.9,Low,No strong rule triggered — flagged by model anomaly score only,Unclassified
TXN108470,PSG102027,Nimal Dissanayake,2024-07-09,Colombo Fort - Negombo (Coastal Line local),Full Fare,180,0,,16.1,Low,No strong rule triggered — flagged by model anomaly score only,Unclassified
TXN108469,PSG101020,Dinesh Wijesekara,2024-07-09,Colombo Fort - Kurunegala,Full Fare,180,0,,10.1,Low,No strong rule triggered — flagged by model anomaly score only,Unclassified
TXN108472,PSG103068,Ruwan Herath,2024-07-09,Colombo Fort - Trincomalee,Full Fare,180,0,,21.2,Low,No strong rule triggered — flagged by model anomaly score only,Unclassified
TXN108477,PSG102363,Sunil Wijesekara,2024-07-10,Colombo Fort - Galle,Senior Citizen Concession,90,0,,16.9,Low,No strong rule triggered — flagged by model anomaly score only,Unclassified
TXN108481,PSG102635,Chamara Rathnayake,2024-07-10,Colombo Fort - Matara,Full Fare,180,0,,12.2,Low,No strong rule triggered — flagged by model anomaly score only,Unclassified
TXN108480,PSG101107,Saman Dissanayake,2024-07-10,Kandy - Badulla (Upcountry local),Full Fare,180,0,,7.5,Low,No strong rule triggered — flagged by model anomaly score only,Unclassified
TXN108476,PSG102565,Lasith Dissanayake,2024-07-10,Colombo Fort - Vavuniya,Full Fare,420,0,,16.0,Low,No strong rule triggered — flagged by model anomaly score only,Unclassified
TXN108483,PSG101835,Ruwan Fernando,2024-07-10,Colombo Fort - Jaffna,Full Fare,180,0,,12.4,Low,No strong rule triggered — flagged by model anomaly score only,Unclassified
TXN108479,PSG102756,Roshan Wijesekara,2024-07-10,Colombo Fort - Negombo (Coastal Line local),Season Ticket,90,0,,18.2,Low,No strong rule triggered — flagged by model anomaly score only,Unclassified
TXN108482,PSG101060,Malsha Rajapaksha,2024-07-10,Colombo Fort - Anuradhapura,Full Fare,180,0,,36.3,Low,Passenger has multiple prior fraud incidents,Unclassified
TXN108478,PSG103028,Nimal Amarasinghe,2024-07-10,Maradana - Puttalam,Full Fare,420,0,,18.4,Low,No strong rule triggered — flagged by model anomaly score only,Unclassified
TXN108485,PSG101652,Saman Gunawardena,2024-07-11,Colombo Fort - Jaffna,Full Fare,180,0,,12.9,Low,No strong rule triggered — flagged by model anomaly score only,Unclassified
TXN108487,PSG102961,Chathurika Rajapaksha,2024-07-11,Maradana - Puttalam,Student Concession,72,1,Suspicious Resale,70.4,High,Online booking with no assigned seat (possible resale),Suspicious Resale
TXN108484,PSG102714,Nimal Wijesekara,2024-07-11,Colombo Fort - Badulla,Student Concession,72,0,,49.5,Medium,Passenger has multiple prior fraud incidents,Unclassified
TXN108486,PSG102807,Sithumini Herath,2024-07-11,Colombo Fort - Galle,Season Ticket,90,0,,26.7,Low,No strong rule triggered — flagged by model anomaly score only,Unclassified
TXN108497,PSG100502,Saman Abeywardena,2024-07-12,Kandy - Badulla (Upcountry local),Full Fare,180,0,,17.9,Low,No strong rule triggered — flagged by model anomaly score only,Unclassified
TXN108495,PSG102912,Nadeesha Karunaratne,2024-07-12,Colombo Fort - Batticaloa,Full Fare,180,0,,10.9,Low,No strong rule triggered — flagged by model anomaly score only,Unclassified
TXN108496,PSG101750,Kamal Amarasinghe,2024-07-12,Colombo Fort - Matara,Senior Citizen Concession,210,0,,20.1,Low,No strong rule triggered — flagged by model anomaly score only,Unclassified
TXN108490,PSG100548,Sanduni Kumara,2024-07-12,Maradana - Puttalam,Full Fare,180,0,,7.5,Low,No strong rule triggered — flagged by model anomaly score only,Unclassified
TXN108489,PSG101093,Lasith Gunawardena,2024-07-12,Colombo Fort - Negombo (Coastal Line local),Senior Citizen Concession,90,0,,19.2,Low,No strong rule triggered — flagged by model anomaly score only,Unclassified
TXN108491,PSG101733,Kavindi Gunawardena,2024-07-12,Kandy - Badulla (Upcountry local),Full Fare,180,0,,6.6,Low,No strong rule triggered — flagged by model anomaly score only,Unclassified
TXN108492,PSG103129,Hansika Abeywardena,2024-07-12,Colombo Fort - Badulla,Senior Citizen Concession,90,0,,14.7,Low,No strong rule triggered — flagged by model anomaly score only,Unclassified
TXN108493,PSG100372,Malsha Dissanayake,2024-07-12,Colombo Fort - Batticaloa,Student Concession,72,0,,18.8,Low,No strong rule triggered — flagged by model anomaly score only,Unclassified
TXN108488,PSG102309,Dilani Wijesekara,2024-07-12,Kandy - Badulla (Upcountry local),Full Fare,180,0,,6.6,Low,No strong rule triggered — flagged by model anomaly score only,Unclassified
TXN108494,PSG100307,Anushka Amarasinghe,2024-07-12,Colombo Fort - Negombo (Coastal Line local),Season Ticket,90,0,,26.8,Low,No strong rule triggered — flagged by model anomaly score only,Unclassified
TXN108504,PSG100593,Ruwan Senanayake,2024-07-13,Colombo Fort - Ratnapura Line,Full Fare,180,0,,35.9,Low,No strong rule triggered — flagged by model anomaly score only,Unclassified
TXN108506,PSG100172,Roshan Gunawardena,2024-07-13,Colombo Fort - Galle,Full Fare,420,0,,29.3,Low,No strong rule triggered — flagged by model anomaly score only,Unclassified
TXN108505,PSG100318,Ashan Gunawardena,2024-07-13,Colombo Fort - Negombo (Coastal Line local),Full Fare,180,0,,12.1,Low,No strong rule triggered — flagged by model anomaly score only,Unclassified
TXN108499,PSG102117,Ashan Perera,2024-07-13,Colombo Fort - Jaffna,Disability Concession,126,0,,53.9,Medium,No strong rule triggered — flagged by model anomaly score only,Unclassified
TXN108503,PSG101728,Sachini Perera,2024-07-13,Kandy - Badulla (Upcountry local),Student Concession,72,0,,28.9,Low,No strong rule triggered — flagged by model anomaly score only,Unclassified
TXN108501,PSG101463,Dilani Wickramasinghe,2024-07-13,Maradana - Puttalam,Full Fare,420,1,Suspicious Resale,27.7,Low,No strong rule triggered — flagged by model anomaly score only,Unclassified
TXN108498,PSG101572,Sachini Senanayake,2024-07-13,Colombo Fort - Badulla,Season Ticket,90,0,,19.5,Low,No strong rule triggered — flagged by model anomaly score only,Unclassified
TXN108500,PSG102514,Hansika Bandara,2024-07-13,Colombo Fort - Vavuniya,Government Employee Concession,252,0,,24.2,Low,No strong rule triggered — flagged by model anomaly score only,Unclassified
TXN108502,PSG103043,Ravindu Rathnayake,2024-07-13,Colombo Fort - Kurunegala,Senior Citizen Concession,90,0,,31.3,Low,No strong rule triggered — flagged by model anomaly score only,Unclassified
TXN108509,PSG101987,Sunil Ekanayake,2024-07-14,Colombo Fort - Galle,Full Fare,180,0,,17.0,Low,No strong rule triggered — flagged by model anomaly score only,Unclassified
TXN108507,PSG101082,Gayan Abeywardena,2024-07-14,Colombo Fort - Kurunegala,Student Concession,168,0,,24.9,Low,No strong rule triggered — flagged by model anomaly score only,Unclassified
TXN108511,PSG103135,Nadeesha Kumara,2024-07-14,Kandy - Badulla (Upcountry local),Full Fare,420,0,,26.9,Low,Passenger has multiple prior fraud incidents,Unclassified
TXN108512,PSG102610,Lasith Wijesekara,2024-07-14,Colombo Fort - Badulla,Full Fare,420,0,,15.8,Low,No strong rule triggered — flagged by model anomaly score only,Unclassified
TXN108510,PSG103035,Saman Herath,2024-07-14,Colombo Fort - Badulla,Full Fare,180,0,,11.9,Low,No strong rule triggered — flagged by model anomaly score only,Unclassified
TXN108508,PSG101288,Dinesh Weerasinghe,2024-07-14,Colombo Fort - Batticaloa,Season Ticket,90,0,,34.2,Low,No strong rule triggered — flagged by model anomaly score only,Unclassified
TXN108513,PSG100372,Malsha Dissanayake,2024-07-14,Colombo Fort - Anuradhapura,Full Fare,420,0,,28.0,Low,No strong rule triggered — flagged by model anomaly score only,Unclassified
TXN108516,PSG102202,Ashan Wijesekara,2024-07-15,Colombo Fort - Galle,Full Fare,420,0,,10.8,Low,No strong rule triggered — flagged by model anomaly score only,Unclassified
TXN108514,PSG100101,Ishara Ekanayake,2024-07-15,Colombo Fort - Matara,Student Concession,168,0,,17.3,Low,No strong rule triggered — flagged by model anomaly score only,Unclassified
TXN108518,PSG100268,Ravindu Silva,2024-07-15,Colombo Fort - Kandy,Full Fare,180,0,,17.3,Low,No strong rule triggered — flagged by model anomaly score only,Unclassified
TXN108519,PSG102968,Ruwan Senanayake,2024-07-15,Maradana - Puttalam,Season Ticket,90,0,,13.4,Low,No strong rule triggered — flagged by model anomaly score only,Unclassified
TXN108521,PSG103035,Saman Herath,2024-07-15,Colombo Fort - Galle,Full Fare,180,0,,9.6,Low,No strong rule triggered — flagged by model anomaly score only,Unclassified
TXN108515,PSG101679,Chamara Karunaratne,2024-07-15,Colombo Fort - Jaffna,Student Concession,72,0,,36.6,Low,Passenger has multiple prior fraud incidents,Unclassified
TXN108517,PSG100831,Chamara Senanayake,2024-07-15,Colombo Fort - Matara,Full Fare,180,0,,7.1,Low,No strong rule triggered — flagged by model anomaly score only,Unclassified
TXN108520,PSG101515,Hansika Gunawardena,2024-07-15,Colombo Fort - Kurunegala,Season Ticket,90,0,,15.2,Low,No strong rule triggered — flagged by model anomaly score only,Unclassified
TXN108523,PSG102897,Nuwan Bandara,2024-07-16,Colombo Fort - Jaffna,Full Fare,950,0,,25.7,Low,No strong rule triggered — flagged by model anomaly score only,Unclassified
TXN108526,PSG100469,Ravindu Karunaratne,2024-07-16,Colombo Fort - Anuradhapura,Full Fare,180,0,,12.0,Low,No strong rule triggered — flagged by model anomaly score only,Unclassified
TXN108531,PSG101852,Gayan Karunaratne,2024-07-16,Colombo Fort - Negombo (Coastal Line local),Government Employee Concession,108,1,Suspicious Resale,21.6,Low,No strong rule triggered — flagged by model anomaly score only,Unclassified
TXN108529,PSG101003,Ravindu Jayawardena,2024-07-16,Kandy - Badulla (Upcountry local),Government Employee Concession,108,0,,16.4,Low,No strong rule triggered — flagged by model anomaly score only,Unclassified
TXN108527,PSG102385,Dinesh Kumara,2024-07-16,Colombo Fort - Anuradhapura,Full Fare,180,0,,22.9,Low,Passenger has multiple prior fraud incidents,Unclassified
TXN108528,PSG103050,Priyantha Wijesekara,2024-07-16,Colombo Fort - Batticaloa,Senior Citizen Concession,168,1,Abnormal Concession Usage,78.6,High,Fare paid does not match official concession rate,Abnormal Concession Usage
TXN108522,PSG101326,Chaminda Dissanayake,2024-07-16,Colombo Fort - Vavuniya,Full Fare,950,0,,19.3,Low,No strong rule triggered — flagged by model anomaly score only,Unclassified
TXN108524,PSG100474,Gayan Gunawardena,2024-07-16,Colombo Fort - Jaffna,Full Fare,180,0,,13.1,Low,No strong rule triggered — flagged by model anomaly score only,Unclassified
TXN108530,PSG100854,Ashan Bandara,2024-07-16,Colombo Fort - Batticaloa,Full Fare,180,1,Ticket Reuse,61.5,Medium,Ticket scanned multiple times (possible reuse),Ticket Reuse
TXN108525,PSG102717,Nadeesha Rajapaksha,2024-07-16,Colombo Fort - Matara,Full Fare,180,0,,15.2,Low,No strong rule triggered — flagged by model anomaly score only,Unclassified
TXN108533,PSG100297,Lasith de Zoysa,2024-07-17,Colombo Fort - Matara,Full Fare,420,0,,13.5,Low,No strong rule triggered — flagged by model anomaly score only,Unclassified
TXN108537,PSG100337,Dilani Herath,2024-07-17,Colombo Fort - Vavuniya,Season Ticket,90,0,,13.3,Low,No strong rule triggered — flagged by model anomaly score only,Unclassified
TXN108534,PSG100150,Kasun de Zoysa,2024-07-17,Colombo Fort - Kandy,Full Fare,180,0,,16.5,Low,No strong rule triggered — flagged by model anomaly score only,Unclassified
TXN108536,PSG103054,Dilani Amarasinghe,2024-07-17,Colombo Fort - Negombo (Coastal Line local),Full Fare,420,0,,12.2,Low,No strong rule triggered — flagged by model anomaly score only,Unclassified
TXN108535,PSG101636,Chathurika Rathnayake,2024-07-17,Colombo Fort - Kandy,Student Concession,168,0,,24.3,Low,No strong rule triggered — flagged by model anomaly score only,Unclassified
TXN108538,PSG100078,Saman Senanayake,2024-07-17,Colombo Fort - Anuradhapura,Student Concession,72,0,,21.7,Low,No strong rule triggered — flagged by model anomaly score only,Unclassified
TXN108532,PSG100039,Kavindi Ekanayake,2024-07-17,Colombo Fort - Negombo (Coastal Line local),Season Ticket,90,1,Ticket Reuse,75.7,High,Ticket scanned multiple times (possible reuse),Ticket Reuse
TXN108541,PSG100053,Malsha Ekanayake,2024-07-18,Colombo Fort - Kandy,Full Fare,180,0,,27.5,Low,No strong rule triggered — flagged by model anomaly score only,Unclassified
TXN108539,PSG101019,Chaminda Rathnayake,2024-07-18,Colombo Fort - Vavuniya,Full Fare,180,0,,14.4,Low,No strong rule triggered — flagged by model anomaly score only,Unclassified
TXN108544,PSG100625,Ashan Rathnayake,2024-07-18,Colombo Fort - Galle,Government Employee Concession,108,0,,32.8,Low,Passenger has multiple prior fraud incidents,Unclassified
TXN108542,PSG103109,Nimal Abeywardena,2024-07-18,Colombo Fort - Matara,Full Fare,420,0,,15.1,Low,No strong rule triggered — flagged by model anomaly score only,Unclassified
TXN108540,PSG102607,Piyumi Bandara,2024-07-18,Kandy - Badulla (Upcountry local),Full Fare,180,0,,9.3,Low,No strong rule triggered — flagged by model anomaly score only,Unclassified
TXN108543,PSG102976,Chamara Ekanayake,2024-07-18,Kandy - Badulla (Upcountry local),Full Fare,950,0,,17.6,Low,No strong rule triggered — flagged by model anomaly score only,Unclassified
TXN108549,PSG102664,Chamara Weerasinghe,2024-07-19,Colombo Fort - Galle,Season Ticket,210,0,,39.7,Low,No strong rule triggered — flagged by model anomaly score only,Unclassified
TXN108545,PSG102673,Ishara Weerasinghe,2024-07-19,Colombo Fort - Trincomalee,Full Fare,950,0,,39.5,Low,No strong rule triggered — flagged by model anomaly score only,Unclassified
TXN108550,PSG101154,Lasith Karunaratne,2024-07-19,Colombo Fort - Anuradhapura,Disability Concession,54,0,,29.4,Low,No strong rule triggered — flagged by model anomaly score only,Unclassified
TXN108547,PSG100908,Ashan Gunawardena,2024-07-19,Maradana - Puttalam,Senior Citizen Concession,90,0,,37.5,Low,Passenger has multiple prior fraud incidents,Unclassified
TXN108551,PSG102928,Ishara Dissanayake,2024-07-19,Colombo Fort - Galle,Full Fare,420,0,,29.0,Low,No strong rule triggered — flagged by model anomaly score only,Unclassified
TXN108548,PSG101288,Dinesh Weerasinghe,2024-07-19,Colombo Fort - Kandy,Season Ticket,90,0,,32.6,Low,No strong rule triggered — flagged by model anomaly score only,Unclassified
TXN108546,PSG101833,Sithumini Jayawardena,2024-07-19,Colombo Fort - Anuradhapura,Government Employee Concession,252,0,,37.0,Low,No strong rule triggered — flagged by model anomaly score only,Unclassified
TXN108552,PSG100166,Lasith de Zoysa,2024-07-20,Colombo Fort - Batticaloa,Full Fare,180,0,,26.9,Low,No strong rule triggered — flagged by model anomaly score only,Unclassified
TXN108557,PSG101837,Chathurika Rathnayake,2024-07-20,Colombo Fort - Negombo (Coastal Line local),Full Fare,180,0,,22.6,Low,No strong rule triggered — flagged by model anomaly score only,Unclassified
TXN108560,PSG100325,Ishara Ekanayake,2024-07-20,Colombo Fort - Batticaloa,Senior Citizen Concession,210,0,,31.2,Low,No strong rule triggered — flagged by model anomaly score only,Unclassified
TXN108561,PSG102997,Saman Bandara,2024-07-20,Colombo Fort - Anuradhapura,Full Fare,180,0,,12.6,Low,No strong rule triggered — flagged by model anomaly score only,Unclassified
TXN108558,PSG102176,Kavindi Rathnayake,2024-07-20,Colombo Fort - Galle,Season Ticket,90,0,,19.7,Low,No strong rule triggered — flagged by model anomaly score only,Unclassified
TXN108554,PSG102269,Sanduni Wijesekara,2024-07-20,Colombo Fort - Anuradhapura,Senior Citizen Concession,90,0,,42.8,Medium,No strong rule triggered — flagged by model anomaly score only,Unclassified
TXN108562,PSG101909,Dilani Wijesekara,2024-07-20,Colombo Fort - Kandy,Full Fare,950,0,,28.6,Low,No strong rule triggered — flagged by model anomaly score only,Unclassified
TXN108563,PSG101692,Malsha Bandara,2024-07-20,Colombo Fort - Jaffna,Government Employee Concession,108,0,,42.4,Medium,Passenger has multiple prior fraud incidents,Unclassified
TXN108559,PSG100416,Ravindu Silva,2024-07-20,Colombo Fort - Jaffna,Senior Citizen Concession,90,0,,27.8,Low,No strong rule triggered — flagged by model anomaly score only,Unclassified
TXN108555,PSG102088,Lasith Herath,2024-07-20,Maradana - Puttalam,Season Ticket,90,0,,18.4,Low,No strong rule triggered — flagged by model anomaly score only,Unclassified
TXN108556,PSG101155,Dinesh Fernando,2024-07-20,Colombo Fort - Trincomalee,Student Concession,168,0,,26.0,Low,No strong rule triggered — flagged by model anomaly score only,Unclassified
TXN108553,PSG102637,Dilani Bandara,2024-07-20,Colombo Fort - Vavuniya,Full Fare,180,0,,23.8,Low,No strong rule triggered — flagged by model anomaly score only,Unclassified
TXN108575,PSG101761,Piyumi Jayawardena,2024-07-21,Colombo Fort - Trincomalee,Full Fare,180,0,,33.2,Low,No strong rule triggered — flagged by model anomaly score only,Unclassified
TXN108573,PSG101754,Kamal Wickramasinghe,2024-07-21,Colombo Fort - Anuradhapura,Student Concession,168,0,,45.1,Medium,No strong rule triggered — flagged by model anomaly score only,Unclassified
TXN108572,PSG102871,Yasas Weerasinghe,2024-07-21,Colombo Fort - Kandy,Full Fare,180,0,,17.8,Low,No strong rule triggered — flagged by model anomaly score only,Unclassified
TXN108568,PSG101754,Kamal Wickramasinghe,2024-07-21,Colombo Fort - Jaffna,Full Fare,420,0,,38.2,Low,No strong rule triggered — flagged by model anomaly score only,Unclassified
TXN108569,PSG101656,Roshan Bandara,2024-07-21,Colombo Fort - Badulla,Season Ticket,90,0,,16.7,Low,No strong rule triggered — flagged by model anomaly score only,Unclassified
TXN108567,PSG100307,Anushka Amarasinghe,2024-07-21,Colombo Fort - Matara,Season Ticket,90,0,,35.0,Low,No strong rule triggered — flagged by model anomaly score only,Unclassified
TXN108570,PSG100860,Sunil Herath,2024-07-21,Colombo Fort - Kurunegala,Government Employee Concession,252,0,,26.0,Low,No strong rule triggered — flagged by model anomaly score only,Unclassified
TXN108574,PSG101450,Nadeesha de Zoysa,2024-07-21,Colombo Fort - Badulla,Full Fare,180,0,,22.6,Low,No strong rule triggered — flagged by model anomaly score only,Unclassified
TXN108576,PSG102633,Kavindi Amarasinghe,2024-07-21,Colombo Fort - Matara,Full Fare,420,0,,17.9,Low,No strong rule triggered — flagged by model anomaly score only,Unclassified
TXN108571,PSG100220,Chaminda Wickramasinghe,2024-07-21,Colombo Fort - Matara,Season Ticket,210,0,,37.9,Low,No strong rule triggered — flagged by model anomaly score only,Unclassified
TXN108565,PSG101957,Malsha Fernando,2024-07-21,Colombo Fort - Ratnapura Line,Full Fare,420,0,,32.6,Low,No strong rule triggered — flagged by model anomaly score only,Unclassified
TXN108564,PSG102257,Roshan Kumara,2024-07-21,Colombo Fort - Ratnapura Line,Full Fare,420,0,,17.7,Low,No strong rule triggered — flagged by model anomaly score only,Unclassified
TXN108566,PSG102601,Sanduni Ekanayake,2024-07-21,Colombo Fort - Trincomalee,Government Employee Concession,108,1,Ticket Reuse,70.2,High,Ticket scanned multiple times (possible reuse),Ticket Reuse
TXN108585,PSG100061,Chathurika Weerasinghe,2024-07-22,Colombo Fort - Anuradhapura,Full Fare,180,0,,20.0,Low,No strong rule triggered — flagged by model anomaly score only,Unclassified
TXN108578,PSG103038,Lasith Jayawardena,2024-07-22,Colombo Fort - Trincomalee,Student Concession,54,1,Abnormal Concession Usage,65.9,Medium,Fare paid does not match official concession rate,Abnormal Concession Usage
TXN108577,PSG100173,Chaminda Abeywardena,2024-07-22,Colombo Fort - Kurunegala,Full Fare,180,0,,6.8,Low,No strong rule triggered — flagged by model anomaly score only,Unclassified
TXN108581,PSG101548,Chamara Wickramasinghe,2024-07-22,Colombo Fort - Kurunegala,Full Fare,180,0,,9.5,Low,No strong rule triggered — flagged by model anomaly score only,Unclassified
TXN108584,PSG101651,Dilani Gunawardena,2024-07-22,Colombo Fort - Kandy,Full Fare,180,0,,22.2,Low,No strong rule triggered — flagged by model anomaly score only,Unclassified
TXN108582,PSG102553,Sachini Rajapaksha,2024-07-22,Colombo Fort - Anuradhapura,Season Ticket,90,0,,13.7,Low,No strong rule triggered — flagged by model anomaly score only,Unclassified
TXN108579,PSG100423,Ruwan Fernando,2024-07-22,Kandy - Badulla (Upcountry local),Senior Citizen Concession,90,0,,18.3,Low,No strong rule triggered — flagged by model anomaly score only,Unclassified
TXN108583,PSG102400,Dilani Senanayake,2024-07-22,Colombo Fort - Matara,Full Fare,420,0,,18.9,Low,No strong rule triggered — flagged by model anomaly score only,Unclassified
TXN108580,PSG101178,Nuwan Bandara,2024-07-22,Maradana - Puttalam,Season Ticket,210,0,,32.2,Low,No strong rule triggered — flagged by model anomaly score only,Unclassified
TXN108588,PSG100963,Kasun Silva,2024-07-23,Colombo Fort - Negombo (Coastal Line local),Full Fare,180,0,,26.2,Low,No strong rule triggered — flagged by model anomaly score only,Unclassified
TXN108586,PSG100167,Ravindu de Zoysa,2024-07-23,Colombo Fort - Negombo (Coastal Line local),Student Concession,72,0,,12.0,Low,No strong rule triggered — flagged by model anomaly score only,Unclassified
TXN108593,PSG101088,Saman Weerasinghe,2024-07-23,Maradana - Puttalam,Full Fare,180,0,,11.7,Low,No strong rule triggered — flagged by model anomaly score only,Unclassified
TXN108591,PSG101301,Malsha Senanayake,2024-07-23,Colombo Fort - Vavuniya,Student Concession,168,0,,21.3,Low,No strong rule triggered — flagged by model anomaly score only,Unclassified
TXN108592,PSG100482,Gayan Senanayake,2024-07-23,Colombo Fort - Negombo (Coastal Line local),Student Concession,168,0,,20.2,Low,No strong rule triggered — flagged by model anomaly score only,Unclassified
TXN108589,PSG100909,Ruwan Gunawardena,2024-07-23,Colombo Fort - Jaffna,Full Fare,950,1,Suspicious Resale,82.9,High,Online booking with no assigned seat (possible resale),Suspicious Resale
TXN108590,PSG102439,Anushka Kumara,2024-07-23,Colombo Fort - Galle,Full Fare,180,0,,4.8,Low,No strong rule triggered — flagged by model anomaly score only,Unclassified
TXN108587,PSG101465,Chamara Ekanayake,2024-07-23,Colombo Fort - Negombo (Coastal Line local),Senior Citizen Concession,90,0,,20.9,Low,No strong rule triggered — flagged by model anomaly score only,Unclassified
TXN108594,PSG100097,Gayan Fernando,2024-07-23,Colombo Fort - Vavuniya,Full Fare,420,0,,14.2,Low,No strong rule triggered — flagged by model anomaly score only,Unclassified
TXN108602,PSG100946,Yasas Herath,2024-07-24,Colombo Fort - Galle,Season Ticket,210,0,,21.4,Low,No strong rule triggered — flagged by model anomaly score only,Unclassified
TXN108596,PSG101418,Gayan Wijesekara,2024-07-24,Colombo Fort - Anuradhapura,Full Fare,420,1,Suspicious Resale,71.6,High,Online booking with no assigned seat (possible resale),Suspicious Resale
TXN108595,PSG102072,Saman Gunawardena,2024-07-24,Kandy - Badulla (Upcountry local),Student Concession,72,0,,21.8,Low,No strong rule triggered — flagged by model anomaly score only,Unclassified
TXN108597,PSG100685,Yasas Wickramasinghe,2024-07-24,Maradana - Puttalam,Full Fare,180,0,,9.7,Low,No strong rule triggered — flagged by model anomaly score only,Unclassified
TXN108604,PSG100137,Nuwan Weerasinghe,2024-07-24,Colombo Fort - Badulla,Full Fare,180,0,,4.7,Low,No strong rule triggered — flagged by model anomaly score only,Unclassified
TXN108601,PSG100149,Dinesh Perera,2024-07-24,Colombo Fort - Batticaloa,Full Fare,180,0,,9.4,Low,No strong rule triggered — flagged by model anomaly score only,Unclassified
TXN108598,PSG102854,Kavindi Kumara,2024-07-24,Colombo Fort - Kurunegala,Full Fare,420,0,,28.6,Low,No strong rule triggered — flagged by model anomaly score only,Unclassified
TXN108600,PSG101819,Sunil Amarasinghe,2024-07-24,Colombo Fort - Vavuniya,Full Fare,420,0,,12.6,Low,No strong rule triggered — flagged by model anomaly score only,Unclassified
TXN108599,PSG100030,Roshan Herath,2024-07-24,Maradana - Puttalam,Student Concession,72,0,,17.7,Low,No strong rule triggered — flagged by model anomaly score only,Unclassified
TXN108603,PSG100431,Saman Kumara,2024-07-24,Colombo Fort - Kurunegala,Season Ticket,90,0,,18.6,Low,No strong rule triggered — flagged by model anomaly score only,Unclassified
TXN108607,PSG101416,Lasith Karunaratne,2024-07-25,Colombo Fort - Kandy,Government Employee Concession,252,0,,50.1,Medium,No strong rule triggered — flagged by model anomaly score only,Unclassified
TXN108612,PSG102774,Priyantha Kumara,2024-07-25,Colombo Fort - Kurunegala,Full Fare,180,0,,7.9,Low,No strong rule triggered — flagged by model anomaly score only,Unclassified
TXN108606,PSG100913,Saman Rajapaksha,2024-07-25,Colombo Fort - Batticaloa,Season Ticket,210,0,,41.3,Medium,Passenger has multiple prior fraud incidents,Unclassified
TXN108613,PSG103161,Saman Rajapaksha,2024-07-25,Colombo Fort - Anuradhapura,Full Fare,180,0,,8.3,Low,No strong rule triggered — flagged by model anomaly score only,Unclassified
TXN108610,PSG103171,Chathurika Ekanayake,2024-07-25,Colombo Fort - Anuradhapura,Senior Citizen Concession,90,0,,20.4,Low,No strong rule triggered — flagged by model anomaly score only,Unclassified
TXN108611,PSG101381,Kasun Perera,2024-07-25,Colombo Fort - Anuradhapura,Full Fare,180,0,,26.4,Low,No strong rule triggered — flagged by model anomaly score only,Unclassified
TXN108609,PSG102309,Dilani Wijesekara,2024-07-25,Colombo Fort - Anuradhapura,Full Fare,420,0,,13.0,Low,No strong rule triggered — flagged by model anomaly score only,Unclassified
TXN108608,PSG102078,Hansika Wickramasinghe,2024-07-25,Colombo Fort - Batticaloa,Season Ticket,90,0,,39.7,Low,Passenger has multiple prior fraud incidents,Unclassified
TXN108605,PSG102907,Sithumini Fernando,2024-07-25,Colombo Fort - Anuradhapura,Student Concession,168,0,,32.2,Low,No strong rule triggered — flagged by model anomaly score only,Unclassified
TXN108614,PSG101487,Nimal Weerasinghe,2024-07-25,Colombo Fort - Matara,Full Fare,180,0,,17.7,Low,No strong rule triggered — flagged by model anomaly score only,Unclassified
TXN108617,PSG101771,Sunil Kumara,2024-07-26,Kandy - Badulla (Upcountry local),Government Employee Concession,108,0,,17.8,Low,No strong rule triggered — flagged by model anomaly score only,Unclassified
TXN108615,PSG102724,Nuwan Jayawardena,2024-07-26,Colombo Fort - Galle,Full Fare,180,0,,11.3,Low,No strong rule triggered — flagged by model anomaly score only,Unclassified
TXN108621,PSG101030,Yasas Senanayake,2024-07-26,Colombo Fort - Vavuniya,Season Ticket,90,0,,14.5,Low,No strong rule triggered — flagged by model anomaly score only,Unclassified
TXN108620,PSG101402,Chamara Rajapaksha,2024-07-26,Colombo Fort - Kandy,Full Fare,420,0,,41.0,Medium,Passenger has multiple prior fraud incidents,Unclassified
TXN108618,PSG100827,Ruwan Bandara,2024-07-26,Colombo Fort - Badulla,Season Ticket,90,0,,12.4,Low,No strong rule triggered — flagged by model anomaly score only,Unclassified
TXN108619,PSG100046,Sanduni Dissanayake,2024-07-26,Colombo Fort - Jaffna,Full Fare,180,0,,17.6,Low,No strong rule triggered — flagged by model anomaly score only,Unclassified
TXN108616,PSG100106,Malsha Rathnayake,2024-07-26,Colombo Fort - Trincomalee,Season Ticket,90,0,,50.1,Medium,Passenger has multiple prior fraud incidents,Unclassified
TXN108624,PSG100024,Anushka Kumara,2024-07-27,Colombo Fort - Vavuniya,Student Concession,72,0,,23.4,Low,No strong rule triggered — flagged by model anomaly score only,Unclassified
TXN108625,PSG101352,Sunil Gunawardena,2024-07-27,Colombo Fort - Ratnapura Line,Disability Concession,54,0,,48.0,Medium,No strong rule triggered — flagged by model anomaly score only,Unclassified
TXN108623,PSG101395,Gayan Jayawardena,2024-07-27,Colombo Fort - Kurunegala,Senior Citizen Concession,210,0,,45.1,Medium,No strong rule triggered — flagged by model anomaly score only,Unclassified
TXN108626,PSG102013,Priyantha Rathnayake,2024-07-27,Kandy - Badulla (Upcountry local),Season Ticket,210,0,,33.3,Low,No strong rule triggered — flagged by model anomaly score only,Unclassified
TXN108622,PSG101273,Malsha Senanayake,2024-07-27,Colombo Fort - Matara,Full Fare,180,0,,11.1,Low,No strong rule triggered — flagged by model anomaly score only,Unclassified
TXN108627,PSG100731,Kamal Fernando,2024-07-27,Colombo Fort - Trincomalee,Season Ticket,90,0,,20.3,Low,No strong rule triggered — flagged by model anomaly score only,Unclassified
TXN108635,PSG101277,Chaminda Silva,2024-07-28,Colombo Fort - Kandy,Season Ticket,90,0,,28.6,Low,No strong rule triggered — flagged by model anomaly score only,Unclassified
TXN108636,PSG102774,Priyantha Kumara,2024-07-28,Colombo Fort - Ratnapura Line,Full Fare,180,0,,14.7,Low,No strong rule triggered — flagged by model anomaly score only,Unclassified
TXN108633,PSG101564,Nadeesha Kumara,2024-07-28,Colombo Fort - Anuradhapura,Full Fare,180,0,,15.0,Low,No strong rule triggered — flagged by model anomaly score only,Unclassified
TXN108630,PSG102700,Sanduni Ekanayake,2024-07-28,Colombo Fort - Jaffna,Senior Citizen Concession,90,0,,51.4,Medium,Passenger has multiple prior fraud incidents,Unclassified
TXN108637,PSG101999,Hansika Karunaratne,2024-07-28,Colombo Fort - Batticaloa,Season Ticket,90,0,,34.0,Low,No strong rule triggered — flagged by model anomaly score only,Unclassified
TXN108628,PSG101542,Kasun Dissanayake,2024-07-28,Colombo Fort - Negombo (Coastal Line local),Student Concession,168,0,,21.0,Low,No strong rule triggered — flagged by model anomaly score only,Unclassified
TXN108634,PSG101167,Kavindi Karunaratne,2024-07-28,Kandy - Badulla (Upcountry local),Senior Citizen Concession,90,0,,18.0,Low,No strong rule triggered — flagged by model anomaly score only,Unclassified
TXN108632,PSG102902,Lasith Silva,2024-07-28,Maradana - Puttalam,Full Fare,180,0,,35.3,Low,No strong rule triggered — flagged by model anomaly score only,Unclassified
TXN108631,PSG103078,Sunil Amarasinghe,2024-07-28,Colombo Fort - Jaffna,Student Concession,54,1,Abnormal Concession Usage,79.6,High,Fare paid does not match official concession rate,Abnormal Concession Usage
TXN108629,PSG101060,Malsha Rajapaksha,2024-07-28,Colombo Fort - Badulla,Full Fare,180,0,,49.5,Medium,Passenger has multiple prior fraud incidents,Unclassified
TXN108643,PSG100691,Kasun Wijesekara,2024-07-29,Colombo Fort - Batticaloa,Senior Citizen Concession,90,0,,30.2,Low,No strong rule triggered — flagged by model anomaly score only,Unclassified
TXN108646,PSG101270,Dinesh Rajapaksha,2024-07-29,Colombo Fort - Kurunegala,Full Fare,420,0,,26.0,Low,No strong rule triggered — flagged by model anomaly score only,Unclassified
TXN108641,PSG101154,Lasith Karunaratne,2024-07-29,Colombo Fort - Matara,Government Employee Concession,252,0,,23.9,Low,No strong rule triggered — flagged by model anomaly score only,Unclassified
TXN108638,PSG100649,Nadeesha Perera,2024-07-29,Maradana - Puttalam,Full Fare,180,1,Suspicious Resale,34.5,Low,No strong rule triggered — flagged by model anomaly score only,Unclassified
TXN108645,PSG101831,Chaminda Rajapaksha,2024-07-29,Kandy - Badulla (Upcountry local),Government Employee Concession,108,0,,20.1,Low,No strong rule triggered — flagged by model anomaly score only,Unclassified
TXN108647,PSG102130,Priyantha Bandara,2024-07-29,Colombo Fort - Anuradhapura,Senior Citizen Concession,90,0,,36.9,Low,No strong rule triggered — flagged by model anomaly score only,Unclassified
TXN108640,PSG102664,Chamara Weerasinghe,2024-07-29,Colombo Fort - Vavuniya,Full Fare,180,0,,7.6,Low,No strong rule triggered — flagged by model anomaly score only,Unclassified
TXN108642,PSG102501,Dilani Ekanayake,2024-07-29,Colombo Fort - Kandy,Student Concession,72,0,,15.2,Low,No strong rule triggered — flagged by model anomaly score only,Unclassified
TXN108644,PSG100443,Kamal Jayawardena,2024-07-29,Colombo Fort - Galle,Full Fare,180,0,,5.5,Low,No strong rule triggered — flagged by model anomaly score only,Unclassified
TXN108639,PSG101056,Roshan Abeywardena,2024-07-29,Colombo Fort - Batticaloa,Government Employee Concession,252,0,,24.4,Low,No strong rule triggered — flagged by model anomaly score only,Unclassified
TXN108651,PSG102551,Ashan Weerasinghe,2024-07-30,Colombo Fort - Jaffna,Full Fare,180,1,Ticket Reuse,62.9,Medium,Ticket scanned multiple times (possible reuse),Ticket Reuse
TXN108653,PSG100202,Ishara Karunaratne,2024-07-30,Colombo Fort - Matara,Student Concession,168,0,,31.7,Low,No strong rule triggered — flagged by model anomaly score only,Unclassified
TXN108648,PSG102533,Nadeesha Perera,2024-07-30,Colombo Fort - Matara,Season Ticket,90,0,,11.6,Low,No strong rule triggered — flagged by model anomaly score only,Unclassified
TXN108649,PSG100639,Nimal Wijesekara,2024-07-30,Colombo Fort - Galle,Full Fare,180,0,,32.0,Low,No strong rule triggered — flagged by model anomaly score only,Unclassified
TXN108652,PSG101793,Ravindu Ekanayake,2024-07-30,Colombo Fort - Batticaloa,Full Fare,180,0,,15.2,Low,No strong rule triggered — flagged by model anomaly score only,Unclassified
TXN108650,PSG102886,Nuwan Perera,2024-07-30,Colombo Fort - Badulla,Government Employee Concession,252,0,,19.3,Low,No strong rule triggered — flagged by model anomaly score only,Unclassified
TXN108657,PSG102896,Tharindu Rajapaksha,2024-07-31,Colombo Fort - Kandy,Full Fare,420,1,Ticket Reuse,72.1,High,Ticket scanned multiple times (possible reuse),Ticket Reuse
TXN108656,PSG101470,Hansika Abeywardena,2024-07-31,Colombo Fort - Jaffna,Full Fare,420,0,,17.2,Low,No strong rule triggered — flagged by model anomaly score only,Unclassified
TXN108655,PSG103088,Sachini Karunaratne,2024-07-31,Colombo Fort - Negombo (Coastal Line local),Full Fare,180,0,,5.6,Low,No strong rule triggered — flagged by model anomaly score only,Unclassified
TXN108659,PSG102618,Kavindi de Zoysa,2024-07-31,Maradana - Puttalam,Full Fare,420,0,,12.2,Low,No strong rule triggered — flagged by model anomaly score only,Unclassified
TXN108658,PSG102741,Lasith de Zoysa,2024-07-31,Colombo Fort - Negombo (Coastal Line local),Government Employee Concession,252,0,,25.7,Low,No strong rule triggered — flagged by model anomaly score only,Unclassified
TXN108654,PSG102714,Nimal Wijesekara,2024-07-31,Colombo Fort - Matara,Season Ticket,90,0,,51.8,Medium,Passenger has multiple prior fraud incidents,Unclassified
TXN108667,PSG102736,Malsha Jayawardena,2024-08-01,Colombo Fort - Jaffna,Student Concession,72,0,,26.8,Low,No strong rule triggered — flagged by model anomaly score only,Unclassified
TXN108665,PSG102466,Yasas de Zoysa,2024-08-01,Colombo Fort - Kurunegala,Student Concession,72,0,,22.6,Low,No strong rule triggered — flagged by model anomaly score only,Unclassified
TXN108662,PSG100144,Kavindi Weerasinghe,2024-08-01,Maradana - Puttalam,Full Fare,420,0,,24.8,Low,No strong rule triggered — flagged by model anomaly score only,Unclassified
TXN108668,PSG102959,Anushka Abeywardena,2024-08-01,Colombo Fort - Anuradhapura,Student Concession,168,0,,46.2,Medium,No strong rule triggered — flagged by model anomaly score only,Unclassified
TXN108663,PSG100364,Ishara Ekanayake,2024-08-01,Colombo Fort - Anuradhapura,Full Fare,180,0,,9.2,Low,No strong rule triggered — flagged by model anomaly score only,Unclassified
TXN108660,PSG102592,Malsha Ekanayake,2024-08-01,Kandy - Badulla (Upcountry local),Season Ticket,90,1,Suspicious Resale,65.5,Medium,Online booking with no assigned seat (possible resale),Suspicious Resale
TXN108671,PSG100507,Nadeesha de Zoysa,2024-08-01,Colombo Fort - Ratnapura Line,Full Fare,950,0,,24.7,Low,No strong rule triggered — flagged by model anomaly score only,Unclassified
TXN108664,PSG100817,Nuwan Karunaratne,2024-08-01,Colombo Fort - Negombo (Coastal Line local),Season Ticket,90,0,,27.0,Low,No strong rule triggered — flagged by model anomaly score only,Unclassified
TXN108670,PSG102494,Roshan Wijesekara,2024-08-01,Colombo Fort - Kandy,Student Concession,168,0,,20.9,Low,No strong rule triggered — flagged by model anomaly score only,Unclassified
TXN108666,PSG101724,Dilani Weerasinghe,2024-08-01,Colombo Fort - Kandy,Full Fare,180,0,,11.5,Low,No strong rule triggered — flagged by model anomaly score only,Unclassified
TXN108669,PSG101964,Chathurika Herath,2024-08-01,Colombo Fort - Galle,Disability Concession,54,1,Ticket Reuse,87.2,High,Ticket scanned multiple times (possible reuse); Passenger has multiple prior fraud incidents,Ticket Reuse
TXN108661,PSG103164,Sunil Amarasinghe,2024-08-01,Colombo Fort - Kandy,Season Ticket,90,0,,24.9,Low,No strong rule triggered — flagged by model anomaly score only,Unclassified
TXN108672,PSG100546,Sanduni Dissanayake,2024-08-02,Colombo Fort - Anuradhapura,Full Fare,180,0,,14.6,Low,No strong rule triggered — flagged by model anomaly score only,Unclassified
TXN108674,PSG100282,Yasas Bandara,2024-08-02,Colombo Fort - Galle,Full Fare,180,0,,31.6,Low,No strong rule triggered — flagged by model anomaly score only,Unclassified
TXN108678,PSG101244,Nadeesha Dissanayake,2024-08-02,Colombo Fort - Matara,Full Fare,420,0,,10.8,Low,No strong rule triggered — flagged by model anomaly score only,Unclassified
TXN108677,PSG102749,Chaminda Perera,2024-08-02,Colombo Fort - Trincomalee,Full Fare,180,0,,10.4,Low,No strong rule triggered — flagged by model anomaly score only,Unclassified
TXN108675,PSG102268,Sunil Herath,2024-08-02,Colombo Fort - Anuradhapura,Season Ticket,210,0,,22.9,Low,No strong rule triggered — flagged by model anomaly score only,Unclassified
TXN108673,PSG100639,Nimal Wijesekara,2024-08-02,Colombo Fort - Jaffna,Government Employee Concession,252,0,,48.7,Medium,No strong rule triggered — flagged by model anomaly score only,Unclassified
TXN108676,PSG101478,Sunil Weerasinghe,2024-08-02,Maradana - Puttalam,Full Fare,180,0,,11.3,Low,No strong rule triggered — flagged by model anomaly score only,Unclassified
TXN108679,PSG100820,Hansika Fernando,2024-08-02,Maradana - Puttalam,Full Fare,420,0,,44.8,Medium,No strong rule triggered — flagged by model anomaly score only,Unclassified
TXN108686,PSG100700,Sanduni Bandara,2024-08-03,Colombo Fort - Ratnapura Line,Senior Citizen Concession,210,0,,44.2,Medium,No strong rule triggered — flagged by model anomaly score only,Unclassified
TXN108684,PSG101691,Gayan Abeywardena,2024-08-03,Colombo Fort - Vavuniya,Season Ticket,90,0,,19.3,Low,No strong rule triggered — flagged by model anomaly score only,Unclassified
TXN108681,PSG102505,Sanduni Fernando,2024-08-03,Colombo Fort - Negombo (Coastal Line local),Full Fare,180,0,,9.2,Low,No strong rule triggered — flagged by model anomaly score only,Unclassified
TXN108688,PSG102481,Chaminda Bandara,2024-08-03,Colombo Fort - Badulla,Season Ticket,90,0,,20.2,Low,No strong rule triggered — flagged by model anomaly score only,Unclassified
TXN108685,PSG100047,Yasas Gunawardena,2024-08-03,Colombo Fort - Anuradhapura,Student Concession,380,0,,27.8,Low,No strong rule triggered — flagged by model anomaly score only,Unclassified
TXN108682,PSG100223,Lasith Rajapaksha,2024-08-03,Colombo Fort - Galle,Full Fare,180,0,,17.7,Low,No strong rule triggered — flagged by model anomaly score only,Unclassified
TXN108683,PSG100133,Ravindu Wickramasinghe,2024-08-03,Colombo Fort - Matara,Season Ticket,210,0,,25.0,Low,No strong rule triggered — flagged by model anomaly score only,Unclassified
TXN108680,PSG100709,Sanduni Weerasinghe,2024-08-03,Maradana - Puttalam,Student Concession,72,0,,19.0,Low,No strong rule triggered — flagged by model anomaly score only,Unclassified
TXN108687,PSG101870,Priyantha Wickramasinghe,2024-08-03,Maradana - Puttalam,Full Fare,180,0,,11.5,Low,No strong rule triggered — flagged by model anomaly score only,Unclassified
TXN108690,PSG100131,Dinesh Abeywardena,2024-08-04,Colombo Fort - Kurunegala,Student Concession,168,0,,32.9,Low,No strong rule triggered — flagged by model anomaly score only,Unclassified
TXN108689,PSG100929,Nadeesha Herath,2024-08-04,Colombo Fort - Galle,Senior Citizen Concession,90,0,,31.0,Low,No strong rule triggered — flagged by model anomaly score only,Unclassified
TXN108693,PSG101242,Kasun Dissanayake,2024-08-05,Colombo Fort - Anuradhapura,Season Ticket,90,0,,52.4,Medium,Passenger has multiple prior fraud incidents,Unclassified
TXN108692,PSG101401,Chaminda Fernando,2024-08-05,Colombo Fort - Jaffna,Full Fare,420,1,Ticket Reuse,68.0,High,Ticket scanned multiple times (possible reuse),Ticket Reuse
TXN108696,PSG102235,Nuwan Wijesekara,2024-08-05,Colombo Fort - Kandy,Full Fare,180,0,,10.1,Low,No strong rule triggered — flagged by model anomaly score only,Unclassified
TXN108694,PSG102374,Sanduni Dissanayake,2024-08-05,Colombo Fort - Galle,Full Fare,180,0,,4.6,Low,No strong rule triggered — flagged by model anomaly score only,Unclassified
TXN108691,PSG101960,Gayan Amarasinghe,2024-08-05,Colombo Fort - Kandy,Full Fare,180,0,,12.1,Low,No strong rule triggered — flagged by model anomaly score only,Unclassified
TXN108695,PSG100103,Sachini Rajapaksha,2024-08-05,Colombo Fort - Vavuniya,Full Fare,180,0,,5.6,Low,No strong rule triggered — flagged by model anomaly score only,Unclassified
TXN108700,PSG100855,Kasun Weerasinghe,2024-08-06,Colombo Fort - Galle,Full Fare,180,0,,15.7,Low,No strong rule triggered — flagged by model anomaly score only,Unclassified
TXN108697,PSG100174,Chamara Jayawardena,2024-08-06,Colombo Fort - Badulla,Senior Citizen Concession,90,0,,19.1,Low,No strong rule triggered — flagged by model anomaly score only,Unclassified
TXN108699,PSG103076,Chathurika Wickramasinghe,2024-08-06,Colombo Fort - Trincomalee,Full Fare,180,0,,13.0,Low,No strong rule triggered — flagged by model anomaly score only,Unclassified
TXN108698,PSG102098,Kavindi Silva,2024-08-06,Colombo Fort - Negombo (Coastal Line local),Student Concession,168,0,,20.5,Low,No strong rule triggered — flagged by model anomaly score only,Unclassified
TXN108702,PSG101457,Nuwan Rathnayake,2024-08-06,Colombo Fort - Kurunegala,Full Fare,180,0,,7.6,Low,No strong rule triggered — flagged by model anomaly score only,Unclassified
TXN108701,PSG101673,Dilani Silva,2024-08-06,Colombo Fort - Batticaloa,Senior Citizen Concession,90,0,,21.9,Low,No strong rule triggered — flagged by model anomaly score only,Unclassified
TXN108707,PSG102511,Anushka Rathnayake,2024-08-07,Kandy - Badulla (Upcountry local),Student Concession,168,0,,21.6,Low,No strong rule triggered — flagged by model anomaly score only,Unclassified
TXN108705,PSG100772,Priyantha Senanayake,2024-08-07,Colombo Fort - Jaffna,Full Fare,180,0,,11.0,Low,No strong rule triggered — flagged by model anomaly score only,Unclassified
TXN108704,PSG102281,Nimal Jayawardena,2024-08-07,Colombo Fort - Anuradhapura,Student Concession,72,0,,53.2,Medium,Passenger has multiple prior fraud incidents,Unclassified
TXN108706,PSG102984,Chamara Fernando,2024-08-07,Colombo Fort - Matara,Season Ticket,210,0,,18.4,Low,No strong rule triggered — flagged by model anomaly score only,Unclassified
TXN108703,PSG101469,Roshan Jayawardena,2024-08-07,Colombo Fort - Anuradhapura,Full Fare,180,0,,11.9,Low,No strong rule triggered — flagged by model anomaly score only,Unclassified
TXN108708,PSG100055,Dinesh Kumara,2024-08-08,Colombo Fort - Galle,Full Fare,180,0,,11.4,Low,No strong rule triggered — flagged by model anomaly score only,Unclassified
TXN108710,PSG101856,Piyumi Bandara,2024-08-08,Colombo Fort - Ratnapura Line,Full Fare,180,0,,16.6,Low,No strong rule triggered — flagged by model anomaly score only,Unclassified
TXN108709,PSG100459,Ashan Amarasinghe,2024-08-08,Colombo Fort - Jaffna,Full Fare,180,0,,14.6,Low,No strong rule triggered — flagged by model anomaly score only,Unclassified
TXN108711,PSG100242,Ravindu Bandara,2024-08-08,Colombo Fort - Ratnapura Line,Disability Concession,54,0,,52.9,Medium,Passenger has multiple prior fraud incidents,Unclassified
TXN108712,PSG101581,Ruwan Wickramasinghe,2024-08-08,Colombo Fort - Kurunegala,Full Fare,180,0,,4.5,Low,No strong rule triggered — flagged by model anomaly score only,Unclassified
TXN108713,PSG100659,Ravindu Dissanayake,2024-08-08,Colombo Fort - Galle,Student Concession,72,0,,11.8,Low,No strong rule triggered — flagged by model anomaly score only,Unclassified
TXN108719,PSG101450,Nadeesha de Zoysa,2024-08-09,Colombo Fort - Negombo (Coastal Line local),Senior Citizen Concession,210,0,,37.5,Low,No strong rule triggered — flagged by model anomaly score only,Unclassified
TXN108715,PSG101298,Nadeesha Herath,2024-08-09,Colombo Fort - Kandy,Full Fare,180,1,Suspicious Resale,74.2,High,Online booking with no assigned seat (possible resale),Suspicious Resale
TXN108722,PSG101267,Piyumi Rajapaksha,2024-08-09,Kandy - Badulla (Upcountry local),Full Fare,950,0,,15.8,Low,No strong rule triggered — flagged by model anomaly score only,Unclassified
TXN108721,PSG101965,Hansika Fernando,2024-08-09,Colombo Fort - Anuradhapura,Full Fare,180,0,,10.7,Low,No strong rule triggered — flagged by model anomaly score only,Unclassified
TXN108716,PSG100358,Nadeesha Weerasinghe,2024-08-09,Colombo Fort - Negombo (Coastal Line local),Full Fare,420,1,Ticket Reuse,60.9,Medium,Ticket scanned multiple times (possible reuse),Ticket Reuse
TXN108717,PSG102713,Piyumi Silva,2024-08-09,Colombo Fort - Batticaloa,Full Fare,420,0,,14.4,Low,No strong rule triggered — flagged by model anomaly score only,Unclassified
TXN108718,PSG100568,Hansika Dissanayake,2024-08-09,Colombo Fort - Kurunegala,Full Fare,180,0,,7.8,Low,No strong rule triggered — flagged by model anomaly score only,Unclassified
TXN108714,PSG101053,Sachini Silva,2024-08-09,Colombo Fort - Kandy,Full Fare,180,0,,9.2,Low,No strong rule triggered — flagged by model anomaly score only,Unclassified
TXN108720,PSG100809,Saman Rajapaksha,2024-08-09,Colombo Fort - Batticaloa,Season Ticket,90,0,,18.5,Low,No strong rule triggered — flagged by model anomaly score only,Unclassified
TXN108723,PSG100825,Chamara Perera,2024-08-09,Colombo Fort - Kurunegala,Full Fare,420,0,,24.0,Low,No strong rule triggered — flagged by model anomaly score only,Unclassified
TXN108724,PSG100063,Sunil Kumara,2024-08-10,Colombo Fort - Kurunegala,Full Fare,180,0,,9.0,Low,No strong rule triggered — flagged by model anomaly score only,Unclassified
TXN108725,PSG103097,Lasith Dissanayake,2024-08-10,Colombo Fort - Kurunegala,Senior Citizen Concession,81,1,Abnormal Concession Usage,59.6,Medium,Fare paid does not match official concession rate; Passenger has multiple prior fraud incidents,Abnormal Concession Usage
TXN108727,PSG100626,Sunil Kumara,2024-08-11,Colombo Fort - Kandy,Full Fare,180,0,,15.9,Low,No strong rule triggered — flagged by model anomaly score only,Unclassified
TXN108732,PSG103058,Sanduni Bandara,2024-08-11,Colombo Fort - Anuradhapura,Full Fare,420,0,,23.1,Low,No strong rule triggered — flagged by model anomaly score only,Unclassified
TXN108730,PSG101290,Tharindu Weerasinghe,2024-08-11,Maradana - Puttalam,Full Fare,950,0,,21.7,Low,No strong rule triggered — flagged by model anomaly score only,Unclassified
TXN108733,PSG100031,Kasun Rajapaksha,2024-08-11,Colombo Fort - Jaffna,Student Concession,72,0,,37.4,Low,No strong rule triggered — flagged by model anomaly score only,Unclassified
TXN108731,PSG101924,Sachini Bandara,2024-08-11,Colombo Fort - Ratnapura Line,Student Concession,168,1,Ticket Reuse,70.4,High,Ticket scanned multiple times (possible reuse),Ticket Reuse
TXN108728,PSG101255,Chamara Wijesekara,2024-08-11,Colombo Fort - Matara,Season Ticket,90,0,,19.1,Low,No strong rule triggered — flagged by model anomaly score only,Unclassified
TXN108729,PSG102143,Hansika de Zoysa,2024-08-11,Colombo Fort - Galle,Full Fare,420,1,Suspicious Resale,32.1,Low,Passenger has multiple prior fraud incidents,Unclassified
TXN108726,PSG103109,Nimal Abeywardena,2024-08-11,Colombo Fort - Vavuniya,Full Fare,420,0,,26.5,Low,No strong rule triggered — flagged by model anomaly score only,Unclassified
TXN108734,PSG101579,Anushka Wijesekara,2024-08-12,Colombo Fort - Badulla,Full Fare,180,0,,28.0,Low,Passenger has multiple prior fraud incidents,Unclassified
TXN108735,PSG103140,Nimal Wickramasinghe,2024-08-12,Colombo Fort - Kurunegala,Season Ticket,475,0,,26.2,Low,No strong rule triggered — flagged by model anomaly score only,Unclassified
TXN108738,PSG100785,Sunil Dissanayake,2024-08-12,Colombo Fort - Anuradhapura,Full Fare,420,0,,18.0,Low,No strong rule triggered — flagged by model anomaly score only,Unclassified
TXN108737,PSG100158,Hansika Herath,2024-08-12,Colombo Fort - Matara,Full Fare,180,1,Suspicious Resale,66.2,High,Online booking with no assigned seat (possible resale),Suspicious Resale
TXN108736,PSG100131,Dinesh Abeywardena,2024-08-12,Colombo Fort - Jaffna,Student Concession,168,0,,29.6,Low,No strong rule triggered — flagged by model anomaly score only,Unclassified
TXN108739,PSG101450,Nadeesha de Zoysa,2024-08-12,Colombo Fort - Matara,Full Fare,180,1,Ticket Reuse,68.0,High,Ticket scanned multiple times (possible reuse),Ticket Reuse
TXN108743,PSG100242,Ravindu Bandara,2024-08-13,Colombo Fort - Trincomalee,Full Fare,420,0,,31.8,Low,Passenger has multiple prior fraud incidents,Unclassified
TXN108745,PSG101547,Roshan Kumara,2024-08-13,Colombo Fort - Batticaloa,Season Ticket,90,0,,39.2,Low,Passenger has multiple prior fraud incidents,Unclassified
TXN108741,PSG100601,Chaminda Kumara,2024-08-13,Colombo Fort - Kurunegala,Full Fare,180,0,,10.7,Low,No strong rule triggered — flagged by model anomaly score only,Unclassified
TXN108740,PSG100760,Sanduni Herath,2024-08-13,Maradana - Puttalam,Full Fare,180,0,,25.9,Low,No strong rule triggered — flagged by model anomaly score only,Unclassified
TXN108742,PSG100507,Nadeesha de Zoysa,2024-08-13,Colombo Fort - Badulla,Student Concession,168,0,,28.7,Low,No strong rule triggered — flagged by model anomaly score only,Unclassified
TXN108744,PSG101995,Sachini Kumara,2024-08-13,Colombo Fort - Matara,Season Ticket,210,0,,31.9,Low,No strong rule triggered — flagged by model anomaly score only,Unclassified
TXN108751,PSG102907,Sithumini Fernando,2024-08-14,Colombo Fort - Anuradhapura,Full Fare,950,0,,47.0,Medium,No strong rule triggered — flagged by model anomaly score only,Unclassified
TXN108752,PSG101861,Sachini Rajapaksha,2024-08-14,Colombo Fort - Negombo (Coastal Line local),Full Fare,180,0,,11.3,Low,No strong rule triggered — flagged by model anomaly score only,Unclassified
TXN108748,PSG101492,Hansika Amarasinghe,2024-08-14,Colombo Fort - Galle,Season Ticket,210,0,,18.4,Low,No strong rule triggered — flagged by model anomaly score only,Unclassified
TXN108755,PSG101623,Malsha Fernando,2024-08-14,Colombo Fort - Kurunegala,Full Fare,180,0,,15.2,Low,No strong rule triggered — flagged by model anomaly score only,Unclassified
TXN108753,PSG100131,Dinesh Abeywardena,2024-08-14,Colombo Fort - Kandy,Government Employee Concession,108,0,,22.5,Low,No strong rule triggered — flagged by model anomaly score only,Unclassified
TXN108746,PSG100295,Piyumi Abeywardena,2024-08-14,Colombo Fort - Anuradhapura,Senior Citizen Concession,90,0,,45.1,Medium,Passenger has multiple prior fraud incidents,Unclassified
TXN108749,PSG100196,Tharindu Senanayake,2024-08-14,Colombo Fort - Ratnapura Line,Student Concession,72,0,,34.2,Low,No strong rule triggered — flagged by model anomaly score only,Unclassified
TXN108754,PSG102975,Nuwan de Zoysa,2024-08-14,Maradana - Puttalam,Student Concession,72,0,,21.4,Low,No strong rule triggered — flagged by model anomaly score only,Unclassified
TXN108750,PSG101019,Chaminda Rathnayake,2024-08-14,Colombo Fort - Batticaloa,Full Fare,180,0,,10.1,Low,No strong rule triggered — flagged by model anomaly score only,Unclassified
TXN108747,PSG100268,Ravindu Silva,2024-08-14,Colombo Fort - Kurunegala,Senior Citizen Concession,90,0,,23.6,Low,No strong rule triggered — flagged by model anomaly score only,Unclassified
TXN108762,PSG100689,Nadeesha Karunaratne,2024-08-15,Colombo Fort - Jaffna,Student Concession,72,0,,28.8,Low,No strong rule triggered — flagged by model anomaly score only,Unclassified
TXN108756,PSG100223,Lasith Rajapaksha,2024-08-15,Colombo Fort - Badulla,Student Concession,72,0,,22.1,Low,No strong rule triggered — flagged by model anomaly score only,Unclassified
TXN108763,PSG103138,Sunil Kumara,2024-08-15,Colombo Fort - Badulla,Season Ticket,90,0,,18.7,Low,No strong rule triggered — flagged by model anomaly score only,Unclassified
TXN108760,PSG102674,Lasith Senanayake,2024-08-15,Colombo Fort - Vavuniya,Season Ticket,90,0,,15.6,Low,No strong rule triggered — flagged by model anomaly score only,Unclassified
TXN108759,PSG102565,Lasith Dissanayake,2024-08-15,Maradana - Puttalam,Full Fare,180,0,,7.3,Low,No strong rule triggered — flagged by model anomaly score only,Unclassified
TXN108757,PSG102873,Nuwan Bandara,2024-08-15,Colombo Fort - Kurunegala,Student Concession,72,0,,11.6,Low,No strong rule triggered — flagged by model anomaly score only,Unclassified
TXN108761,PSG103004,Sunil Fernando,2024-08-15,Colombo Fort - Vavuniya,Season Ticket,90,0,,15.8,Low,No strong rule triggered — flagged by model anomaly score only,Unclassified
TXN108758,PSG101472,Piyumi Silva,2024-08-15,Colombo Fort - Galle,Full Fare,180,0,,10.9,Low,No strong rule triggered — flagged by model anomaly score only,Unclassified
TXN108764,PSG101493,Sachini Kumara,2024-08-15,Colombo Fort - Badulla,Full Fare,420,0,,25.2,Low,No strong rule triggered — flagged by model anomaly score only,Unclassified
TXN108771,PSG100467,Ravindu Abeywardena,2024-08-16,Colombo Fort - Trincomalee,Season Ticket,90,0,,20.6,Low,No strong rule triggered — flagged by model anomaly score only,Unclassified
TXN108768,PSG100336,Chathurika Fernando,2024-08-16,Colombo Fort - Batticaloa,Senior Citizen Concession,475,0,,36.9,Low,No strong rule triggered — flagged by model anomaly score only,Unclassified
TXN108766,PSG102000,Lasith de Zoysa,2024-08-16,Colombo Fort - Jaffna,Full Fare,180,0,,10.9,Low,No strong rule triggered — flagged by model anomaly score only,Unclassified
TXN108769,PSG101276,Priyantha Jayawardena,2024-08-16,Colombo Fort - Kandy,Full Fare,420,0,,17.5,Low,No strong rule triggered — flagged by model anomaly score only,Unclassified
TXN108767,PSG100769,Hansika Amarasinghe,2024-08-16,Colombo Fort - Jaffna,Full Fare,180,0,,13.6,Low,No strong rule triggered — flagged by model anomaly score only,Unclassified
TXN108772,PSG101519,Dinesh Jayawardena,2024-08-16,Colombo Fort - Badulla,Senior Citizen Concession,90,0,,18.1,Low,No strong rule triggered — flagged by model anomaly score only,Unclassified
TXN108770,PSG101830,Kavindi Weerasinghe,2024-08-16,Colombo Fort - Anuradhapura,Full Fare,950,0,,27.4,Low,No strong rule triggered — flagged by model anomaly score only,Unclassified
TXN108765,PSG100415,Ashan Bandara,2024-08-16,Colombo Fort - Kurunegala,Full Fare,420,1,Ticket Reuse,89.3,High,Ticket scanned multiple times (possible reuse); Passenger has multiple prior fraud incidents,Ticket Reuse
TXN108778,PSG101963,Nadeesha Jayawardena,2024-08-17,Colombo Fort - Batticaloa,Government Employee Concession,90,1,Abnormal Concession Usage,87.2,High,Fare paid does not match official concession rate; Passenger has multiple prior fraud incidents,Abnormal Concession Usage
TXN108776,PSG103008,Lasith Fernando,2024-08-17,Colombo Fort - Kandy,Full Fare,180,0,,28.5,Low,No strong rule triggered — flagged by model anomaly score only,Unclassified
TXN108774,PSG100031,Kasun Rajapaksha,2024-08-17,Kandy - Badulla (Upcountry local),Full Fare,180,0,,29.3,Low,No strong rule triggered — flagged by model anomaly score only,Unclassified
TXN108773,PSG101771,Sunil Kumara,2024-08-17,Colombo Fort - Kurunegala,Full Fare,180,0,,9.0,Low,No strong rule triggered — flagged by model anomaly score only,Unclassified
TXN108777,PSG102421,Sunil Jayawardena,2024-08-17,Maradana - Puttalam,Full Fare,420,0,,35.2,Low,No strong rule triggered — flagged by model anomaly score only,Unclassified
TXN108779,PSG102250,Anushka Karunaratne,2024-08-17,Kandy - Badulla (Upcountry local),Full Fare,180,0,,15.9,Low,No strong rule triggered — flagged by model anomaly score only,Unclassified
TXN108775,PSG103160,Malsha Rajapaksha,2024-08-17,Colombo Fort - Kurunegala,Full Fare,180,0,,21.7,Low,No strong rule triggered — flagged by model anomaly score only,Unclassified
TXN108781,PSG100028,Kavindi Jayawardena,2024-08-18,Colombo Fort - Negombo (Coastal Line local),Season Ticket,90,1,Ticket Reuse,59.6,Medium,Ticket scanned multiple times (possible reuse),Ticket Reuse
TXN108783,PSG102659,Sachini Bandara,2024-08-18,Colombo Fort - Galle,Full Fare,420,0,,20.6,Low,No strong rule triggered — flagged by model anomaly score only,Unclassified
TXN108788,PSG101230,Kasun Bandara,2024-08-18,Colombo Fort - Kurunegala,Full Fare,180,0,,15.8,Low,No strong rule triggered — flagged by model anomaly score only,Unclassified
TXN108784,PSG102773,Ruwan Perera,2024-08-18,Colombo Fort - Kurunegala,Student Concession,72,0,,17.8,Low,No strong rule triggered — flagged by model anomaly score only,Unclassified
TXN108780,PSG102348,Sunil Fernando,2024-08-18,Maradana - Puttalam,Student Concession,168,0,,42.9,Medium,Passenger has multiple prior fraud incidents,Unclassified
TXN108789,PSG102436,Kamal Senanayake,2024-08-18,Colombo Fort - Galle,Full Fare,420,0,,17.0,Low,No strong rule triggered — flagged by model anomaly score only,Unclassified
TXN108786,PSG101064,Kamal Wickramasinghe,2024-08-18,Colombo Fort - Kandy,Full Fare,180,1,Suspicious Resale,66.1,High,Online booking with no assigned seat (possible resale),Suspicious Resale
TXN108782,PSG103143,Sunil Fernando,2024-08-18,Colombo Fort - Ratnapura Line,Senior Citizen Concession,210,0,,46.0,Medium,Passenger has multiple prior fraud incidents,Unclassified
TXN108787,PSG101072,Kasun Rathnayake,2024-08-18,Colombo Fort - Matara,Season Ticket,210,0,,31.3,Low,No strong rule triggered — flagged by model anomaly score only,Unclassified
TXN108785,PSG102064,Kavindi Rathnayake,2024-08-18,Colombo Fort - Batticaloa,Full Fare,180,0,,29.5,Low,No strong rule triggered — flagged by model anomaly score only,Unclassified
TXN108799,PSG102250,Anushka Karunaratne,2024-08-19,Colombo Fort - Trincomalee,Full Fare,180,0,,20.4,Low,No strong rule triggered — flagged by model anomaly score only,Unclassified
TXN108794,PSG102172,Tharindu Karunaratne,2024-08-19,Colombo Fort - Anuradhapura,Full Fare,180,0,,7.1,Low,No strong rule triggered — flagged by model anomaly score only,Unclassified
TXN108790,PSG100449,Sunil Amarasinghe,2024-08-19,Kandy - Badulla (Upcountry local),Full Fare,180,0,,8.2,Low,No strong rule triggered — flagged by model anomaly score only,Unclassified
TXN108795,PSG102730,Yasas Perera,2024-08-19,Kandy - Badulla (Upcountry local),Full Fare,420,0,,10.9,Low,No strong rule triggered — flagged by model anomaly score only,Unclassified
TXN108793,PSG101395,Gayan Jayawardena,2024-08-19,Colombo Fort - Ratnapura Line,Government Employee Concession,108,0,,38.0,Low,No strong rule triggered — flagged by model anomaly score only,Unclassified
TXN108797,PSG100305,Sanduni Weerasinghe,2024-08-19,Colombo Fort - Negombo (Coastal Line local),Full Fare,950,0,,18.9,Low,No strong rule triggered — flagged by model anomaly score only,Unclassified
TXN108791,PSG100908,Ashan Gunawardena,2024-08-19,Colombo Fort - Matara,Season Ticket,90,0,,36.0,Low,Passenger has multiple prior fraud incidents,Unclassified
TXN108796,PSG101857,Hansika Gunawardena,2024-08-19,Colombo Fort - Negombo (Coastal Line local),Full Fare,180,0,,13.8,Low,No strong rule triggered — flagged by model anomaly score only,Unclassified
TXN108792,PSG100963,Kasun Silva,2024-08-19,Colombo Fort - Jaffna,Full Fare,420,0,,49.1,Medium,No strong rule triggered — flagged by model anomaly score only,Unclassified
TXN108798,PSG102648,Nimal Ekanayake,2024-08-19,Colombo Fort - Vavuniya,Full Fare,180,0,,17.7,Low,No strong rule triggered — flagged by model anomaly score only,Unclassified
TXN108802,PSG101190,Chamara Rathnayake,2024-08-20,Colombo Fort - Anuradhapura,Season Ticket,475,0,,26.7,Low,No strong rule triggered — flagged by model anomaly score only,Unclassified
TXN108806,PSG100562,Sanduni de Zoysa,2024-08-20,Colombo Fort - Vavuniya,Senior Citizen Concession,90,0,,30.3,Low,No strong rule triggered — flagged by model anomaly score only,Unclassified
TXN108801,PSG100749,Ishara de Zoysa,2024-08-20,Colombo Fort - Jaffna,Government Employee Concession,252,0,,27.2,Low,No strong rule triggered — flagged by model anomaly score only,Unclassified
TXN108804,PSG102546,Kamal Rajapaksha,2024-08-20,Colombo Fort - Badulla,Senior Citizen Concession,210,0,,20.1,Low,No strong rule triggered — flagged by model anomaly score only,Unclassified
TXN108800,PSG102518,Roshan Karunaratne,2024-08-20,Colombo Fort - Negombo (Coastal Line local),Student Concession,72,1,Ticket Reuse,51.2,Medium,Ticket scanned multiple times (possible reuse),Ticket Reuse
TXN108803,PSG100738,Ishara Dissanayake,2024-08-20,Colombo Fort - Negombo (Coastal Line local),Full Fare,420,0,,10.4,Low,No strong rule triggered — flagged by model anomaly score only,Unclassified
TXN108807,PSG102143,Hansika de Zoysa,2024-08-20,Colombo Fort - Vavuniya,Senior Citizen Concession,210,1,Suspicious Resale,49.0,Medium,Passenger has multiple prior fraud incidents,Unclassified
TXN108805,PSG100649,Nadeesha Perera,2024-08-20,Colombo Fort - Kandy,Student Concession,72,0,,37.5,Low,No strong rule triggered — flagged by model anomaly score only,Unclassified
TXN108808,PSG102844,Sachini Bandara,2024-08-21,Colombo Fort - Ratnapura Line,Full Fare,180,0,,9.9,Low,No strong rule triggered — flagged by model anomaly score only,Unclassified
TXN108809,PSG101117,Sithumini Kumara,2024-08-21,Colombo Fort - Ratnapura Line,Full Fare,180,0,,14.1,Low,No strong rule triggered — flagged by model anomaly score only,Unclassified
TXN108810,PSG100891,Nimal Rajapaksha,2024-08-21,Kandy - Badulla (Upcountry local),Senior Citizen Concession,90,0,,17.0,Low,No strong rule triggered — flagged by model anomaly score only,Unclassified
TXN108811,PSG102897,Nuwan Bandara,2024-08-21,Colombo Fort - Badulla,Full Fare,180,0,,9.2,Low,No strong rule triggered — flagged by model anomaly score only,Unclassified
TXN108812,PSG100707,Sithumini Kumara,2024-08-21,Colombo Fort - Galle,Full Fare,420,1,Suspicious Resale,16.9,Low,No strong rule triggered — flagged by model anomaly score only,Unclassified
TXN108813,PSG100957,Lasith Karunaratne,2024-08-21,Colombo Fort - Anuradhapura,Full Fare,180,0,,29.3,Low,Passenger has multiple prior fraud incidents,Unclassified
TXN108825,PSG100598,Hansika Rajapaksha,2024-08-22,Colombo Fort - Jaffna,Government Employee Concession,108,0,,31.3,Low,No strong rule triggered — flagged by model anomaly score only,Unclassified
TXN108821,PSG101231,Ishara Senanayake,2024-08-22,Kandy - Badulla (Upcountry local),Government Employee Concession,99,1,Abnormal Concession Usage,56.2,Medium,Fare paid does not match official concession rate; Irregular fare during off-peak/night hours,Abnormal Concession Usage
TXN108824,PSG101609,Chaminda Rathnayake,2024-08-22,Colombo Fort - Kandy,Student Concession,72,0,,22.1,Low,No strong rule triggered — flagged by model anomaly score only,Unclassified
TXN108814,PSG100071,Dinesh Rathnayake,2024-08-22,Kandy - Badulla (Upcountry local),Full Fare,420,1,Suspicious Resale,69.7,High,Online booking with no assigned seat (possible resale),Suspicious Resale
TXN108818,PSG101591,Sachini Fernando,2024-08-22,Colombo Fort - Vavuniya,Full Fare,180,0,,13.1,Low,No strong rule triggered — flagged by model anomaly score only,Unclassified
TXN108819,PSG101313,Chaminda Perera,2024-08-22,Colombo Fort - Trincomalee,Full Fare,420,0,,17.0,Low,No strong rule triggered — flagged by model anomaly score only,Unclassified
TXN108823,PSG100330,Chamara Herath,2024-08-22,Kandy - Badulla (Upcountry local),Full Fare,180,0,,6.9,Low,No strong rule triggered — flagged by model anomaly score only,Unclassified
TXN108820,PSG102120,Kasun Gunawardena,2024-08-22,Colombo Fort - Matara,Full Fare,950,0,,16.8,Low,No strong rule triggered — flagged by model anomaly score only,Unclassified
TXN108817,PSG102994,Yasas Senanayake,2024-08-22,Colombo Fort - Ratnapura Line,Full Fare,180,0,,10.5,Low,No strong rule triggered — flagged by model anomaly score only,Unclassified
TXN108826,PSG102130,Priyantha Bandara,2024-08-22,Colombo Fort - Ratnapura Line,Full Fare,180,0,,25.0,Low,No strong rule triggered — flagged by model anomaly score only,Unclassified
TXN108815,PSG102875,Yasas Bandara,2024-08-22,Colombo Fort - Anuradhapura,Full Fare,420,0,,20.5,Low,No strong rule triggered — flagged by model anomaly score only,Unclassified
TXN108816,PSG102700,Sanduni Ekanayake,2024-08-22,Colombo Fort - Anuradhapura,Full Fare,420,0,,37.6,Low,Passenger has multiple prior fraud incidents,Unclassified
TXN108822,PSG101539,Priyantha Rathnayake,2024-08-22,Colombo Fort - Vavuniya,Season Ticket,90,0,,34.1,Low,No strong rule triggered — flagged by model anomaly score only,Unclassified
TXN108829,PSG102705,Nimal Weerasinghe,2024-08-23,Colombo Fort - Kandy,Season Ticket,90,0,,19.3,Low,No strong rule triggered — flagged by model anomaly score only,Unclassified
TXN108827,PSG100223,Lasith Rajapaksha,2024-08-23,Colombo Fort - Batticaloa,Government Employee Concession,252,0,,38.2,Low,No strong rule triggered — flagged by model anomaly score only,Unclassified
TXN108828,PSG101000,Yasas Fernando,2024-08-23,Colombo Fort - Anuradhapura,Full Fare,420,0,,19.3,Low,No strong rule triggered — flagged by model anomaly score only,Unclassified
TXN108830,PSG102717,Nadeesha Rajapaksha,2024-08-24,Colombo Fort - Kandy,Senior Citizen Concession,81,1,Abnormal Concession Usage,62.6,Medium,Fare paid does not match official concession rate; Irregular fare during off-peak/night hours,Abnormal Concession Usage
TXN108836,PSG101410,Kavindi de Zoysa,2024-08-24,Colombo Fort - Kurunegala,Government Employee Concession,108,0,,39.3,Low,Passenger has multiple prior fraud incidents,Unclassified
TXN108838,PSG100805,Malsha Silva,2024-08-24,Colombo Fort - Kandy,Government Employee Concession,108,0,,45.6,Medium,Passenger has multiple prior fraud incidents,Unclassified
TXN108831,PSG103107,Hansika Amarasinghe,2024-08-24,Colombo Fort - Kurunegala,Full Fare,420,0,,19.4,Low,No strong rule triggered — flagged by model anomaly score only,Unclassified
TXN108835,PSG103102,Kamal Rajapaksha,2024-08-24,Kandy - Badulla (Upcountry local),Full Fare,180,0,,13.1,Low,No strong rule triggered — flagged by model anomaly score only,Unclassified
TXN108832,PSG103143,Sunil Fernando,2024-08-24,Colombo Fort - Negombo (Coastal Line local),Season Ticket,90,0,,39.2,Low,Passenger has multiple prior fraud incidents,Unclassified
TXN108837,PSG102736,Malsha Jayawardena,2024-08-24,Colombo Fort - Kandy,Government Employee Concession,108,0,,24.9,Low,No strong rule triggered — flagged by model anomaly score only,Unclassified
TXN108833,PSG101312,Roshan Senanayake,2024-08-24,Maradana - Puttalam,Season Ticket,90,0,,24.4,Low,No strong rule triggered — flagged by model anomaly score only,Unclassified
TXN108834,PSG101508,Nadeesha Bandara,2024-08-24,Colombo Fort - Matara,Full Fare,180,0,,10.9,Low,No strong rule triggered — flagged by model anomaly score only,Unclassified
TXN108839,PSG101060,Malsha Rajapaksha,2024-08-24,Kandy - Badulla (Upcountry local),Full Fare,180,0,,51.0,Medium,Passenger has multiple prior fraud incidents,Unclassified
TXN108843,PSG100362,Malsha Silva,2024-08-25,Colombo Fort - Kandy,Full Fare,420,0,,25.5,Low,No strong rule triggered — flagged by model anomaly score only,Unclassified
TXN108841,PSG102068,Chaminda Gunawardena,2024-08-25,Colombo Fort - Galle,Full Fare,180,0,,12.0,Low,No strong rule triggered — flagged by model anomaly score only,Unclassified
TXN108844,PSG102289,Dinesh Gunawardena,2024-08-25,Colombo Fort - Matara,Full Fare,180,0,,13.3,Low,No strong rule triggered — flagged by model anomaly score only,Unclassified
TXN108840,PSG100010,Nadeesha Dissanayake,2024-08-25,Colombo Fort - Kurunegala,Full Fare,420,0,,26.4,Low,No strong rule triggered — flagged by model anomaly score only,Unclassified
TXN108842,PSG100592,Nuwan Wickramasinghe,2024-08-25,Colombo Fort - Negombo (Coastal Line local),Season Ticket,90,0,,25.8,Low,No strong rule triggered — flagged by model anomaly score only,Unclassified
TXN108847,PSG101141,Lasith Kumara,2024-08-26,Colombo Fort - Badulla,Full Fare,420,0,,22.6,Low,No strong rule triggered — flagged by model anomaly score only,Unclassified
TXN108849,PSG101351,Priyantha de Zoysa,2024-08-26,Colombo Fort - Kandy,Full Fare,180,0,,17.8,Low,No strong rule triggered — flagged by model anomaly score only,Unclassified
TXN108850,PSG101774,Lasith Amarasinghe,2024-08-26,Kandy - Badulla (Upcountry local),Full Fare,180,0,,24.9,Low,No strong rule triggered — flagged by model anomaly score only,Unclassified
TXN108848,PSG100425,Chaminda de Zoysa,2024-08-26,Maradana - Puttalam,Full Fare,180,0,,18.4,Low,No strong rule triggered — flagged by model anomaly score only,Unclassified
TXN108845,PSG100149,Dinesh Perera,2024-08-26,Colombo Fort - Ratnapura Line,Full Fare,180,0,,27.8,Low,No strong rule triggered — flagged by model anomaly score only,Unclassified
TXN108846,PSG100129,Chamara Senanayake,2024-08-26,Colombo Fort - Negombo (Coastal Line local),Full Fare,180,0,,23.2,Low,No strong rule triggered — flagged by model anomaly score only,Unclassified
TXN108851,PSG100908,Ashan Gunawardena,2024-08-27,Colombo Fort - Kandy,Season Ticket,90,0,,37.5,Low,Passenger has multiple prior fraud incidents,Unclassified
TXN108852,PSG100307,Anushka Amarasinghe,2024-08-27,Colombo Fort - Kandy,Full Fare,950,0,,43.1,Medium,No strong rule triggered — flagged by model anomaly score only,Unclassified
TXN108853,PSG102681,Sithumini Wijesekara,2024-08-27,Colombo Fort - Anuradhapura,Student Concession,72,0,,17.6,Low,No strong rule triggered — flagged by model anomaly score only,Unclassified
TXN108859,PSG102813,Nuwan Perera,2024-08-28,Colombo Fort - Ratnapura Line,Government Employee Concession,252,0,,31.1,Low,No strong rule triggered — flagged by model anomaly score only,Unclassified
TXN108860,PSG100917,Nuwan Silva,2024-08-28,Colombo Fort - Trincomalee,Full Fare,420,0,,37.5,Low,Passenger has multiple prior fraud incidents,Unclassified
TXN108857,PSG102491,Chamara Rathnayake,2024-08-28,Colombo Fort - Ratnapura Line,Government Employee Concession,108,1,Ticket Reuse,76.9,High,Ticket scanned multiple times (possible reuse),Ticket Reuse
TXN108855,PSG100899,Ishara Karunaratne,2024-08-28,Colombo Fort - Kurunegala,Full Fare,180,1,Ticket Reuse,53.7,Medium,Ticket scanned multiple times (possible reuse),Ticket Reuse
TXN108856,PSG100381,Gayan Abeywardena,2024-08-28,Colombo Fort - Badulla,Full Fare,420,0,,22.5,Low,No strong rule triggered — flagged by model anomaly score only,Unclassified
TXN108854,PSG101705,Sunil Rajapaksha,2024-08-28,Colombo Fort - Jaffna,Government Employee Concession,252,0,,31.2,Low,No strong rule triggered — flagged by model anomaly score only,Unclassified
TXN108858,PSG101337,Roshan Senanayake,2024-08-28,Kandy - Badulla (Upcountry local),Senior Citizen Concession,210,0,,20.5,Low,No strong rule triggered — flagged by model anomaly score only,Unclassified
TXN108862,PSG101775,Ravindu Karunaratne,2024-08-29,Colombo Fort - Ratnapura Line,Full Fare,180,0,,9.7,Low,No strong rule triggered — flagged by model anomaly score only,Unclassified
TXN108861,PSG100202,Ishara Karunaratne,2024-08-29,Colombo Fort - Kurunegala,Full Fare,180,0,,16.2,Low,No strong rule triggered — flagged by model anomaly score only,Unclassified
TXN108864,PSG102408,Yasas Wickramasinghe,2024-08-29,Colombo Fort - Batticaloa,Full Fare,420,0,,19.1,Low,No strong rule triggered — flagged by model anomaly score only,Unclassified
TXN108865,PSG101118,Ashan Gunawardena,2024-08-29,Maradana - Puttalam,Full Fare,180,0,,18.6,Low,No strong rule triggered — flagged by model anomaly score only,Unclassified
TXN108863,PSG102788,Sithumini Abeywardena,2024-08-29,Colombo Fort - Vavuniya,Full Fare,180,0,,39.9,Low,No strong rule triggered — flagged by model anomaly score only,Unclassified
TXN108869,PSG101473,Sithumini Weerasinghe,2024-08-30,Colombo Fort - Vavuniya,Full Fare,180,0,,20.2,Low,No strong rule triggered — flagged by model anomaly score only,Unclassified
TXN108871,PSG100674,Sachini Senanayake,2024-08-30,Colombo Fort - Kurunegala,Full Fare,420,0,,18.6,Low,No strong rule triggered — flagged by model anomaly score only,Unclassified
TXN108867,PSG100062,Sanduni Senanayake,2024-08-30,Kandy - Badulla (Upcountry local),Full Fare,180,0,,6.9,Low,No strong rule triggered — flagged by model anomaly score only,Unclassified
TXN108870,PSG100152,Kavindi Silva,2024-08-30,Colombo Fort - Kurunegala,Full Fare,420,0,,9.8,Low,No strong rule triggered — flagged by model anomaly score only,Unclassified
TXN108868,PSG100290,Sunil de Zoysa,2024-08-30,Colombo Fort - Anuradhapura,Full Fare,180,0,,10.2,Low,No strong rule triggered — flagged by model anomaly score only,Unclassified
TXN108866,PSG100474,Gayan Gunawardena,2024-08-30,Colombo Fort - Galle,Full Fare,180,0,,5.5,Low,No strong rule triggered — flagged by model anomaly score only,Unclassified
TXN108879,PSG102397,Tharindu Jayawardena,2024-08-31,Colombo Fort - Trincomalee,Full Fare,180,0,,16.5,Low,No strong rule triggered — flagged by model anomaly score only,Unclassified
TXN108876,PSG100446,Nadeesha Rajapaksha,2024-08-31,Colombo Fort - Galle,Full Fare,180,0,,10.7,Low,No strong rule triggered — flagged by model anomaly score only,Unclassified
TXN108874,PSG102132,Sithumini Rajapaksha,2024-08-31,Colombo Fort - Badulla,Full Fare,180,0,,17.7,Low,No strong rule triggered — flagged by model anomaly score only,Unclassified
TXN108875,PSG101658,Dilani Dissanayake,2024-08-31,Colombo Fort - Vavuniya,Full Fare,420,0,,21.4,Low,No strong rule triggered — flagged by model anomaly score only,Unclassified
TXN108872,PSG101127,Dinesh Ekanayake,2024-08-31,Colombo Fort - Anuradhapura,Season Ticket,210,0,,27.2,Low,No strong rule triggered — flagged by model anomaly score only,Unclassified
TXN108877,PSG100787,Ruwan Wickramasinghe,2024-08-31,Colombo Fort - Kandy,Full Fare,420,0,,19.2,Low,No strong rule triggered — flagged by model anomaly score only,Unclassified
TXN108873,PSG100877,Dilani Wickramasinghe,2024-08-31,Maradana - Puttalam,Full Fare,180,0,,11.5,Low,No strong rule triggered — flagged by model anomaly score only,Unclassified
TXN108878,PSG100985,Piyumi Abeywardena,2024-08-31,Maradana - Puttalam,Senior Citizen Concession,475,0,,49.5,Medium,No strong rule triggered — flagged by model anomaly score only,Unclassified
TXN108883,PSG102889,Hansika Silva,2024-09-01,Colombo Fort - Matara,Full Fare,180,0,,26.5,Low,No strong rule triggered — flagged by model anomaly score only,Unclassified
TXN108890,PSG100995,Nadeesha Rathnayake,2024-09-01,Colombo Fort - Kurunegala,Government Employee Concession,252,0,,27.7,Low,No strong rule triggered — flagged by model anomaly score only,Unclassified
TXN108888,PSG100498,Nadeesha Dissanayake,2024-09-01,Colombo Fort - Anuradhapura,Season Ticket,90,0,,29.2,Low,No strong rule triggered — flagged by model anomaly score only,Unclassified
TXN108882,PSG100765,Sunil Perera,2024-09-01,Colombo Fort - Ratnapura Line,Disability Concession,126,0,,38.0,Low,No strong rule triggered — flagged by model anomaly score only,Unclassified
TXN108891,PSG102277,Hansika Bandara,2024-09-01,Colombo Fort - Galle,Student Concession,72,0,,51.3,Medium,Passenger has multiple prior fraud incidents,Unclassified
TXN108881,PSG101318,Kasun Herath,2024-09-01,Colombo Fort - Galle,Full Fare,420,0,,24.1,Low,No strong rule triggered — flagged by model anomaly score only,Unclassified
TXN108889,PSG102288,Sunil Jayawardena,2024-09-01,Colombo Fort - Badulla,Full Fare,180,0,,9.1,Low,No strong rule triggered — flagged by model anomaly score only,Unclassified
TXN108886,PSG102499,Anushka Weerasinghe,2024-09-01,Colombo Fort - Badulla,Student Concession,72,0,,21.1,Low,No strong rule triggered — flagged by model anomaly score only,Unclassified
TXN108880,PSG101651,Dilani Gunawardena,2024-09-01,Colombo Fort - Trincomalee,Full Fare,420,0,,31.5,Low,No strong rule triggered — flagged by model anomaly score only,Unclassified
TXN108887,PSG100627,Chathurika Fernando,2024-09-01,Colombo Fort - Matara,Full Fare,180,0,,17.9,Low,No strong rule triggered — flagged by model anomaly score only,Unclassified
TXN108885,PSG102836,Gayan Amarasinghe,2024-09-01,Colombo Fort - Trincomalee,Full Fare,180,0,,35.8,Low,No strong rule triggered — flagged by model anomaly score only,Unclassified
TXN108884,PSG101934,Priyantha Herath,2024-09-01,Colombo Fort - Badulla,Student Concession,72,0,,29.0,Low,No strong rule triggered — flagged by model anomaly score only,Unclassified
TXN108894,PSG101308,Chaminda Fernando,2024-09-02,Colombo Fort - Badulla,Season Ticket,90,0,,14.7,Low,No strong rule triggered — flagged by model anomaly score only,Unclassified
TXN108893,PSG100196,Tharindu Senanayake,2024-09-02,Colombo Fort - Anuradhapura,Senior Citizen Concession,90,0,,39.1,Low,No strong rule triggered — flagged by model anomaly score only,Unclassified
TXN108895,PSG102956,Anushka Jayawardena,2024-09-02,Colombo Fort - Matara,Full Fare,180,0,,28.4,Low,No strong rule triggered — flagged by model anomaly score only,Unclassified
TXN108892,PSG101515,Hansika Gunawardena,2024-09-02,Colombo Fort - Ratnapura Line,Full Fare,950,0,,25.0,Low,No strong rule triggered — flagged by model anomaly score only,Unclassified
TXN108901,PSG100929,Nadeesha Herath,2024-09-03,Colombo Fort - Matara,Full Fare,180,0,,16.9,Low,No strong rule triggered — flagged by model anomaly score only,Unclassified
TXN108899,PSG101834,Nuwan Bandara,2024-09-03,Colombo Fort - Galle,Full Fare,180,0,,55.7,Medium,Passenger has multiple prior fraud incidents,Unclassified
TXN108897,PSG102254,Ashan Rajapaksha,2024-09-03,Maradana - Puttalam,Full Fare,180,0,,17.9,Low,No strong rule triggered — flagged by model anomaly score only,Unclassified
TXN108896,PSG100454,Tharindu Fernando,2024-09-03,Kandy - Badulla (Upcountry local),Student Concession,72,0,,13.1,Low,No strong rule triggered — flagged by model anomaly score only,Unclassified
TXN108898,PSG100379,Saman Herath,2024-09-03,Colombo Fort - Negombo (Coastal Line local),Full Fare,420,0,,16.1,Low,No strong rule triggered — flagged by model anomaly score only,Unclassified
TXN108900,PSG100714,Dinesh Kumara,2024-09-03,Colombo Fort - Kandy,Senior Citizen Concession,210,0,,36.1,Low,No strong rule triggered — flagged by model anomaly score only,Unclassified
TXN108905,PSG102554,Lasith Gunawardena,2024-09-04,Kandy - Badulla (Upcountry local),Senior Citizen Concession,90,0,,29.8,Low,No strong rule triggered — flagged by model anomaly score only,Unclassified
TXN108903,PSG101946,Ravindu Bandara,2024-09-04,Kandy - Badulla (Upcountry local),Student Concession,72,1,Suspicious Resale,84.4,High,Online booking with no assigned seat (possible resale); Passenger has multiple prior fraud incidents,Suspicious Resale
TXN108906,PSG102659,Sachini Bandara,2024-09-04,Colombo Fort - Kurunegala,Season Ticket,90,0,,16.3,Low,No strong rule triggered — flagged by model anomaly score only,Unclassified
TXN108902,PSG102127,Kasun Wickramasinghe,2024-09-04,Colombo Fort - Anuradhapura,Full Fare,420,1,Suspicious Resale,71.1,High,Online booking with no assigned seat (possible resale),Suspicious Resale
TXN108904,PSG102150,Dinesh Ekanayake,2024-09-04,Colombo Fort - Kandy,Student Concession,72,0,,25.3,Low,No strong rule triggered — flagged by model anomaly score only,Unclassified
TXN108911,PSG101730,Nuwan Abeywardena,2024-09-05,Colombo Fort - Anuradhapura,Senior Citizen Concession,90,0,,18.2,Low,No strong rule triggered — flagged by model anomaly score only,Unclassified
TXN108909,PSG100031,Kasun Rajapaksha,2024-09-05,Colombo Fort - Badulla,Full Fare,180,0,,27.5,Low,No strong rule triggered — flagged by model anomaly score only,Unclassified
TXN108908,PSG101423,Sanduni Dissanayake,2024-09-05,Colombo Fort - Kurunegala,Student Concession,63,1,Abnormal Concession Usage,43.2,Medium,Fare paid does not match official concession rate,Abnormal Concession Usage
TXN108910,PSG102071,Ruwan Rathnayake,2024-09-05,Colombo Fort - Badulla,Full Fare,180,1,Ticket Reuse,54.2,Medium,Ticket scanned multiple times (possible reuse),Ticket Reuse
TXN108907,PSG100997,Sachini Perera,2024-09-05,Colombo Fort - Badulla,Student Concession,54,1,Abnormal Concession Usage,70.8,High,Fare paid does not match official concession rate,Abnormal Concession Usage
TXN108913,PSG100023,Ravindu Wijesekara,2024-09-05,Colombo Fort - Matara,Season Ticket,90,0,,15.5,Low,No strong rule triggered — flagged by model anomaly score only,Unclassified
TXN108912,PSG103128,Dilani Ekanayake,2024-09-05,Maradana - Puttalam,Student Concession,72,0,,17.3,Low,No strong rule triggered — flagged by model anomaly score only,Unclassified
TXN108919,PSG102862,Priyantha Wickramasinghe,2024-09-06,Colombo Fort - Galle,Full Fare,180,0,,7.5,Low,No strong rule triggered — flagged by model anomaly score only,Unclassified
TXN108918,PSG102816,Nadeesha Gunawardena,2024-09-06,Colombo Fort - Kandy,Government Employee Concession,252,0,,24.9,Low,No strong rule triggered — flagged by model anomaly score only,Unclassified
TXN108915,PSG101796,Chaminda Senanayake,2024-09-06,Colombo Fort - Jaffna,Full Fare,950,0,,27.0,Low,No strong rule triggered — flagged by model anomaly score only,Unclassified
TXN108917,PSG100259,Ishara Senanayake,2024-09-06,Colombo Fort - Ratnapura Line,Full Fare,180,0,,8.6,Low,No strong rule triggered — flagged by model anomaly score only,Unclassified
TXN108916,PSG103182,Piyumi Weerasinghe,2024-09-06,Kandy - Badulla (Upcountry local),Season Ticket,90,0,,11.4,Low,No strong rule triggered — flagged by model anomaly score only,Unclassified
TXN108914,PSG101739,Nuwan Kumara,2024-09-06,Colombo Fort - Jaffna,Student Concession,147,1,Abnormal Concession Usage,55.9,Medium,Fare paid does not match official concession rate,Abnormal Concession Usage
TXN108921,PSG100492,Sithumini Ekanayake,2024-09-07,Maradana - Puttalam,Full Fare,420,0,,29.3,Low,No strong rule triggered — flagged by model anomaly score only,Unclassified
TXN108923,PSG100504,Sachini Karunaratne,2024-09-07,Colombo Fort - Galle,Full Fare,180,0,,48.2,Medium,No strong rule triggered — flagged by model anomaly score only,Unclassified
TXN108920,PSG101217,Ravindu Senanayake,2024-09-07,Colombo Fort - Vavuniya,Full Fare,180,0,,24.8,Low,No strong rule triggered — flagged by model anomaly score only,Unclassified
TXN108924,PSG102956,Anushka Jayawardena,2024-09-07,Colombo Fort - Ratnapura Line,Student Concession,168,0,,51.8,Medium,No strong rule triggered — flagged by model anomaly score only,Unclassified
TXN108922,PSG102874,Roshan Silva,2024-09-07,Colombo Fort - Jaffna,Full Fare,180,0,,14.4,Low,No strong rule triggered — flagged by model anomaly score only,Unclassified
TXN108929,PSG100202,Ishara Karunaratne,2024-09-08,Colombo Fort - Jaffna,Full Fare,180,0,,26.7,Low,No strong rule triggered — flagged by model anomaly score only,Unclassified
TXN108926,PSG100758,Ishara Perera,2024-09-08,Colombo Fort - Kandy,Full Fare,420,0,,22.5,Low,No strong rule triggered — flagged by model anomaly score only,Unclassified
TXN108928,PSG101059,Kavindi Herath,2024-09-08,Colombo Fort - Matara,Government Employee Concession,252,0,,23.1,Low,No strong rule triggered — flagged by model anomaly score only,Unclassified
TXN108930,PSG101110,Gayan Jayawardena,2024-09-08,Colombo Fort - Matara,Full Fare,950,0,,18.6,Low,No strong rule triggered — flagged by model anomaly score only,Unclassified
TXN108925,PSG102671,Sithumini Rathnayake,2024-09-08,Colombo Fort - Trincomalee,Full Fare,420,0,,27.7,Low,No strong rule triggered — flagged by model anomaly score only,Unclassified
TXN108931,PSG100828,Sanduni Wijesekara,2024-09-08,Colombo Fort - Trincomalee,Full Fare,950,0,,26.6,Low,No strong rule triggered — flagged by model anomaly score only,Unclassified
TXN108927,PSG102341,Anushka Fernando,2024-09-08,Maradana - Puttalam,Full Fare,180,1,Ticket Reuse,67.3,High,Ticket scanned multiple times (possible reuse),Ticket Reuse
TXN108933,PSG100596,Chamara Herath,2024-09-09,Colombo Fort - Matara,Government Employee Concession,108,0,,36.1,Low,No strong rule triggered — flagged by model anomaly score only,Unclassified
TXN108935,PSG101450,Nadeesha de Zoysa,2024-09-09,Colombo Fort - Batticaloa,Full Fare,180,0,,36.7,Low,Passenger has multiple prior fraud incidents,Unclassified
TXN108934,PSG100149,Dinesh Perera,2024-09-09,Colombo Fort - Kandy,Student Concession,72,0,,18.8,Low,No strong rule triggered — flagged by model anomaly score only,Unclassified
TXN108932,PSG102453,Dinesh Kumara,2024-09-09,Colombo Fort - Jaffna,Student Concession,63,1,Abnormal Concession Usage,46.6,Medium,Fare paid does not match official concession rate,Abnormal Concession Usage
TXN108938,PSG102001,Kamal Rathnayake,2024-09-10,Colombo Fort - Anuradhapura,Full Fare,420,0,,35.4,Low,No strong rule triggered — flagged by model anomaly score only,Unclassified
TXN108939,PSG102956,Anushka Jayawardena,2024-09-10,Colombo Fort - Vavuniya,Senior Citizen Concession,81,1,Abnormal Concession Usage,64.8,Medium,Fare paid does not match official concession rate,Abnormal Concession Usage
TXN108942,PSG101262,Kamal Wickramasinghe,2024-09-10,Kandy - Badulla (Upcountry local),Full Fare,180,0,,4.6,Low,No strong rule triggered — flagged by model anomaly score only,Unclassified
TXN108941,PSG101110,Gayan Jayawardena,2024-09-10,Colombo Fort - Batticaloa,Full Fare,180,0,,11.6,Low,No strong rule triggered — flagged by model anomaly score only,Unclassified
TXN108937,PSG101288,Dinesh Weerasinghe,2024-09-10,Kandy - Badulla (Upcountry local),Senior Citizen Concession,380,1,Abnormal Concession Usage,89.4,High,Fare paid does not match official concession rate,Abnormal Concession Usage
TXN108940,PSG102460,Chaminda Wijesekara,2024-09-10,Colombo Fort - Badulla,Season Ticket,210,0,,27.5,Low,No strong rule triggered — flagged by model anomaly score only,Unclassified
TXN108936,PSG100184,Nimal Kumara,2024-09-10,Maradana - Puttalam,Full Fare,950,0,,39.7,Low,No strong rule triggered — flagged by model anomaly score only,Unclassified
TXN108944,PSG101664,Tharindu Abeywardena,2024-09-11,Kandy - Badulla (Upcountry local),Full Fare,420,0,,9.6,Low,No strong rule triggered — flagged by model anomaly score only,Unclassified
TXN108943,PSG100930,Sachini Gunawardena,2024-09-11,Colombo Fort - Trincomalee,Full Fare,950,0,,24.5,Low,No strong rule triggered — flagged by model anomaly score only,Unclassified
TXN108945,PSG100913,Saman Rajapaksha,2024-09-11,Colombo Fort - Kandy,Full Fare,420,0,,30.2,Low,Passenger has multiple prior fraud incidents,Unclassified
TXN108951,PSG100413,Anushka Wijesekara,2024-09-12,Colombo Fort - Trincomalee,Full Fare,180,0,,43.3,Medium,No strong rule triggered — flagged by model anomaly score only,Unclassified
TXN108946,PSG103035,Saman Herath,2024-09-12,Maradana - Puttalam,Season Ticket,90,0,,34.2,Low,No strong rule triggered — flagged by model anomaly score only,Unclassified
TXN108948,PSG102640,Hansika Herath,2024-09-12,Colombo Fort - Kurunegala,Full Fare,950,0,,19.4,Low,No strong rule triggered — flagged by model anomaly score only,Unclassified
TXN108953,PSG102534,Kamal Rajapaksha,2024-09-12,Colombo Fort - Batticaloa,Full Fare,180,0,,23.7,Low,No strong rule triggered — flagged by model anomaly score only,Unclassified
TXN108949,PSG101784,Sachini Bandara,2024-09-12,Maradana - Puttalam,Full Fare,180,0,,7.7,Low,No strong rule triggered — flagged by model anomaly score only,Unclassified
TXN108952,PSG102893,Chathurika Amarasinghe,2024-09-12,Colombo Fort - Kurunegala,Senior Citizen Concession,90,0,,47.1,Medium,Passenger has multiple prior fraud incidents,Unclassified
TXN108947,PSG100010,Nadeesha Dissanayake,2024-09-12,Colombo Fort - Ratnapura Line,Full Fare,180,0,,24.1,Low,No strong rule triggered — flagged by model anomaly score only,Unclassified
TXN108950,PSG102763,Sithumini Wickramasinghe,2024-09-12,Colombo Fort - Galle,Season Ticket,90,0,,18.0,Low,No strong rule triggered — flagged by model anomaly score only,Unclassified
TXN108957,PSG103072,Sunil de Zoysa,2024-09-14,Colombo Fort - Trincomalee,Full Fare,180,0,,27.3,Low,No strong rule triggered — flagged by model anomaly score only,Unclassified
TXN108954,PSG100841,Kamal Kumara,2024-09-14,Colombo Fort - Anuradhapura,Full Fare,180,0,,39.5,Low,No strong rule triggered — flagged by model anomaly score only,Unclassified
TXN108962,PSG102418,Ruwan Fernando,2024-09-14,Colombo Fort - Anuradhapura,Full Fare,180,0,,14.4,Low,No strong rule triggered — flagged by model anomaly score only,Unclassified
TXN108958,PSG102582,Kasun Fernando,2024-09-14,Colombo Fort - Kurunegala,Full Fare,180,0,,10.5,Low,No strong rule triggered — flagged by model anomaly score only,Unclassified
TXN108956,PSG102827,Ashan Bandara,2024-09-14,Colombo Fort - Matara,Senior Citizen Concession,475,0,,29.6,Low,No strong rule triggered — flagged by model anomaly score only,Unclassified
TXN108961,PSG100023,Ravindu Wijesekara,2024-09-14,Colombo Fort - Anuradhapura,Full Fare,180,0,,14.5,Low,No strong rule triggered — flagged by model anomaly score only,Unclassified
TXN108960,PSG100254,Dinesh Bandara,2024-09-14,Colombo Fort - Vavuniya,Full Fare,420,0,,18.2,Low,No strong rule triggered — flagged by model anomaly score only,Unclassified
TXN108959,PSG101187,Anushka Rajapaksha,2024-09-14,Maradana - Puttalam,Full Fare,180,0,,15.0,Low,No strong rule triggered — flagged by model anomaly score only,Unclassified
TXN108955,PSG102799,Sachini Kumara,2024-09-14,Colombo Fort - Batticaloa,Student Concession,72,0,,30.5,Low,No strong rule triggered — flagged by model anomaly score only,Unclassified
TXN108965,PSG101395,Gayan Jayawardena,2024-09-15,Colombo Fort - Anuradhapura,Disability Concession,54,0,,60.1,Medium,No strong rule triggered — flagged by model anomaly score only,Unclassified
TXN108963,PSG102907,Sithumini Fernando,2024-09-15,Colombo Fort - Kurunegala,Student Concession,168,0,,36.6,Low,No strong rule triggered — flagged by model anomaly score only,Unclassified
TXN108966,PSG101063,Lasith Amarasinghe,2024-09-15,Maradana - Puttalam,Full Fare,950,0,,26.6,Low,No strong rule triggered — flagged by model anomaly score only,Unclassified
TXN108964,PSG100479,Chaminda Rathnayake,2024-09-15,Maradana - Puttalam,Student Concession,72,0,,17.9,Low,No strong rule triggered — flagged by model anomaly score only,Unclassified
TXN108968,PSG102569,Sunil Rajapaksha,2024-09-16,Colombo Fort - Jaffna,Season Ticket,210,0,,24.0,Low,No strong rule triggered — flagged by model anomaly score only,Unclassified
TXN108972,PSG100307,Anushka Amarasinghe,2024-09-16,Colombo Fort - Badulla,Disability Concession,285,0,,60.1,Medium,No strong rule triggered — flagged by model anomaly score only,Unclassified
TXN108974,PSG102244,Chathurika Dissanayake,2024-09-16,Colombo Fort - Kurunegala,Full Fare,180,0,,30.1,Low,Passenger has multiple prior fraud incidents,Unclassified
TXN108971,PSG102961,Chathurika Rajapaksha,2024-09-16,Colombo Fort - Kandy,Full Fare,180,0,,24.0,Low,No strong rule triggered — flagged by model anomaly score only,Unclassified
TXN108970,PSG101445,Ruwan Senanayake,2024-09-16,Colombo Fort - Kandy,Student Concession,54,1,Abnormal Concession Usage,73.1,High,Fare paid does not match official concession rate,Abnormal Concession Usage
TXN108973,PSG101290,Tharindu Weerasinghe,2024-09-16,Colombo Fort - Kandy,Student Concession,72,0,,16.4,Low,No strong rule triggered — flagged by model anomaly score only,Unclassified
TXN108967,PSG100920,Nuwan Fernando,2024-09-16,Colombo Fort - Kandy,Government Employee Concession,108,0,,19.6,Low,No strong rule triggered — flagged by model anomaly score only,Unclassified
TXN108969,PSG100300,Dilani Kumara,2024-09-16,Colombo Fort - Anuradhapura,Student Concession,72,0,,35.1,Low,No strong rule triggered — flagged by model anomaly score only,Unclassified
TXN108976,PSG102527,Kamal Abeywardena,2024-09-17,Colombo Fort - Batticaloa,Full Fare,180,0,,10.2,Low,No strong rule triggered — flagged by model anomaly score only,Unclassified
TXN108975,PSG101654,Nimal Abeywardena,2024-09-17,Colombo Fort - Anuradhapura,Student Concession,72,0,,17.4,Low,No strong rule triggered — flagged by model anomaly score only,Unclassified
TXN108977,PSG102369,Kasun Karunaratne,2024-09-17,Colombo Fort - Galle,Government Employee Concession,90,1,Abnormal Concession Usage,75.7,High,Fare paid does not match official concession rate,Abnormal Concession Usage
TXN108980,PSG102263,Nimal Fernando,2024-09-18,Colombo Fort - Ratnapura Line,Full Fare,180,0,,19.7,Low,No strong rule triggered — flagged by model anomaly score only,Unclassified
TXN108981,PSG102941,Sanduni Bandara,2024-09-18,Colombo Fort - Matara,Season Ticket,210,0,,34.5,Low,Passenger has multiple prior fraud incidents,Unclassified
TXN108978,PSG100013,Nuwan de Zoysa,2024-09-18,Colombo Fort - Jaffna,Full Fare,420,0,,25.9,Low,No strong rule triggered — flagged by model anomaly score only,Unclassified
TXN108983,PSG100252,Dinesh Weerasinghe,2024-09-18,Kandy - Badulla (Upcountry local),Season Ticket,210,0,,35.1,Low,Passenger has multiple prior fraud incidents,Unclassified
TXN108982,PSG100781,Ashan Abeywardena,2024-09-18,Colombo Fort - Badulla,Full Fare,180,0,,7.9,Low,No strong rule triggered — flagged by model anomaly score only,Unclassified
TXN108979,PSG101493,Sachini Kumara,2024-09-18,Maradana - Puttalam,Student Concession,72,1,Suspicious Resale,80.6,High,Online booking with no assigned seat (possible resale),Suspicious Resale
TXN108991,PSG103180,Dilani Abeywardena,2024-09-19,Colombo Fort - Negombo (Coastal Line local),Full Fare,180,0,,31.4,Low,No strong rule triggered — flagged by model anomaly score only,Unclassified
TXN108988,PSG102549,Gayan Gunawardena,2024-09-19,Kandy - Badulla (Upcountry local),Full Fare,420,0,,33.9,Low,No strong rule triggered — flagged by model anomaly score only,Unclassified
TXN108985,PSG100817,Nuwan Karunaratne,2024-09-19,Colombo Fort - Ratnapura Line,Season Ticket,90,0,,37.2,Low,No strong rule triggered — flagged by model anomaly score only,Unclassified
TXN108989,PSG102720,Nadeesha Karunaratne,2024-09-19,Colombo Fort - Anuradhapura,Full Fare,180,0,,7.2,Low,No strong rule triggered — flagged by model anomaly score only,Unclassified
TXN108984,PSG102749,Chaminda Perera,2024-09-19,Colombo Fort - Vavuniya,Full Fare,420,0,,10.6,Low,No strong rule triggered — flagged by model anomaly score only,Unclassified
TXN108990,PSG100532,Sachini Dissanayake,2024-09-19,Colombo Fort - Anuradhapura,Full Fare,180,0,,8.9,Low,No strong rule triggered — flagged by model anomaly score only,Unclassified
TXN108987,PSG103033,Tharindu Bandara,2024-09-19,Colombo Fort - Vavuniya,Full Fare,180,0,,39.8,Low,No strong rule triggered — flagged by model anomaly score only,Unclassified
TXN108986,PSG100689,Nadeesha Karunaratne,2024-09-19,Colombo Fort - Badulla,Full Fare,950,0,,42.6,Medium,No strong rule triggered — flagged by model anomaly score only,Unclassified
TXN108996,PSG101460,Lasith Kumara,2024-09-20,Maradana - Puttalam,Season Ticket,90,1,Ticket Reuse,65.4,Medium,Ticket scanned multiple times (possible reuse),Ticket Reuse
TXN108993,PSG103051,Ishara Fernando,2024-09-20,Colombo Fort - Anuradhapura,Full Fare,420,0,,29.8,Low,No strong rule triggered — flagged by model anomaly score only,Unclassified
TXN108994,PSG101754,Kamal Wickramasinghe,2024-09-20,Colombo Fort - Galle,Full Fare,180,0,,25.6,Low,No strong rule triggered — flagged by model anomaly score only,Unclassified
TXN108997,PSG100898,Chaminda Jayawardena,2024-09-20,Colombo Fort - Matara,Season Ticket,90,0,,35.9,Low,No strong rule triggered — flagged by model anomaly score only,Unclassified
TXN108992,PSG103006,Chathurika Senanayake,2024-09-20,Colombo Fort - Batticaloa,Full Fare,180,0,,11.6,Low,No strong rule triggered — flagged by model anomaly score only,Unclassified
TXN108998,PSG100498,Nadeesha Dissanayake,2024-09-20,Colombo Fort - Jaffna,Student Concession,72,0,,20.7,Low,No strong rule triggered — flagged by model anomaly score only,Unclassified
TXN108995,PSG101470,Hansika Abeywardena,2024-09-20,Colombo Fort - Negombo (Coastal Line local),Full Fare,180,0,,12.3,Low,No strong rule triggered — flagged by model anomaly score only,Unclassified
TXN108999,PSG102184,Roshan Karunaratne,2024-09-20,Colombo Fort - Badulla,Disability Concession,54,0,,27.4,Low,No strong rule triggered — flagged by model anomaly score only,Unclassified
TXN109005,PSG101472,Piyumi Silva,2024-09-21,Colombo Fort - Vavuniya,Full Fare,180,0,,34.7,Low,No strong rule triggered — flagged by model anomaly score only,Unclassified
TXN109001,PSG100631,Ravindu de Zoysa,2024-09-21,Colombo Fort - Kandy,Full Fare,180,1,Suspicious Resale,66.1,High,Online booking with no assigned seat (possible resale),Suspicious Resale
TXN109003,PSG100644,Saman Amarasinghe,2024-09-21,Colombo Fort - Galle,Full Fare,180,1,Suspicious Resale,86.2,High,Online booking with no assigned seat (possible resale); Passenger has multiple prior fraud incidents,Suspicious Resale
TXN109002,PSG103028,Nimal Amarasinghe,2024-09-21,Kandy - Badulla (Upcountry local),Full Fare,180,1,Ticket Reuse,59.2,Medium,Ticket scanned multiple times (possible reuse),Ticket Reuse
TXN109004,PSG101438,Chathurika Abeywardena,2024-09-21,Colombo Fort - Ratnapura Line,Full Fare,420,0,,21.6,Low,No strong rule triggered — flagged by model anomaly score only,Unclassified
TXN109000,PSG101372,Chamara Rathnayake,2024-09-21,Colombo Fort - Kurunegala,Full Fare,180,0,,10.7,Low,No strong rule triggered — flagged by model anomaly score only,Unclassified
TXN109007,PSG103093,Tharindu Rajapaksha,2024-09-22,Colombo Fort - Kandy,Season Ticket,210,0,,36.8,Low,No strong rule triggered — flagged by model anomaly score only,Unclassified
TXN109009,PSG102216,Yasas Silva,2024-09-22,Colombo Fort - Negombo (Coastal Line local),Full Fare,180,0,,11.9,Low,No strong rule triggered — flagged by model anomaly score only,Unclassified
TXN109008,PSG100862,Kavindi Kumara,2024-09-22,Colombo Fort - Batticaloa,Student Concession,72,0,,37.7,Low,No strong rule triggered — flagged by model anomaly score only,Unclassified
TXN109006,PSG101547,Roshan Kumara,2024-09-22,Colombo Fort - Vavuniya,Full Fare,180,0,,32.6,Low,Passenger has multiple prior fraud incidents,Unclassified
TXN109011,PSG102885,Lasith Bandara,2024-09-22,Colombo Fort - Ratnapura Line,Student Concession,168,0,,35.9,Low,No strong rule triggered — flagged by model anomaly score only,Unclassified
TXN109010,PSG101437,Tharindu Karunaratne,2024-09-22,Colombo Fort - Trincomalee,Season Ticket,90,0,,21.3,Low,No strong rule triggered — flagged by model anomaly score only,Unclassified
TXN109012,PSG101248,Piyumi Wijesekara,2024-09-23,Colombo Fort - Batticaloa,Full Fare,420,0,,18.9,Low,No strong rule triggered — flagged by model anomaly score only,Unclassified
TXN109014,PSG101984,Sithumini Amarasinghe,2024-09-23,Colombo Fort - Kurunegala,Government Employee Concession,99,1,Abnormal Concession Usage,52.3,Medium,Fare paid does not match official concession rate,Abnormal Concession Usage
TXN109015,PSG100204,Gayan Perera,2024-09-23,Colombo Fort - Anuradhapura,Full Fare,180,0,,10.7,Low,No strong rule triggered — flagged by model anomaly score only,Unclassified
TXN109016,PSG100777,Ravindu Jayawardena,2024-09-23,Colombo Fort - Badulla,Senior Citizen Concession,90,0,,16.9,Low,No strong rule triggered — flagged by model anomaly score only,Unclassified
TXN109013,PSG100639,Nimal Wijesekara,2024-09-23,Colombo Fort - Anuradhapura,Senior Citizen Concession,90,0,,48.0,Medium,No strong rule triggered — flagged by model anomaly score only,Unclassified
TXN109017,PSG101601,Malsha Silva,2024-09-24,Colombo Fort - Badulla,Full Fare,950,0,,20.4,Low,No strong rule triggered — flagged by model anomaly score only,Unclassified
TXN109018,PSG100060,Ravindu Ekanayake,2024-09-24,Colombo Fort - Trincomalee,Full Fare,180,0,,12.1,Low,No strong rule triggered — flagged by model anomaly score only,Unclassified
TXN109020,PSG101309,Chathurika Abeywardena,2024-09-25,Colombo Fort - Trincomalee,Full Fare,180,0,,14.4,Low,No strong rule triggered — flagged by model anomaly score only,Unclassified
TXN109019,PSG102031,Dilani Karunaratne,2024-09-25,Colombo Fort - Kandy,Season Ticket,90,0,,15.2,Low,No strong rule triggered — flagged by model anomaly score only,Unclassified
TXN109024,PSG101161,Kasun Ekanayake,2024-09-25,Colombo Fort - Vavuniya,Full Fare,420,0,,11.5,Low,No strong rule triggered — flagged by model anomaly score only,Unclassified
TXN109025,PSG101842,Chaminda Jayawardena,2024-09-25,Colombo Fort - Batticaloa,Full Fare,180,0,,9.5,Low,No strong rule triggered — flagged by model anomaly score only,Unclassified
TXN109021,PSG102459,Sanduni Karunaratne,2024-09-25,Kandy - Badulla (Upcountry local),Full Fare,180,0,,32.9,Low,Passenger has multiple prior fraud incidents,Unclassified
TXN109023,PSG103180,Dilani Abeywardena,2024-09-25,Colombo Fort - Batticaloa,Full Fare,420,0,,32.0,Low,No strong rule triggered — flagged by model anomaly score only,Unclassified
TXN109022,PSG101759,Anushka Abeywardena,2024-09-25,Colombo Fort - Vavuniya,Full Fare,950,0,,21.4,Low,No strong rule triggered — flagged by model anomaly score only,Unclassified
TXN109030,PSG101115,Dilani Fernando,2024-09-26,Maradana - Puttalam,Student Concession,380,0,,35.5,Low,No strong rule triggered — flagged by model anomaly score only,Unclassified
TXN109033,PSG102717,Nadeesha Rajapaksha,2024-09-26,Maradana - Puttalam,Full Fare,420,0,,23.0,Low,No strong rule triggered — flagged by model anomaly score only,Unclassified
TXN109039,PSG101862,Nimal Rajapaksha,2024-09-26,Maradana - Puttalam,Season Ticket,210,0,,20.6,Low,No strong rule triggered — flagged by model anomaly score only,Unclassified
TXN109034,PSG100145,Piyumi Gunawardena,2024-09-26,Colombo Fort - Matara,Season Ticket,90,0,,11.2,Low,No strong rule triggered — flagged by model anomaly score only,Unclassified
TXN109029,PSG101560,Dilani Rajapaksha,2024-09-26,Maradana - Puttalam,Senior Citizen Concession,72,1,Abnormal Concession Usage,80.9,High,Fare paid does not match official concession rate,Abnormal Concession Usage
TXN109028,PSG102983,Hansika Amarasinghe,2024-09-26,Maradana - Puttalam,Full Fare,180,0,,8.1,Low,No strong rule triggered — flagged by model anomaly score only,Unclassified
TXN109026,PSG103028,Nimal Amarasinghe,2024-09-26,Colombo Fort - Badulla,Full Fare,180,0,,11.9,Low,No strong rule triggered — flagged by model anomaly score only,Unclassified
TXN109035,PSG102836,Gayan Amarasinghe,2024-09-26,Colombo Fort - Jaffna,Full Fare,180,0,,28.6,Low,No strong rule triggered — flagged by model anomaly score only,Unclassified
TXN109036,PSG100909,Ruwan Gunawardena,2024-09-26,Colombo Fort - Anuradhapura,Full Fare,180,0,,22.8,Low,Passenger has multiple prior fraud incidents,Unclassified
TXN109032,PSG100496,Chamara Rathnayake,2024-09-26,Colombo Fort - Anuradhapura,Full Fare,420,1,Suspicious Resale,18.2,Low,No strong rule triggered — flagged by model anomaly score only,Unclassified
TXN109037,PSG102012,Ravindu Silva,2024-09-26,Colombo Fort - Ratnapura Line,Government Employee Concession,252,0,,28.3,Low,No strong rule triggered — flagged by model anomaly score only,Unclassified
TXN109027,PSG101615,Sanduni Bandara,2024-09-26,Colombo Fort - Galle,Full Fare,420,0,,20.8,Low,No strong rule triggered — flagged by model anomaly score only,Unclassified
TXN109038,PSG102268,Sunil Herath,2024-09-26,Kandy - Badulla (Upcountry local),Full Fare,180,1,Ticket Reuse,66.0,High,Ticket scanned multiple times (possible reuse),Ticket Reuse
TXN109031,PSG101055,Dinesh Ekanayake,2024-09-26,Colombo Fort - Kurunegala,Senior Citizen Concession,90,0,,42.5,Medium,No strong rule triggered — flagged by model anomaly score only,Unclassified
TXN109045,PSG100344,Ravindu Kumara,2024-09-27,Colombo Fort - Jaffna,Senior Citizen Concession,210,0,,26.7,Low,No strong rule triggered — flagged by model anomaly score only,Unclassified
TXN109046,PSG101882,Nuwan Rathnayake,2024-09-27,Colombo Fort - Matara,Full Fare,180,0,,5.2,Low,No strong rule triggered — flagged by model anomaly score only,Unclassified
TXN109041,PSG102687,Sachini Ekanayake,2024-09-27,Kandy - Badulla (Upcountry local),Full Fare,180,0,,9.4,Low,No strong rule triggered — flagged by model anomaly score only,Unclassified
TXN109043,PSG101523,Hansika Kumara,2024-09-27,Colombo Fort - Kurunegala,Full Fare,420,0,,9.7,Low,No strong rule triggered — flagged by model anomaly score only,Unclassified
TXN109047,PSG100516,Hansika Wickramasinghe,2024-09-27,Colombo Fort - Kurunegala,Student Concession,380,0,,32.0,Low,No strong rule triggered — flagged by model anomaly score only,Unclassified
TXN109042,PSG100912,Malsha Abeywardena,2024-09-27,Colombo Fort - Badulla,Season Ticket,90,0,,14.8,Low,No strong rule triggered — flagged by model anomaly score only,Unclassified
TXN109040,PSG100855,Kasun Weerasinghe,2024-09-27,Colombo Fort - Matara,Student Concession,72,0,,14.3,Low,No strong rule triggered — flagged by model anomaly score only,Unclassified
TXN109044,PSG100732,Sanduni Silva,2024-09-27,Colombo Fort - Matara,Season Ticket,210,0,,43.3,Medium,Passenger has multiple prior fraud incidents,Unclassified
TXN109052,PSG101672,Kavindi Kumara,2024-09-28,Maradana - Puttalam,Full Fare,180,1,Ticket Reuse,52.9,Medium,Ticket scanned multiple times (possible reuse),Ticket Reuse
TXN109048,PSG102824,Chaminda Rajapaksha,2024-09-28,Maradana - Puttalam,Student Concession,72,0,,23.3,Low,No strong rule triggered — flagged by model anomaly score only,Unclassified
TXN109049,PSG102121,Piyumi Perera,2024-09-28,Kandy - Badulla (Upcountry local),Government Employee Concession,108,0,,22.4,Low,No strong rule triggered — flagged by model anomaly score only,Unclassified
TXN109050,PSG102489,Roshan Amarasinghe,2024-09-28,Colombo Fort - Kurunegala,Full Fare,180,0,,11.9,Low,No strong rule triggered — flagged by model anomaly score only,Unclassified
TXN109051,PSG101484,Hansika Amarasinghe,2024-09-28,Colombo Fort - Vavuniya,Full Fare,420,0,,13.9,Low,No strong rule triggered — flagged by model anomaly score only,Unclassified
TXN109053,PSG100921,Piyumi de Zoysa,2024-09-28,Colombo Fort - Jaffna,Student Concession,72,1,Suspicious Resale,66.0,High,Online booking with no assigned seat (possible resale),Suspicious Resale
TXN109054,PSG102455,Gayan Karunaratne,2024-09-28,Colombo Fort - Batticaloa,Full Fare,950,0,,27.3,Low,No strong rule triggered — flagged by model anomaly score only,Unclassified
TXN109060,PSG102708,Kasun Jayawardena,2024-09-29,Colombo Fort - Kurunegala,Full Fare,180,0,,10.0,Low,No strong rule triggered — flagged by model anomaly score only,Unclassified
TXN109057,PSG100817,Nuwan Karunaratne,2024-09-29,Colombo Fort - Galle,Full Fare,180,0,,30.6,Low,No strong rule triggered — flagged by model anomaly score only,Unclassified
TXN109059,PSG100218,Sithumini Abeywardena,2024-09-29,Maradana - Puttalam,Senior Citizen Concession,90,0,,22.8,Low,No strong rule triggered — flagged by model anomaly score only,Unclassified
TXN109056,PSG102232,Ravindu Fernando,2024-09-29,Colombo Fort - Matara,Season Ticket,210,0,,25.4,Low,No strong rule triggered — flagged by model anomaly score only,Unclassified
TXN109055,PSG102491,Chamara Rathnayake,2024-09-29,Colombo Fort - Kandy,Full Fare,950,1,Suspicious Resale,96.5,High,Online booking with no assigned seat (possible resale),Suspicious Resale
TXN109058,PSG102389,Saman Fernando,2024-09-29,Maradana - Puttalam,Season Ticket,475,0,,38.8,Low,No strong rule triggered — flagged by model anomaly score only,Unclassified
TXN109066,PSG101915,Yasas Bandara,2024-09-30,Colombo Fort - Trincomalee,Full Fare,180,0,,14.4,Low,No strong rule triggered — flagged by model anomaly score only,Unclassified
TXN109065,PSG102072,Saman Gunawardena,2024-09-30,Colombo Fort - Ratnapura Line,Full Fare,180,0,,9.0,Low,No strong rule triggered — flagged by model anomaly score only,Unclassified
TXN109068,PSG100220,Chaminda Wickramasinghe,2024-09-30,Colombo Fort - Anuradhapura,Season Ticket,90,0,,29.0,Low,No strong rule triggered — flagged by model anomaly score only,Unclassified
TXN109067,PSG101657,Nuwan de Zoysa,2024-09-30,Colombo Fort - Badulla,Full Fare,950,0,,33.0,Low,No strong rule triggered — flagged by model anomaly score only,Unclassified
TXN109061,PSG101739,Nuwan Kumara,2024-09-30,Colombo Fort - Kandy,Full Fare,180,0,,22.3,Low,Passenger has multiple prior fraud incidents,Unclassified
TXN109062,PSG102130,Priyantha Bandara,2024-09-30,Colombo Fort - Jaffna,Student Concession,168,1,Ticket Reuse,79.5,High,Ticket scanned multiple times (possible reuse),Ticket Reuse
TXN109063,PSG101402,Chamara Rajapaksha,2024-09-30,Colombo Fort - Badulla,Student Concession,72,0,,49.4,Medium,Passenger has multiple prior fraud incidents,Unclassified
TXN109064,PSG102857,Gayan Rathnayake,2024-09-30,Colombo Fort - Anuradhapura,Full Fare,180,0,,9.6,Low,No strong rule triggered — flagged by model anomaly score only,Unclassified
TXN109070,PSG100314,Nadeesha Dissanayake,2024-10-01,Colombo Fort - Batticaloa,Full Fare,180,0,,9.7,Low,No strong rule triggered — flagged by model anomaly score only,Unclassified
TXN109069,PSG101710,Nadeesha Kumara,2024-10-01,Colombo Fort - Jaffna,Student Concession,168,0,,32.3,Low,No strong rule triggered — flagged by model anomaly score only,Unclassified
TXN109071,PSG100919,Priyantha Senanayake,2024-10-01,Colombo Fort - Ratnapura Line,Senior Citizen Concession,90,0,,19.5,Low,No strong rule triggered — flagged by model anomaly score only,Unclassified
TXN109072,PSG100046,Sanduni Dissanayake,2024-10-01,Colombo Fort - Galle,Government Employee Concession,108,0,,35.0,Low,No strong rule triggered — flagged by model anomaly score only,Unclassified
TXN109077,PSG100933,Saman Kumara,2024-10-02,Colombo Fort - Anuradhapura,Full Fare,180,0,,8.2,Low,No strong rule triggered — flagged by model anomaly score only,Unclassified
TXN109074,PSG100196,Tharindu Senanayake,2024-10-02,Colombo Fort - Galle,Full Fare,180,0,,28.9,Low,No strong rule triggered — flagged by model anomaly score only,Unclassified
TXN109079,PSG100644,Saman Amarasinghe,2024-10-02,Colombo Fort - Kurunegala,Full Fare,180,1,Suspicious Resale,46.3,Medium,Passenger has multiple prior fraud incidents,Unclassified
TXN109073,PSG101510,Kasun Silva,2024-10-02,Maradana - Puttalam,Full Fare,180,0,,10.1,Low,No strong rule triggered — flagged by model anomaly score only,Unclassified
TXN109078,PSG101604,Nuwan Bandara,2024-10-02,Colombo Fort - Anuradhapura,Full Fare,180,0,,9.8,Low,No strong rule triggered — flagged by model anomaly score only,Unclassified
TXN109075,PSG102375,Kamal Silva,2024-10-02,Colombo Fort - Galle,Government Employee Concession,108,0,,19.4,Low,No strong rule triggered — flagged by model anomaly score only,Unclassified
TXN109076,PSG100415,Ashan Bandara,2024-10-02,Colombo Fort - Negombo (Coastal Line local),Government Employee Concession,108,0,,60.1,Medium,Passenger has multiple prior fraud incidents,Unclassified
TXN109081,PSG101156,Nadeesha Fernando,2024-10-03,Colombo Fort - Kurunegala,Full Fare,420,0,,10.9,Low,No strong rule triggered — flagged by model anomaly score only,Unclassified
TXN109084,PSG100281,Ishara Jayawardena,2024-10-03,Colombo Fort - Matara,Senior Citizen Concession,72,1,Abnormal Concession Usage,96.1,High,Fare paid does not match official concession rate; Passenger has multiple prior fraud incidents,Abnormal Concession Usage
TXN109083,PSG100282,Yasas Bandara,2024-10-03,Colombo Fort - Ratnapura Line,Full Fare,420,0,,41.1,Medium,No strong rule triggered — flagged by model anomaly score only,Unclassified
TXN109082,PSG102753,Saman Fernando,2024-10-03,Colombo Fort - Galle,Season Ticket,90,0,,10.9,Low,No strong rule triggered — flagged by model anomaly score only,Unclassified
TXN109080,PSG101011,Chathurika Senanayake,2024-10-03,Colombo Fort - Anuradhapura,Full Fare,180,0,,8.2,Low,No strong rule triggered — flagged by model anomaly score only,Unclassified
TXN109087,PSG101468,Malsha Herath,2024-10-04,Colombo Fort - Batticaloa,Full Fare,180,0,,14.1,Low,No strong rule triggered — flagged by model anomaly score only,Unclassified
TXN109091,PSG103180,Dilani Abeywardena,2024-10-04,Maradana - Puttalam,Senior Citizen Concession,81,1,Abnormal Concession Usage,56.8,Medium,Fare paid does not match official concession rate,Abnormal Concession Usage
TXN109085,PSG101980,Gayan Wijesekara,2024-10-04,Colombo Fort - Badulla,Student Concession,72,0,,29.2,Low,No strong rule triggered — flagged by model anomaly score only,Unclassified
TXN109093,PSG101362,Malsha Amarasinghe,2024-10-04,Colombo Fort - Matara,Full Fare,180,0,,5.9,Low,No strong rule triggered — flagged by model anomaly score only,Unclassified
TXN109088,PSG100100,Kasun Abeywardena,2024-10-04,Colombo Fort - Badulla,Full Fare,420,0,,30.3,Low,No strong rule triggered — flagged by model anomaly score only,Unclassified
TXN109092,PSG102098,Kavindi Silva,2024-10-04,Colombo Fort - Negombo (Coastal Line local),Season Ticket,210,0,,16.6,Low,No strong rule triggered — flagged by model anomaly score only,Unclassified
TXN109089,PSG100338,Sithumini Fernando,2024-10-04,Colombo Fort - Kurunegala,Student Concession,72,0,,15.5,Low,No strong rule triggered — flagged by model anomaly score only,Unclassified
TXN109094,PSG100110,Saman Weerasinghe,2024-10-04,Colombo Fort - Matara,Full Fare,180,0,,10.5,Low,No strong rule triggered — flagged by model anomaly score only,Unclassified
TXN109086,PSG102533,Nadeesha Perera,2024-10-04,Colombo Fort - Negombo (Coastal Line local),Full Fare,180,0,,5.8,Low,No strong rule triggered — flagged by model anomaly score only,Unclassified
TXN109090,PSG102483,Priyantha Wickramasinghe,2024-10-04,Colombo Fort - Kandy,Full Fare,420,1,Ticket Reuse,60.0,Medium,Ticket scanned multiple times (possible reuse),Ticket Reuse
TXN109108,PSG100381,Gayan Abeywardena,2024-10-05,Colombo Fort - Kurunegala,Student Concession,72,0,,28.7,Low,No strong rule triggered — flagged by model anomaly score only,Unclassified
TXN109099,PSG101314,Dilani Perera,2024-10-05,Colombo Fort - Kandy,Full Fare,180,0,,13.8,Low,No strong rule triggered — flagged by model anomaly score only,Unclassified
TXN109102,PSG103144,Dinesh de Zoysa,2024-10-05,Maradana - Puttalam,Full Fare,420,0,,22.7,Low,No strong rule triggered — flagged by model anomaly score only,Unclassified
TXN109098,PSG100825,Chamara Perera,2024-10-05,Colombo Fort - Jaffna,Full Fare,180,0,,25.9,Low,No strong rule triggered — flagged by model anomaly score only,Unclassified
TXN109097,PSG102229,Saman Ekanayake,2024-10-05,Colombo Fort - Galle,Full Fare,420,0,,16.8,Low,No strong rule triggered — flagged by model anomaly score only,Unclassified
TXN109106,PSG102671,Sithumini Rathnayake,2024-10-05,Colombo Fort - Jaffna,Disability Concession,126,0,,51.7,Medium,No strong rule triggered — flagged by model anomaly score only,Unclassified
TXN109095,PSG101858,Kasun Gunawardena,2024-10-05,Colombo Fort - Vavuniya,Season Ticket,210,0,,27.9,Low,No strong rule triggered — flagged by model anomaly score only,Unclassified
TXN109101,PSG102207,Ishara Rathnayake,2024-10-05,Colombo Fort - Vavuniya,Full Fare,950,0,,25.9,Low,No strong rule triggered — flagged by model anomaly score only,Unclassified
TXN109107,PSG101735,Priyantha Herath,2024-10-05,Colombo Fort - Jaffna,Full Fare,420,1,Suspicious Resale,72.0,High,Online booking with no assigned seat (possible resale),Suspicious Resale
TXN109105,PSG101608,Nimal Rathnayake,2024-10-05,Colombo Fort - Batticaloa,Student Concession,72,0,,31.5,Low,No strong rule triggered — flagged by model anomaly score only,Unclassified
TXN109100,PSG101241,Chamara Wickramasinghe,2024-10-05,Colombo Fort - Kurunegala,Student Concession,72,0,,16.2,Low,No strong rule triggered — flagged by model anomaly score only,Unclassified
TXN109103,PSG101984,Sithumini Amarasinghe,2024-10-05,Kandy - Badulla (Upcountry local),Full Fare,420,0,,28.1,Low,Passenger has multiple prior fraud incidents,Unclassified
TXN109104,PSG100933,Saman Kumara,2024-10-05,Colombo Fort - Vavuniya,Season Ticket,90,0,,18.7,Low,No strong rule triggered — flagged by model anomaly score only,Unclassified
TXN109096,PSG100856,Yasas Herath,2024-10-05,Colombo Fort - Matara,Full Fare,180,1,Ticket Reuse,69.3,High,Ticket scanned multiple times (possible reuse),Ticket Reuse
TXN109109,PSG100824,Chaminda de Zoysa,2024-10-06,Kandy - Badulla (Upcountry local),Government Employee Concession,108,0,,24.4,Low,No strong rule triggered — flagged by model anomaly score only,Unclassified
TXN109112,PSG102616,Dinesh Jayawardena,2024-10-06,Colombo Fort - Matara,Full Fare,180,0,,11.5,Low,No strong rule triggered — flagged by model anomaly score only,Unclassified
TXN109113,PSG100463,Kavindi Wickramasinghe,2024-10-06,Colombo Fort - Negombo (Coastal Line local),Senior Citizen Concession,210,0,,23.2,Low,No strong rule triggered — flagged by model anomaly score only,Unclassified
TXN109110,PSG101946,Ravindu Bandara,2024-10-06,Colombo Fort - Galle,Student Concession,72,0,,56.7,Medium,Passenger has multiple prior fraud incidents,Unclassified
TXN109111,PSG101893,Chamara Perera,2024-10-06,Colombo Fort - Badulla,Season Ticket,210,0,,34.9,Low,No strong rule triggered — flagged by model anomaly score only,Unclassified
TXN109118,PSG101726,Ravindu Wickramasinghe,2024-10-07,Colombo Fort - Kandy,Season Ticket,90,0,,26.6,Low,No strong rule triggered — flagged by model anomaly score only,Unclassified
TXN109117,PSG102386,Chamara Rajapaksha,2024-10-07,Colombo Fort - Kandy,Full Fare,180,0,,27.8,Low,No strong rule triggered — flagged by model anomaly score only,Unclassified
TXN109115,PSG101106,Dilani Silva,2024-10-07,Colombo Fort - Trincomalee,Full Fare,180,0,,10.9,Low,No strong rule triggered — flagged by model anomaly score only,Unclassified
TXN109119,PSG101288,Dinesh Weerasinghe,2024-10-07,Colombo Fort - Negombo (Coastal Line local),Student Concession,72,0,,31.9,Low,No strong rule triggered — flagged by model anomaly score only,Unclassified
TXN109114,PSG100377,Kavindi Rathnayake,2024-10-07,Colombo Fort - Matara,Disability Concession,54,1,Ticket Reuse,68.9,High,Ticket scanned multiple times (possible reuse),Ticket Reuse
TXN109116,PSG101696,Malsha Jayawardena,2024-10-07,Colombo Fort - Galle,Full Fare,180,0,,7.1,Low,No strong rule triggered — flagged by model anomaly score only,Unclassified
TXN109121,PSG101433,Lasith Jayawardena,2024-10-08,Colombo Fort - Negombo (Coastal Line local),Full Fare,180,0,,13.8,Low,No strong rule triggered — flagged by model anomaly score only,Unclassified
TXN109120,PSG100898,Chaminda Jayawardena,2024-10-08,Colombo Fort - Anuradhapura,Full Fare,180,0,,32.3,Low,No strong rule triggered — flagged by model anomaly score only,Unclassified
TXN109123,PSG101057,Sachini Bandara,2024-10-08,Colombo Fort - Trincomalee,Full Fare,180,0,,20.0,Low,No strong rule triggered — flagged by model anomaly score only,Unclassified
TXN109124,PSG102447,Ishara Rathnayake,2024-10-08,Colombo Fort - Ratnapura Line,Season Ticket,210,0,,20.7,Low,No strong rule triggered — flagged by model anomaly score only,Unclassified
TXN109125,PSG101957,Malsha Fernando,2024-10-08,Colombo Fort - Galle,Season Ticket,210,0,,35.0,Low,No strong rule triggered — flagged by model anomaly score only,Unclassified
TXN109122,PSG102281,Nimal Jayawardena,2024-10-08,Colombo Fort - Galle,Full Fare,420,1,Ticket Reuse,91.2,High,Ticket scanned multiple times (possible reuse); Passenger has multiple prior fraud incidents,Ticket Reuse
TXN109128,PSG100388,Nuwan Silva,2024-10-09,Colombo Fort - Anuradhapura,Full Fare,180,0,,19.9,Low,No strong rule triggered — flagged by model anomaly score only,Unclassified
TXN109131,PSG103195,Sachini Dissanayake,2024-10-09,Colombo Fort - Galle,Student Concession,168,0,,23.6,Low,No strong rule triggered — flagged by model anomaly score only,Unclassified
TXN109130,PSG103028,Nimal Amarasinghe,2024-10-09,Colombo Fort - Kurunegala,Season Ticket,90,0,,24.2,Low,No strong rule triggered — flagged by model anomaly score only,Unclassified
TXN109129,PSG101537,Sithumini Herath,2024-10-09,Colombo Fort - Trincomalee,Full Fare,180,0,,21.8,Low,No strong rule triggered — flagged by model anomaly score only,Unclassified
TXN109127,PSG101179,Dilani Bandara,2024-10-09,Colombo Fort - Trincomalee,Full Fare,180,0,,10.0,Low,No strong rule triggered — flagged by model anomaly score only,Unclassified
TXN109132,PSG103038,Lasith Jayawardena,2024-10-09,Colombo Fort - Batticaloa,Government Employee Concession,108,0,,43.4,Medium,No strong rule triggered — flagged by model anomaly score only,Unclassified
TXN109126,PSG101634,Ruwan Rajapaksha,2024-10-09,Colombo Fort - Galle,Senior Citizen Concession,210,0,,23.0,Low,No strong rule triggered — flagged by model anomaly score only,Unclassified
TXN109138,PSG102532,Nadeesha Ekanayake,2024-10-10,Colombo Fort - Kurunegala,Student Concession,72,0,,28.9,Low,No strong rule triggered — flagged by model anomaly score only,Unclassified
TXN109135,PSG102866,Sanduni Rathnayake,2024-10-10,Colombo Fort - Anuradhapura,Student Concession,72,0,,15.3,Low,No strong rule triggered — flagged by model anomaly score only,Unclassified
TXN109136,PSG100555,Dilani Bandara,2024-10-10,Colombo Fort - Trincomalee,Season Ticket,90,0,,29.6,Low,No strong rule triggered — flagged by model anomaly score only,Unclassified
TXN109137,PSG101178,Nuwan Bandara,2024-10-10,Colombo Fort - Vavuniya,Full Fare,420,0,,17.1,Low,No strong rule triggered — flagged by model anomaly score only,Unclassified
TXN109134,PSG100805,Malsha Silva,2024-10-10,Maradana - Puttalam,Full Fare,180,0,,32.8,Low,Passenger has multiple prior fraud incidents,Unclassified
TXN109139,PSG100798,Chathurika Herath,2024-10-10,Colombo Fort - Ratnapura Line,Full Fare,420,0,,16.6,Low,No strong rule triggered — flagged by model anomaly score only,Unclassified
TXN109133,PSG101579,Anushka Wijesekara,2024-10-10,Kandy - Badulla (Upcountry local),Full Fare,180,1,Ticket Reuse,79.0,High,Ticket scanned multiple times (possible reuse); Passenger has multiple prior fraud incidents,Ticket Reuse
TXN109143,PSG100862,Kavindi Kumara,2024-10-11,Colombo Fort - Kandy,Full Fare,180,0,,40.1,Medium,No strong rule triggered — flagged by model anomaly score only,Unclassified
TXN109141,PSG101751,Lasith Bandara,2024-10-11,Colombo Fort - Ratnapura Line,Full Fare,180,0,,51.9,Medium,Passenger has multiple prior fraud incidents,Unclassified
TXN109140,PSG102487,Piyumi de Zoysa,2024-10-11,Colombo Fort - Trincomalee,Student Concession,168,0,,24.9,Low,No strong rule triggered — flagged by model anomaly score only,Unclassified
TXN109145,PSG102206,Kasun Herath,2024-10-11,Colombo Fort - Vavuniya,Season Ticket,90,0,,15.4,Low,No strong rule triggered — flagged by model anomaly score only,Unclassified
TXN109148,PSG100068,Dilani Perera,2024-10-11,Colombo Fort - Trincomalee,Full Fare,180,0,,9.1,Low,No strong rule triggered — flagged by model anomaly score only,Unclassified
TXN109150,PSG100601,Chaminda Kumara,2024-10-11,Colombo Fort - Negombo (Coastal Line local),Government Employee Concession,252,0,,19.5,Low,No strong rule triggered — flagged by model anomaly score only,Unclassified
TXN109149,PSG100946,Yasas Herath,2024-10-11,Colombo Fort - Jaffna,Full Fare,180,0,,13.1,Low,No strong rule triggered — flagged by model anomaly score only,Unclassified
TXN109147,PSG101768,Nimal Silva,2024-10-11,Colombo Fort - Matara,Season Ticket,90,1,Suspicious Resale,65.4,Medium,Online booking with no assigned seat (possible resale),Suspicious Resale
TXN109144,PSG101588,Dilani Gunawardena,2024-10-11,Colombo Fort - Badulla,Government Employee Concession,99,1,Abnormal Concession Usage,62.9,Medium,Fare paid does not match official concession rate; Passenger has multiple prior fraud incidents,Abnormal Concession Usage
TXN109142,PSG100039,Kavindi Ekanayake,2024-10-11,Colombo Fort - Kurunegala,Full Fare,420,0,,36.8,Low,Passenger has multiple prior fraud incidents,Unclassified
TXN109146,PSG100323,Ravindu Karunaratne,2024-10-11,Maradana - Puttalam,Season Ticket,90,0,,30.3,Low,No strong rule triggered — flagged by model anomaly score only,Unclassified
TXN109152,PSG101703,Kasun Amarasinghe,2024-10-12,Colombo Fort - Jaffna,Full Fare,180,0,,23.0,Low,No strong rule triggered — flagged by model anomaly score only,Unclassified
TXN109159,PSG100784,Roshan Rajapaksha,2024-10-12,Maradana - Puttalam,Full Fare,180,0,,11.2,Low,No strong rule triggered — flagged by model anomaly score only,Unclassified
TXN109157,PSG102328,Saman Senanayake,2024-10-12,Colombo Fort - Anuradhapura,Full Fare,180,0,,15.0,Low,No strong rule triggered — flagged by model anomaly score only,Unclassified
TXN109156,PSG101971,Roshan Rajapaksha,2024-10-12,Colombo Fort - Negombo (Coastal Line local),Full Fare,180,0,,14.7,Low,No strong rule triggered — flagged by model anomaly score only,Unclassified
TXN109158,PSG100326,Priyantha de Zoysa,2024-10-12,Colombo Fort - Anuradhapura,Full Fare,180,0,,28.1,Low,No strong rule triggered — flagged by model anomaly score only,Unclassified
TXN109151,PSG101659,Ashan Perera,2024-10-12,Kandy - Badulla (Upcountry local),Government Employee Concession,108,1,Suspicious Resale,76.1,High,Online booking with no assigned seat (possible resale),Suspicious Resale
TXN109155,PSG102432,Yasas Senanayake,2024-10-12,Colombo Fort - Jaffna,Full Fare,950,0,,30.5,Low,No strong rule triggered — flagged by model anomaly score only,Unclassified
TXN109154,PSG100985,Piyumi Abeywardena,2024-10-12,Colombo Fort - Jaffna,Government Employee Concession,108,0,,36.1,Low,No strong rule triggered — flagged by model anomaly score only,Unclassified
TXN109153,PSG100083,Lasith Jayawardena,2024-10-12,Colombo Fort - Anuradhapura,Student Concession,72,0,,29.4,Low,No strong rule triggered — flagged by model anomaly score only,Unclassified
TXN109161,PSG101039,Ashan Silva,2024-10-13,Kandy - Badulla (Upcountry local),Full Fare,420,0,,55.6,Medium,Passenger has multiple prior fraud incidents,Unclassified
TXN109166,PSG100832,Nadeesha Dissanayake,2024-10-13,Colombo Fort - Kandy,Full Fare,180,0,,36.2,Low,No strong rule triggered — flagged by model anomaly score only,Unclassified
TXN109160,PSG101787,Gayan Ekanayake,2024-10-13,Colombo Fort - Vavuniya,Season Ticket,210,0,,51.7,Medium,Passenger has multiple prior fraud incidents,Unclassified
TXN109162,PSG102172,Tharindu Karunaratne,2024-10-13,Colombo Fort - Badulla,Government Employee Concession,252,0,,27.4,Low,No strong rule triggered — flagged by model anomaly score only,Unclassified
TXN109164,PSG102225,Sanduni Gunawardena,2024-10-13,Colombo Fort - Trincomalee,Student Concession,380,0,,34.8,Low,No strong rule triggered — flagged by model anomaly score only,Unclassified
TXN109165,PSG101349,Saman Silva,2024-10-13,Colombo Fort - Kurunegala,Student Concession,380,0,,29.5,Low,No strong rule triggered — flagged by model anomaly score only,Unclassified
TXN109163,PSG103001,Chathurika Senanayake,2024-10-13,Kandy - Badulla (Upcountry local),Full Fare,180,0,,25.0,Low,No strong rule triggered — flagged by model anomaly score only,Unclassified
TXN109168,PSG100268,Ravindu Silva,2024-10-14,Maradana - Puttalam,Full Fare,180,0,,31.7,Low,No strong rule triggered — flagged by model anomaly score only,Unclassified
TXN109169,PSG103035,Saman Herath,2024-10-14,Colombo Fort - Kandy,Full Fare,180,0,,25.6,Low,No strong rule triggered — flagged by model anomaly score only,Unclassified
TXN109167,PSG100010,Nadeesha Dissanayake,2024-10-14,Colombo Fort - Anuradhapura,Full Fare,420,0,,27.4,Low,No strong rule triggered — flagged by model anomaly score only,Unclassified
TXN109172,PSG101599,Chaminda Gunawardena,2024-10-15,Kandy - Badulla (Upcountry local),Full Fare,180,0,,5.4,Low,No strong rule triggered — flagged by model anomaly score only,Unclassified
TXN109171,PSG101256,Gayan Kumara,2024-10-15,Colombo Fort - Negombo (Coastal Line local),Full Fare,180,0,,30.2,Low,No strong rule triggered — flagged by model anomaly score only,Unclassified
TXN109170,PSG100610,Chathurika Senanayake,2024-10-15,Colombo Fort - Vavuniya,Full Fare,950,0,,40.7,Medium,No strong rule triggered — flagged by model anomaly score only,Unclassified
TXN109180,PSG101683,Dilani Gunawardena,2024-10-16,Colombo Fort - Galle,Student Concession,72,0,,37.9,Low,No strong rule triggered — flagged by model anomaly score only,Unclassified
TXN109177,PSG102685,Malsha Herath,2024-10-16,Colombo Fort - Vavuniya,Senior Citizen Concession,210,0,,20.3,Low,No strong rule triggered — flagged by model anomaly score only,Unclassified
TXN109183,PSG101250,Anushka Fernando,2024-10-16,Colombo Fort - Matara,Full Fare,420,0,,9.9,Low,No strong rule triggered — flagged by model anomaly score only,Unclassified
TXN109176,PSG101838,Kasun Kumara,2024-10-16,Colombo Fort - Kurunegala,Senior Citizen Concession,90,0,,17.9,Low,No strong rule triggered — flagged by model anomaly score only,Unclassified
TXN109175,PSG100282,Yasas Bandara,2024-10-16,Colombo Fort - Kandy,Full Fare,420,0,,41.1,Medium,No strong rule triggered — flagged by model anomaly score only,Unclassified
TXN109174,PSG101487,Nimal Weerasinghe,2024-10-16,Colombo Fort - Ratnapura Line,Senior Citizen Concession,90,0,,35.9,Low,No strong rule triggered — flagged by model anomaly score only,Unclassified
TXN109173,PSG101617,Sithumini Senanayake,2024-10-16,Colombo Fort - Batticaloa,Student Concession,72,0,,22.4,Low,No strong rule triggered — flagged by model anomaly score only,Unclassified
TXN109182,PSG101730,Nuwan Abeywardena,2024-10-16,Colombo Fort - Matara,Season Ticket,475,0,,34.1,Low,No strong rule triggered — flagged by model anomaly score only,Unclassified
TXN109179,PSG100766,Roshan Jayawardena,2024-10-16,Colombo Fort - Kurunegala,Student Concession,72,0,,17.8,Low,No strong rule triggered — flagged by model anomaly score only,Unclassified
TXN109181,PSG100415,Ashan Bandara,2024-10-16,Colombo Fort - Kandy,Full Fare,180,0,,46.4,Medium,Passenger has multiple prior fraud incidents,Unclassified
TXN109178,PSG100840,Gayan Perera,2024-10-16,Colombo Fort - Anuradhapura,Government Employee Concession,108,0,,33.1,Low,No strong rule triggered — flagged by model anomaly score only,Unclassified
TXN109185,PSG101672,Kavindi Kumara,2024-10-17,Colombo Fort - Vavuniya,Season Ticket,90,0,,23.3,Low,No strong rule triggered — flagged by model anomaly score only,Unclassified
TXN109194,PSG102036,Sanduni Abeywardena,2024-10-17,Colombo Fort - Vavuniya,Full Fare,180,0,,9.3,Low,No strong rule triggered — flagged by model anomaly score only,Unclassified
TXN109189,PSG100440,Sunil Wijesekara,2024-10-17,Colombo Fort - Kurunegala,Senior Citizen Concession,210,0,,29.7,Low,No strong rule triggered — flagged by model anomaly score only,Unclassified
TXN109190,PSG102434,Roshan Ekanayake,2024-10-17,Kandy - Badulla (Upcountry local),Full Fare,420,0,,24.2,Low,No strong rule triggered — flagged by model anomaly score only,Unclassified
TXN109187,PSG101686,Lasith Karunaratne,2024-10-17,Colombo Fort - Anuradhapura,Full Fare,180,0,,18.7,Low,No strong rule triggered — flagged by model anomaly score only,Unclassified
TXN109188,PSG101178,Nuwan Bandara,2024-10-17,Colombo Fort - Negombo (Coastal Line local),Student Concession,126,1,Abnormal Concession Usage,71.2,High,Fare paid does not match official concession rate,Abnormal Concession Usage
TXN109191,PSG100963,Kasun Silva,2024-10-17,Colombo Fort - Badulla,Senior Citizen Concession,90,0,,39.8,Low,No strong rule triggered — flagged by model anomaly score only,Unclassified
TXN109192,PSG102861,Anushka Karunaratne,2024-10-17,Colombo Fort - Ratnapura Line,Student Concession,72,0,,23.4,Low,No strong rule triggered — flagged by model anomaly score only,Unclassified
TXN109186,PSG100104,Ashan Kumara,2024-10-17,Colombo Fort - Badulla,Full Fare,180,0,,18.0,Low,No strong rule triggered — flagged by model anomaly score only,Unclassified
TXN109184,PSG102027,Nimal Dissanayake,2024-10-17,Colombo Fort - Badulla,Disability Concession,54,0,,33.9,Low,No strong rule triggered — flagged by model anomaly score only,Unclassified
TXN109193,PSG102703,Hansika de Zoysa,2024-10-17,Maradana - Puttalam,Disability Concession,54,0,,41.1,Medium,No strong rule triggered — flagged by model anomaly score only,Unclassified
TXN109195,PSG101836,Sithumini Perera,2024-10-18,Colombo Fort - Matara,Season Ticket,90,0,,18.5,Low,No strong rule triggered — flagged by model anomaly score only,Unclassified
TXN109196,PSG101298,Nadeesha Herath,2024-10-18,Colombo Fort - Vavuniya,Full Fare,180,0,,23.9,Low,No strong rule triggered — flagged by model anomaly score only,Unclassified
TXN109198,PSG101827,Anushka Weerasinghe,2024-10-18,Kandy - Badulla (Upcountry local),Student Concession,380,0,,23.8,Low,No strong rule triggered — flagged by model anomaly score only,Unclassified
TXN109199,PSG101230,Kasun Bandara,2024-10-18,Colombo Fort - Negombo (Coastal Line local),Full Fare,180,0,,12.3,Low,No strong rule triggered — flagged by model anomaly score only,Unclassified
TXN109197,PSG100581,Sanduni Karunaratne,2024-10-18,Colombo Fort - Galle,Student Concession,72,0,,23.1,Low,No strong rule triggered — flagged by model anomaly score only,Unclassified
TXN109207,PSG100737,Chaminda Wickramasinghe,2024-10-19,Colombo Fort - Galle,Full Fare,180,0,,25.3,Low,No strong rule triggered — flagged by model anomaly score only,Unclassified
TXN109206,PSG103118,Piyumi Gunawardena,2024-10-19,Colombo Fort - Anuradhapura,Full Fare,180,0,,32.5,Low,No strong rule triggered — flagged by model anomaly score only,Unclassified
TXN109204,PSG102679,Kamal Wickramasinghe,2024-10-19,Colombo Fort - Negombo (Coastal Line local),Full Fare,180,0,,11.9,Low,No strong rule triggered — flagged by model anomaly score only,Unclassified
TXN109202,PSG102839,Dilani Perera,2024-10-19,Maradana - Puttalam,Full Fare,420,0,,16.3,Low,No strong rule triggered — flagged by model anomaly score only,Unclassified
TXN109205,PSG100282,Yasas Bandara,2024-10-19,Colombo Fort - Trincomalee,Full Fare,180,0,,41.4,Medium,No strong rule triggered — flagged by model anomaly score only,Unclassified
TXN109200,PSG101402,Chamara Rajapaksha,2024-10-19,Colombo Fort - Jaffna,Student Concession,63,1,Abnormal Concession Usage,73.8,High,Fare paid does not match official concession rate; Passenger has multiple prior fraud incidents,Abnormal Concession Usage
TXN109201,PSG100989,Kamal Kumara,2024-10-19,Colombo Fort - Negombo (Coastal Line local),Full Fare,420,1,Ticket Reuse,73.8,High,Ticket scanned multiple times (possible reuse),Ticket Reuse
TXN109203,PSG100451,Priyantha Wijesekara,2024-10-19,Colombo Fort - Matara,Season Ticket,90,0,,35.2,Low,No strong rule triggered — flagged by model anomaly score only,Unclassified
TXN109211,PSG100817,Nuwan Karunaratne,2024-10-19,Colombo Fort - Anuradhapura,Government Employee Concession,90,1,Abnormal Concession Usage,90.9,High,Fare paid does not match official concession rate,Abnormal Concession Usage
TXN109209,PSG102903,Nuwan Rajapaksha,2024-10-19,Colombo Fort - Vavuniya,Full Fare,180,0,,9.4,Low,No strong rule triggered — flagged by model anomaly score only,Unclassified
TXN109208,PSG103165,Kamal Ekanayake,2024-10-19,Colombo Fort - Galle,Student Concession,72,0,,21.7,Low,No strong rule triggered — flagged by model anomaly score only,Unclassified
TXN109210,PSG101744,Ravindu Herath,2024-10-19,Maradana - Puttalam,Full Fare,180,0,,49.5,Medium,Passenger has multiple prior fraud incidents,Unclassified
TXN109215,PSG100159,Gayan Kumara,2024-10-20,Colombo Fort - Anuradhapura,Full Fare,420,0,,21.8,Low,No strong rule triggered — flagged by model anomaly score only,Unclassified
TXN109223,PSG101679,Chamara Karunaratne,2024-10-20,Colombo Fort - Kurunegala,Senior Citizen Concession,210,0,,45.2,Medium,Passenger has multiple prior fraud incidents,Unclassified
TXN109218,PSG102030,Ruwan Perera,2024-10-20,Colombo Fort - Vavuniya,Student Concession,72,0,,18.3,Low,No strong rule triggered — flagged by model anomaly score only,Unclassified
TXN109212,PSG100593,Ruwan Senanayake,2024-10-20,Colombo Fort - Trincomalee,Senior Citizen Concession,210,0,,40.9,Medium,No strong rule triggered — flagged by model anomaly score only,Unclassified
TXN109224,PSG103035,Saman Herath,2024-10-20,Colombo Fort - Batticaloa,Student Concession,72,0,,30.0,Low,No strong rule triggered — flagged by model anomaly score only,Unclassified
TXN109222,PSG100754,Sanduni Ekanayake,2024-10-20,Kandy - Badulla (Upcountry local),Disability Concession,54,0,,25.5,Low,No strong rule triggered — flagged by model anomaly score only,Unclassified
TXN109221,PSG102897,Nuwan Bandara,2024-10-20,Colombo Fort - Kurunegala,Full Fare,180,0,,8.0,Low,No strong rule triggered — flagged by model anomaly score only,Unclassified
TXN109216,PSG101459,Sanduni Dissanayake,2024-10-20,Colombo Fort - Vavuniya,Government Employee Concession,90,1,Abnormal Concession Usage,72.3,High,Fare paid does not match official concession rate,Abnormal Concession Usage
TXN109219,PSG100133,Ravindu Wickramasinghe,2024-10-20,Colombo Fort - Kurunegala,Full Fare,180,0,,9.4,Low,No strong rule triggered — flagged by model anomaly score only,Unclassified
TXN109220,PSG101312,Roshan Senanayake,2024-10-20,Colombo Fort - Kandy,Full Fare,420,0,,25.6,Low,No strong rule triggered — flagged by model anomaly score only,Unclassified
TXN109214,PSG102054,Nadeesha Wickramasinghe,2024-10-20,Kandy - Badulla (Upcountry local),Season Ticket,90,0,,19.1,Low,No strong rule triggered — flagged by model anomaly score only,Unclassified
TXN109217,PSG100104,Ashan Kumara,2024-10-20,Colombo Fort - Batticaloa,Full Fare,180,0,,41.8,Medium,No strong rule triggered — flagged by model anomaly score only,Unclassified
TXN109213,PSG101398,Yasas Senanayake,2024-10-20,Colombo Fort - Anuradhapura,Full Fare,180,0,,29.8,Low,No strong rule triggered — flagged by model anomaly score only,Unclassified
TXN109232,PSG101782,Malsha Gunawardena,2024-10-21,Colombo Fort - Vavuniya,Full Fare,420,0,,28.8,Low,No strong rule triggered — flagged by model anomaly score only,Unclassified
TXN109228,PSG102647,Roshan Kumara,2024-10-21,Colombo Fort - Badulla,Full Fare,420,0,,27.0,Low,No strong rule triggered — flagged by model anomaly score only,Unclassified
TXN109233,PSG101252,Kamal Silva,2024-10-21,Colombo Fort - Badulla,Full Fare,180,0,,7.7,Low,No strong rule triggered — flagged by model anomaly score only,Unclassified
TXN109226,PSG100591,Anushka Rathnayake,2024-10-21,Colombo Fort - Matara,Full Fare,180,0,,5.5,Low,No strong rule triggered — flagged by model anomaly score only,Unclassified
TXN109225,PSG101814,Sanduni de Zoysa,2024-10-21,Maradana - Puttalam,Full Fare,420,0,,12.3,Low,No strong rule triggered — flagged by model anomaly score only,Unclassified
TXN109229,PSG100353,Nimal Senanayake,2024-10-21,Colombo Fort - Kurunegala,Full Fare,180,0,,5.1,Low,No strong rule triggered — flagged by model anomaly score only,Unclassified
TXN109231,PSG100654,Nuwan Wijesekara,2024-10-21,Kandy - Badulla (Upcountry local),Season Ticket,90,0,,10.8,Low,No strong rule triggered — flagged by model anomaly score only,Unclassified
TXN109230,PSG101834,Nuwan Bandara,2024-10-21,Maradana - Puttalam,Government Employee Concession,108,0,,59.0,Medium,Passenger has multiple prior fraud incidents,Unclassified
TXN109227,PSG100249,Roshan Rathnayake,2024-10-21,Colombo Fort - Trincomalee,Full Fare,180,0,,21.3,Low,No strong rule triggered — flagged by model anomaly score only,Unclassified
TXN109240,PSG102940,Ruwan Rajapaksha,2024-10-22,Colombo Fort - Matara,Student Concession,72,0,,14.1,Low,No strong rule triggered — flagged by model anomaly score only,Unclassified
TXN109234,PSG100046,Sanduni Dissanayake,2024-10-22,Maradana - Puttalam,Full Fare,180,0,,16.4,Low,No strong rule triggered — flagged by model anomaly score only,Unclassified
TXN109237,PSG102920,Malsha Rajapaksha,2024-10-22,Colombo Fort - Matara,Season Ticket,90,0,,36.7,Low,No strong rule triggered — flagged by model anomaly score only,Unclassified
TXN109235,PSG102105,Ruwan Herath,2024-10-22,Maradana - Puttalam,Full Fare,180,0,,10.2,Low,No strong rule triggered — flagged by model anomaly score only,Unclassified
TXN109236,PSG100720,Malsha Karunaratne,2024-10-22,Colombo Fort - Anuradhapura,Disability Concession,54,1,Ticket Reuse,65.3,Medium,Ticket scanned multiple times (possible reuse),Ticket Reuse
TXN109239,PSG102113,Ravindu Amarasinghe,2024-10-22,Colombo Fort - Negombo (Coastal Line local),Season Ticket,90,0,,12.9,Low,No strong rule triggered — flagged by model anomaly score only,Unclassified
TXN109238,PSG100801,Piyumi Wickramasinghe,2024-10-22,Colombo Fort - Vavuniya,Full Fare,420,0,,14.4,Low,No strong rule triggered — flagged by model anomaly score only,Unclassified
TXN109242,PSG101037,Anushka Rathnayake,2024-10-23,Colombo Fort - Badulla,Student Concession,72,0,,17.4,Low,No strong rule triggered — flagged by model anomaly score only,Unclassified
TXN109243,PSG101230,Kasun Bandara,2024-10-23,Colombo Fort - Negombo (Coastal Line local),Full Fare,950,0,,31.1,Low,No strong rule triggered — flagged by model anomaly score only,Unclassified
TXN109244,PSG100530,Malsha Ekanayake,2024-10-23,Colombo Fort - Vavuniya,Full Fare,180,0,,6.4,Low,No strong rule triggered — flagged by model anomaly score only,Unclassified
TXN109245,PSG102656,Priyantha Dissanayake,2024-10-23,Kandy - Badulla (Upcountry local),Student Concession,72,0,,11.6,Low,No strong rule triggered — flagged by model anomaly score only,Unclassified
TXN109241,PSG103119,Chaminda Gunawardena,2024-10-23,Colombo Fort - Matara,Full Fare,180,0,,11.1,Low,No strong rule triggered — flagged by model anomaly score only,Unclassified
TXN109246,PSG103175,Kasun Perera,2024-10-23,Colombo Fort - Galle,Student Concession,72,0,,12.4,Low,No strong rule triggered — flagged by model anomaly score only,Unclassified
TXN109257,PSG102961,Chathurika Rajapaksha,2024-10-24,Colombo Fort - Vavuniya,Full Fare,180,0,,34.8,Low,No strong rule triggered — flagged by model anomaly score only,Unclassified
TXN109248,PSG102499,Anushka Weerasinghe,2024-10-24,Colombo Fort - Badulla,Student Concession,72,0,,29.0,Low,No strong rule triggered — flagged by model anomaly score only,Unclassified
TXN109247,PSG102272,Ravindu Kumara,2024-10-24,Colombo Fort - Matara,Senior Citizen Concession,210,0,,31.8,Low,No strong rule triggered — flagged by model anomaly score only,Unclassified
TXN109253,PSG101503,Sithumini Rathnayake,2024-10-24,Kandy - Badulla (Upcountry local),Disability Concession,54,0,,41.7,Medium,No strong rule triggered — flagged by model anomaly score only,Unclassified
TXN109249,PSG101940,Sanduni Bandara,2024-10-24,Colombo Fort - Vavuniya,Full Fare,180,0,,12.1,Low,No strong rule triggered — flagged by model anomaly score only,Unclassified
TXN109256,PSG100415,Ashan Bandara,2024-10-24,Kandy - Badulla (Upcountry local),Full Fare,180,0,,50.8,Medium,Passenger has multiple prior fraud incidents,Unclassified
TXN109254,PSG102303,Ashan Weerasinghe,2024-10-24,Colombo Fort - Ratnapura Line,Senior Citizen Concession,90,0,,19.5,Low,No strong rule triggered — flagged by model anomaly score only,Unclassified
TXN109250,PSG101662,Ravindu Kumara,2024-10-24,Colombo Fort - Anuradhapura,Senior Citizen Concession,210,0,,25.1,Low,No strong rule triggered — flagged by model anomaly score only,Unclassified
TXN109251,PSG100784,Roshan Rajapaksha,2024-10-24,Colombo Fort - Matara,Full Fare,420,0,,10.4,Low,No strong rule triggered — flagged by model anomaly score only,Unclassified
TXN109252,PSG100133,Ravindu Wickramasinghe,2024-10-24,Colombo Fort - Batticaloa,Season Ticket,90,0,,23.5,Low,No strong rule triggered — flagged by model anomaly score only,Unclassified
TXN109255,PSG101161,Kasun Ekanayake,2024-10-24,Colombo Fort - Ratnapura Line,Full Fare,180,0,,12.3,Low,No strong rule triggered — flagged by model anomaly score only,Unclassified
TXN109263,PSG103010,Ashan Gunawardena,2024-10-25,Colombo Fort - Trincomalee,Government Employee Concession,252,0,,28.1,Low,No strong rule triggered — flagged by model anomaly score only,Unclassified
TXN109261,PSG100399,Lasith Rathnayake,2024-10-25,Colombo Fort - Matara,Full Fare,180,0,,16.8,Low,No strong rule triggered — flagged by model anomaly score only,Unclassified
TXN109259,PSG100937,Nuwan Silva,2024-10-25,Colombo Fort - Galle,Season Ticket,90,0,,10.8,Low,No strong rule triggered — flagged by model anomaly score only,Unclassified
TXN109258,PSG103188,Ruwan Silva,2024-10-25,Colombo Fort - Ratnapura Line,Full Fare,180,0,,9.7,Low,No strong rule triggered — flagged by model anomaly score only,Unclassified
TXN109264,PSG101786,Anushka Wickramasinghe,2024-10-25,Colombo Fort - Kurunegala,Student Concession,72,1,Suspicious Resale,53.6,Medium,Passenger has multiple prior fraud incidents,Unclassified
TXN109260,PSG101074,Sanduni Wijesekara,2024-10-25,Colombo Fort - Negombo (Coastal Line local),Senior Citizen Concession,90,0,,18.3,Low,No strong rule triggered — flagged by model anomaly score only,Unclassified
TXN109262,PSG101098,Dinesh Wijesekara,2024-10-25,Colombo Fort - Kandy,Season Ticket,475,0,,38.1,Low,No strong rule triggered — flagged by model anomaly score only,Unclassified
TXN109269,PSG102526,Gayan Abeywardena,2024-10-26,Colombo Fort - Kurunegala,Student Concession,72,0,,19.9,Low,No strong rule triggered — flagged by model anomaly score only,Unclassified
TXN109265,PSG100652,Dilani Ekanayake,2024-10-26,Colombo Fort - Anuradhapura,Student Concession,72,0,,21.2,Low,No strong rule triggered — flagged by model anomaly score only,Unclassified
TXN109268,PSG102739,Sunil Senanayake,2024-10-26,Colombo Fort - Galle,Full Fare,180,0,,12.0,Low,No strong rule triggered — flagged by model anomaly score only,Unclassified
TXN109267,PSG101445,Ruwan Senanayake,2024-10-26,Colombo Fort - Ratnapura Line,Government Employee Concession,252,0,,35.9,Low,No strong rule triggered — flagged by model anomaly score only,Unclassified
TXN109266,PSG101774,Lasith Amarasinghe,2024-10-26,Colombo Fort - Jaffna,Disability Concession,54,0,,46.6,Medium,No strong rule triggered — flagged by model anomaly score only,Unclassified
TXN109270,PSG102585,Dilani Rathnayake,2024-10-26,Colombo Fort - Jaffna,Full Fare,180,0,,15.6,Low,No strong rule triggered — flagged by model anomaly score only,Unclassified
TXN109273,PSG101763,Saman Fernando,2024-10-27,Kandy - Badulla (Upcountry local),Student Concession,72,0,,22.6,Low,No strong rule triggered — flagged by model anomaly score only,Unclassified
TXN109271,PSG101592,Dilani Abeywardena,2024-10-27,Colombo Fort - Anuradhapura,Student Concession,380,1,Suspicious Resale,92.4,High,Online booking with no assigned seat (possible resale); Passenger has multiple prior fraud incidents,Suspicious Resale
TXN109275,PSG102758,Nadeesha Ekanayake,2024-10-27,Colombo Fort - Trincomalee,Full Fare,180,0,,15.0,Low,No strong rule triggered — flagged by model anomaly score only,Unclassified
TXN109274,PSG101441,Kavindi Perera,2024-10-27,Colombo Fort - Badulla,Full Fare,420,0,,18.3,Low,No strong rule triggered — flagged by model anomaly score only,Unclassified
TXN109276,PSG102412,Ishara Rathnayake,2024-10-27,Colombo Fort - Kandy,Season Ticket,475,0,,34.7,Low,No strong rule triggered — flagged by model anomaly score only,Unclassified
TXN109277,PSG102165,Chamara Gunawardena,2024-10-27,Kandy - Badulla (Upcountry local),Full Fare,180,0,,24.1,Low,No strong rule triggered — flagged by model anomaly score only,Unclassified
TXN109278,PSG102986,Ishara Fernando,2024-10-27,Colombo Fort - Vavuniya,Season Ticket,90,0,,22.7,Low,No strong rule triggered — flagged by model anomaly score only,Unclassified
TXN109272,PSG101701,Ruwan Rajapaksha,2024-10-27,Colombo Fort - Negombo (Coastal Line local),Full Fare,180,0,,14.5,Low,No strong rule triggered — flagged by model anomaly score only,Unclassified
TXN109286,PSG102105,Ruwan Herath,2024-10-28,Colombo Fort - Trincomalee,Full Fare,180,0,,21.4,Low,No strong rule triggered — flagged by model anomaly score only,Unclassified
TXN109285,PSG101942,Ruwan Rathnayake,2024-10-28,Colombo Fort - Badulla,Full Fare,180,0,,19.9,Low,No strong rule triggered — flagged by model anomaly score only,Unclassified
TXN109280,PSG100839,Roshan Karunaratne,2024-10-28,Kandy - Badulla (Upcountry local),Season Ticket,210,0,,18.9,Low,No strong rule triggered — flagged by model anomaly score only,Unclassified
TXN109288,PSG102442,Nimal Bandara,2024-10-28,Colombo Fort - Badulla,Season Ticket,210,1,Suspicious Resale,74.0,High,Online booking with no assigned seat (possible resale),Suspicious Resale
TXN109289,PSG100516,Hansika Wickramasinghe,2024-10-28,Colombo Fort - Trincomalee,Full Fare,180,0,,20.9,Low,No strong rule triggered — flagged by model anomaly score only,Unclassified
TXN109282,PSG102516,Kasun Silva,2024-10-28,Colombo Fort - Kurunegala,Full Fare,420,0,,33.1,Low,No strong rule triggered — flagged by model anomaly score only,Unclassified
TXN109284,PSG101460,Lasith Kumara,2024-10-28,Colombo Fort - Badulla,Full Fare,420,0,,34.6,Low,No strong rule triggered — flagged by model anomaly score only,Unclassified
TXN109283,PSG103144,Dinesh de Zoysa,2024-10-28,Colombo Fort - Badulla,Season Ticket,475,0,,31.1,Low,No strong rule triggered — flagged by model anomaly score only,Unclassified
TXN109287,PSG103191,Dilani Perera,2024-10-28,Colombo Fort - Anuradhapura,Government Employee Concession,108,0,,33.2,Low,No strong rule triggered — flagged by model anomaly score only,Unclassified
TXN109279,PSG102185,Kavindi Jayawardena,2024-10-28,Colombo Fort - Badulla,Full Fare,180,0,,10.9,Low,No strong rule triggered — flagged by model anomaly score only,Unclassified
TXN109281,PSG101897,Yasas Gunawardena,2024-10-28,Colombo Fort - Negombo (Coastal Line local),Government Employee Concession,108,0,,29.4,Low,No strong rule triggered — flagged by model anomaly score only,Unclassified
TXN109296,PSG101094,Ravindu Senanayake,2024-10-29,Colombo Fort - Matara,Season Ticket,90,0,,11.6,Low,No strong rule triggered — flagged by model anomaly score only,Unclassified
TXN109292,PSG101436,Piyumi Bandara,2024-10-29,Colombo Fort - Galle,Full Fare,420,0,,30.9,Low,No strong rule triggered — flagged by model anomaly score only,Unclassified
TXN109295,PSG103033,Tharindu Bandara,2024-10-29,Colombo Fort - Badulla,Full Fare,180,0,,11.2,Low,No strong rule triggered — flagged by model anomaly score only,Unclassified
TXN109299,PSG100923,Nuwan Karunaratne,2024-10-29,Kandy - Badulla (Upcountry local),Student Concession,72,0,,15.9,Low,No strong rule triggered — flagged by model anomaly score only,Unclassified
TXN109297,PSG100046,Sanduni Dissanayake,2024-10-29,Colombo Fort - Ratnapura Line,Full Fare,420,0,,23.9,Low,No strong rule triggered — flagged by model anomaly score only,Unclassified
TXN109290,PSG100310,Ravindu Weerasinghe,2024-10-29,Colombo Fort - Batticaloa,Full Fare,420,0,,14.3,Low,No strong rule triggered — flagged by model anomaly score only,Unclassified
TXN109293,PSG102539,Piyumi Karunaratne,2024-10-29,Colombo Fort - Batticaloa,Season Ticket,90,0,,32.8,Low,No strong rule triggered — flagged by model anomaly score only,Unclassified
TXN109300,PSG101376,Sithumini Ekanayake,2024-10-29,Colombo Fort - Jaffna,Student Concession,72,0,,19.4,Low,No strong rule triggered — flagged by model anomaly score only,Unclassified
TXN109291,PSG101500,Malsha Ekanayake,2024-10-29,Colombo Fort - Matara,Season Ticket,90,0,,16.9,Low,No strong rule triggered — flagged by model anomaly score only,Unclassified
TXN109298,PSG102184,Roshan Karunaratne,2024-10-29,Colombo Fort - Negombo (Coastal Line local),Student Concession,168,1,Ticket Reuse,65.8,Medium,Ticket scanned multiple times (possible reuse),Ticket Reuse
TXN109294,PSG102716,Lasith Karunaratne,2024-10-29,Colombo Fort - Negombo (Coastal Line local),Full Fare,180,0,,27.7,Low,Passenger has multiple prior fraud incidents,Unclassified
TXN109309,PSG101295,Sunil Dissanayake,2024-10-30,Colombo Fort - Badulla,Senior Citizen Concession,210,0,,33.0,Low,No strong rule triggered — flagged by model anomaly score only,Unclassified
TXN109307,PSG100917,Nuwan Silva,2024-10-30,Colombo Fort - Vavuniya,Senior Citizen Concession,475,0,,58.3,Medium,Passenger has multiple prior fraud incidents,Unclassified
TXN109305,PSG101524,Chamara Herath,2024-10-30,Colombo Fort - Jaffna,Student Concession,72,0,,24.7,Low,No strong rule triggered — flagged by model anomaly score only,Unclassified
TXN109306,PSG101584,Piyumi Amarasinghe,2024-10-30,Kandy - Badulla (Upcountry local),Student Concession,72,0,,11.4,Low,No strong rule triggered — flagged by model anomaly score only,Unclassified
TXN109304,PSG100194,Yasas Jayawardena,2024-10-30,Colombo Fort - Anuradhapura,Student Concession,168,0,,19.3,Low,No strong rule triggered — flagged by model anomaly score only,Unclassified
TXN109301,PSG102907,Sithumini Fernando,2024-10-30,Colombo Fort - Galle,Season Ticket,90,0,,27.4,Low,No strong rule triggered — flagged by model anomaly score only,Unclassified
TXN109303,PSG101636,Chathurika Rathnayake,2024-10-30,Colombo Fort - Negombo (Coastal Line local),Student Concession,168,0,,17.1,Low,No strong rule triggered — flagged by model anomaly score only,Unclassified
TXN109302,PSG100644,Saman Amarasinghe,2024-10-30,Colombo Fort - Trincomalee,Season Ticket,90,0,,70.0,High,Passenger has multiple prior fraud incidents,Unclassified
TXN109310,PSG102124,Roshan Dissanayake,2024-10-30,Colombo Fort - Kandy,Full Fare,420,0,,16.4,Low,No strong rule triggered — flagged by model anomaly score only,Unclassified
TXN109308,PSG101038,Ravindu Rathnayake,2024-10-30,Colombo Fort - Batticaloa,Season Ticket,210,0,,27.4,Low,No strong rule triggered — flagged by model anomaly score only,Unclassified
TXN109316,PSG102479,Roshan Abeywardena,2024-10-31,Colombo Fort - Galle,Full Fare,420,0,,22.9,Low,No strong rule triggered — flagged by model anomaly score only,Unclassified
TXN109311,PSG101963,Nadeesha Jayawardena,2024-10-31,Colombo Fort - Matara,Full Fare,420,1,Suspicious Resale,40.8,Medium,Passenger has multiple prior fraud incidents,Unclassified
TXN109315,PSG101318,Kasun Herath,2024-10-31,Colombo Fort - Vavuniya,Full Fare,420,0,,27.2,Low,No strong rule triggered — flagged by model anomaly score only,Unclassified
TXN109313,PSG101091,Dilani Amarasinghe,2024-10-31,Colombo Fort - Kurunegala,Student Concession,72,0,,12.5,Low,No strong rule triggered — flagged by model anomaly score only,Unclassified
TXN109314,PSG102300,Chaminda Abeywardena,2024-10-31,Colombo Fort - Batticaloa,Student Concession,72,0,,18.2,Low,No strong rule triggered — flagged by model anomaly score only,Unclassified
TXN109312,PSG100943,Chathurika Rathnayake,2024-10-31,Colombo Fort - Negombo (Coastal Line local),Season Ticket,90,0,,49.7,Medium,No strong rule triggered — flagged by model anomaly score only,Unclassified
TXN109325,PSG100615,Piyumi Herath,2024-11-01,Kandy - Badulla (Upcountry local),Full Fare,420,0,,11.3,Low,No strong rule triggered — flagged by model anomaly score only,Unclassified
TXN109322,PSG100233,Ruwan Senanayake,2024-11-01,Colombo Fort - Negombo (Coastal Line local),Student Concession,72,0,,14.6,Low,No strong rule triggered — flagged by model anomaly score only,Unclassified
TXN109318,PSG101146,Ashan Herath,2024-11-01,Colombo Fort - Kandy,Senior Citizen Concession,90,0,,19.0,Low,No strong rule triggered — flagged by model anomaly score only,Unclassified
TXN109319,PSG102269,Sanduni Wijesekara,2024-11-01,Colombo Fort - Jaffna,Season Ticket,90,0,,37.7,Low,No strong rule triggered — flagged by model anomaly score only,Unclassified
TXN109317,PSG102182,Sithumini de Zoysa,2024-11-01,Colombo Fort - Kurunegala,Senior Citizen Concession,81,1,Abnormal Concession Usage,45.6,Medium,Fare paid does not match official concession rate,Abnormal Concession Usage
TXN109321,PSG100778,Yasas Kumara,2024-11-01,Kandy - Badulla (Upcountry local),Disability Concession,54,0,,22.9,Low,No strong rule triggered — flagged by model anomaly score only,Unclassified
TXN109324,PSG101444,Ruwan Jayawardena,2024-11-01,Colombo Fort - Kandy,Full Fare,420,0,,19.6,Low,No strong rule triggered — flagged by model anomaly score only,Unclassified
TXN109326,PSG100640,Sachini Herath,2024-11-01,Maradana - Puttalam,Full Fare,420,0,,17.6,Low,No strong rule triggered — flagged by model anomaly score only,Unclassified
TXN109320,PSG101609,Chaminda Rathnayake,2024-11-01,Colombo Fort - Badulla,Season Ticket,90,0,,16.5,Low,No strong rule triggered — flagged by model anomaly score only,Unclassified
TXN109323,PSG102700,Sanduni Ekanayake,2024-11-01,Colombo Fort - Galle,Student Concession,72,0,,46.6,Medium,Passenger has multiple prior fraud incidents,Unclassified
TXN109329,PSG101226,Sunil Weerasinghe,2024-11-02,Colombo Fort - Trincomalee,Senior Citizen Concession,90,1,Ticket Reuse,78.0,High,Ticket scanned multiple times (possible reuse); Passenger has multiple prior fraud incidents,Ticket Reuse
TXN109335,PSG101041,Lasith Ekanayake,2024-11-02,Colombo Fort - Ratnapura Line,Season Ticket,210,1,Suspicious Resale,84.1,High,Online booking with no assigned seat (possible resale),Suspicious Resale
TXN109330,PSG101404,Malsha Jayawardena,2024-11-02,Kandy - Badulla (Upcountry local),Full Fare,180,0,,25.3,Low,Passenger has multiple prior fraud incidents,Unclassified
TXN109334,PSG101331,Ruwan Weerasinghe,2024-11-02,Colombo Fort - Vavuniya,Season Ticket,210,1,Ticket Reuse,95.6,High,Ticket scanned multiple times (possible reuse); Passenger has multiple prior fraud incidents,Ticket Reuse
TXN109332,PSG101298,Nadeesha Herath,2024-11-02,Colombo Fort - Kandy,Full Fare,950,0,,47.8,Medium,No strong rule triggered — flagged by model anomaly score only,Unclassified
TXN109338,PSG100118,Chathurika Rathnayake,2024-11-02,Colombo Fort - Anuradhapura,Full Fare,420,0,,48.5,Medium,Passenger has multiple prior fraud incidents,Unclassified
TXN109331,PSG103116,Ruwan Jayawardena,2024-11-02,Colombo Fort - Badulla,Full Fare,180,0,,9.8,Low,No strong rule triggered — flagged by model anomaly score only,Unclassified
TXN109337,PSG101230,Kasun Bandara,2024-11-02,Kandy - Badulla (Upcountry local),Full Fare,950,0,,38.8,Low,No strong rule triggered — flagged by model anomaly score only,Unclassified
TXN109328,PSG102407,Sachini Gunawardena,2024-11-02,Colombo Fort - Kandy,Full Fare,180,0,,14.7,Low,No strong rule triggered — flagged by model anomaly score only,Unclassified
TXN109336,PSG103191,Dilani Perera,2024-11-02,Maradana - Puttalam,Full Fare,180,0,,26.3,Low,No strong rule triggered — flagged by model anomaly score only,Unclassified
TXN109333,PSG101771,Sunil Kumara,2024-11-02,Colombo Fort - Vavuniya,Full Fare,180,0,,13.1,Low,No strong rule triggered — flagged by model anomaly score only,Unclassified
TXN109327,PSG100649,Nadeesha Perera,2024-11-02,Colombo Fort - Badulla,Full Fare,420,0,,39.9,Low,No strong rule triggered — flagged by model anomaly score only,Unclassified
TXN109340,PSG100244,Sachini Amarasinghe,2024-11-03,Colombo Fort - Matara,Senior Citizen Concession,210,0,,39.7,Low,No strong rule triggered — flagged by model anomaly score only,Unclassified
TXN109346,PSG101534,Ruwan Fernando,2024-11-03,Maradana - Puttalam,Season Ticket,90,0,,38.7,Low,Passenger has multiple prior fraud incidents,Unclassified
TXN109339,PSG101321,Priyantha Weerasinghe,2024-11-03,Colombo Fort - Matara,Full Fare,420,0,,15.7,Low,No strong rule triggered — flagged by model anomaly score only,Unclassified
TXN109348,PSG100583,Nimal Dissanayake,2024-11-03,Colombo Fort - Kurunegala,Government Employee Concession,108,0,,31.7,Low,No strong rule triggered — flagged by model anomaly score only,Unclassified
TXN109347,PSG101721,Ravindu Bandara,2024-11-03,Colombo Fort - Matara,Senior Citizen Concession,210,0,,23.4,Low,No strong rule triggered — flagged by model anomaly score only,Unclassified
TXN109342,PSG102393,Kavindi Perera,2024-11-03,Colombo Fort - Galle,Full Fare,180,0,,14.7,Low,No strong rule triggered — flagged by model anomaly score only,Unclassified
TXN109345,PSG102497,Chathurika Bandara,2024-11-03,Colombo Fort - Negombo (Coastal Line local),Student Concession,72,0,,23.9,Low,No strong rule triggered — flagged by model anomaly score only,Unclassified
TXN109343,PSG100914,Dilani Rajapaksha,2024-11-03,Colombo Fort - Ratnapura Line,Senior Citizen Concession,72,1,Abnormal Concession Usage,73.8,High,Fare paid does not match official concession rate,Abnormal Concession Usage
TXN109344,PSG102370,Ashan Weerasinghe,2024-11-03,Colombo Fort - Vavuniya,Government Employee Concession,108,0,,41.5,Medium,Passenger has multiple prior fraud incidents,Unclassified
TXN109341,PSG100421,Roshan Perera,2024-11-03,Colombo Fort - Kurunegala,Senior Citizen Concession,90,0,,17.9,Low,No strong rule triggered — flagged by model anomaly score only,Unclassified
TXN109353,PSG100486,Ishara Weerasinghe,2024-11-04,Colombo Fort - Galle,Full Fare,420,0,,20.2,Low,No strong rule triggered — flagged by model anomaly score only,Unclassified
TXN109354,PSG102168,Sachini Wickramasinghe,2024-11-04,Colombo Fort - Galle,Student Concession,72,0,,14.8,Low,No strong rule triggered — flagged by model anomaly score only,Unclassified
TXN109349,PSG101537,Sithumini Herath,2024-11-04,Colombo Fort - Batticaloa,Government Employee Concession,252,0,,38.8,Low,No strong rule triggered — flagged by model anomaly score only,Unclassified
TXN109350,PSG100398,Chaminda Weerasinghe,2024-11-04,Colombo Fort - Vavuniya,Full Fare,180,0,,7.5,Low,No strong rule triggered — flagged by model anomaly score only,Unclassified
TXN109355,PSG100363,Hansika Fernando,2024-11-04,Colombo Fort - Ratnapura Line,Full Fare,180,0,,11.8,Low,No strong rule triggered — flagged by model anomaly score only,Unclassified
TXN109352,PSG101721,Ravindu Bandara,2024-11-04,Colombo Fort - Ratnapura Line,Government Employee Concession,108,0,,24.1,Low,No strong rule triggered — flagged by model anomaly score only,Unclassified
TXN109356,PSG101729,Sanduni Dissanayake,2024-11-04,Colombo Fort - Kandy,Government Employee Concession,252,0,,40.4,Medium,No strong rule triggered — flagged by model anomaly score only,Unclassified
TXN109351,PSG100639,Nimal Wijesekara,2024-11-04,Colombo Fort - Matara,Student Concession,72,0,,55.4,Medium,No strong rule triggered — flagged by model anomaly score only,Unclassified
TXN109361,PSG102370,Ashan Weerasinghe,2024-11-05,Colombo Fort - Kandy,Season Ticket,90,0,,36.4,Low,Passenger has multiple prior fraud incidents,Unclassified
TXN109358,PSG101874,Roshan Abeywardena,2024-11-05,Kandy - Badulla (Upcountry local),Full Fare,420,0,,28.8,Low,Passenger has multiple prior fraud incidents,Unclassified
TXN109359,PSG101241,Chamara Wickramasinghe,2024-11-05,Colombo Fort - Negombo (Coastal Line local),Student Concession,72,0,,14.5,Low,No strong rule triggered — flagged by model anomaly score only,Unclassified
TXN109362,PSG100039,Kavindi Ekanayake,2024-11-05,Colombo Fort - Ratnapura Line,Student Concession,72,0,,45.6,Medium,Passenger has multiple prior fraud incidents,Unclassified
TXN109360,PSG100596,Chamara Herath,2024-11-05,Colombo Fort - Kurunegala,Season Ticket,90,0,,35.7,Low,No strong rule triggered — flagged by model anomaly score only,Unclassified
TXN109363,PSG100106,Malsha Rathnayake,2024-11-05,Colombo Fort - Anuradhapura,Full Fare,180,0,,26.8,Low,Passenger has multiple prior fraud incidents,Unclassified
TXN109357,PSG100303,Lasith Karunaratne,2024-11-05,Colombo Fort - Negombo (Coastal Line local),Government Employee Concession,570,0,,26.4,Low,No strong rule triggered — flagged by model anomaly score only,Unclassified
TXN109364,PSG101057,Sachini Bandara,2024-11-05,Maradana - Puttalam,Full Fare,180,0,,24.7,Low,No strong rule triggered — flagged by model anomaly score only,Unclassified
TXN109370,PSG102534,Kamal Rajapaksha,2024-11-06,Colombo Fort - Negombo (Coastal Line local),Student Concession,72,0,,33.4,Low,No strong rule triggered — flagged by model anomaly score only,Unclassified
TXN109371,PSG102710,Piyumi Rajapaksha,2024-11-06,Maradana - Puttalam,Senior Citizen Concession,210,0,,26.0,Low,No strong rule triggered — flagged by model anomaly score only,Unclassified
TXN109373,PSG101034,Lasith Rathnayake,2024-11-06,Colombo Fort - Kurunegala,Full Fare,420,0,,15.5,Low,No strong rule triggered — flagged by model anomaly score only,Unclassified
TXN109368,PSG101033,Hansika Abeywardena,2024-11-06,Colombo Fort - Galle,Full Fare,420,0,,10.9,Low,No strong rule triggered — flagged by model anomaly score only,Unclassified
TXN109369,PSG100786,Sachini de Zoysa,2024-11-06,Maradana - Puttalam,Full Fare,420,0,,12.3,Low,No strong rule triggered — flagged by model anomaly score only,Unclassified
TXN109365,PSG102700,Sanduni Ekanayake,2024-11-06,Colombo Fort - Anuradhapura,Season Ticket,210,0,,46.3,Medium,Passenger has multiple prior fraud incidents,Unclassified
TXN109367,PSG102037,Lasith Perera,2024-11-06,Colombo Fort - Anuradhapura,Full Fare,180,0,,8.7,Low,No strong rule triggered — flagged by model anomaly score only,Unclassified
TXN109374,PSG101782,Malsha Gunawardena,2024-11-06,Colombo Fort - Badulla,Full Fare,950,0,,22.4,Low,No strong rule triggered — flagged by model anomaly score only,Unclassified
TXN109372,PSG100233,Ruwan Senanayake,2024-11-06,Kandy - Badulla (Upcountry local),Season Ticket,90,0,,11.0,Low,No strong rule triggered — flagged by model anomaly score only,Unclassified
TXN109366,PSG100917,Nuwan Silva,2024-11-06,Colombo Fort - Badulla,Disability Concession,126,0,,61.7,Medium,Passenger has multiple prior fraud incidents,Unclassified
TXN109378,PSG101920,Yasas Weerasinghe,2024-11-07,Colombo Fort - Kandy,Full Fare,420,0,,18.8,Low,No strong rule triggered — flagged by model anomaly score only,Unclassified
TXN109380,PSG102154,Piyumi Amarasinghe,2024-11-07,Colombo Fort - Galle,Full Fare,420,0,,16.3,Low,No strong rule triggered — flagged by model anomaly score only,Unclassified
TXN109377,PSG100409,Chathurika Rajapaksha,2024-11-07,Colombo Fort - Badulla,Full Fare,180,0,,7.1,Low,No strong rule triggered — flagged by model anomaly score only,Unclassified
TXN109375,PSG101653,Dinesh Silva,2024-11-07,Colombo Fort - Badulla,Government Employee Concession,108,0,,17.9,Low,No strong rule triggered — flagged by model anomaly score only,Unclassified
TXN109381,PSG102358,Yasas Rajapaksha,2024-11-07,Colombo Fort - Batticaloa,Senior Citizen Concession,168,1,Abnormal Concession Usage,76.3,High,Fare paid does not match official concession rate,Abnormal Concession Usage
TXN109376,PSG102225,Sanduni Gunawardena,2024-11-07,Colombo Fort - Badulla,Full Fare,180,0,,8.7,Low,No strong rule triggered — flagged by model anomaly score only,Unclassified
TXN109379,PSG101230,Kasun Bandara,2024-11-07,Colombo Fort - Trincomalee,Student Concession,72,0,,36.0,Low,No strong rule triggered — flagged by model anomaly score only,Unclassified
TXN109387,PSG100667,Kavindi Rajapaksha,2024-11-08,Colombo Fort - Galle,Student Concession,168,1,Ticket Reuse,59.5,Medium,Ticket scanned multiple times (possible reuse),Ticket Reuse
TXN109383,PSG101568,Sithumini Weerasinghe,2024-11-08,Colombo Fort - Trincomalee,Senior Citizen Concession,72,1,Abnormal Concession Usage,71.4,High,Fare paid does not match official concession rate,Abnormal Concession Usage
TXN109382,PSG100209,Dinesh Karunaratne,2024-11-08,Colombo Fort - Galle,Full Fare,180,0,,5.3,Low,No strong rule triggered — flagged by model anomaly score only,Unclassified
TXN109386,PSG101151,Sithumini Wijesekara,2024-11-08,Kandy - Badulla (Upcountry local),Student Concession,72,0,,11.7,Low,No strong rule triggered — flagged by model anomaly score only,Unclassified
TXN109384,PSG101420,Ravindu Herath,2024-11-08,Maradana - Puttalam,Senior Citizen Concession,90,0,,16.6,Low,No strong rule triggered — flagged by model anomaly score only,Unclassified
TXN109385,PSG101229,Ishara Fernando,2024-11-08,Colombo Fort - Jaffna,Full Fare,180,0,,19.9,Low,No strong rule triggered — flagged by model anomaly score only,Unclassified
TXN109395,PSG101256,Gayan Kumara,2024-11-09,Maradana - Puttalam,Full Fare,180,0,,25.0,Low,No strong rule triggered — flagged by model anomaly score only,Unclassified
TXN109394,PSG102395,Chamara Rajapaksha,2024-11-09,Colombo Fort - Trincomalee,Senior Citizen Concession,380,1,Abnormal Concession Usage,83.1,High,Fare paid does not match official concession rate,Abnormal Concession Usage
TXN109390,PSG100223,Lasith Rajapaksha,2024-11-09,Maradana - Puttalam,Government Employee Concession,108,0,,32.0,Low,No strong rule triggered — flagged by model anomaly score only,Unclassified
TXN109388,PSG103056,Ravindu Amarasinghe,2024-11-09,Colombo Fort - Negombo (Coastal Line local),Student Concession,72,0,,16.9,Low,No strong rule triggered — flagged by model anomaly score only,Unclassified
TXN109389,PSG100537,Ishara Jayawardena,2024-11-09,Colombo Fort - Badulla,Full Fare,180,0,,11.6,Low,No strong rule triggered — flagged by model anomaly score only,Unclassified
TXN109392,PSG100963,Kasun Silva,2024-11-09,Colombo Fort - Vavuniya,Full Fare,180,0,,32.1,Low,No strong rule triggered — flagged by model anomaly score only,Unclassified
TXN109393,PSG102434,Roshan Ekanayake,2024-11-09,Colombo Fort - Matara,Full Fare,180,0,,23.6,Low,No strong rule triggered — flagged by model anomaly score only,Unclassified
TXN109391,PSG100701,Dinesh Wickramasinghe,2024-11-09,Colombo Fort - Jaffna,Student Concession,380,0,,30.5,Low,No strong rule triggered — flagged by model anomaly score only,Unclassified
TXN109396,PSG102452,Chamara Amarasinghe,2024-11-10,Colombo Fort - Negombo (Coastal Line local),Full Fare,180,0,,21.5,Low,No strong rule triggered — flagged by model anomaly score only,Unclassified
TXN109397,PSG101395,Gayan Jayawardena,2024-11-10,Colombo Fort - Vavuniya,Government Employee Concession,252,0,,47.7,Medium,No strong rule triggered — flagged by model anomaly score only,Unclassified
TXN109403,PSG102902,Lasith Silva,2024-11-10,Colombo Fort - Badulla,Full Fare,420,1,Suspicious Resale,86.4,High,Online booking with no assigned seat (possible resale),Suspicious Resale
TXN109401,PSG103138,Sunil Kumara,2024-11-10,Colombo Fort - Kandy,Season Ticket,90,0,,34.3,Low,No strong rule triggered — flagged by model anomaly score only,Unclassified
TXN109399,PSG101133,Anushka Herath,2024-11-10,Colombo Fort - Badulla,Student Concession,72,0,,25.2,Low,No strong rule triggered — flagged by model anomaly score only,Unclassified
TXN109402,PSG102902,Lasith Silva,2024-11-10,Colombo Fort - Kandy,Disability Concession,54,0,,65.0,Medium,Passenger has multiple prior fraud incidents,Unclassified
TXN109400,PSG101290,Tharindu Weerasinghe,2024-11-10,Maradana - Puttalam,Full Fare,180,0,,11.5,Low,No strong rule triggered — flagged by model anomaly score only,Unclassified
TXN109398,PSG103099,Ruwan Jayawardena,2024-11-10,Colombo Fort - Kandy,Full Fare,180,0,,15.1,Low,No strong rule triggered — flagged by model anomaly score only,Unclassified
TXN109405,PSG101132,Saman Fernando,2024-11-10,Colombo Fort - Negombo (Coastal Line local),Full Fare,950,0,,23.3,Low,No strong rule triggered — flagged by model anomaly score only,Unclassified
TXN109404,PSG101416,Lasith Karunaratne,2024-11-10,Colombo Fort - Galle,Full Fare,180,0,,29.7,Low,No strong rule triggered — flagged by model anomaly score only,Unclassified
TXN109407,PSG101418,Gayan Wijesekara,2024-11-11,Colombo Fort - Vavuniya,Season Ticket,210,0,,25.6,Low,No strong rule triggered — flagged by model anomaly score only,Unclassified
TXN109406,PSG101057,Sachini Bandara,2024-11-11,Colombo Fort - Anuradhapura,Full Fare,180,0,,35.9,Low,No strong rule triggered — flagged by model anomaly score only,Unclassified
TXN109411,PSG102417,Chaminda Karunaratne,2024-11-12,Colombo Fort - Kurunegala,Government Employee Concession,108,0,,26.0,Low,No strong rule triggered — flagged by model anomaly score only,Unclassified
TXN109412,PSG102487,Piyumi de Zoysa,2024-11-12,Colombo Fort - Trincomalee,Government Employee Concession,252,0,,24.0,Low,No strong rule triggered — flagged by model anomaly score only,Unclassified
TXN109410,PSG102671,Sithumini Rathnayake,2024-11-12,Colombo Fort - Badulla,Full Fare,180,0,,17.6,Low,No strong rule triggered — flagged by model anomaly score only,Unclassified
TXN109408,PSG102794,Piyumi de Zoysa,2024-11-12,Colombo Fort - Anuradhapura,Full Fare,180,0,,9.8,Low,No strong rule triggered — flagged by model anomaly score only,Unclassified
TXN109413,PSG101986,Saman Gunawardena,2024-11-12,Maradana - Puttalam,Full Fare,180,0,,27.6,Low,Passenger has multiple prior fraud incidents,Unclassified
TXN109409,PSG102794,Piyumi de Zoysa,2024-11-12,Colombo Fort - Negombo (Coastal Line local),Full Fare,950,0,,17.9,Low,No strong rule triggered — flagged by model anomaly score only,Unclassified
TXN109414,PSG102028,Sanduni Karunaratne,2024-11-12,Colombo Fort - Kandy,Full Fare,180,0,,26.6,Low,No strong rule triggered — flagged by model anomaly score only,Unclassified
TXN109418,PSG100726,Kamal Bandara,2024-11-13,Colombo Fort - Kurunegala,Full Fare,420,0,,26.0,Low,No strong rule triggered — flagged by model anomaly score only,Unclassified
TXN109423,PSG102437,Chamara Ekanayake,2024-11-13,Colombo Fort - Ratnapura Line,Student Concession,72,0,,28.2,Low,No strong rule triggered — flagged by model anomaly score only,Unclassified
TXN109425,PSG100427,Dinesh de Zoysa,2024-11-13,Colombo Fort - Kandy,Student Concession,333,1,Abnormal Concession Usage,63.6,Medium,Fare paid does not match official concession rate; Irregular fare during off-peak/night hours,Abnormal Concession Usage
TXN109419,PSG100770,Ishara Bandara,2024-11-13,Maradana - Puttalam,Full Fare,950,0,,21.0,Low,No strong rule triggered — flagged by model anomaly score only,Unclassified
TXN109416,PSG100055,Dinesh Kumara,2024-11-13,Colombo Fort - Matara,Full Fare,180,0,,7.4,Low,No strong rule triggered — flagged by model anomaly score only,Unclassified
TXN109421,PSG101893,Chamara Perera,2024-11-13,Colombo Fort - Jaffna,Full Fare,180,0,,28.2,Low,No strong rule triggered — flagged by model anomaly score only,Unclassified
TXN109415,PSG102454,Malsha Amarasinghe,2024-11-13,Maradana - Puttalam,Season Ticket,90,0,,16.6,Low,No strong rule triggered — flagged by model anomaly score only,Unclassified
TXN109422,PSG101156,Nadeesha Fernando,2024-11-13,Colombo Fort - Anuradhapura,Full Fare,420,0,,14.3,Low,No strong rule triggered — flagged by model anomaly score only,Unclassified
TXN109424,PSG101318,Kasun Herath,2024-11-13,Maradana - Puttalam,Senior Citizen Concession,90,0,,39.7,Low,No strong rule triggered — flagged by model anomaly score only,Unclassified
TXN109417,PSG103155,Ishara Wickramasinghe,2024-11-13,Colombo Fort - Galle,Full Fare,180,0,,7.8,Low,No strong rule triggered — flagged by model anomaly score only,Unclassified
TXN109420,PSG101057,Sachini Bandara,2024-11-13,Colombo Fort - Kurunegala,Full Fare,180,0,,35.2,Low,No strong rule triggered — flagged by model anomaly score only,Unclassified
TXN109428,PSG103044,Tharindu Herath,2024-11-14,Colombo Fort - Kandy,Full Fare,180,0,,22.0,Low,No strong rule triggered — flagged by model anomaly score only,Unclassified
TXN109429,PSG102899,Kavindi Rathnayake,2024-11-14,Colombo Fort - Jaffna,Full Fare,420,0,,21.4,Low,No strong rule triggered — flagged by model anomaly score only,Unclassified
TXN109426,PSG101005,Ishara Dissanayake,2024-11-14,Maradana - Puttalam,Full Fare,180,0,,13.0,Low,No strong rule triggered — flagged by model anomaly score only,Unclassified
TXN109432,PSG102189,Ruwan Abeywardena,2024-11-14,Colombo Fort - Kurunegala,Full Fare,180,0,,9.3,Low,No strong rule triggered — flagged by model anomaly score only,Unclassified
TXN109433,PSG100639,Nimal Wijesekara,2024-11-14,Kandy - Badulla (Upcountry local),Student Concession,72,0,,50.2,Medium,No strong rule triggered — flagged by model anomaly score only,Unclassified
TXN109431,PSG101084,Gayan Rajapaksha,2024-11-14,Colombo Fort - Matara,Full Fare,420,0,,11.4,Low,No strong rule triggered — flagged by model anomaly score only,Unclassified
TXN109427,PSG101158,Sunil Rathnayake,2024-11-14,Colombo Fort - Anuradhapura,Government Employee Concession,108,0,,16.5,Low,No strong rule triggered — flagged by model anomaly score only,Unclassified
TXN109430,PSG101893,Chamara Perera,2024-11-14,Colombo Fort - Galle,Student Concession,72,0,,47.0,Medium,No strong rule triggered — flagged by model anomaly score only,Unclassified
TXN109438,PSG101195,Ravindu Jayawardena,2024-11-15,Maradana - Puttalam,Season Ticket,90,0,,33.8,Low,No strong rule triggered — flagged by model anomaly score only,Unclassified
TXN109437,PSG102660,Lasith de Zoysa,2024-11-15,Colombo Fort - Ratnapura Line,Full Fare,420,0,,14.3,Low,No strong rule triggered — flagged by model anomaly score only,Unclassified
TXN109435,PSG100911,Lasith Wijesekara,2024-11-15,Colombo Fort - Galle,Senior Citizen Concession,90,0,,15.5,Low,No strong rule triggered — flagged by model anomaly score only,Unclassified
TXN109440,PSG100645,Ashan Wijesekara,2024-11-15,Kandy - Badulla (Upcountry local),Disability Concession,54,0,,26.1,Low,No strong rule triggered — flagged by model anomaly score only,Unclassified
TXN109434,PSG101899,Nimal Fernando,2024-11-15,Colombo Fort - Batticaloa,Government Employee Concession,108,0,,25.5,Low,No strong rule triggered — flagged by model anomaly score only,Unclassified
TXN109439,PSG101817,Gayan Weerasinghe,2024-11-15,Colombo Fort - Ratnapura Line,Full Fare,180,0,,29.4,Low,No strong rule triggered — flagged by model anomaly score only,Unclassified
TXN109436,PSG102716,Lasith Karunaratne,2024-11-15,Colombo Fort - Ratnapura Line,Student Concession,72,0,,35.7,Low,Passenger has multiple prior fraud incidents,Unclassified
TXN109450,PSG102290,Chamara Rajapaksha,2024-11-16,Colombo Fort - Batticaloa,Full Fare,420,0,,33.3,Low,No strong rule triggered — flagged by model anomaly score only,Unclassified
TXN109441,PSG102129,Dilani Perera,2024-11-16,Colombo Fort - Badulla,Full Fare,180,0,,13.8,Low,No strong rule triggered — flagged by model anomaly score only,Unclassified
TXN109443,PSG102714,Nimal Wijesekara,2024-11-16,Colombo Fort - Ratnapura Line,Student Concession,72,0,,60.0,Medium,Passenger has multiple prior fraud incidents,Unclassified
TXN109448,PSG100252,Dinesh Weerasinghe,2024-11-16,Colombo Fort - Trincomalee,Full Fare,420,0,,36.1,Low,Passenger has multiple prior fraud incidents,Unclassified
TXN109442,PSG102865,Sanduni Silva,2024-11-16,Colombo Fort - Vavuniya,Season Ticket,210,0,,25.5,Low,No strong rule triggered — flagged by model anomaly score only,Unclassified
TXN109446,PSG102344,Nimal Herath,2024-11-16,Colombo Fort - Negombo (Coastal Line local),Senior Citizen Concession,90,0,,17.8,Low,No strong rule triggered — flagged by model anomaly score only,Unclassified
TXN109445,PSG100026,Kasun Weerasinghe,2024-11-16,Kandy - Badulla (Upcountry local),Full Fare,180,0,,8.7,Low,No strong rule triggered — flagged by model anomaly score only,Unclassified
TXN109444,PSG102994,Yasas Senanayake,2024-11-16,Colombo Fort - Negombo (Coastal Line local),Full Fare,420,0,,18.6,Low,No strong rule triggered — flagged by model anomaly score only,Unclassified
TXN109449,PSG101557,Kasun Weerasinghe,2024-11-16,Colombo Fort - Kurunegala,Full Fare,950,0,,45.3,Medium,Passenger has multiple prior fraud incidents,Unclassified
TXN109447,PSG102383,Sithumini Perera,2024-11-16,Colombo Fort - Kandy,Full Fare,420,0,,32.5,Low,No strong rule triggered — flagged by model anomaly score only,Unclassified
TXN109458,PSG100399,Lasith Rathnayake,2024-11-17,Colombo Fort - Jaffna,Student Concession,72,0,,42.3,Medium,No strong rule triggered — flagged by model anomaly score only,Unclassified
TXN109456,PSG102814,Ravindu Perera,2024-11-17,Colombo Fort - Matara,Government Employee Concession,570,0,,31.3,Low,No strong rule triggered — flagged by model anomaly score only,Unclassified
TXN109451,PSG102836,Gayan Amarasinghe,2024-11-17,Maradana - Puttalam,Full Fare,180,0,,39.8,Low,No strong rule triggered — flagged by model anomaly score only,Unclassified
TXN109455,PSG101376,Sithumini Ekanayake,2024-11-17,Colombo Fort - Batticaloa,Government Employee Concession,108,0,,22.9,Low,No strong rule triggered — flagged by model anomaly score only,Unclassified
TXN109454,PSG100772,Priyantha Senanayake,2024-11-17,Colombo Fort - Badulla,Season Ticket,90,0,,17.5,Low,No strong rule triggered — flagged by model anomaly score only,Unclassified
TXN109452,PSG102147,Roshan Rajapaksha,2024-11-17,Colombo Fort - Anuradhapura,Senior Citizen Concession,90,0,,24.5,Low,No strong rule triggered — flagged by model anomaly score only,Unclassified
TXN109453,PSG100425,Chaminda de Zoysa,2024-11-17,Colombo Fort - Matara,Season Ticket,210,0,,29.4,Low,No strong rule triggered — flagged by model anomaly score only,Unclassified
TXN109457,PSG102449,Sachini Senanayake,2024-11-17,Colombo Fort - Batticaloa,Senior Citizen Concession,475,0,,56.1,Medium,No strong rule triggered — flagged by model anomaly score only,Unclassified
TXN109461,PSG102422,Sachini Kumara,2024-11-18,Colombo Fort - Anuradhapura,Government Employee Concession,252,0,,35.1,Low,No strong rule triggered — flagged by model anomaly score only,Unclassified
TXN109462,PSG101037,Anushka Rathnayake,2024-11-18,Colombo Fort - Negombo (Coastal Line local),Senior Citizen Concession,72,1,Abnormal Concession Usage,72.8,High,Fare paid does not match official concession rate,Abnormal Concession Usage
TXN109459,PSG100058,Kamal Silva,2024-11-18,Colombo Fort - Anuradhapura,Government Employee Concession,108,0,,15.4,Low,No strong rule triggered — flagged by model anomaly score only,Unclassified
TXN109465,PSG100066,Sunil Senanayake,2024-11-18,Maradana - Puttalam,Government Employee Concession,252,0,,22.1,Low,No strong rule triggered — flagged by model anomaly score only,Unclassified
TXN109463,PSG102677,Malsha de Zoysa,2024-11-18,Colombo Fort - Anuradhapura,Season Ticket,90,0,,16.9,Low,No strong rule triggered — flagged by model anomaly score only,Unclassified
TXN109460,PSG101783,Nuwan Jayawardena,2024-11-18,Colombo Fort - Galle,Season Ticket,90,0,,15.8,Low,No strong rule triggered — flagged by model anomaly score only,Unclassified
TXN109464,PSG102836,Gayan Amarasinghe,2024-11-18,Colombo Fort - Matara,Government Employee Concession,108,0,,38.0,Low,No strong rule triggered — flagged by model anomaly score only,Unclassified
TXN109469,PSG102401,Priyantha Kumara,2024-11-19,Colombo Fort - Anuradhapura,Full Fare,180,0,,8.2,Low,No strong rule triggered — flagged by model anomaly score only,Unclassified
TXN109470,PSG102964,Saman Gunawardena,2024-11-19,Colombo Fort - Anuradhapura,Full Fare,180,0,,17.3,Low,No strong rule triggered — flagged by model anomaly score only,Unclassified
TXN109466,PSG102596,Ishara Fernando,2024-11-19,Colombo Fort - Badulla,Student Concession,168,0,,22.8,Low,No strong rule triggered — flagged by model anomaly score only,Unclassified
TXN109468,PSG100504,Sachini Karunaratne,2024-11-19,Maradana - Puttalam,Full Fare,180,1,Suspicious Resale,80.7,High,Online booking with no assigned seat (possible resale),Suspicious Resale
TXN109467,PSG101180,Chathurika Kumara,2024-11-19,Colombo Fort - Ratnapura Line,Senior Citizen Concession,90,0,,42.0,Medium,No strong rule triggered — flagged by model anomaly score only,Unclassified
TXN109480,PSG100732,Sanduni Silva,2024-11-20,Colombo Fort - Negombo (Coastal Line local),Student Concession,168,0,,48.0,Medium,Passenger has multiple prior fraud incidents,Unclassified
TXN109476,PSG101639,Chaminda Herath,2024-11-20,Colombo Fort - Trincomalee,Student Concession,380,1,Ticket Reuse,75.1,High,Ticket scanned multiple times (possible reuse),Ticket Reuse
TXN109477,PSG101578,Malsha Rajapaksha,2024-11-20,Colombo Fort - Badulla,Senior Citizen Concession,210,0,,28.5,Low,No strong rule triggered — flagged by model anomaly score only,Unclassified
TXN109473,PSG103160,Malsha Rajapaksha,2024-11-20,Colombo Fort - Kurunegala,Season Ticket,210,0,,16.2,Low,No strong rule triggered — flagged by model anomaly score only,Unclassified
TXN109474,PSG102890,Chamara Silva,2024-11-20,Kandy - Badulla (Upcountry local),Student Concession,72,0,,16.7,Low,No strong rule triggered — flagged by model anomaly score only,Unclassified
TXN109472,PSG101197,Ishara Ekanayake,2024-11-20,Colombo Fort - Badulla,Disability Concession,126,0,,33.2,Low,No strong rule triggered — flagged by model anomaly score only,Unclassified
TXN109471,PSG101639,Chaminda Herath,2024-11-20,Colombo Fort - Badulla,Full Fare,420,0,,28.4,Low,No strong rule triggered — flagged by model anomaly score only,Unclassified
TXN109478,PSG100755,Kasun Bandara,2024-11-20,Colombo Fort - Trincomalee,Full Fare,180,0,,31.6,Low,No strong rule triggered — flagged by model anomaly score only,Unclassified
TXN109479,PSG102116,Dilani Gunawardena,2024-11-20,Colombo Fort - Kandy,Student Concession,72,0,,15.7,Low,No strong rule triggered — flagged by model anomaly score only,Unclassified
TXN109475,PSG101627,Ashan Jayawardena,2024-11-20,Colombo Fort - Anuradhapura,Full Fare,180,0,,8.2,Low,No strong rule triggered — flagged by model anomaly score only,Unclassified
TXN109482,PSG102450,Kasun Ekanayake,2024-11-20,Colombo Fort - Badulla,Full Fare,180,1,Suspicious Resale,10.9,Low,No strong rule triggered — flagged by model anomaly score only,Unclassified
TXN109481,PSG101548,Chamara Wickramasinghe,2024-11-20,Colombo Fort - Badulla,Full Fare,180,0,,21.0,Low,No strong rule triggered — flagged by model anomaly score only,Unclassified
TXN109484,PSG102917,Ashan Wijesekara,2024-11-21,Maradana - Puttalam,Student Concession,380,0,,30.4,Low,No strong rule triggered — flagged by model anomaly score only,Unclassified
TXN109483,PSG101107,Saman Dissanayake,2024-11-21,Colombo Fort - Ratnapura Line,Full Fare,180,0,,16.9,Low,No strong rule triggered — flagged by model anomaly score only,Unclassified
TXN109486,PSG100477,Malsha Amarasinghe,2024-11-21,Colombo Fort - Badulla,Full Fare,420,0,,10.2,Low,No strong rule triggered — flagged by model anomaly score only,Unclassified
TXN109485,PSG100755,Kasun Bandara,2024-11-21,Colombo Fort - Galle,Season Ticket,90,0,,40.4,Medium,No strong rule triggered — flagged by model anomaly score only,Unclassified
TXN109495,PSG102506,Sithumini Abeywardena,2024-11-22,Colombo Fort - Jaffna,Government Employee Concession,108,1,Ticket Reuse,73.0,High,Ticket scanned multiple times (possible reuse),Ticket Reuse
TXN109492,PSG102120,Kasun Gunawardena,2024-11-22,Colombo Fort - Kandy,Full Fare,180,0,,9.2,Low,No strong rule triggered — flagged by model anomaly score only,Unclassified
TXN109491,PSG101487,Nimal Weerasinghe,2024-11-22,Kandy - Badulla (Upcountry local),Full Fare,180,0,,21.2,Low,No strong rule triggered — flagged by model anomaly score only,Unclassified
TXN109490,PSG100513,Sunil Gunawardena,2024-11-22,Colombo Fort - Kandy,Full Fare,180,0,,8.9,Low,No strong rule triggered — flagged by model anomaly score only,Unclassified
TXN109488,PSG100261,Chamara de Zoysa,2024-11-22,Maradana - Puttalam,Full Fare,180,0,,10.2,Low,No strong rule triggered — flagged by model anomaly score only,Unclassified
TXN109489,PSG101020,Dinesh Wijesekara,2024-11-22,Colombo Fort - Trincomalee,Government Employee Concession,252,0,,23.8,Low,No strong rule triggered — flagged by model anomaly score only,Unclassified
TXN109487,PSG102738,Ashan Herath,2024-11-22,Colombo Fort - Kandy,Full Fare,180,0,,31.6,Low,Passenger has multiple prior fraud incidents,Unclassified
TXN109493,PSG100672,Chamara Rajapaksha,2024-11-22,Colombo Fort - Trincomalee,Disability Concession,285,1,Ticket Reuse,77.8,High,Ticket scanned multiple times (possible reuse),Ticket Reuse
TXN109494,PSG102672,Dinesh Dissanayake,2024-11-22,Colombo Fort - Vavuniya,Full Fare,180,0,,20.8,Low,No strong rule triggered — flagged by model anomaly score only,Unclassified
TXN109498,PSG100504,Sachini Karunaratne,2024-11-23,Colombo Fort - Galle,Season Ticket,210,0,,53.5,Medium,No strong rule triggered — flagged by model anomaly score only,Unclassified
TXN109501,PSG100546,Sanduni Dissanayake,2024-11-23,Colombo Fort - Matara,Full Fare,180,1,Suspicious Resale,15.7,Low,No strong rule triggered — flagged by model anomaly score only,Unclassified
TXN109497,PSG102057,Dinesh Weerasinghe,2024-11-23,Maradana - Puttalam,Full Fare,950,0,,36.2,Low,No strong rule triggered — flagged by model anomaly score only,Unclassified
TXN109496,PSG103158,Malsha Abeywardena,2024-11-23,Colombo Fort - Badulla,Full Fare,420,0,,18.1,Low,No strong rule triggered — flagged by model anomaly score only,Unclassified
TXN109504,PSG102584,Kasun Perera,2024-11-23,Maradana - Puttalam,Full Fare,180,0,,10.8,Low,No strong rule triggered — flagged by model anomaly score only,Unclassified
TXN109500,PSG101096,Dinesh Bandara,2024-11-23,Colombo Fort - Kandy,Student Concession,168,0,,29.8,Low,No strong rule triggered — flagged by model anomaly score only,Unclassified
TXN109499,PSG100593,Ruwan Senanayake,2024-11-23,Colombo Fort - Matara,Disability Concession,54,0,,48.4,Medium,No strong rule triggered — flagged by model anomaly score only,Unclassified
TXN109502,PSG100093,Ruwan Dissanayake,2024-11-23,Colombo Fort - Badulla,Full Fare,180,0,,14.5,Low,No strong rule triggered — flagged by model anomaly score only,Unclassified
TXN109503,PSG101258,Anushka Karunaratne,2024-11-23,Colombo Fort - Vavuniya,Full Fare,180,0,,20.4,Low,No strong rule triggered — flagged by model anomaly score only,Unclassified
TXN109508,PSG101926,Saman Dissanayake,2024-11-24,Colombo Fort - Galle,Student Concession,72,0,,20.2,Low,No strong rule triggered — flagged by model anomaly score only,Unclassified
TXN109505,PSG100252,Dinesh Weerasinghe,2024-11-24,Maradana - Puttalam,Full Fare,180,0,,34.7,Low,Passenger has multiple prior fraud incidents,Unclassified
TXN109507,PSG101964,Chathurika Herath,2024-11-24,Kandy - Badulla (Upcountry local),Student Concession,380,0,,53.5,Medium,Passenger has multiple prior fraud incidents,Unclassified
TXN109506,PSG100700,Sanduni Bandara,2024-11-24,Colombo Fort - Vavuniya,Full Fare,180,0,,33.0,Low,No strong rule triggered — flagged by model anomaly score only,Unclassified
TXN109511,PSG102806,Chathurika Wickramasinghe,2024-11-25,Colombo Fort - Matara,Full Fare,950,0,,25.0,Low,No strong rule triggered — flagged by model anomaly score only,Unclassified
TXN109509,PSG101599,Chaminda Gunawardena,2024-11-25,Colombo Fort - Anuradhapura,Full Fare,180,0,,10.2,Low,No strong rule triggered — flagged by model anomaly score only,Unclassified
TXN109510,PSG101952,Yasas Kumara,2024-11-25,Colombo Fort - Negombo (Coastal Line local),Full Fare,180,0,,7.5,Low,No strong rule triggered — flagged by model anomaly score only,Unclassified
TXN109512,PSG102549,Gayan Gunawardena,2024-11-25,Colombo Fort - Negombo (Coastal Line local),Full Fare,180,0,,25.1,Low,No strong rule triggered — flagged by model anomaly score only,Unclassified
TXN109518,PSG102269,Sanduni Wijesekara,2024-11-26,Colombo Fort - Galle,Full Fare,180,0,,34.3,Low,No strong rule triggered — flagged by model anomaly score only,Unclassified
TXN109514,PSG102393,Kavindi Perera,2024-11-26,Colombo Fort - Kandy,Season Ticket,90,0,,23.9,Low,No strong rule triggered — flagged by model anomaly score only,Unclassified
TXN109517,PSG101558,Dilani Amarasinghe,2024-11-26,Maradana - Puttalam,Student Concession,72,0,,18.8,Low,No strong rule triggered — flagged by model anomaly score only,Unclassified
TXN109513,PSG102999,Sachini Fernando,2024-11-26,Colombo Fort - Trincomalee,Senior Citizen Concession,90,0,,26.9,Low,No strong rule triggered — flagged by model anomaly score only,Unclassified
TXN109516,PSG101259,Ruwan Rajapaksha,2024-11-26,Colombo Fort - Kandy,Full Fare,180,0,,27.1,Low,Passenger has multiple prior fraud incidents,Unclassified
TXN109515,PSG100014,Kavindi Rathnayake,2024-11-26,Maradana - Puttalam,Government Employee Concession,108,0,,21.8,Low,No strong rule triggered — flagged by model anomaly score only,Unclassified
TXN109522,PSG101445,Ruwan Senanayake,2024-11-27,Maradana - Puttalam,Senior Citizen Concession,210,0,,45.2,Medium,No strong rule triggered — flagged by model anomaly score only,Unclassified
TXN109521,PSG102860,Chaminda Rathnayake,2024-11-27,Colombo Fort - Kandy,Season Ticket,210,0,,30.0,Low,No strong rule triggered — flagged by model anomaly score only,Unclassified
TXN109520,PSG100131,Dinesh Abeywardena,2024-11-27,Colombo Fort - Badulla,Season Ticket,90,0,,16.2,Low,No strong rule triggered — flagged by model anomaly score only,Unclassified
TXN109519,PSG102295,Anushka Perera,2024-11-27,Colombo Fort - Kurunegala,Student Concession,72,0,,11.5,Low,No strong rule triggered — flagged by model anomaly score only,Unclassified
TXN109524,PSG101366,Roshan Bandara,2024-11-28,Colombo Fort - Jaffna,Full Fare,180,0,,11.2,Low,No strong rule triggered — flagged by model anomaly score only,Unclassified
TXN109533,PSG100806,Anushka Ekanayake,2024-11-28,Colombo Fort - Badulla,Season Ticket,210,0,,21.4,Low,No strong rule triggered — flagged by model anomaly score only,Unclassified
TXN109525,PSG102644,Ashan Gunawardena,2024-11-28,Colombo Fort - Kandy,Full Fare,180,0,,15.7,Low,No strong rule triggered — flagged by model anomaly score only,Unclassified
TXN109527,PSG102796,Nadeesha Amarasinghe,2024-11-28,Kandy - Badulla (Upcountry local),Disability Concession,126,0,,27.1,Low,No strong rule triggered — flagged by model anomaly score only,Unclassified
TXN109532,PSG100326,Priyantha de Zoysa,2024-11-28,Colombo Fort - Negombo (Coastal Line local),Student Concession,72,0,,28.4,Low,No strong rule triggered — flagged by model anomaly score only,Unclassified
TXN109523,PSG100021,Hansika Dissanayake,2024-11-28,Kandy - Badulla (Upcountry local),Senior Citizen Concession,72,1,Abnormal Concession Usage,84.0,High,Fare paid does not match official concession rate; Passenger has multiple prior fraud incidents,Abnormal Concession Usage
TXN109534,PSG101101,Kamal Wickramasinghe,2024-11-28,Colombo Fort - Jaffna,Student Concession,72,0,,40.5,Medium,Passenger has multiple prior fraud incidents,Unclassified
TXN109528,PSG102340,Lasith Jayawardena,2024-11-28,Kandy - Badulla (Upcountry local),Senior Citizen Concession,210,0,,41.4,Medium,No strong rule triggered — flagged by model anomaly score only,Unclassified
TXN109530,PSG100100,Kasun Abeywardena,2024-11-28,Maradana - Puttalam,Full Fare,180,0,,25.6,Low,No strong rule triggered — flagged by model anomaly score only,Unclassified
TXN109535,PSG102348,Sunil Fernando,2024-11-28,Colombo Fort - Badulla,Government Employee Concession,252,0,,42.5,Medium,Passenger has multiple prior fraud incidents,Unclassified
TXN109526,PSG101743,Kasun Rajapaksha,2024-11-28,Colombo Fort - Trincomalee,Full Fare,180,0,,12.5,Low,No strong rule triggered — flagged by model anomaly score only,Unclassified
TXN109529,PSG101466,Ruwan Rathnayake,2024-11-28,Colombo Fort - Kurunegala,Full Fare,420,0,,21.4,Low,No strong rule triggered — flagged by model anomaly score only,Unclassified
TXN109531,PSG101075,Lasith Wickramasinghe,2024-11-28,Colombo Fort - Galle,Full Fare,950,0,,34.3,Low,No strong rule triggered — flagged by model anomaly score only,Unclassified
TXN109545,PSG100700,Sanduni Bandara,2024-11-29,Colombo Fort - Trincomalee,Student Concession,380,0,,49.0,Medium,No strong rule triggered — flagged by model anomaly score only,Unclassified
TXN109539,PSG101352,Sunil Gunawardena,2024-11-29,Colombo Fort - Matara,Full Fare,420,0,,34.5,Low,No strong rule triggered — flagged by model anomaly score only,Unclassified
TXN109536,PSG102503,Ishara de Zoysa,2024-11-29,Colombo Fort - Batticaloa,Student Concession,72,0,,21.7,Low,No strong rule triggered — flagged by model anomaly score only,Unclassified
TXN109544,PSG101185,Kamal de Zoysa,2024-11-29,Colombo Fort - Negombo (Coastal Line local),Full Fare,180,0,,10.6,Low,No strong rule triggered — flagged by model anomaly score only,Unclassified
TXN109542,PSG102226,Ishara Herath,2024-11-29,Kandy - Badulla (Upcountry local),Government Employee Concession,99,1,Abnormal Concession Usage,42.8,Medium,Fare paid does not match official concession rate,Abnormal Concession Usage
TXN109540,PSG101725,Ishara Fernando,2024-11-29,Colombo Fort - Kurunegala,Student Concession,72,1,Ticket Reuse,50.8,Medium,Ticket scanned multiple times (possible reuse),Ticket Reuse
TXN109543,PSG102705,Nimal Weerasinghe,2024-11-29,Colombo Fort - Jaffna,Student Concession,147,1,Abnormal Concession Usage,48.0,Medium,Fare paid does not match official concession rate,Abnormal Concession Usage
TXN109546,PSG101001,Tharindu Weerasinghe,2024-11-29,Colombo Fort - Jaffna,Full Fare,180,0,,11.9,Low,No strong rule triggered — flagged by model anomaly score only,Unclassified
TXN109538,PSG101944,Ruwan de Zoysa,2024-11-29,Colombo Fort - Galle,Student Concession,72,0,,15.4,Low,No strong rule triggered — flagged by model anomaly score only,Unclassified
TXN109541,PSG102905,Anushka Amarasinghe,2024-11-29,Colombo Fort - Anuradhapura,Full Fare,180,0,,11.5,Low,No strong rule triggered — flagged by model anomaly score only,Unclassified
TXN109537,PSG103025,Nuwan Silva,2024-11-29,Colombo Fort - Ratnapura Line,Full Fare,180,0,,12.3,Low,No strong rule triggered — flagged by model anomaly score only,Unclassified
TXN109559,PSG100845,Malsha Wijesekara,2024-11-30,Colombo Fort - Negombo (Coastal Line local),Full Fare,420,0,,22.8,Low,No strong rule triggered — flagged by model anomaly score only,Unclassified
TXN109547,PSG103103,Hansika Kumara,2024-11-30,Colombo Fort - Galle,Student Concession,72,0,,23.3,Low,No strong rule triggered — flagged by model anomaly score only,Unclassified
TXN109553,PSG101094,Ravindu Senanayake,2024-11-30,Colombo Fort - Jaffna,Student Concession,380,0,,32.3,Low,No strong rule triggered — flagged by model anomaly score only,Unclassified
TXN109558,PSG102170,Kamal Rathnayake,2024-11-30,Maradana - Puttalam,Season Ticket,90,0,,22.2,Low,No strong rule triggered — flagged by model anomaly score only,Unclassified
TXN109554,PSG102861,Anushka Karunaratne,2024-11-30,Colombo Fort - Matara,Full Fare,180,0,,11.9,Low,No strong rule triggered — flagged by model anomaly score only,Unclassified
TXN109549,PSG101014,Nadeesha Wickramasinghe,2024-11-30,Colombo Fort - Kandy,Student Concession,168,0,,29.3,Low,No strong rule triggered — flagged by model anomaly score only,Unclassified
TXN109551,PSG100347,Sunil Gunawardena,2024-11-30,Colombo Fort - Galle,Full Fare,180,0,,19.6,Low,No strong rule triggered — flagged by model anomaly score only,Unclassified
TXN109548,PSG102599,Sithumini Rajapaksha,2024-11-30,Colombo Fort - Badulla,Full Fare,180,1,Suspicious Resale,12.5,Low,No strong rule triggered — flagged by model anomaly score only,Unclassified
TXN109556,PSG101318,Kasun Herath,2024-11-30,Colombo Fort - Galle,Full Fare,180,0,,25.2,Low,No strong rule triggered — flagged by model anomaly score only,Unclassified
TXN109555,PSG101123,Sithumini Jayawardena,2024-11-30,Colombo Fort - Badulla,Full Fare,420,0,,21.2,Low,No strong rule triggered — flagged by model anomaly score only,Unclassified
TXN109550,PSG102210,Hansika Rajapaksha,2024-11-30,Colombo Fort - Trincomalee,Full Fare,180,0,,17.3,Low,No strong rule triggered — flagged by model anomaly score only,Unclassified
TXN109552,PSG100232,Nimal Rajapaksha,2024-11-30,Colombo Fort - Negombo (Coastal Line local),Full Fare,420,0,,16.7,Low,No strong rule triggered — flagged by model anomaly score only,Unclassified
TXN109557,PSG100497,Nadeesha Amarasinghe,2024-11-30,Colombo Fort - Badulla,Full Fare,420,0,,59.5,Medium,Passenger has multiple prior fraud incidents,Unclassified
TXN109573,PSG100683,Lasith Weerasinghe,2024-12-01,Maradana - Puttalam,Full Fare,180,0,,23.9,Low,No strong rule triggered — flagged by model anomaly score only,Unclassified
TXN109562,PSG103112,Tharindu Herath,2024-12-01,Colombo Fort - Negombo (Coastal Line local),Senior Citizen Concession,90,0,,22.4,Low,No strong rule triggered — flagged by model anomaly score only,Unclassified
TXN109564,PSG101716,Priyantha Wickramasinghe,2024-12-01,Colombo Fort - Ratnapura Line,Senior Citizen Concession,90,1,Suspicious Resale,29.9,Low,No strong rule triggered — flagged by model anomaly score only,Unclassified
TXN109569,PSG101329,Anushka Jayawardena,2024-12-01,Colombo Fort - Kandy,Full Fare,180,0,,21.3,Low,No strong rule triggered — flagged by model anomaly score only,Unclassified
TXN109571,PSG100415,Ashan Bandara,2024-12-01,Colombo Fort - Badulla,Government Employee Concession,108,0,,59.1,Medium,Passenger has multiple prior fraud incidents,Unclassified
TXN109572,PSG101956,Chamara Senanayake,2024-12-01,Colombo Fort - Trincomalee,Disability Concession,54,1,Suspicious Resale,78.2,High,Online booking with no assigned seat (possible resale),Suspicious Resale
TXN109563,PSG101142,Anushka de Zoysa,2024-12-01,Colombo Fort - Trincomalee,Student Concession,72,0,,41.2,Medium,No strong rule triggered — flagged by model anomaly score only,Unclassified
TXN109561,PSG102870,Sachini Amarasinghe,2024-12-01,Colombo Fort - Badulla,Senior Citizen Concession,475,0,,33.2,Low,No strong rule triggered — flagged by model anomaly score only,Unclassified
TXN109568,PSG102201,Tharindu Abeywardena,2024-12-01,Maradana - Puttalam,Senior Citizen Concession,81,1,Abnormal Concession Usage,47.1,Medium,Fare paid does not match official concession rate,Abnormal Concession Usage
TXN109570,PSG103180,Dilani Abeywardena,2024-12-01,Colombo Fort - Anuradhapura,Full Fare,180,0,,27.8,Low,No strong rule triggered — flagged by model anomaly score only,Unclassified
TXN109560,PSG101558,Dilani Amarasinghe,2024-12-01,Maradana - Puttalam,Student Concession,72,0,,24.9,Low,No strong rule triggered — flagged by model anomaly score only,Unclassified
TXN109566,PSG101087,Priyantha Kumara,2024-12-01,Kandy - Badulla (Upcountry local),Senior Citizen Concession,90,0,,19.3,Low,No strong rule triggered — flagged by model anomaly score only,Unclassified
TXN109565,PSG100413,Anushka Wijesekara,2024-12-01,Colombo Fort - Anuradhapura,Season Ticket,90,0,,47.5,Medium,No strong rule triggered — flagged by model anomaly score only,Unclassified
TXN109567,PSG100798,Chathurika Herath,2024-12-01,Colombo Fort - Batticaloa,Full Fare,180,0,,24.4,Low,No strong rule triggered — flagged by model anomaly score only,Unclassified
TXN109574,PSG102360,Sithumini de Zoysa,2024-12-02,Maradana - Puttalam,Full Fare,180,0,,27.9,Low,No strong rule triggered — flagged by model anomaly score only,Unclassified
TXN109577,PSG102438,Nuwan Rathnayake,2024-12-02,Colombo Fort - Trincomalee,Full Fare,180,0,,10.0,Low,No strong rule triggered — flagged by model anomaly score only,Unclassified
TXN109575,PSG102464,Chamara Bandara,2024-12-02,Colombo Fort - Jaffna,Full Fare,180,0,,13.5,Low,No strong rule triggered — flagged by model anomaly score only,Unclassified
TXN109578,PSG100917,Nuwan Silva,2024-12-02,Colombo Fort - Anuradhapura,Full Fare,180,0,,37.6,Low,Passenger has multiple prior fraud incidents,Unclassified
TXN109576,PSG102216,Yasas Silva,2024-12-02,Colombo Fort - Jaffna,Full Fare,180,0,,15.2,Low,No strong rule triggered — flagged by model anomaly score only,Unclassified
TXN109582,PSG100151,Nimal Wijesekara,2024-12-03,Colombo Fort - Jaffna,Season Ticket,90,0,,27.1,Low,No strong rule triggered — flagged by model anomaly score only,Unclassified
TXN109579,PSG100805,Malsha Silva,2024-12-03,Colombo Fort - Vavuniya,Full Fare,180,0,,40.4,Medium,Passenger has multiple prior fraud incidents,Unclassified
TXN109587,PSG102676,Saman Weerasinghe,2024-12-03,Colombo Fort - Kandy,Full Fare,180,0,,15.9,Low,No strong rule triggered — flagged by model anomaly score only,Unclassified
TXN109581,PSG102876,Saman Gunawardena,2024-12-03,Colombo Fort - Badulla,Senior Citizen Concession,90,0,,16.1,Low,No strong rule triggered — flagged by model anomaly score only,Unclassified
TXN109586,PSG101930,Kavindi Amarasinghe,2024-12-03,Colombo Fort - Batticaloa,Full Fare,180,0,,9.7,Low,No strong rule triggered — flagged by model anomaly score only,Unclassified
TXN109580,PSG103101,Priyantha Jayawardena,2024-12-03,Colombo Fort - Negombo (Coastal Line local),Student Concession,72,0,,21.4,Low,No strong rule triggered — flagged by model anomaly score only,Unclassified
TXN109585,PSG103012,Ishara Kumara,2024-12-03,Colombo Fort - Galle,Full Fare,420,0,,13.6,Low,No strong rule triggered — flagged by model anomaly score only,Unclassified
TXN109584,PSG100415,Ashan Bandara,2024-12-03,Colombo Fort - Jaffna,Season Ticket,210,0,,58.1,Medium,Passenger has multiple prior fraud incidents,Unclassified
TXN109583,PSG101732,Kasun Herath,2024-12-03,Kandy - Badulla (Upcountry local),Senior Citizen Concession,210,0,,31.7,Low,No strong rule triggered — flagged by model anomaly score only,Unclassified
TXN109590,PSG100395,Sunil Weerasinghe,2024-12-04,Colombo Fort - Vavuniya,Full Fare,180,0,,12.0,Low,No strong rule triggered — flagged by model anomaly score only,Unclassified
TXN109591,PSG101484,Hansika Amarasinghe,2024-12-04,Maradana - Puttalam,Senior Citizen Concession,210,0,,26.0,Low,No strong rule triggered — flagged by model anomaly score only,Unclassified
TXN109588,PSG102061,Chaminda Gunawardena,2024-12-04,Colombo Fort - Vavuniya,Student Concession,168,0,,24.3,Low,No strong rule triggered — flagged by model anomaly score only,Unclassified
TXN109593,PSG102738,Ashan Herath,2024-12-04,Colombo Fort - Jaffna,Full Fare,180,0,,34.1,Low,Passenger has multiple prior fraud incidents,Unclassified
TXN109592,PSG102474,Ashan Dissanayake,2024-12-04,Colombo Fort - Matara,Student Concession,72,0,,20.5,Low,No strong rule triggered — flagged by model anomaly score only,Unclassified
TXN109594,PSG101521,Lasith Karunaratne,2024-12-04,Maradana - Puttalam,Full Fare,180,0,,7.7,Low,No strong rule triggered — flagged by model anomaly score only,Unclassified
TXN109589,PSG102168,Sachini Wickramasinghe,2024-12-04,Colombo Fort - Galle,Season Ticket,210,0,,25.3,Low,No strong rule triggered — flagged by model anomaly score only,Unclassified
TXN109596,PSG101318,Kasun Herath,2024-12-05,Colombo Fort - Galle,Disability Concession,126,0,,52.0,Medium,No strong rule triggered — flagged by model anomaly score only,Unclassified
TXN109597,PSG101412,Dilani de Zoysa,2024-12-05,Colombo Fort - Vavuniya,Season Ticket,210,0,,21.8,Low,No strong rule triggered — flagged by model anomaly score only,Unclassified
TXN109595,PSG103119,Chaminda Gunawardena,2024-12-05,Kandy - Badulla (Upcountry local),Senior Citizen Concession,90,0,,19.9,Low,No strong rule triggered — flagged by model anomaly score only,Unclassified
TXN109600,PSG101101,Kamal Wickramasinghe,2024-12-06,Colombo Fort - Badulla,Senior Citizen Concession,210,0,,41.8,Medium,Passenger has multiple prior fraud incidents,Unclassified
TXN109603,PSG103185,Chaminda Fernando,2024-12-06,Maradana - Puttalam,Full Fare,180,0,,7.1,Low,No strong rule triggered — flagged by model anomaly score only,Unclassified
TXN109604,PSG101300,Sanduni Bandara,2024-12-06,Maradana - Puttalam,Full Fare,180,0,,10.2,Low,No strong rule triggered — flagged by model anomaly score only,Unclassified
TXN109605,PSG102434,Roshan Ekanayake,2024-12-06,Colombo Fort - Trincomalee,Full Fare,180,0,,26.0,Low,No strong rule triggered — flagged by model anomaly score only,Unclassified
TXN109601,PSG101162,Sachini de Zoysa,2024-12-06,Colombo Fort - Matara,Senior Citizen Concession,210,0,,24.4,Low,No strong rule triggered — flagged by model anomaly score only,Unclassified
TXN109602,PSG101881,Sithumini Amarasinghe,2024-12-06,Colombo Fort - Anuradhapura,Senior Citizen Concession,90,1,Ticket Reuse,65.0,Medium,Ticket scanned multiple times (possible reuse),Ticket Reuse
TXN109599,PSG100221,Saman Weerasinghe,2024-12-06,Colombo Fort - Jaffna,Senior Citizen Concession,210,0,,25.5,Low,No strong rule triggered — flagged by model anomaly score only,Unclassified
TXN109598,PSG102381,Sunil Bandara,2024-12-06,Colombo Fort - Kandy,Student Concession,168,0,,36.7,Low,No strong rule triggered — flagged by model anomaly score only,Unclassified
TXN109608,PSG102837,Ishara Gunawardena,2024-12-07,Colombo Fort - Kandy,Senior Citizen Concession,90,1,Suspicious Resale,37.5,Low,No strong rule triggered — flagged by model anomaly score only,Unclassified
TXN109606,PSG100507,Nadeesha de Zoysa,2024-12-07,Colombo Fort - Badulla,Full Fare,180,0,,13.3,Low,No strong rule triggered — flagged by model anomaly score only,Unclassified
TXN109609,PSG101919,Gayan Rajapaksha,2024-12-07,Colombo Fort - Ratnapura Line,Full Fare,180,0,,11.5,Low,No strong rule triggered — flagged by model anomaly score only,Unclassified
TXN109607,PSG100507,Nadeesha de Zoysa,2024-12-07,Maradana - Puttalam,Full Fare,420,0,,20.5,Low,No strong rule triggered — flagged by model anomaly score only,Unclassified
TXN109610,PSG101670,Kavindi Wickramasinghe,2024-12-07,Colombo Fort - Matara,Full Fare,180,0,,19.7,Low,No strong rule triggered — flagged by model anomaly score only,Unclassified
TXN109618,PSG103169,Piyumi Amarasinghe,2024-12-08,Colombo Fort - Negombo (Coastal Line local),Season Ticket,90,0,,28.0,Low,No strong rule triggered — flagged by model anomaly score only,Unclassified
TXN109616,PSG102531,Dilani Amarasinghe,2024-12-08,Kandy - Badulla (Upcountry local),Full Fare,420,0,,20.3,Low,No strong rule triggered — flagged by model anomaly score only,Unclassified
TXN109612,PSG100478,Nuwan Amarasinghe,2024-12-08,Colombo Fort - Vavuniya,Season Ticket,90,0,,21.1,Low,No strong rule triggered — flagged by model anomaly score only,Unclassified
TXN109624,PSG102292,Sithumini Amarasinghe,2024-12-08,Colombo Fort - Matara,Full Fare,180,0,,15.7,Low,No strong rule triggered — flagged by model anomaly score only,Unclassified
TXN109615,PSG101814,Sanduni de Zoysa,2024-12-08,Maradana - Puttalam,Senior Citizen Concession,210,0,,25.7,Low,No strong rule triggered — flagged by model anomaly score only,Unclassified
TXN109619,PSG102444,Kasun Weerasinghe,2024-12-08,Colombo Fort - Negombo (Coastal Line local),Government Employee Concession,570,0,,27.4,Low,No strong rule triggered — flagged by model anomaly score only,Unclassified
TXN109621,PSG102025,Lasith Dissanayake,2024-12-08,Colombo Fort - Galle,Full Fare,180,0,,12.7,Low,No strong rule triggered — flagged by model anomaly score only,Unclassified
TXN109613,PSG100093,Ruwan Dissanayake,2024-12-08,Colombo Fort - Badulla,Student Concession,54,1,Abnormal Concession Usage,68.1,High,Fare paid does not match official concession rate,Abnormal Concession Usage
TXN109620,PSG100316,Ravindu Dissanayake,2024-12-08,Maradana - Puttalam,Full Fare,420,1,Ticket Reuse,59.0,Medium,Ticket scanned multiple times (possible reuse),Ticket Reuse
TXN109623,PSG102007,Dinesh Silva,2024-12-08,Colombo Fort - Trincomalee,Disability Concession,126,0,,34.6,Low,No strong rule triggered — flagged by model anomaly score only,Unclassified
TXN109614,PSG101953,Hansika Rajapaksha,2024-12-08,Maradana - Puttalam,Full Fare,180,0,,34.3,Low,Passenger has multiple prior fraud incidents,Unclassified
TXN109611,PSG102414,Roshan Weerasinghe,2024-12-08,Colombo Fort - Badulla,Government Employee Concession,252,0,,25.9,Low,No strong rule triggered — flagged by model anomaly score only,Unclassified
TXN109622,PSG100803,Ruwan Senanayake,2024-12-08,Colombo Fort - Kandy,Full Fare,180,0,,27.9,Low,No strong rule triggered — flagged by model anomaly score only,Unclassified
TXN109617,PSG100982,Piyumi Herath,2024-12-08,Kandy - Badulla (Upcountry local),Full Fare,180,0,,22.0,Low,No strong rule triggered — flagged by model anomaly score only,Unclassified
TXN109627,PSG101800,Ravindu Amarasinghe,2024-12-09,Colombo Fort - Ratnapura Line,Full Fare,420,0,,29.2,Low,No strong rule triggered — flagged by model anomaly score only,Unclassified
TXN109631,PSG102126,Chaminda Wickramasinghe,2024-12-09,Colombo Fort - Anuradhapura,Government Employee Concession,108,0,,39.1,Low,No strong rule triggered — flagged by model anomaly score only,Unclassified
TXN109625,PSG101956,Chamara Senanayake,2024-12-09,Colombo Fort - Kandy,Full Fare,950,0,,29.8,Low,No strong rule triggered — flagged by model anomaly score only,Unclassified
TXN109626,PSG101099,Sithumini Jayawardena,2024-12-09,Colombo Fort - Vavuniya,Student Concession,168,0,,18.3,Low,No strong rule triggered — flagged by model anomaly score only,Unclassified
TXN109629,PSG101123,Sithumini Jayawardena,2024-12-09,Colombo Fort - Matara,Full Fare,180,0,,8.2,Low,No strong rule triggered — flagged by model anomaly score only,Unclassified
TXN109632,PSG101821,Roshan Weerasinghe,2024-12-09,Colombo Fort - Badulla,Full Fare,180,1,Suspicious Resale,61.8,Medium,Online booking with no assigned seat (possible resale),Suspicious Resale
TXN109630,PSG100271,Chamara Jayawardena,2024-12-09,Colombo Fort - Badulla,Season Ticket,90,0,,27.1,Low,No strong rule triggered — flagged by model anomaly score only,Unclassified
TXN109633,PSG101037,Anushka Rathnayake,2024-12-09,Colombo Fort - Kandy,Season Ticket,90,0,,29.4,Low,No strong rule triggered — flagged by model anomaly score only,Unclassified
TXN109634,PSG100598,Hansika Rajapaksha,2024-12-09,Colombo Fort - Ratnapura Line,Student Concession,72,0,,15.9,Low,No strong rule triggered — flagged by model anomaly score only,Unclassified
TXN109628,PSG102551,Ashan Weerasinghe,2024-12-09,Kandy - Badulla (Upcountry local),Government Employee Concession,570,0,,51.4,Medium,Passenger has multiple prior fraud incidents,Unclassified
TXN109638,PSG100013,Nuwan de Zoysa,2024-12-10,Colombo Fort - Vavuniya,Senior Citizen Concession,475,0,,48.1,Medium,No strong rule triggered — flagged by model anomaly score only,Unclassified
TXN109637,PSG100399,Lasith Rathnayake,2024-12-10,Colombo Fort - Vavuniya,Season Ticket,90,0,,22.6,Low,No strong rule triggered — flagged by model anomaly score only,Unclassified
TXN109642,PSG101398,Yasas Senanayake,2024-12-10,Colombo Fort - Matara,Season Ticket,90,0,,16.7,Low,No strong rule triggered — flagged by model anomaly score only,Unclassified
TXN109644,PSG100535,Anushka Bandara,2024-12-10,Colombo Fort - Badulla,Season Ticket,210,0,,17.6,Low,No strong rule triggered — flagged by model anomaly score only,Unclassified
TXN109639,PSG102645,Piyumi Wijesekara,2024-12-10,Colombo Fort - Vavuniya,Season Ticket,90,0,,11.9,Low,No strong rule triggered — flagged by model anomaly score only,Unclassified
TXN109636,PSG101319,Ruwan Wijesekara,2024-12-10,Kandy - Badulla (Upcountry local),Senior Citizen Concession,90,0,,19.8,Low,No strong rule triggered — flagged by model anomaly score only,Unclassified
TXN109635,PSG100170,Chathurika Gunawardena,2024-12-10,Colombo Fort - Badulla,Full Fare,420,0,,10.2,Low,No strong rule triggered — flagged by model anomaly score only,Unclassified
TXN109640,PSG103121,Roshan Wickramasinghe,2024-12-10,Colombo Fort - Ratnapura Line,Full Fare,180,0,,19.8,Low,No strong rule triggered — flagged by model anomaly score only,Unclassified
TXN109643,PSG101159,Sanduni Kumara,2024-12-10,Colombo Fort - Matara,Full Fare,180,0,,6.6,Low,No strong rule triggered — flagged by model anomaly score only,Unclassified
TXN109641,PSG102311,Piyumi Fernando,2024-12-10,Colombo Fort - Jaffna,Full Fare,420,0,,28.9,Low,No strong rule triggered — flagged by model anomaly score only,Unclassified
TXN109648,PSG102269,Sanduni Wijesekara,2024-12-11,Colombo Fort - Ratnapura Line,Student Concession,168,0,,53.5,Medium,No strong rule triggered — flagged by model anomaly score only,Unclassified
TXN109646,PSG101676,Saman Herath,2024-12-11,Colombo Fort - Galle,Full Fare,950,0,,19.5,Low,No strong rule triggered — flagged by model anomaly score only,Unclassified
TXN109645,PSG101608,Nimal Rathnayake,2024-12-11,Colombo Fort - Galle,Season Ticket,210,0,,33.6,Low,No strong rule triggered — flagged by model anomaly score only,Unclassified
TXN109647,PSG101708,Dilani Wijesekara,2024-12-11,Colombo Fort - Matara,Season Ticket,210,0,,17.0,Low,No strong rule triggered — flagged by model anomaly score only,Unclassified
TXN109650,PSG101562,Ravindu Wijesekara,2024-12-12,Colombo Fort - Jaffna,Full Fare,180,0,,10.2,Low,No strong rule triggered — flagged by model anomaly score only,Unclassified
TXN109649,PSG102966,Kasun Wickramasinghe,2024-12-12,Colombo Fort - Kandy,Season Ticket,90,0,,18.9,Low,No strong rule triggered — flagged by model anomaly score only,Unclassified
TXN109657,PSG102642,Chaminda Senanayake,2024-12-13,Colombo Fort - Kurunegala,Student Concession,285,1,Abnormal Concession Usage,100.0,High,Fare paid does not match official concession rate; Passenger has multiple prior fraud incidents,Abnormal Concession Usage
TXN109655,PSG101663,Ruwan Bandara,2024-12-13,Colombo Fort - Kandy,Full Fare,420,0,,17.6,Low,No strong rule triggered — flagged by model anomaly score only,Unclassified
TXN109653,PSG101407,Chamara Fernando,2024-12-13,Colombo Fort - Badulla,Student Concession,72,0,,15.2,Low,No strong rule triggered — flagged by model anomaly score only,Unclassified
TXN109656,PSG100540,Roshan Rajapaksha,2024-12-13,Maradana - Puttalam,Full Fare,420,0,,18.5,Low,No strong rule triggered — flagged by model anomaly score only,Unclassified
TXN109651,PSG100203,Ravindu Silva,2024-12-13,Kandy - Badulla (Upcountry local),Student Concession,168,0,,17.1,Low,No strong rule triggered — flagged by model anomaly score only,Unclassified
TXN109652,PSG101331,Ruwan Weerasinghe,2024-12-13,Colombo Fort - Vavuniya,Full Fare,180,1,Ticket Reuse,91.4,High,Ticket scanned multiple times (possible reuse); Passenger has multiple prior fraud incidents,Ticket Reuse
TXN109654,PSG101842,Chaminda Jayawardena,2024-12-13,Colombo Fort - Ratnapura Line,Full Fare,950,0,,26.9,Low,No strong rule triggered — flagged by model anomaly score only,Unclassified
TXN109658,PSG101351,Priyantha de Zoysa,2024-12-14,Colombo Fort - Kandy,Full Fare,180,0,,21.3,Low,No strong rule triggered — flagged by model anomaly score only,Unclassified
TXN109667,PSG100108,Sunil Fernando,2024-12-14,Colombo Fort - Kurunegala,Student Concession,72,0,,17.3,Low,No strong rule triggered — flagged by model anomaly score only,Unclassified
TXN109662,PSG100664,Anushka Wickramasinghe,2024-12-14,Colombo Fort - Trincomalee,Season Ticket,90,0,,33.6,Low,No strong rule triggered — flagged by model anomaly score only,Unclassified
TXN109666,PSG100307,Anushka Amarasinghe,2024-12-14,Colombo Fort - Batticaloa,Full Fare,180,0,,36.4,Low,No strong rule triggered — flagged by model anomaly score only,Unclassified
TXN109660,PSG100771,Sunil Senanayake,2024-12-14,Colombo Fort - Vavuniya,Full Fare,180,0,,10.4,Low,No strong rule triggered — flagged by model anomaly score only,Unclassified
TXN109659,PSG100504,Sachini Karunaratne,2024-12-14,Colombo Fort - Vavuniya,Student Concession,72,0,,49.0,Medium,No strong rule triggered — flagged by model anomaly score only,Unclassified
TXN109665,PSG101658,Dilani Dissanayake,2024-12-14,Maradana - Puttalam,Student Concession,72,0,,20.7,Low,No strong rule triggered — flagged by model anomaly score only,Unclassified
TXN109664,PSG102836,Gayan Amarasinghe,2024-12-14,Colombo Fort - Vavuniya,Full Fare,180,1,Ticket Reuse,65.0,Medium,Ticket scanned multiple times (possible reuse),Ticket Reuse
TXN109668,PSG101381,Kasun Perera,2024-12-14,Colombo Fort - Trincomalee,Season Ticket,90,0,,40.6,Medium,No strong rule triggered — flagged by model anomaly score only,Unclassified
TXN109663,PSG103095,Roshan Perera,2024-12-14,Colombo Fort - Kurunegala,Full Fare,180,0,,16.5,Low,No strong rule triggered — flagged by model anomaly score only,Unclassified
TXN109661,PSG101831,Chaminda Rajapaksha,2024-12-14,Colombo Fort - Matara,Senior Citizen Concession,475,0,,42.4,Medium,No strong rule triggered — flagged by model anomaly score only,Unclassified
TXN109673,PSG100778,Yasas Kumara,2024-12-15,Kandy - Badulla (Upcountry local),Full Fare,420,0,,14.5,Low,No strong rule triggered — flagged by model anomaly score only,Unclassified
TXN109676,PSG100640,Sachini Herath,2024-12-15,Colombo Fort - Ratnapura Line,Student Concession,72,0,,20.6,Low,No strong rule triggered — flagged by model anomaly score only,Unclassified
TXN109670,PSG101450,Nadeesha de Zoysa,2024-12-15,Colombo Fort - Ratnapura Line,Student Concession,168,0,,47.2,Medium,Passenger has multiple prior fraud incidents,Unclassified
TXN109675,PSG101324,Gayan Wickramasinghe,2024-12-15,Maradana - Puttalam,Season Ticket,90,0,,21.3,Low,No strong rule triggered — flagged by model anomaly score only,Unclassified
TXN109671,PSG102540,Lasith Karunaratne,2024-12-15,Colombo Fort - Kandy,Full Fare,180,0,,15.1,Low,No strong rule triggered — flagged by model anomaly score only,Unclassified
TXN109674,PSG101676,Saman Herath,2024-12-15,Colombo Fort - Kurunegala,Senior Citizen Concession,210,0,,25.4,Low,No strong rule triggered — flagged by model anomaly score only,Unclassified
TXN109669,PSG101039,Ashan Silva,2024-12-15,Colombo Fort - Badulla,Full Fare,180,0,,46.8,Medium,Passenger has multiple prior fraud incidents,Unclassified
TXN109672,PSG101882,Nuwan Rathnayake,2024-12-15,Kandy - Badulla (Upcountry local),Full Fare,180,0,,18.3,Low,No strong rule triggered — flagged by model anomaly score only,Unclassified
TXN109678,PSG101298,Nadeesha Herath,2024-12-16,Colombo Fort - Galle,Full Fare,180,0,,24.4,Low,No strong rule triggered — flagged by model anomaly score only,Unclassified
TXN109682,PSG102476,Malsha Silva,2024-12-16,Colombo Fort - Vavuniya,Full Fare,180,0,,5.7,Low,No strong rule triggered — flagged by model anomaly score only,Unclassified
TXN109681,PSG101493,Sachini Kumara,2024-12-16,Colombo Fort - Ratnapura Line,Season Ticket,90,0,,31.3,Low,No strong rule triggered — flagged by model anomaly score only,Unclassified
TXN109684,PSG100440,Sunil Wijesekara,2024-12-16,Colombo Fort - Anuradhapura,Season Ticket,210,0,,26.6,Low,No strong rule triggered — flagged by model anomaly score only,Unclassified
TXN109680,PSG102717,Nadeesha Rajapaksha,2024-12-16,Colombo Fort - Matara,Full Fare,180,1,Suspicious Resale,66.2,High,Online booking with no assigned seat (possible resale),Suspicious Resale
TXN109677,PSG102631,Sithumini Weerasinghe,2024-12-16,Colombo Fort - Kandy,Government Employee Concession,108,0,,18.4,Low,No strong rule triggered — flagged by model anomaly score only,Unclassified
TXN109683,PSG102222,Sachini Rathnayake,2024-12-16,Maradana - Puttalam,Full Fare,180,0,,26.4,Low,No strong rule triggered — flagged by model anomaly score only,Unclassified
TXN109679,PSG101275,Chathurika Wickramasinghe,2024-12-16,Colombo Fort - Kandy,Full Fare,180,0,,25.1,Low,No strong rule triggered — flagged by model anomaly score only,Unclassified
TXN109686,PSG102240,Ishara Gunawardena,2024-12-17,Colombo Fort - Negombo (Coastal Line local),Full Fare,180,0,,23.8,Low,No strong rule triggered — flagged by model anomaly score only,Unclassified
TXN109685,PSG102718,Nuwan Perera,2024-12-17,Colombo Fort - Kurunegala,Full Fare,180,0,,6.1,Low,No strong rule triggered — flagged by model anomaly score only,Unclassified
TXN109687,PSG103175,Kasun Perera,2024-12-17,Colombo Fort - Kandy,Season Ticket,90,0,,18.5,Low,No strong rule triggered — flagged by model anomaly score only,Unclassified
TXN109688,PSG100173,Chaminda Abeywardena,2024-12-17,Colombo Fort - Badulla,Season Ticket,210,0,,18.4,Low,No strong rule triggered — flagged by model anomaly score only,Unclassified
TXN109689,PSG101830,Kavindi Weerasinghe,2024-12-17,Colombo Fort - Galle,Full Fare,180,0,,22.8,Low,No strong rule triggered — flagged by model anomaly score only,Unclassified
TXN109695,PSG100381,Gayan Abeywardena,2024-12-18,Colombo Fort - Kandy,Full Fare,180,0,,17.5,Low,No strong rule triggered — flagged by model anomaly score only,Unclassified
TXN109690,PSG101786,Anushka Wickramasinghe,2024-12-18,Colombo Fort - Ratnapura Line,Season Ticket,90,0,,66.9,High,Passenger has multiple prior fraud incidents,Unclassified
TXN109696,PSG102708,Kasun Jayawardena,2024-12-18,Colombo Fort - Matara,Student Concession,72,0,,14.0,Low,No strong rule triggered — flagged by model anomaly score only,Unclassified
TXN109694,PSG102261,Kavindi Rajapaksha,2024-12-18,Colombo Fort - Anuradhapura,Full Fare,180,0,,11.8,Low,No strong rule triggered — flagged by model anomaly score only,Unclassified
TXN109691,PSG100011,Chamara Abeywardena,2024-12-18,Colombo Fort - Anuradhapura,Season Ticket,90,0,,14.9,Low,No strong rule triggered — flagged by model anomaly score only,Unclassified
TXN109692,PSG102456,Nimal Amarasinghe,2024-12-18,Colombo Fort - Ratnapura Line,Senior Citizen Concession,90,0,,23.5,Low,No strong rule triggered — flagged by model anomaly score only,Unclassified
TXN109697,PSG101579,Anushka Wijesekara,2024-12-18,Colombo Fort - Matara,Full Fare,420,0,,37.4,Low,Passenger has multiple prior fraud incidents,Unclassified
TXN109693,PSG101742,Nuwan Perera,2024-12-18,Colombo Fort - Galle,Season Ticket,90,0,,12.4,Low,No strong rule triggered — flagged by model anomaly score only,Unclassified
TXN109702,PSG101227,Piyumi Weerasinghe,2024-12-19,Colombo Fort - Badulla,Senior Citizen Concession,90,0,,19.5,Low,No strong rule triggered — flagged by model anomaly score only,Unclassified
TXN109701,PSG101318,Kasun Herath,2024-12-19,Colombo Fort - Ratnapura Line,Full Fare,420,0,,42.3,Medium,No strong rule triggered — flagged by model anomaly score only,Unclassified
TXN109698,PSG101812,Piyumi Herath,2024-12-19,Colombo Fort - Ratnapura Line,Senior Citizen Concession,210,0,,23.0,Low,No strong rule triggered — flagged by model anomaly score only,Unclassified
TXN109700,PSG100718,Nuwan Ekanayake,2024-12-19,Colombo Fort - Kandy,Full Fare,420,0,,14.4,Low,No strong rule triggered — flagged by model anomaly score only,Unclassified
TXN109703,PSG101707,Sithumini Rathnayake,2024-12-19,Colombo Fort - Kurunegala,Full Fare,180,0,,9.0,Low,No strong rule triggered — flagged by model anomaly score only,Unclassified
TXN109699,PSG101756,Saman Silva,2024-12-19,Kandy - Badulla (Upcountry local),Student Concession,380,0,,34.3,Low,No strong rule triggered — flagged by model anomaly score only,Unclassified
TXN109704,PSG103182,Piyumi Weerasinghe,2024-12-19,Colombo Fort - Anuradhapura,Season Ticket,90,0,,29.1,Low,No strong rule triggered — flagged by model anomaly score only,Unclassified
TXN109715,PSG100610,Chathurika Senanayake,2024-12-20,Colombo Fort - Anuradhapura,Season Ticket,90,0,,49.9,Medium,No strong rule triggered — flagged by model anomaly score only,Unclassified
TXN109714,PSG102551,Ashan Weerasinghe,2024-12-20,Colombo Fort - Vavuniya,Senior Citizen Concession,210,0,,37.4,Low,Passenger has multiple prior fraud incidents,Unclassified
TXN109712,PSG103081,Priyantha Silva,2024-12-20,Colombo Fort - Anuradhapura,Full Fare,950,0,,22.9,Low,No strong rule triggered — flagged by model anomaly score only,Unclassified
TXN109711,PSG100971,Yasas Perera,2024-12-20,Kandy - Badulla (Upcountry local),Full Fare,420,0,,10.3,Low,No strong rule triggered — flagged by model anomaly score only,Unclassified
TXN109716,PSG101261,Priyantha Rathnayake,2024-12-20,Maradana - Puttalam,Student Concession,168,0,,32.3,Low,Passenger has multiple prior fraud incidents,Unclassified
TXN109709,PSG100010,Nadeesha Dissanayake,2024-12-20,Kandy - Badulla (Upcountry local),Student Concession,168,0,,38.5,Low,No strong rule triggered — flagged by model anomaly score only,Unclassified
TXN109718,PSG101608,Nimal Rathnayake,2024-12-20,Colombo Fort - Anuradhapura,Full Fare,180,1,Ticket Reuse,63.8,Medium,Ticket scanned multiple times (possible reuse),Ticket Reuse
TXN109707,PSG100538,Hansika Jayawardena,2024-12-20,Colombo Fort - Vavuniya,Disability Concession,54,0,,22.0,Low,No strong rule triggered — flagged by model anomaly score only,Unclassified
TXN109719,PSG101715,Ashan Kumara,2024-12-20,Colombo Fort - Matara,Full Fare,180,0,,15.0,Low,No strong rule triggered — flagged by model anomaly score only,Unclassified
TXN109705,PSG102700,Sanduni Ekanayake,2024-12-20,Colombo Fort - Kandy,Full Fare,420,0,,43.9,Medium,Passenger has multiple prior fraud incidents,Unclassified
TXN109708,PSG102387,Dinesh Perera,2024-12-20,Colombo Fort - Galle,Full Fare,180,0,,8.1,Low,No strong rule triggered — flagged by model anomaly score only,Unclassified
TXN109713,PSG101684,Nuwan Silva,2024-12-20,Colombo Fort - Batticaloa,Full Fare,420,0,,19.9,Low,No strong rule triggered — flagged by model anomaly score only,Unclassified
TXN109717,PSG102700,Sanduni Ekanayake,2024-12-20,Colombo Fort - Kurunegala,Full Fare,180,0,,43.9,Medium,Passenger has multiple prior fraud incidents,Unclassified
TXN109710,PSG101460,Lasith Kumara,2024-12-20,Colombo Fort - Anuradhapura,Full Fare,180,0,,22.2,Low,No strong rule triggered — flagged by model anomaly score only,Unclassified
TXN109706,PSG102254,Ashan Rajapaksha,2024-12-20,Colombo Fort - Kandy,Full Fare,180,1,Ticket Reuse,71.9,High,Ticket scanned multiple times (possible reuse),Ticket Reuse
TXN109728,PSG102222,Sachini Rathnayake,2024-12-21,Colombo Fort - Anuradhapura,Full Fare,180,0,,43.9,Medium,No strong rule triggered — flagged by model anomaly score only,Unclassified
TXN109723,PSG100336,Chathurika Fernando,2024-12-21,Colombo Fort - Kurunegala,Season Ticket,90,0,,23.8,Low,No strong rule triggered — flagged by model anomaly score only,Unclassified
TXN109724,PSG102126,Chaminda Wickramasinghe,2024-12-21,Colombo Fort - Badulla,Full Fare,180,0,,14.9,Low,No strong rule triggered — flagged by model anomaly score only,Unclassified
TXN109721,PSG101395,Gayan Jayawardena,2024-12-21,Maradana - Puttalam,Student Concession,54,1,Abnormal Concession Usage,87.4,High,Fare paid does not match official concession rate,Abnormal Concession Usage
TXN109729,PSG102261,Kavindi Rajapaksha,2024-12-21,Colombo Fort - Galle,Season Ticket,210,0,,21.0,Low,No strong rule triggered — flagged by model anomaly score only,Unclassified
TXN109727,PSG100805,Malsha Silva,2024-12-21,Maradana - Puttalam,Government Employee Concession,108,1,Suspicious Resale,91.3,High,Online booking with no assigned seat (possible resale); Passenger has multiple prior fraud incidents,Suspicious Resale
TXN109720,PSG101132,Saman Fernando,2024-12-21,Colombo Fort - Kurunegala,Senior Citizen Concession,90,0,,17.6,Low,No strong rule triggered — flagged by model anomaly score only,Unclassified
TXN109725,PSG100077,Ravindu Ekanayake,2024-12-21,Colombo Fort - Anuradhapura,Student Concession,72,0,,25.7,Low,No strong rule triggered — flagged by model anomaly score only,Unclassified
TXN109722,PSG102121,Piyumi Perera,2024-12-21,Colombo Fort - Batticaloa,Senior Citizen Concession,90,0,,23.2,Low,No strong rule triggered — flagged by model anomaly score only,Unclassified
TXN109726,PSG100046,Sanduni Dissanayake,2024-12-21,Colombo Fort - Badulla,Government Employee Concession,570,0,,50.8,Medium,No strong rule triggered — flagged by model anomaly score only,Unclassified
TXN109731,PSG101927,Ishara Herath,2024-12-22,Colombo Fort - Kandy,Student Concession,72,0,,44.8,Medium,No strong rule triggered — flagged by model anomaly score only,Unclassified
TXN109732,PSG100443,Kamal Jayawardena,2024-12-22,Colombo Fort - Kurunegala,Full Fare,420,0,,14.1,Low,No strong rule triggered — flagged by model anomaly score only,Unclassified
TXN109730,PSG102412,Ishara Rathnayake,2024-12-22,Colombo Fort - Vavuniya,Student Concession,168,1,Ticket Reuse,61.4,Medium,Ticket scanned multiple times (possible reuse),Ticket Reuse
TXN109733,PSG100587,Nimal Wickramasinghe,2024-12-22,Colombo Fort - Kurunegala,Season Ticket,90,0,,15.5,Low,No strong rule triggered — flagged by model anomaly score only,Unclassified
TXN109739,PSG102446,Kamal Perera,2024-12-23,Maradana - Puttalam,Full Fare,180,0,,13.3,Low,No strong rule triggered — flagged by model anomaly score only,Unclassified
TXN109737,PSG102999,Sachini Fernando,2024-12-23,Colombo Fort - Ratnapura Line,Full Fare,420,1,Ticket Reuse,64.8,Medium,Ticket scanned multiple times (possible reuse),Ticket Reuse
TXN109740,PSG100356,Hansika Kumara,2024-12-23,Colombo Fort - Trincomalee,Full Fare,180,1,Suspicious Resale,62.2,Medium,Online booking with no assigned seat (possible resale),Suspicious Resale
TXN109736,PSG100021,Hansika Dissanayake,2024-12-23,Maradana - Puttalam,Full Fare,180,0,,32.0,Low,Passenger has multiple prior fraud incidents,Unclassified
TXN109734,PSG101000,Yasas Fernando,2024-12-23,Colombo Fort - Vavuniya,Season Ticket,90,0,,18.6,Low,No strong rule triggered — flagged by model anomaly score only,Unclassified
TXN109735,PSG102815,Ishara Senanayake,2024-12-23,Colombo Fort - Trincomalee,Full Fare,420,0,,22.3,Low,No strong rule triggered — flagged by model anomaly score only,Unclassified
TXN109738,PSG101243,Ashan Fernando,2024-12-23,Colombo Fort - Ratnapura Line,Full Fare,180,0,,18.3,Low,No strong rule triggered — flagged by model anomaly score only,Unclassified
TXN109742,PSG102582,Kasun Fernando,2024-12-24,Colombo Fort - Vavuniya,Season Ticket,475,0,,27.0,Low,No strong rule triggered — flagged by model anomaly score only,Unclassified
TXN109743,PSG101927,Ishara Herath,2024-12-24,Colombo Fort - Badulla,Full Fare,180,0,,29.7,Low,No strong rule triggered — flagged by model anomaly score only,Unclassified
TXN109748,PSG100307,Anushka Amarasinghe,2024-12-24,Colombo Fort - Matara,Full Fare,180,0,,32.1,Low,No strong rule triggered — flagged by model anomaly score only,Unclassified
TXN109744,PSG100268,Ravindu Silva,2024-12-24,Colombo Fort - Kandy,Government Employee Concession,108,0,,28.1,Low,No strong rule triggered — flagged by model anomaly score only,Unclassified
TXN109747,PSG100427,Dinesh de Zoysa,2024-12-24,Colombo Fort - Jaffna,Senior Citizen Concession,90,0,,23.5,Low,No strong rule triggered — flagged by model anomaly score only,Unclassified
TXN109741,PSG103040,Yasas Dissanayake,2024-12-24,Colombo Fort - Galle,Season Ticket,90,0,,18.6,Low,No strong rule triggered — flagged by model anomaly score only,Unclassified
TXN109746,PSG102289,Dinesh Gunawardena,2024-12-24,Colombo Fort - Anuradhapura,Season Ticket,90,0,,15.6,Low,No strong rule triggered — flagged by model anomaly score only,Unclassified
TXN109745,PSG102374,Sanduni Dissanayake,2024-12-24,Colombo Fort - Negombo (Coastal Line local),Season Ticket,90,0,,20.7,Low,No strong rule triggered — flagged by model anomaly score only,Unclassified
TXN109749,PSG102457,Malsha Silva,2024-12-24,Colombo Fort - Vavuniya,Senior Citizen Concession,90,0,,27.1,Low,No strong rule triggered — flagged by model anomaly score only,Unclassified
TXN109752,PSG103022,Sithumini Weerasinghe,2024-12-25,Colombo Fort - Kandy,Full Fare,180,0,,21.6,Low,No strong rule triggered — flagged by model anomaly score only,Unclassified
TXN109757,PSG100118,Chathurika Rathnayake,2024-12-25,Colombo Fort - Anuradhapura,Full Fare,420,0,,47.2,Medium,Passenger has multiple prior fraud incidents,Unclassified
TXN109751,PSG102059,Priyantha Fernando,2024-12-25,Colombo Fort - Anuradhapura,Full Fare,180,0,,8.7,Low,No strong rule triggered — flagged by model anomaly score only,Unclassified
TXN109758,PSG102619,Roshan Abeywardena,2024-12-25,Colombo Fort - Negombo (Coastal Line local),Full Fare,180,0,,6.9,Low,No strong rule triggered — flagged by model anomaly score only,Unclassified
TXN109755,PSG103008,Lasith Fernando,2024-12-25,Maradana - Puttalam,Full Fare,180,0,,23.0,Low,No strong rule triggered — flagged by model anomaly score only,Unclassified
TXN109753,PSG101060,Malsha Rajapaksha,2024-12-25,Colombo Fort - Matara,Full Fare,180,0,,35.2,Low,Passenger has multiple prior fraud incidents,Unclassified
TXN109754,PSG102151,Ruwan Perera,2024-12-25,Colombo Fort - Galle,Full Fare,180,0,,8.5,Low,No strong rule triggered — flagged by model anomaly score only,Unclassified
TXN109756,PSG102538,Lasith Perera,2024-12-25,Colombo Fort - Batticaloa,Full Fare,180,0,,38.4,Low,Passenger has multiple prior fraud incidents,Unclassified
TXN109750,PSG100291,Saman Fernando,2024-12-25,Colombo Fort - Galle,Full Fare,420,0,,24.3,Low,No strong rule triggered — flagged by model anomaly score only,Unclassified
TXN109763,PSG100841,Kamal Kumara,2024-12-26,Colombo Fort - Ratnapura Line,Student Concession,72,0,,39.1,Low,No strong rule triggered — flagged by model anomaly score only,Unclassified
TXN109760,PSG101957,Malsha Fernando,2024-12-26,Colombo Fort - Kandy,Full Fare,180,0,,28.7,Low,No strong rule triggered — flagged by model anomaly score only,Unclassified
TXN109761,PSG100012,Malsha Amarasinghe,2024-12-26,Colombo Fort - Trincomalee,Full Fare,180,0,,12.8,Low,No strong rule triggered — flagged by model anomaly score only,Unclassified
TXN109759,PSG102532,Nadeesha Ekanayake,2024-12-26,Colombo Fort - Matara,Senior Citizen Concession,210,0,,40.0,Medium,No strong rule triggered — flagged by model anomaly score only,Unclassified
TXN109762,PSG100010,Nadeesha Dissanayake,2024-12-26,Colombo Fort - Matara,Student Concession,72,0,,31.7,Low,No strong rule triggered — flagged by model anomaly score only,Unclassified
TXN109764,PSG102731,Hansika Gunawardena,2024-12-26,Colombo Fort - Anuradhapura,Full Fare,420,0,,19.3,Low,No strong rule triggered — flagged by model anomaly score only,Unclassified
TXN109765,PSG101003,Ravindu Jayawardena,2024-12-26,Maradana - Puttalam,Full Fare,180,0,,23.3,Low,No strong rule triggered — flagged by model anomaly score only,Unclassified
TXN109775,PSG100516,Hansika Wickramasinghe,2024-12-27,Kandy - Badulla (Upcountry local),Full Fare,420,1,Ticket Reuse,73.8,High,Ticket scanned multiple times (possible reuse),Ticket Reuse
TXN109771,PSG103168,Kavindi Fernando,2024-12-27,Colombo Fort - Badulla,Season Ticket,210,0,,28.8,Low,No strong rule triggered — flagged by model anomaly score only,Unclassified
TXN109768,PSG102288,Sunil Jayawardena,2024-12-27,Colombo Fort - Negombo (Coastal Line local),Student Concession,72,0,,16.0,Low,No strong rule triggered — flagged by model anomaly score only,Unclassified
TXN109766,PSG101942,Ruwan Rathnayake,2024-12-27,Maradana - Puttalam,Full Fare,180,0,,22.0,Low,No strong rule triggered — flagged by model anomaly score only,Unclassified
TXN109769,PSG100455,Malsha Jayawardena,2024-12-27,Colombo Fort - Galle,Senior Citizen Concession,90,0,,16.9,Low,No strong rule triggered — flagged by model anomaly score only,Unclassified
TXN109767,PSG100750,Nadeesha Gunawardena,2024-12-27,Colombo Fort - Anuradhapura,Student Concession,72,1,Ticket Reuse,60.7,Medium,Ticket scanned multiple times (possible reuse),Ticket Reuse
TXN109774,PSG100722,Ruwan Perera,2024-12-27,Colombo Fort - Kandy,Full Fare,180,0,,10.0,Low,No strong rule triggered — flagged by model anomaly score only,Unclassified
TXN109770,PSG102228,Sithumini Perera,2024-12-27,Colombo Fort - Matara,Full Fare,180,0,,11.5,Low,No strong rule triggered — flagged by model anomaly score only,Unclassified
TXN109773,PSG101793,Ravindu Ekanayake,2024-12-27,Colombo Fort - Jaffna,Government Employee Concession,252,0,,34.9,Low,No strong rule triggered — flagged by model anomaly score only,Unclassified
TXN109772,PSG101757,Ashan Rajapaksha,2024-12-27,Colombo Fort - Jaffna,Full Fare,180,1,Suspicious Resale,62.6,Medium,Online booking with no assigned seat (possible resale),Suspicious Resale
TXN109780,PSG102894,Kavindi Rajapaksha,2024-12-28,Colombo Fort - Ratnapura Line,Season Ticket,90,0,,26.1,Low,No strong rule triggered — flagged by model anomaly score only,Unclassified
TXN109782,PSG101552,Hansika Wickramasinghe,2024-12-28,Colombo Fort - Negombo (Coastal Line local),Full Fare,180,0,,11.5,Low,No strong rule triggered — flagged by model anomaly score only,Unclassified
TXN109779,PSG102767,Sunil Ekanayake,2024-12-28,Maradana - Puttalam,Full Fare,180,0,,13.3,Low,No strong rule triggered — flagged by model anomaly score only,Unclassified
TXN109777,PSG101760,Piyumi Wickramasinghe,2024-12-28,Colombo Fort - Trincomalee,Full Fare,180,0,,17.2,Low,No strong rule triggered — flagged by model anomaly score only,Unclassified
TXN109781,PSG102796,Nadeesha Amarasinghe,2024-12-28,Colombo Fort - Badulla,Season Ticket,90,0,,16.9,Low,No strong rule triggered — flagged by model anomaly score only,Unclassified
TXN109778,PSG101828,Nadeesha Abeywardena,2024-12-28,Colombo Fort - Badulla,Senior Citizen Concession,90,0,,19.8,Low,No strong rule triggered — flagged by model anomaly score only,Unclassified
TXN109776,PSG101626,Ruwan Dissanayake,2024-12-28,Colombo Fort - Kandy,Season Ticket,90,0,,32.4,Low,No strong rule triggered — flagged by model anomaly score only,Unclassified
TXN109785,PSG101509,Sithumini Herath,2024-12-29,Colombo Fort - Kurunegala,Senior Citizen Concession,90,0,,31.0,Low,No strong rule triggered — flagged by model anomaly score only,Unclassified
TXN109784,PSG100746,Nimal Wickramasinghe,2024-12-29,Colombo Fort - Jaffna,Full Fare,420,0,,19.3,Low,No strong rule triggered — flagged by model anomaly score only,Unclassified
TXN109783,PSG102348,Sunil Fernando,2024-12-29,Kandy - Badulla (Upcountry local),Full Fare,180,0,,33.5,Low,Passenger has multiple prior fraud incidents,Unclassified
TXN109788,PSG102118,Gayan Silva,2024-12-30,Colombo Fort - Negombo (Coastal Line local),Full Fare,180,0,,10.1,Low,No strong rule triggered — flagged by model anomaly score only,Unclassified
TXN109793,PSG101591,Sachini Fernando,2024-12-30,Colombo Fort - Kurunegala,Student Concession,168,0,,17.2,Low,No strong rule triggered — flagged by model anomaly score only,Unclassified
TXN109791,PSG100268,Ravindu Silva,2024-12-30,Kandy - Badulla (Upcountry local),Full Fare,180,0,,19.0,Low,No strong rule triggered — flagged by model anomaly score only,Unclassified
TXN109787,PSG100209,Dinesh Karunaratne,2024-12-30,Colombo Fort - Kurunegala,Full Fare,180,0,,7.5,Low,No strong rule triggered — flagged by model anomaly score only,Unclassified
TXN109790,PSG102587,Priyantha Jayawardena,2024-12-30,Colombo Fort - Matara,Full Fare,180,0,,7.4,Low,No strong rule triggered — flagged by model anomaly score only,Unclassified
TXN109794,PSG101473,Sithumini Weerasinghe,2024-12-30,Colombo Fort - Badulla,Full Fare,420,0,,10.0,Low,No strong rule triggered — flagged by model anomaly score only,Unclassified
TXN109792,PSG100790,Dinesh Bandara,2024-12-30,Colombo Fort - Ratnapura Line,Season Ticket,210,0,,20.7,Low,No strong rule triggered — flagged by model anomaly score only,Unclassified
TXN109789,PSG100825,Chamara Perera,2024-12-30,Colombo Fort - Trincomalee,Student Concession,168,0,,48.8,Medium,No strong rule triggered — flagged by model anomaly score only,Unclassified
TXN109786,PSG102245,Chamara Jayawardena,2024-12-30,Kandy - Badulla (Upcountry local),Senior Citizen Concession,90,0,,56.4,Medium,Passenger has multiple prior fraud incidents,Unclassified
TXN109795,PSG101004,Malsha Amarasinghe,2024-12-31,Colombo Fort - Ratnapura Line,Full Fare,180,0,,13.4,Low,No strong rule triggered — flagged by model anomaly score only,Unclassified
TXN109797,PSG102245,Chamara Jayawardena,2024-12-31,Colombo Fort - Negombo (Coastal Line local),Season Ticket,90,0,,35.3,Low,Passenger has multiple prior fraud incidents,Unclassified
TXN109800,PSG101426,Saman Fernando,2024-12-31,Colombo Fort - Anuradhapura,Full Fare,420,0,,12.9,Low,No strong rule triggered — flagged by model anomaly score only,Unclassified
TXN109798,PSG100458,Kavindi Kumara,2024-12-31,Kandy - Badulla (Upcountry local),Full Fare,180,0,,6.6,Low,No strong rule triggered — flagged by model anomaly score only,Unclassified
TXN109796,PSG102740,Chaminda Fernando,2024-12-31,Colombo Fort - Badulla,Government Employee Concession,252,0,,19.9,Low,No strong rule triggered — flagged by model anomaly score only,Unclassified
TXN109799,PSG100610,Chathurika Senanayake,2024-12-31,Maradana - Puttalam,Senior Citizen Concession,210,0,,57.8,Medium,No strong rule triggered — flagged by model anomaly score only,Unclassified
