trainId,routeId,eventTime,speedKmh,observedDelayMin,latitude,longitude,source
NC-220,COLOMBO-JAFFNA,2026-05-06T10:11:23.080Z,77.71,15.43,6.9301277716327725,79.89546888574851,API_SIMULATION
IC-101,COLOMBO-KANDY,2026-05-06T10:11:23.080Z,23.15,0.57,6.900805892534335,79.90033803630155,API_SIMULATION
NC-220,COLOMBO-JAFFNA,2026-05-06T10:11:23.080Z,28.45,9.81,6.9321894904591295,79.80652364154447,API_SIMULATION
IC-101,COLOMBO-KANDY,2026-05-06T10:11:23.080Z,23.83,13.84,6.9120042449903565,79.89858824779932,API_SIMULATION
NC-220,COLOMBO-JAFFNA,2026-05-06T10:11:23.080Z,60.5,21.12,6.92058315040524,79.89252358415297,API_SIMULATION
IC-101,COLOMBO-KANDY,2026-05-06T10:11:23.080Z,70.15,6.49,6.912620380319734,79.80840578259617,API_SIMULATION
NC-220,COLOMBO-JAFFNA,2026-05-06T10:11:23.080Z,60.86,2.23,6.933265330390305,79.82303054755316,API_SIMULATION
IC-101,COLOMBO-KANDY,2026-05-06T10:11:23.080Z,20.12,17.15,6.908710209079184,79.84385811084461,API_SIMULATION
NC-220,COLOMBO-JAFFNA,2026-05-06T10:11:23.081Z,42.99,9.68,6.87470862908827,79.8537303241359,API_SIMULATION
IC-101,COLOMBO-KANDY,2026-05-06T10:11:23.081Z,81.36,21.94,6.971902461837846,79.80449961395242,API_SIMULATION
NC-220,COLOMBO-JAFFNA,2026-05-06T10:11:23.081Z,45.4,7.83,6.8674246910259935,79.85414904564634,API_SIMULATION
IC-101,COLOMBO-KANDY,2026-05-06T10:11:23.081Z,42.53,22.04,6.924259395957223,79.91720450806268,API_SIMULATION
NC-220,COLOMBO-JAFFNA,2026-05-06T10:11:23.081Z,60.27,1.86,6.980899913956115,79.83673325195068,API_SIMULATION
IC-101,COLOMBO-KANDY,2026-05-06T10:11:23.081Z,58.27,3.96,6.909737126908809,79.86745141766063,API_SIMULATION
NC-220,COLOMBO-JAFFNA,2026-05-06T10:11:23.081Z,43.31,19.14,6.9152843437031,79.80647843384438,API_SIMULATION
IC-101,COLOMBO-KANDY,2026-05-06T10:11:23.081Z,77.46,7.36,6.939680677770907,79.87277230532152,API_SIMULATION
NC-220,COLOMBO-JAFFNA,2026-05-06T10:11:23.081Z,51.16,23.39,6.903177382810708,79.84185219378745,API_SIMULATION
IC-101,COLOMBO-KANDY,2026-05-06T10:11:23.081Z,71.87,5.7,6.882095422430271,79.8168917355572,API_SIMULATION
NC-220,COLOMBO-JAFFNA,2026-05-06T10:11:23.081Z,84.1,23.04,6.905787477881525,79.86307429788314,API_SIMULATION
IC-101,COLOMBO-KANDY,2026-05-06T10:11:23.081Z,77.02,3.41,6.906145237823192,79.8204158112139,API_SIMULATION
NC-220,COLOMBO-JAFFNA,2026-05-06T10:11:23.081Z,65.15,22.99,6.921662083918073,79.85303388546473,API_SIMULATION
IC-101,COLOMBO-KANDY,2026-05-06T10:11:23.081Z,47.18,7.59,6.958819562958388,79.8921554374277,API_SIMULATION
NC-220,COLOMBO-JAFFNA,2026-05-06T10:11:23.081Z,34.35,7.85,6.952134512980191,79.80480003944956,API_SIMULATION
IC-101,COLOMBO-KANDY,2026-05-06T10:11:23.081Z,25.75,1.3,6.9814554506579,79.9189494241679,API_SIMULATION
NC-220,COLOMBO-JAFFNA,2026-05-06T10:11:23.081Z,23.57,15.26,6.977358476799126,79.86052226081814,API_SIMULATION
IC-101,COLOMBO-KANDY,2026-05-06T10:11:23.081Z,61.27,2.53,6.973292050781491,79.90847962879725,API_SIMULATION
NC-220,COLOMBO-JAFFNA,2026-05-06T10:11:23.081Z,42.38,24.75,6.975316031381488,79.91745422041105,API_SIMULATION
IC-101,COLOMBO-KANDY,2026-05-06T10:11:23.081Z,63.92,1.99,6.96027722031782,79.9098506489927,API_SIMULATION
NC-220,COLOMBO-JAFFNA,2026-05-06T10:11:23.081Z,76.97,13.11,6.9863483100606345,79.86648378553451,API_SIMULATION
IC-101,COLOMBO-KANDY,2026-05-06T10:11:23.081Z,22.55,21.24,6.918233233624271,79.91476142661053,API_SIMULATION
NC-220,COLOMBO-JAFFNA,2026-05-06T10:11:25.109Z,64.21,22.58,6.924403768928448,79.80983460580732,API_SIMULATION
IC-101,COLOMBO-KANDY,2026-05-06T10:11:25.109Z,74.92,10.76,6.965992443774041,79.91293018252179,API_SIMULATION
NC-220,COLOMBO-JAFFNA,2026-05-06T10:11:25.109Z,72.3,20.95,6.910365176589133,79.91898000048346,API_SIMULATION
IC-101,COLOMBO-KANDY,2026-05-06T10:11:25.109Z,31.39,7.41,6.913570442567719,79.87819543576101,API_SIMULATION
NC-220,COLOMBO-JAFFNA,2026-05-06T10:11:25.109Z,44.55,16.97,6.925538180119123,79.82451816711288,API_SIMULATION
IC-101,COLOMBO-KANDY,2026-05-06T10:11:25.109Z,53.41,7.33,6.890464950689478,79.82416878828151,API_SIMULATION
NC-220,COLOMBO-JAFFNA,2026-05-06T10:11:25.109Z,48.74,22,6.958461483432428,79.8259344837983,API_SIMULATION
IC-101,COLOMBO-KANDY,2026-05-06T10:11:25.109Z,69.58,23.46,6.936579655888433,79.87866772976021,API_SIMULATION
NC-220,COLOMBO-JAFFNA,2026-05-06T10:11:25.109Z,20.39,18.39,6.873429081952751,79.80734036009513,API_SIMULATION
IC-101,COLOMBO-KANDY,2026-05-06T10:11:25.109Z,75.37,17.48,6.882988682069103,79.8716257685448,API_SIMULATION
NC-220,COLOMBO-JAFFNA,2026-05-06T10:11:25.109Z,49.92,20.21,6.892543464337039,79.8870865813815,API_SIMULATION
IC-101,COLOMBO-KANDY,2026-05-06T10:11:25.109Z,69.22,3.42,6.946053114390239,79.84953921441544,API_SIMULATION
NC-220,COLOMBO-JAFFNA,2026-05-06T10:11:25.109Z,36.65,4.69,6.980976037965114,79.81181931293018,API_SIMULATION
IC-101,COLOMBO-KANDY,2026-05-06T10:11:25.109Z,43.66,13.87,6.944458013845575,79.83009987457329,API_SIMULATION
NC-220,COLOMBO-JAFFNA,2026-05-06T10:11:25.109Z,25.98,15.64,6.945402316510656,79.85474786905313,API_SIMULATION
IC-101,COLOMBO-KANDY,2026-05-06T10:11:25.109Z,41.42,18.32,6.976672781068319,79.80703885104542,API_SIMULATION
NC-220,COLOMBO-JAFFNA,2026-05-06T10:11:25.109Z,48.62,0.31,6.930768106895762,79.84019544861783,API_SIMULATION
IC-101,COLOMBO-KANDY,2026-05-06T10:11:25.110Z,42.79,20.82,6.877923466926331,79.84455803436012,API_SIMULATION
NC-220,COLOMBO-JAFFNA,2026-05-06T10:11:25.110Z,72.4,12.33,6.95418341908895,79.86840617135951,API_SIMULATION
IC-101,COLOMBO-KANDY,2026-05-06T10:11:25.110Z,45.02,15.82,6.884717451227695,79.91109135782033,API_SIMULATION
NC-220,COLOMBO-JAFFNA,2026-05-06T10:11:25.110Z,25.79,21.22,6.931581246600485,79.86049770955526,API_SIMULATION
IC-101,COLOMBO-KANDY,2026-05-06T10:11:25.110Z,72.64,3.82,6.947489134339243,79.88144382743414,API_SIMULATION
NC-220,COLOMBO-JAFFNA,2026-05-06T10:11:25.110Z,42.67,22.55,6.879190525491919,79.88621773661404,API_SIMULATION
IC-101,COLOMBO-KANDY,2026-05-06T10:11:25.110Z,83.84,10.61,6.8731748109077495,79.89668526952272,API_SIMULATION
NC-220,COLOMBO-JAFFNA,2026-05-06T10:11:25.110Z,56.88,20.49,6.926541822096264,79.84028830052308,API_SIMULATION
IC-101,COLOMBO-KANDY,2026-05-06T10:11:25.110Z,72.86,20.41,6.888402534546938,79.8708779881424,API_SIMULATION
NC-220,COLOMBO-JAFFNA,2026-05-06T10:11:25.110Z,43.45,8.1,6.8862147093834984,79.86543329029763,API_SIMULATION
IC-101,COLOMBO-KANDY,2026-05-06T10:11:25.110Z,57.67,11.41,6.935723861560682,79.85714664170045,API_SIMULATION
NC-220,COLOMBO-JAFFNA,2026-05-06T10:11:25.110Z,39.28,10.67,6.886823276293793,79.80930036150112,API_SIMULATION
IC-101,COLOMBO-KANDY,2026-05-06T10:11:25.110Z,69.82,11.52,6.9052261738425695,79.82226865977493,API_SIMULATION
NC-220,COLOMBO-JAFFNA,2026-05-06T10:11:27.663Z,73.91,1.26,6.9350537991567975,79.84445132459523,API_SIMULATION
IC-101,COLOMBO-KANDY,2026-05-06T10:11:27.663Z,66.33,3.99,6.916322816993987,79.83038700253451,API_SIMULATION
NC-220,COLOMBO-JAFFNA,2026-05-06T10:11:27.663Z,47.02,20.85,6.877113204042941,79.86438490122433,API_SIMULATION
IC-101,COLOMBO-KANDY,2026-05-06T10:11:27.663Z,67.51,6.51,6.936199015855007,79.8470934424291,API_SIMULATION
NC-220,COLOMBO-JAFFNA,2026-05-06T10:11:27.663Z,56,21.52,6.908416792856195,79.81291487344895,API_SIMULATION
IC-101,COLOMBO-KANDY,2026-05-06T10:11:27.663Z,76.64,1.16,6.921182014512452,79.89316030738267,API_SIMULATION
NC-220,COLOMBO-JAFFNA,2026-05-06T10:11:27.663Z,72.71,12.76,6.930589869171719,79.87513627262707,API_SIMULATION
IC-101,COLOMBO-KANDY,2026-05-06T10:11:27.663Z,59.52,11.43,6.954415224490265,79.88414312283501,API_SIMULATION
NC-220,COLOMBO-JAFFNA,2026-05-06T10:11:27.663Z,43.79,9.07,6.895903391186434,79.89179425643465,API_SIMULATION
IC-101,COLOMBO-KANDY,2026-05-06T10:11:27.663Z,35.85,10.39,6.98253922182944,79.92080577013209,API_SIMULATION
NC-220,COLOMBO-JAFFNA,2026-05-06T10:11:27.663Z,82.49,1.09,6.867100843619497,79.80548400118803,API_SIMULATION
IC-101,COLOMBO-KANDY,2026-05-06T10:11:27.663Z,52.46,23.3,6.87983596932039,79.82466501063666,API_SIMULATION
NC-220,COLOMBO-JAFFNA,2026-05-06T10:11:27.663Z,76.31,14.84,6.896439827017207,79.85682474705479,API_SIMULATION
IC-101,COLOMBO-KANDY,2026-05-06T10:11:27.663Z,58.43,9.66,6.876569772994093,79.8166906173127,API_SIMULATION
NC-220,COLOMBO-JAFFNA,2026-05-06T10:11:27.663Z,72.55,22.88,6.9356489280594396,79.86136730460754,API_SIMULATION
IC-101,COLOMBO-KANDY,2026-05-06T10:11:27.663Z,43.51,4.19,6.9783644291924185,79.89108742907483,API_SIMULATION
NC-220,COLOMBO-JAFFNA,2026-05-06T10:11:27.663Z,26.96,8.18,6.898568374271287,79.8590954611529,API_SIMULATION
IC-101,COLOMBO-KANDY,2026-05-06T10:11:27.663Z,45.62,1.4,6.966064947695891,79.85937639810716,API_SIMULATION
NC-220,COLOMBO-JAFFNA,2026-05-06T10:11:27.663Z,41.66,4.17,6.967715107220875,79.85555654165876,API_SIMULATION
IC-101,COLOMBO-KANDY,2026-05-06T10:11:27.663Z,58.28,16.78,6.965091605509121,79.89982384075282,API_SIMULATION
NC-220,COLOMBO-JAFFNA,2026-05-06T10:11:27.663Z,55.04,1.83,6.943335935370789,79.89499059441953,API_SIMULATION
IC-101,COLOMBO-KANDY,2026-05-06T10:11:27.663Z,84.67,2,6.918257552522736,79.80320742936597,API_SIMULATION
NC-220,COLOMBO-JAFFNA,2026-05-06T10:11:27.664Z,71.27,19.3,6.938653797496394,79.86435426407941,API_SIMULATION
IC-101,COLOMBO-KANDY,2026-05-06T10:11:27.664Z,22.29,20.69,6.947141655150367,79.88214689032617,API_SIMULATION
NC-220,COLOMBO-JAFFNA,2026-05-06T10:11:27.664Z,43.27,23.43,6.936231766015639,79.8614119696621,API_SIMULATION
IC-101,COLOMBO-KANDY,2026-05-06T10:11:27.664Z,43.64,0.24,6.881018493794097,79.87635696030272,API_SIMULATION
NC-220,COLOMBO-JAFFNA,2026-05-06T10:11:27.664Z,45.81,21.75,6.903470134415006,79.8645633725806,API_SIMULATION
IC-101,COLOMBO-KANDY,2026-05-06T10:11:27.664Z,36.35,14.02,6.899951830757211,79.8502401068413,API_SIMULATION
NC-220,COLOMBO-JAFFNA,2026-05-06T10:11:27.664Z,28.68,0.35,6.942869856932055,79.87475622337234,API_SIMULATION
IC-101,COLOMBO-KANDY,2026-05-06T10:11:27.664Z,80.9,15.46,6.946063501094516,79.82472378274176,API_SIMULATION
NC-220,COLOMBO-JAFFNA,2026-05-06T10:11:44.507Z,37.97,6.81,6.938119270542667,79.90869621282894,API_SIMULATION
IC-101,COLOMBO-KANDY,2026-05-06T10:11:44.507Z,35.66,1.25,6.925593302797418,79.84083414329739,API_SIMULATION
NC-220,COLOMBO-JAFFNA,2026-05-06T10:11:44.507Z,79.04,5.03,6.9843469723972404,79.87203690237004,API_SIMULATION
IC-101,COLOMBO-KANDY,2026-05-06T10:11:44.507Z,57.53,14.21,6.939371743429476,79.91423151148176,API_SIMULATION
NC-220,COLOMBO-JAFFNA,2026-05-06T10:11:44.507Z,59.94,13.1,6.9041059361531545,79.89470692883245,API_SIMULATION
IC-101,COLOMBO-KANDY,2026-05-06T10:11:44.507Z,54.4,11.79,6.947984906987868,79.81628437215517,API_SIMULATION
NC-220,COLOMBO-JAFFNA,2026-05-06T10:11:44.507Z,83.02,21.8,6.94460068715328,79.81815167506782,API_SIMULATION
IC-101,COLOMBO-KANDY,2026-05-06T10:11:44.507Z,33.09,14.87,6.87465724697122,79.86740046984771,API_SIMULATION
NC-220,COLOMBO-JAFFNA,2026-05-06T10:11:44.507Z,22.55,19.47,6.873429487952037,79.85922626509249,API_SIMULATION
IC-101,COLOMBO-KANDY,2026-05-06T10:11:44.507Z,33.72,5.21,6.871019877689272,79.90496195056505,API_SIMULATION
NC-220,COLOMBO-JAFFNA,2026-05-06T10:11:44.507Z,20.62,10.06,6.969228421485752,79.80231878776486,API_SIMULATION
IC-101,COLOMBO-KANDY,2026-05-06T10:11:44.507Z,59.31,6.08,6.909910529103599,79.81015221494256,API_SIMULATION
NC-220,COLOMBO-JAFFNA,2026-05-06T10:11:44.507Z,58.86,12.79,6.905097543098199,79.8725760858504,API_SIMULATION
IC-101,COLOMBO-KANDY,2026-05-06T10:11:44.507Z,35.26,18.13,6.963044852369326,79.88493976690688,API_SIMULATION
NC-220,COLOMBO-JAFFNA,2026-05-06T10:11:44.507Z,30.52,19.19,6.913812498454383,79.86953336299894,API_SIMULATION
IC-101,COLOMBO-KANDY,2026-05-06T10:11:44.507Z,60.18,6.63,6.963666526985829,79.87698172686594,API_SIMULATION
NC-220,COLOMBO-JAFFNA,2026-05-06T10:11:44.507Z,23.9,0.52,6.9629456004938275,79.82913324999761,API_SIMULATION
IC-101,COLOMBO-KANDY,2026-05-06T10:11:44.507Z,45.55,2.71,6.971640094831284,79.81802413066062,API_SIMULATION
NC-220,COLOMBO-JAFFNA,2026-05-06T10:11:44.507Z,46.6,24.62,6.951603601089266,79.82388318592906,API_SIMULATION
IC-101,COLOMBO-KANDY,2026-05-06T10:11:44.507Z,52.28,4.93,6.967329325276542,79.80546152413056,API_SIMULATION
NC-220,COLOMBO-JAFFNA,2026-05-06T10:11:44.507Z,36.1,8.96,6.951599877116469,79.80227090259694,API_SIMULATION
IC-101,COLOMBO-KANDY,2026-05-06T10:11:44.507Z,40.17,9.16,6.943400559446164,79.81368133977718,API_SIMULATION
NC-220,COLOMBO-JAFFNA,2026-05-06T10:11:44.507Z,51.47,24.36,6.962391672473774,79.86393991692444,API_SIMULATION
IC-101,COLOMBO-KANDY,2026-05-06T10:11:44.507Z,83.84,12.67,6.968560013604104,79.86671885129093,API_SIMULATION
NC-220,COLOMBO-JAFFNA,2026-05-06T10:11:44.507Z,55.67,23.53,6.959898836454392,79.84859103026697,API_SIMULATION
IC-101,COLOMBO-KANDY,2026-05-06T10:11:44.507Z,29.16,24.46,6.947657447514644,79.82216590945524,API_SIMULATION
NC-220,COLOMBO-JAFFNA,2026-05-06T10:11:44.507Z,71.26,16.2,6.9321361930293115,79.85163975030909,API_SIMULATION
IC-101,COLOMBO-KANDY,2026-05-06T10:11:44.507Z,33.97,12.83,6.904881411833327,79.8280131036586,API_SIMULATION
NC-220,COLOMBO-JAFFNA,2026-05-06T10:11:44.507Z,49.21,20.24,6.957446322719688,79.8212011741355,API_SIMULATION
IC-101,COLOMBO-KANDY,2026-05-06T10:11:44.507Z,45.36,6.18,6.92765715777097,79.83474267652774,API_SIMULATION
NC-220,COLOMBO-JAFFNA,2026-05-06T10:11:46.037Z,30.92,18.99,6.896821052959252,79.89664126218219,API_SIMULATION
IC-101,COLOMBO-KANDY,2026-05-06T10:11:46.037Z,84.84,23.19,6.928655837441152,79.8393585368721,API_SIMULATION
NC-220,COLOMBO-JAFFNA,2026-05-06T10:11:46.037Z,60.66,18.17,6.9163367845968935,79.82002571229943,API_SIMULATION
IC-101,COLOMBO-KANDY,2026-05-06T10:11:46.037Z,54.85,22.69,6.896965219194216,79.89029448957116,API_SIMULATION
NC-220,COLOMBO-JAFFNA,2026-05-06T10:11:46.037Z,21.32,21.2,6.91833901948141,79.88524182260875,API_SIMULATION
IC-101,COLOMBO-KANDY,2026-05-06T10:11:46.037Z,82.62,17.84,6.952446012599956,79.85327658291267,API_SIMULATION
NC-220,COLOMBO-JAFFNA,2026-05-06T10:11:46.037Z,43.6,14.12,6.949132808405682,79.91326556744863,API_SIMULATION
IC-101,COLOMBO-KANDY,2026-05-06T10:11:46.037Z,42.47,7.65,6.881274146133889,79.81297785289513,API_SIMULATION
NC-220,COLOMBO-JAFFNA,2026-05-06T10:11:46.037Z,33.01,23.63,6.954637481480214,79.86651092403909,API_SIMULATION
IC-101,COLOMBO-KANDY,2026-05-06T10:11:46.037Z,80.43,14.51,6.906742699165328,79.81892271398583,API_SIMULATION
NC-220,COLOMBO-JAFFNA,2026-05-06T10:11:46.037Z,34.92,1.5,6.889175614521438,79.86175760235052,API_SIMULATION
IC-101,COLOMBO-KANDY,2026-05-06T10:11:46.037Z,57.72,4.59,6.873352361373847,79.80362496053573,API_SIMULATION
NC-220,COLOMBO-JAFFNA,2026-05-06T10:11:46.037Z,24.37,6.87,6.955573681882115,79.8524521647801,API_SIMULATION
IC-101,COLOMBO-KANDY,2026-05-06T10:11:46.037Z,48.7,4.69,6.970283215266781,79.81166139546217,API_SIMULATION
NC-220,COLOMBO-JAFFNA,2026-05-06T10:11:46.037Z,66.02,15.89,6.9853793540099165,79.83330514917087,API_SIMULATION
IC-101,COLOMBO-KANDY,2026-05-06T10:11:46.037Z,32.52,12.2,6.884477116137384,79.90467286256651,API_SIMULATION
NC-220,COLOMBO-JAFFNA,2026-05-06T10:11:46.037Z,78.86,8.57,6.875288516672915,79.8523249781004,API_SIMULATION
IC-101,COLOMBO-KANDY,2026-05-06T10:11:46.037Z,77.62,13.7,6.933432523721667,79.88865738569704,API_SIMULATION
NC-220,COLOMBO-JAFFNA,2026-05-06T10:11:46.037Z,59.15,2.39,6.911492488060712,79.91809752345011,API_SIMULATION
IC-101,COLOMBO-KANDY,2026-05-06T10:11:46.037Z,72.38,20.18,6.916353671054035,79.90595892563081,API_SIMULATION
NC-220,COLOMBO-JAFFNA,2026-05-06T10:11:46.037Z,71.6,8.67,6.941904677167171,79.9051508421523,API_SIMULATION
IC-101,COLOMBO-KANDY,2026-05-06T10:11:46.037Z,49.5,24.44,6.956635370850665,79.83859706978255,API_SIMULATION
NC-220,COLOMBO-JAFFNA,2026-05-06T10:11:46.037Z,65.38,6.29,6.879373953092628,79.86410258502707,API_SIMULATION
IC-101,COLOMBO-KANDY,2026-05-06T10:11:46.037Z,77.2,12.8,6.96686977883135,79.8161098140437,API_SIMULATION
NC-220,COLOMBO-JAFFNA,2026-05-06T10:11:46.037Z,57.52,1.95,6.970989970387745,79.84611844662426,API_SIMULATION
IC-101,COLOMBO-KANDY,2026-05-06T10:11:46.037Z,26.09,6.56,6.885138137623215,79.8099962458612,API_SIMULATION
NC-220,COLOMBO-JAFFNA,2026-05-06T10:11:46.037Z,61.25,3.45,6.950537036658682,79.87900025969273,API_SIMULATION
IC-101,COLOMBO-KANDY,2026-05-06T10:11:46.037Z,64.75,20.13,6.926796482399455,79.86614182831866,API_SIMULATION
NC-220,COLOMBO-JAFFNA,2026-05-06T10:11:46.037Z,49.04,0.03,6.9841811632939175,79.86623596887527,API_SIMULATION
IC-101,COLOMBO-KANDY,2026-05-06T10:11:46.037Z,31.14,12.07,6.9683995670752426,79.87788074345927,API_SIMULATION
NC-220,COLOMBO-JAFFNA,2026-05-06T10:12:02.469Z,46.32,8.37,6.926247016198804,79.91646220234279,API_SIMULATION
IC-101,COLOMBO-KANDY,2026-05-06T10:12:02.469Z,67.55,16.18,6.955264517015969,79.8492891117003,API_SIMULATION
NC-220,COLOMBO-JAFFNA,2026-05-06T10:12:02.469Z,68.56,6.98,6.908531567293701,79.91236561984594,API_SIMULATION
IC-101,COLOMBO-KANDY,2026-05-06T10:12:02.469Z,23.14,13.16,6.972030050020597,79.86795204404555,API_SIMULATION
NC-220,COLOMBO-JAFFNA,2026-05-06T10:12:02.469Z,75.49,24.83,6.950579052770564,79.9187978823502,API_SIMULATION
IC-101,COLOMBO-KANDY,2026-05-06T10:12:02.469Z,49.94,16.92,6.871280789719522,79.86028656883926,API_SIMULATION
NC-220,COLOMBO-JAFFNA,2026-05-06T10:12:02.469Z,25.51,5.04,6.907453377833555,79.82179219572832,API_SIMULATION
IC-101,COLOMBO-KANDY,2026-05-06T10:12:02.469Z,23.54,21.5,6.884826964514966,79.82826300525716,API_SIMULATION
NC-220,COLOMBO-JAFFNA,2026-05-06T10:12:02.469Z,64.92,7.57,6.895890326423237,79.87431174601494,API_SIMULATION
IC-101,COLOMBO-KANDY,2026-05-06T10:12:02.469Z,39.25,7.62,6.944448768412615,79.88054755692724,API_SIMULATION
NC-220,COLOMBO-JAFFNA,2026-05-06T10:12:02.469Z,62.39,4.49,6.884057627421225,79.90413373624267,API_SIMULATION
IC-101,COLOMBO-KANDY,2026-05-06T10:12:02.469Z,39.7,14.47,6.947913147287663,79.86580561817799,API_SIMULATION
NC-220,COLOMBO-JAFFNA,2026-05-06T10:12:02.469Z,44.62,24.93,6.9252248966685785,79.84119220460394,API_SIMULATION
IC-101,COLOMBO-KANDY,2026-05-06T10:12:02.469Z,20.87,23.8,6.9674301889615995,79.82805505005514,API_SIMULATION
NC-220,COLOMBO-JAFFNA,2026-05-06T10:12:02.469Z,78.18,5.99,6.964681557753973,79.83683014177048,API_SIMULATION
IC-101,COLOMBO-KANDY,2026-05-06T10:12:02.469Z,80.91,19.53,6.892591887229768,79.8229045089642,API_SIMULATION
NC-220,COLOMBO-JAFFNA,2026-05-06T10:12:02.469Z,38.5,10.69,6.869870194513312,79.87753904048434,API_SIMULATION
IC-101,COLOMBO-KANDY,2026-05-06T10:12:02.469Z,67.47,9.87,6.976884362537737,79.84749677147676,API_SIMULATION
NC-220,COLOMBO-JAFFNA,2026-05-06T10:12:02.469Z,25.01,9.63,6.949856035703173,79.80225538620536,API_SIMULATION
IC-101,COLOMBO-KANDY,2026-05-06T10:12:02.469Z,34.7,7.9,6.980369971736992,79.87920901234605,API_SIMULATION
NC-220,COLOMBO-JAFFNA,2026-05-06T10:12:02.469Z,71.82,7.37,6.943285622356388,79.89348830642392,API_SIMULATION
IC-101,COLOMBO-KANDY,2026-05-06T10:12:02.469Z,80.89,18.18,6.9169880278852585,79.83354271137402,API_SIMULATION
NC-220,COLOMBO-JAFFNA,2026-05-06T10:12:02.469Z,29.33,0.03,6.983766514249387,79.83729154779473,API_SIMULATION
IC-101,COLOMBO-KANDY,2026-05-06T10:12:02.469Z,46.64,8.86,6.875058976085334,79.84718457023456,API_SIMULATION
NC-220,COLOMBO-JAFFNA,2026-05-06T10:12:02.469Z,59.95,16.1,6.916737745400664,79.90944348213598,API_SIMULATION
IC-101,COLOMBO-KANDY,2026-05-06T10:12:02.469Z,36.8,16.05,6.893772777017743,79.87649873709717,API_SIMULATION
NC-220,COLOMBO-JAFFNA,2026-05-06T10:12:02.469Z,74.47,8.47,6.94907608282413,79.84542439572976,API_SIMULATION
IC-101,COLOMBO-KANDY,2026-05-06T10:12:02.469Z,23.72,18.94,6.960310819769034,79.9120705542762,API_SIMULATION
NC-220,COLOMBO-JAFFNA,2026-05-06T10:12:02.469Z,28.07,23.97,6.921176514208156,79.85197491575704,API_SIMULATION
IC-101,COLOMBO-KANDY,2026-05-06T10:12:02.469Z,30.44,10.22,6.919028700591249,79.81699291335086,API_SIMULATION
NC-220,COLOMBO-JAFFNA,2026-05-06T10:12:07.185Z,62.88,20.48,6.982334005079995,79.8776139639481,API_SIMULATION
IC-101,COLOMBO-KANDY,2026-05-06T10:12:07.185Z,25.41,13.46,6.934047960944881,79.81686013086878,API_SIMULATION
NC-220,COLOMBO-JAFFNA,2026-05-06T10:12:07.185Z,46.82,10.37,6.907520564129465,79.86371737624705,API_SIMULATION
IC-101,COLOMBO-KANDY,2026-05-06T10:12:07.185Z,23.2,20.56,6.903430029954916,79.8966026974097,API_SIMULATION
NC-220,COLOMBO-JAFFNA,2026-05-06T10:12:07.185Z,57.78,7.96,6.9221350482085064,79.91212296544016,API_SIMULATION
IC-101,COLOMBO-KANDY,2026-05-06T10:12:07.185Z,55.66,8.04,6.904468751940869,79.82463352584766,API_SIMULATION
NC-220,COLOMBO-JAFFNA,2026-05-06T10:12:07.185Z,20.13,19.01,6.98577920751181,79.84748433900496,API_SIMULATION
IC-101,COLOMBO-KANDY,2026-05-06T10:12:07.185Z,80.52,23.28,6.984988946713615,79.85115915878191,API_SIMULATION
NC-220,COLOMBO-JAFFNA,2026-05-06T10:12:07.185Z,23.04,1.79,6.944735833171244,79.86942938708276,API_SIMULATION
IC-101,COLOMBO-KANDY,2026-05-06T10:12:07.185Z,70.42,9.23,6.88199640392289,79.896009104644,API_SIMULATION
NC-220,COLOMBO-JAFFNA,2026-05-06T10:12:07.185Z,72.14,19.6,6.939241193269474,79.83238341236074,API_SIMULATION
IC-101,COLOMBO-KANDY,2026-05-06T10:12:07.185Z,74.54,1.73,6.928382309092807,79.90921798830702,API_SIMULATION
NC-220,COLOMBO-JAFFNA,2026-05-06T10:12:07.185Z,41.46,5.47,6.898711815237509,79.91848959073728,API_SIMULATION
IC-101,COLOMBO-KANDY,2026-05-06T10:12:07.185Z,21.84,3.33,6.951817748136791,79.87199009211082,API_SIMULATION
NC-220,COLOMBO-JAFFNA,2026-05-06T10:12:07.185Z,45.17,3.75,6.917428008300327,79.85578681924993,API_SIMULATION
IC-101,COLOMBO-KANDY,2026-05-06T10:12:07.185Z,73.1,8.8,6.913846174535745,79.8274115828445,API_SIMULATION
NC-220,COLOMBO-JAFFNA,2026-05-06T10:12:07.185Z,71.15,12.27,6.871438174642681,79.9080160012669,API_SIMULATION
IC-101,COLOMBO-KANDY,2026-05-06T10:12:07.185Z,27.63,21.73,6.955022557921663,79.916827401209,API_SIMULATION
NC-220,COLOMBO-JAFFNA,2026-05-06T10:12:07.185Z,30.48,3.91,6.8928498571761825,79.88833264443703,API_SIMULATION
IC-101,COLOMBO-KANDY,2026-05-06T10:12:07.185Z,71.42,14.47,6.889178746179522,79.83780101345496,API_SIMULATION
NC-220,COLOMBO-JAFFNA,2026-05-06T10:12:07.185Z,40.68,15.24,6.937914075053141,79.89276785132391,API_SIMULATION
IC-101,COLOMBO-KANDY,2026-05-06T10:12:07.185Z,83.73,10.62,6.914055322618477,79.80783452569972,API_SIMULATION
NC-220,COLOMBO-JAFFNA,2026-05-06T10:12:07.185Z,45.1,18.91,6.964382210535769,79.804194856538,API_SIMULATION
IC-101,COLOMBO-KANDY,2026-05-06T10:12:07.185Z,23.97,16.5,6.893347015062821,79.86735043376359,API_SIMULATION
NC-220,COLOMBO-JAFFNA,2026-05-06T10:12:07.185Z,78.48,23.21,6.945228065984059,79.89789687867413,API_SIMULATION
IC-101,COLOMBO-KANDY,2026-05-06T10:12:07.185Z,35.76,1.94,6.9789541688566885,79.86997879955825,API_SIMULATION
NC-220,COLOMBO-JAFFNA,2026-05-06T10:12:07.185Z,30.2,18.81,6.94733800375589,79.89666119857799,API_SIMULATION
IC-101,COLOMBO-KANDY,2026-05-06T10:12:07.185Z,46.41,20.13,6.878063530173405,79.882717274049,API_SIMULATION
NC-220,COLOMBO-JAFFNA,2026-05-06T10:12:07.185Z,69.67,1.57,6.968364379451376,79.89291888591946,API_SIMULATION
IC-101,COLOMBO-KANDY,2026-05-06T10:12:07.185Z,46.64,5.98,6.983987628424005,79.85374575632717,API_SIMULATION
NC-220,COLOMBO-JAFFNA,2026-05-06T10:12:11.253Z,44.41,7.03,6.9133169581239615,79.89220275443003,API_SIMULATION
IC-101,COLOMBO-KANDY,2026-05-06T10:12:11.253Z,25.46,15.52,6.901198774715359,79.88663933948848,API_SIMULATION
NC-220,COLOMBO-JAFFNA,2026-05-06T10:12:11.253Z,21.1,16.94,6.960399570856022,79.91422745331569,API_SIMULATION
IC-101,COLOMBO-KANDY,2026-05-06T10:12:11.253Z,36.15,4.36,6.907666123975662,79.91428436454012,API_SIMULATION
NC-220,COLOMBO-JAFFNA,2026-05-06T10:12:11.253Z,23.76,9.57,6.979731110470744,79.84357717903485,API_SIMULATION
IC-101,COLOMBO-KANDY,2026-05-06T10:12:11.253Z,62.36,5.84,6.981608821852561,79.8202624056622,API_SIMULATION
NC-220,COLOMBO-JAFFNA,2026-05-06T10:12:11.253Z,24.99,7.95,6.907214557493914,79.86124009624834,API_SIMULATION
IC-101,COLOMBO-KANDY,2026-05-06T10:12:11.253Z,36.83,24.96,6.898193769367955,79.84615681715007,API_SIMULATION
NC-220,COLOMBO-JAFFNA,2026-05-06T10:12:11.253Z,29.48,15.75,6.964724281236269,79.81073936909789,API_SIMULATION
IC-101,COLOMBO-KANDY,2026-05-06T10:12:11.253Z,34.31,19.78,6.944395066093183,79.82455388953242,API_SIMULATION
NC-220,COLOMBO-JAFFNA,2026-05-06T10:12:11.253Z,58.01,8.75,6.96126105511717,79.83091282823011,API_SIMULATION
IC-101,COLOMBO-KANDY,2026-05-06T10:12:11.253Z,56.27,8.14,6.925611423922958,79.88294821677664,API_SIMULATION
NC-220,COLOMBO-JAFFNA,2026-05-06T10:12:11.253Z,61.84,2.35,6.949657980986276,79.86638179046177,API_SIMULATION
IC-101,COLOMBO-KANDY,2026-05-06T10:12:11.253Z,72.88,0.13,6.973421609645253,79.81298239188855,API_SIMULATION
NC-220,COLOMBO-JAFFNA,2026-05-06T10:12:11.253Z,47.09,23.2,6.907902744570577,79.88423541046527,API_SIMULATION
IC-101,COLOMBO-KANDY,2026-05-06T10:12:11.253Z,68.99,2.47,6.928229009072196,79.87872512156589,API_SIMULATION
NC-220,COLOMBO-JAFFNA,2026-05-06T10:12:11.253Z,79.26,23.7,6.885935476228691,79.88994162980502,API_SIMULATION
IC-101,COLOMBO-KANDY,2026-05-06T10:12:11.253Z,34.14,15.24,6.9438914192757455,79.81157361543708,API_SIMULATION
NC-220,COLOMBO-JAFFNA,2026-05-06T10:12:11.253Z,64.05,8.58,6.8874778173830045,79.9060687564274,API_SIMULATION
IC-101,COLOMBO-KANDY,2026-05-06T10:12:11.253Z,73.21,19.41,6.909197023810244,79.84476521593088,API_SIMULATION
NC-220,COLOMBO-JAFFNA,2026-05-06T10:12:11.253Z,77.66,1.49,6.868735462704543,79.89945359037773,API_SIMULATION
IC-101,COLOMBO-KANDY,2026-05-06T10:12:11.253Z,22.31,15.35,6.883769953145814,79.81955570876774,API_SIMULATION
NC-220,COLOMBO-JAFFNA,2026-05-06T10:12:11.253Z,50.64,7.77,6.982812496598431,79.82303537394293,API_SIMULATION
IC-101,COLOMBO-KANDY,2026-05-06T10:12:11.253Z,38.26,20.44,6.919544856346796,79.90078951883153,API_SIMULATION
NC-220,COLOMBO-JAFFNA,2026-05-06T10:12:11.253Z,81.08,14.81,6.919995316996102,79.89139531320583,API_SIMULATION
IC-101,COLOMBO-KANDY,2026-05-06T10:12:11.253Z,22.52,21.8,6.907085250208494,79.81329035190454,API_SIMULATION
NC-220,COLOMBO-JAFFNA,2026-05-06T10:12:11.253Z,30.05,12.26,6.983058918490655,79.85942034830668,API_SIMULATION
IC-101,COLOMBO-KANDY,2026-05-06T10:12:11.253Z,44.07,13.54,6.94858928951339,79.84283467216511,API_SIMULATION
NC-220,COLOMBO-JAFFNA,2026-05-06T10:12:11.253Z,37.96,9.82,6.904265901880743,79.8105087935958,API_SIMULATION
IC-101,COLOMBO-KANDY,2026-05-06T10:12:11.253Z,33.66,6.66,6.90684302772539,79.83188500674574,API_SIMULATION
NC-220,COLOMBO-JAFFNA,2026-05-06T10:12:13.037Z,27.58,7.66,6.954629909984876,79.91337164139344,API_SIMULATION
IC-101,COLOMBO-KANDY,2026-05-06T10:12:13.037Z,71.74,11.87,6.96139063232329,79.85146851544778,API_SIMULATION
NC-220,COLOMBO-JAFFNA,2026-05-06T10:12:13.037Z,32.02,19.68,6.979759050518617,79.8978877452767,API_SIMULATION
IC-101,COLOMBO-KANDY,2026-05-06T10:12:13.037Z,67.2,24.57,6.94632799199955,79.90770956024265,API_SIMULATION
NC-220,COLOMBO-JAFFNA,2026-05-06T10:12:13.037Z,44.83,4.29,6.950622686018613,79.90659691918141,API_SIMULATION
IC-101,COLOMBO-KANDY,2026-05-06T10:12:13.037Z,42.93,22.47,6.976909744319134,79.83177691815489,API_SIMULATION
NC-220,COLOMBO-JAFFNA,2026-05-06T10:12:13.037Z,68.85,14.68,6.935389832264112,79.82987359101062,API_SIMULATION
IC-101,COLOMBO-KANDY,2026-05-06T10:12:13.037Z,62.32,22.99,6.943412870455613,79.89372147596224,API_SIMULATION
NC-220,COLOMBO-JAFFNA,2026-05-06T10:12:13.037Z,46.13,22.81,6.907915905581481,79.83420536122433,API_SIMULATION
IC-101,COLOMBO-KANDY,2026-05-06T10:12:13.037Z,44.44,15.28,6.974658480762439,79.88361738277895,API_SIMULATION
NC-220,COLOMBO-JAFFNA,2026-05-06T10:12:13.037Z,44.35,1.9,6.970992422910128,79.85965845565555,API_SIMULATION
IC-101,COLOMBO-KANDY,2026-05-06T10:12:13.037Z,78.49,10.1,6.920884145530022,79.83659670703508,API_SIMULATION
NC-220,COLOMBO-JAFFNA,2026-05-06T10:12:13.037Z,78,18.45,6.888813424732567,79.90404846169713,API_SIMULATION
IC-101,COLOMBO-KANDY,2026-05-06T10:12:13.037Z,23.66,24.73,6.894851451562172,79.88894278504486,API_SIMULATION
NC-220,COLOMBO-JAFFNA,2026-05-06T10:12:13.037Z,78.37,3.15,6.919706132359314,79.88774770675083,API_SIMULATION
IC-101,COLOMBO-KANDY,2026-05-06T10:12:13.037Z,71.36,2.31,6.888494943724778,79.84444020365021,API_SIMULATION
NC-220,COLOMBO-JAFFNA,2026-05-06T10:12:13.037Z,37.8,3.96,6.932554933856391,79.85800708257791,API_SIMULATION
IC-101,COLOMBO-KANDY,2026-05-06T10:12:13.037Z,52.12,23.25,6.890075478870026,79.81359940188761,API_SIMULATION
NC-220,COLOMBO-JAFFNA,2026-05-06T10:12:13.037Z,46.26,1,6.944276934327262,79.89546653644346,API_SIMULATION
IC-101,COLOMBO-KANDY,2026-05-06T10:12:13.037Z,78.07,14.36,6.909617993606461,79.91616078940383,API_SIMULATION
NC-220,COLOMBO-JAFFNA,2026-05-06T10:12:13.037Z,46.94,19.3,6.909067430916642,79.89527914650756,API_SIMULATION
IC-101,COLOMBO-KANDY,2026-05-06T10:12:13.037Z,27.05,1.26,6.972427671064692,79.88569670173193,API_SIMULATION
NC-220,COLOMBO-JAFFNA,2026-05-06T10:12:13.037Z,32.68,18.49,6.8924004549976425,79.82726128773675,API_SIMULATION
IC-101,COLOMBO-KANDY,2026-05-06T10:12:13.037Z,69.62,15.27,6.91468556099353,79.84925901637423,API_SIMULATION
NC-220,COLOMBO-JAFFNA,2026-05-06T10:12:13.037Z,82.25,23.49,6.969465831947513,79.85091747167819,API_SIMULATION
IC-101,COLOMBO-KANDY,2026-05-06T10:12:13.037Z,62.21,11.78,6.984411909500604,79.89673009634926,API_SIMULATION
NC-220,COLOMBO-JAFFNA,2026-05-06T10:12:13.037Z,40.57,7.22,6.976777290424129,79.84722407385284,API_SIMULATION
IC-101,COLOMBO-KANDY,2026-05-06T10:12:13.037Z,44.93,18.81,6.950708969792613,79.85929586765107,API_SIMULATION
NC-220,COLOMBO-JAFFNA,2026-05-06T10:12:13.037Z,61.37,17.61,6.907107928761003,79.81429652646476,API_SIMULATION
IC-101,COLOMBO-KANDY,2026-05-06T10:12:13.037Z,74.02,24.64,6.9616084274100904,79.90645290891264,API_SIMULATION
NC-220,COLOMBO-JAFFNA,2026-05-06T10:12:21.184Z,80.01,24.82,6.881084602886306,79.89593320727812,API_SIMULATION
NC-220,COLOMBO-JAFFNA,2026-05-06T10:12:31.170Z,58.95,21.96,6.8966543044450415,79.82303200745098,API_SIMULATION
NC-220,COLOMBO-JAFFNA,2026-05-06T10:12:36.611Z,22.52,15.84,6.900991682068378,79.81953852140408,API_SIMULATION
IC-101,COLOMBO-KANDY,2026-05-06T10:12:42.453Z,69.1,16.37,6.917088330793959,79.84355231742852,API_SIMULATION
IC-101,COLOMBO-KANDY,2026-05-06T10:12:43.506Z,49.9,12.25,6.967188673723735,79.85236933996046,API_SIMULATION
IC-101,COLOMBO-KANDY,2026-05-06T10:12:45.079Z,80.49,1.87,6.867438049442696,79.85737040690472,API_SIMULATION
NC-220,COLOMBO-JAFFNA,2026-05-06T10:12:52.279Z,61.54,12.84,6.95479466951857,79.82694134760487,API_SIMULATION
IC-101,COLOMBO-KANDY,2026-05-06T10:12:52.279Z,74.08,0.65,6.950950386209466,79.88135006458127,API_SIMULATION
NC-220,COLOMBO-JAFFNA,2026-05-06T10:12:52.280Z,24.86,15.06,6.939283181314164,79.84563221220266,API_SIMULATION
IC-101,COLOMBO-KANDY,2026-05-06T10:12:52.280Z,61.25,5.73,6.886397940808887,79.86647182416995,API_SIMULATION
NC-220,COLOMBO-JAFFNA,2026-05-06T10:12:52.280Z,25.53,2.36,6.949515050838141,79.87174638879968,API_SIMULATION
IC-101,COLOMBO-KANDY,2026-05-06T10:12:52.280Z,33.08,0.89,6.873022628440273,79.81616757094622,API_SIMULATION
NC-220,COLOMBO-JAFFNA,2026-05-06T10:12:52.280Z,36.19,1.38,6.964234170915697,79.88579212942385,API_SIMULATION
IC-101,COLOMBO-KANDY,2026-05-06T10:12:52.280Z,63.81,12.4,6.890541130371803,79.86310332011433,API_SIMULATION
NC-220,COLOMBO-JAFFNA,2026-05-06T10:12:52.280Z,21.97,2.09,6.931830021854487,79.90153889488668,API_SIMULATION
IC-101,COLOMBO-KANDY,2026-05-06T10:12:52.280Z,53.69,20.28,6.877205444561643,79.863127964966,API_SIMULATION
NC-220,COLOMBO-JAFFNA,2026-05-06T10:12:52.280Z,31.6,20.85,6.891904327758098,79.91511082810315,API_SIMULATION
IC-101,COLOMBO-KANDY,2026-05-06T10:12:52.280Z,61.91,5.08,6.8896690890820045,79.86596943162225,API_SIMULATION
NC-220,COLOMBO-JAFFNA,2026-05-06T10:12:52.280Z,73.53,14.52,6.928955622130845,79.90632796415454,API_SIMULATION
IC-101,COLOMBO-KANDY,2026-05-06T10:12:52.280Z,75.99,19.85,6.950158033992983,79.84270785668056,API_SIMULATION
NC-220,COLOMBO-JAFFNA,2026-05-06T10:12:52.280Z,23.56,4.68,6.964802744299533,79.88392271159157,API_SIMULATION
IC-101,COLOMBO-KANDY,2026-05-06T10:12:52.280Z,82.81,1.27,6.871812930849879,79.91384806988005,API_SIMULATION
NC-220,COLOMBO-JAFFNA,2026-05-06T10:12:52.280Z,70.91,23.17,6.974121421813437,79.8346941198412,API_SIMULATION
IC-101,COLOMBO-KANDY,2026-05-06T10:12:52.280Z,21.04,10.61,6.907626680417347,79.86975642071226,API_SIMULATION
NC-220,COLOMBO-JAFFNA,2026-05-06T10:12:52.280Z,63.41,10.5,6.90245125271846,79.9094410642299,API_SIMULATION
IC-101,COLOMBO-KANDY,2026-05-06T10:12:52.280Z,23.73,0.96,6.908543422381217,79.87943795679848,API_SIMULATION
NC-220,COLOMBO-JAFFNA,2026-05-06T10:12:52.280Z,72.3,14.74,6.973840896726552,79.84854849300477,API_SIMULATION
IC-101,COLOMBO-KANDY,2026-05-06T10:12:52.280Z,76.02,3.17,6.883506386482322,79.80338299902562,API_SIMULATION
NC-220,COLOMBO-JAFFNA,2026-05-06T10:12:52.280Z,69.76,1.97,6.909316671674014,79.8209017809971,API_SIMULATION
IC-101,COLOMBO-KANDY,2026-05-06T10:12:52.280Z,67.41,8.71,6.94154479833515,79.88030574150052,API_SIMULATION
NC-220,COLOMBO-JAFFNA,2026-05-06T10:12:52.280Z,70.96,16.99,6.951512958914902,79.80446621419482,API_SIMULATION
IC-101,COLOMBO-KANDY,2026-05-06T10:12:52.280Z,77.36,2.13,6.896909739501558,79.89526600505691,API_SIMULATION
NC-220,COLOMBO-JAFFNA,2026-05-06T10:12:52.280Z,74.87,5.11,6.976424256280136,79.81345547649929,API_SIMULATION
IC-101,COLOMBO-KANDY,2026-05-06T10:12:52.280Z,75.75,1.14,6.967017519347268,79.86722800982007,API_SIMULATION
NC-220,COLOMBO-JAFFNA,2026-05-06T10:12:52.280Z,48.03,13.41,6.8806289930963365,79.91535711728808,API_SIMULATION
IC-101,COLOMBO-KANDY,2026-05-06T10:12:52.280Z,76.71,12.09,6.8911797728990605,79.8147751626787,API_SIMULATION
NC-220,COLOMBO-JAFFNA,2026-05-06T10:12:54.637Z,53.43,18.3,6.974802980249837,79.8456165623649,API_SIMULATION
IC-101,COLOMBO-KANDY,2026-05-06T10:12:54.637Z,48.13,16.7,6.927373229224901,79.87858291125043,API_SIMULATION
NC-220,COLOMBO-JAFFNA,2026-05-06T10:12:54.637Z,59.14,9.52,6.874631704379091,79.84619423352596,API_SIMULATION
IC-101,COLOMBO-KANDY,2026-05-06T10:12:54.637Z,39.59,15.42,6.939434665403586,79.90377233804266,API_SIMULATION
NC-220,COLOMBO-JAFFNA,2026-05-06T10:12:54.637Z,79.82,16.7,6.892556872848295,79.88000493184934,API_SIMULATION
IC-101,COLOMBO-KANDY,2026-05-06T10:12:54.637Z,48.94,14.03,6.959650848337082,79.82127063772556,API_SIMULATION
NC-220,COLOMBO-JAFFNA,2026-05-06T10:12:54.637Z,61.95,20.83,6.985520084067376,79.80994915669048,API_SIMULATION
IC-101,COLOMBO-KANDY,2026-05-06T10:12:54.637Z,57.66,21.73,6.885701358620415,79.8726336836273,API_SIMULATION
NC-220,COLOMBO-JAFFNA,2026-05-06T10:12:54.637Z,71.42,5.57,6.883035455074991,79.82745528973292,API_SIMULATION
IC-101,COLOMBO-KANDY,2026-05-06T10:12:54.637Z,73.65,13.09,6.877690893783184,79.91491508879803,API_SIMULATION
NC-220,COLOMBO-JAFFNA,2026-05-06T10:12:54.637Z,27.28,12.03,6.95989483915074,79.83333066142801,API_SIMULATION
IC-101,COLOMBO-KANDY,2026-05-06T10:12:54.637Z,28.72,2.13,6.971513505555613,79.83593925498555,API_SIMULATION
NC-220,COLOMBO-JAFFNA,2026-05-06T10:12:54.637Z,41.75,19.85,6.948426412868804,79.86661807937855,API_SIMULATION
IC-101,COLOMBO-KANDY,2026-05-06T10:12:54.637Z,77.26,17.88,6.86865523690626,79.81648979172586,API_SIMULATION
NC-220,COLOMBO-JAFFNA,2026-05-06T10:12:54.637Z,20.03,0.84,6.874357841855394,79.88100633360479,API_SIMULATION
IC-101,COLOMBO-KANDY,2026-05-06T10:12:54.637Z,79.22,4.9,6.955095505537055,79.91652668023208,API_SIMULATION
NC-220,COLOMBO-JAFFNA,2026-05-06T10:12:54.637Z,84.09,24.48,6.982206721197089,79.87067000493509,API_SIMULATION
IC-101,COLOMBO-KANDY,2026-05-06T10:12:54.637Z,83.34,23.91,6.947956123148059,79.9165763527204,API_SIMULATION
NC-220,COLOMBO-JAFFNA,2026-05-06T10:12:54.637Z,31.44,7.22,6.938435564076942,79.83519067127934,API_SIMULATION
IC-101,COLOMBO-KANDY,2026-05-06T10:12:54.637Z,76.73,17.27,6.933879115542486,79.85210251448234,API_SIMULATION
NC-220,COLOMBO-JAFFNA,2026-05-06T10:12:54.637Z,68.71,15.69,6.9115932366477395,79.91583438183501,API_SIMULATION
IC-101,COLOMBO-KANDY,2026-05-06T10:12:54.637Z,50.74,10.46,6.868671648401699,79.87182936126798,API_SIMULATION
NC-220,COLOMBO-JAFFNA,2026-05-06T10:12:54.637Z,45.83,20.29,6.944993110006319,79.90923114180173,API_SIMULATION
IC-101,COLOMBO-KANDY,2026-05-06T10:12:54.637Z,80.56,8.7,6.9848297773184616,79.9100059024321,API_SIMULATION
NC-220,COLOMBO-JAFFNA,2026-05-06T10:12:54.637Z,79.15,21.85,6.9584616697896005,79.85168935802392,API_SIMULATION
IC-101,COLOMBO-KANDY,2026-05-06T10:12:54.637Z,57.79,5.01,6.95705523430859,79.8877848233128,API_SIMULATION
NC-220,COLOMBO-JAFFNA,2026-05-06T10:12:54.637Z,65.8,13.46,6.897552648161201,79.82357287558816,API_SIMULATION
IC-101,COLOMBO-KANDY,2026-05-06T10:12:54.637Z,35.29,11.67,6.983156204785247,79.81361571509147,API_SIMULATION
NC-220,COLOMBO-JAFFNA,2026-05-06T10:12:54.637Z,33.58,8.08,6.923944296500846,79.8475907063861,API_SIMULATION
IC-101,COLOMBO-KANDY,2026-05-06T10:12:54.637Z,77.05,5.74,6.958446114258551,79.8623430941374,API_SIMULATION
IC-101,COLOMBO-KANDY,2026-05-06T10:12:58.537Z,58.97,10.8,6.986123317414651,79.82050469412404,API_SIMULATION
IC-101,COLOMBO-KANDY,2026-05-06T10:12:59.746Z,42.99,17.24,6.950644595895752,79.82654934878148,API_SIMULATION
IC-101,COLOMBO-KANDY,2026-05-06T10:13:07.879Z,60.8,9.12,6.957380614931049,79.84812734353586,API_SIMULATION
NC-220,COLOMBO-JAFFNA,2026-05-06T10:13:18.480Z,55.68,19.3,6.944310957931681,79.82988743089383,API_SIMULATION
IC-101,COLOMBO-KANDY,2026-05-06T10:13:18.480Z,51.17,10.47,6.907103772116887,79.84177553923428,API_SIMULATION
NC-220,COLOMBO-JAFFNA,2026-05-06T10:13:18.480Z,24.63,21.73,6.885853556020892,79.8410064435925,API_SIMULATION
IC-101,COLOMBO-KANDY,2026-05-06T10:13:18.480Z,47.29,23.46,6.954968349642595,79.81961942680708,API_SIMULATION
NC-220,COLOMBO-JAFFNA,2026-05-06T10:13:18.480Z,73.34,2.04,6.900723577042622,79.8853312697323,API_SIMULATION
IC-101,COLOMBO-KANDY,2026-05-06T10:13:18.480Z,79.39,14.34,6.878037693963943,79.85569930384462,API_SIMULATION
NC-220,COLOMBO-JAFFNA,2026-05-06T10:13:18.480Z,76.46,5.19,6.873250676872163,79.84022741144743,API_SIMULATION
IC-101,COLOMBO-KANDY,2026-05-06T10:13:18.480Z,40.08,20.92,6.963560038940211,79.85334355363933,API_SIMULATION
NC-220,COLOMBO-JAFFNA,2026-05-06T10:13:18.480Z,51.55,8.44,6.924025013018386,79.8969581718502,API_SIMULATION
IC-101,COLOMBO-KANDY,2026-05-06T10:13:18.480Z,84.18,11.1,6.889863862899111,79.8996011752399,API_SIMULATION
NC-220,COLOMBO-JAFFNA,2026-05-06T10:13:18.480Z,72.35,18.56,6.959915902719557,79.80727938382768,API_SIMULATION
IC-101,COLOMBO-KANDY,2026-05-06T10:13:18.480Z,78.69,8.02,6.9006158332722025,79.84875132598616,API_SIMULATION
NC-220,COLOMBO-JAFFNA,2026-05-06T10:13:18.480Z,48.19,24.23,6.917365017705838,79.89728357849866,API_SIMULATION
IC-101,COLOMBO-KANDY,2026-05-06T10:13:18.480Z,22.61,2.78,6.908973103771333,79.91220889639608,API_SIMULATION
NC-220,COLOMBO-JAFFNA,2026-05-06T10:13:18.480Z,71.16,16.5,6.9801646860480675,79.85213911896996,API_SIMULATION
IC-101,COLOMBO-KANDY,2026-05-06T10:13:18.480Z,37.79,20.78,6.932722757032135,79.89900950477286,API_SIMULATION
NC-220,COLOMBO-JAFFNA,2026-05-06T10:13:18.480Z,38.64,18.76,6.9206219777297875,79.8717115154701,API_SIMULATION
IC-101,COLOMBO-KANDY,2026-05-06T10:13:18.480Z,77.51,18.84,6.921923415532887,79.83544660194312,API_SIMULATION
NC-220,COLOMBO-JAFFNA,2026-05-06T10:13:18.480Z,21.27,4.58,6.877994857475297,79.88558963971185,API_SIMULATION
IC-101,COLOMBO-KANDY,2026-05-06T10:13:18.480Z,22.97,20.17,6.970834359121807,79.90701955673038,API_SIMULATION
NC-220,COLOMBO-JAFFNA,2026-05-06T10:13:18.480Z,42.14,23.47,6.935824614473968,79.80876710954928,API_SIMULATION
IC-101,COLOMBO-KANDY,2026-05-06T10:13:18.480Z,75.1,19.72,6.923909846558848,79.83304009253453,API_SIMULATION
NC-220,COLOMBO-JAFFNA,2026-05-06T10:13:18.480Z,56.95,6.42,6.915621856654786,79.81601204073782,API_SIMULATION
IC-101,COLOMBO-KANDY,2026-05-06T10:13:18.480Z,26.82,24.43,6.957899365407495,79.8089544817882,API_SIMULATION
NC-220,COLOMBO-JAFFNA,2026-05-06T10:13:18.480Z,23.61,22.92,6.867593128479506,79.90857326314178,API_SIMULATION
IC-101,COLOMBO-KANDY,2026-05-06T10:13:18.480Z,47.02,3.1,6.88944768808336,79.87857478316346,API_SIMULATION
NC-220,COLOMBO-JAFFNA,2026-05-06T10:13:18.480Z,66.47,14.64,6.960852789427492,79.87344863009261,API_SIMULATION
IC-101,COLOMBO-KANDY,2026-05-06T10:13:18.480Z,77.51,3.7,6.974075583468239,79.8471336671336,API_SIMULATION
NC-220,COLOMBO-JAFFNA,2026-05-06T10:13:18.480Z,42.02,8.92,6.909495972818023,79.8045050604489,API_SIMULATION
IC-101,COLOMBO-KANDY,2026-05-06T10:13:18.480Z,72.01,23.32,6.9464661208726675,79.84152352410304,API_SIMULATION
NC-220,COLOMBO-JAFFNA,2026-05-06T10:13:20.192Z,23.48,17.49,6.924774193199513,79.84053570061796,API_SIMULATION
IC-101,COLOMBO-KANDY,2026-05-06T10:13:20.192Z,23.81,15.87,6.9633199727531006,79.91919075397935,API_SIMULATION
NC-220,COLOMBO-JAFFNA,2026-05-06T10:13:20.192Z,83.41,0.38,6.94034883405733,79.8023185727776,API_SIMULATION
IC-101,COLOMBO-KANDY,2026-05-06T10:13:20.192Z,33.37,5.85,6.892428432425858,79.85541879207278,API_SIMULATION
NC-220,COLOMBO-JAFFNA,2026-05-06T10:13:20.192Z,83.79,9.68,6.910390147734884,79.81760945817358,API_SIMULATION
IC-101,COLOMBO-KANDY,2026-05-06T10:13:20.192Z,35.12,17.46,6.947252852351235,79.91930716432255,API_SIMULATION
NC-220,COLOMBO-JAFFNA,2026-05-06T10:13:20.192Z,20.43,18.86,6.917050889732302,79.9027967846458,API_SIMULATION
IC-101,COLOMBO-KANDY,2026-05-06T10:13:20.192Z,59.29,4.77,6.938532427917422,79.91937712277463,API_SIMULATION
NC-220,COLOMBO-JAFFNA,2026-05-06T10:13:20.192Z,42.42,11.53,6.986645325558671,79.91500192621463,API_SIMULATION
IC-101,COLOMBO-KANDY,2026-05-06T10:13:20.192Z,24.91,14.99,6.9410204370760065,79.80614237250627,API_SIMULATION
NC-220,COLOMBO-JAFFNA,2026-05-06T10:13:20.192Z,68.35,1.07,6.872877788602006,79.83500538749203,API_SIMULATION
IC-101,COLOMBO-KANDY,2026-05-06T10:13:20.192Z,33,23.32,6.95522794759168,79.84779403087131,API_SIMULATION
NC-220,COLOMBO-JAFFNA,2026-05-06T10:13:20.192Z,78.75,23.32,6.885407806164482,79.83938950076025,API_SIMULATION
IC-101,COLOMBO-KANDY,2026-05-06T10:13:20.192Z,31.21,9.88,6.884203685877912,79.83314786391416,API_SIMULATION
NC-220,COLOMBO-JAFFNA,2026-05-06T10:13:20.192Z,55.16,19.26,6.947194944494455,79.80520714558443,API_SIMULATION
IC-101,COLOMBO-KANDY,2026-05-06T10:13:20.192Z,42.07,16.66,6.886985422729127,79.86181023373737,API_SIMULATION
NC-220,COLOMBO-JAFFNA,2026-05-06T10:13:20.192Z,81.26,17.09,6.908549836100387,79.86346258937905,API_SIMULATION
IC-101,COLOMBO-KANDY,2026-05-06T10:13:20.192Z,54.29,13.77,6.920718229513276,79.83287086059013,API_SIMULATION
NC-220,COLOMBO-JAFFNA,2026-05-06T10:13:20.192Z,37.09,21.69,6.96739562618391,79.91719484941662,API_SIMULATION
IC-101,COLOMBO-KANDY,2026-05-06T10:13:20.192Z,54.42,4.36,6.9049165579847855,79.91002496453675,API_SIMULATION
NC-220,COLOMBO-JAFFNA,2026-05-06T10:13:20.192Z,76.66,16.15,6.910980609012134,79.85580207969763,API_SIMULATION
IC-101,COLOMBO-KANDY,2026-05-06T10:13:20.192Z,53.69,11.02,6.872576080794779,79.81229734617547,API_SIMULATION
NC-220,COLOMBO-JAFFNA,2026-05-06T10:13:20.192Z,68.48,12.01,6.9812072470206985,79.91766548486068,API_SIMULATION
IC-101,COLOMBO-KANDY,2026-05-06T10:13:20.192Z,43.85,21.11,6.917492237205241,79.8230545281827,API_SIMULATION
NC-220,COLOMBO-JAFFNA,2026-05-06T10:13:20.192Z,76.06,1.22,6.939708435042437,79.91873608303742,API_SIMULATION
IC-101,COLOMBO-KANDY,2026-05-06T10:13:20.192Z,59.67,18.59,6.985450832024152,79.81985441094477,API_SIMULATION
NC-220,COLOMBO-JAFFNA,2026-05-06T10:13:20.192Z,83.76,12.34,6.892713359308894,79.90520189398408,API_SIMULATION
IC-101,COLOMBO-KANDY,2026-05-06T10:13:20.192Z,50.9,14.34,6.971905693383662,79.83364531480464,API_SIMULATION
NC-220,COLOMBO-JAFFNA,2026-05-06T10:13:20.192Z,53.98,7.97,6.886364946619929,79.8457489009996,API_SIMULATION
IC-101,COLOMBO-KANDY,2026-05-06T10:13:20.192Z,53.41,24.06,6.943045303104449,79.879541994242,API_SIMULATION
NC-220,COLOMBO-JAFFNA,2026-05-06T10:17:19.500Z,48.96,1.64,6.878495247162327,79.8077358623031,API_SIMULATION
IC-101,COLOMBO-KANDY,2026-05-06T10:17:19.500Z,82.96,24.47,6.977599928142162,79.88529041807216,API_SIMULATION
NC-220,COLOMBO-JAFFNA,2026-05-06T10:17:19.500Z,27.58,9.53,6.952655884419514,79.91311674665259,API_SIMULATION
IC-101,COLOMBO-KANDY,2026-05-06T10:17:19.500Z,38.42,17.29,6.933231968869542,79.83200172552881,API_SIMULATION
NC-220,COLOMBO-JAFFNA,2026-05-06T10:17:19.500Z,43.24,1.55,6.91541153004281,79.81576962755014,API_SIMULATION
IC-101,COLOMBO-KANDY,2026-05-06T10:17:19.500Z,24.01,15.7,6.89724056949798,79.8244459615682,API_SIMULATION
NC-220,COLOMBO-JAFFNA,2026-05-06T10:17:19.500Z,50.73,18.36,6.9565196895655275,79.86437962069652,API_SIMULATION
IC-101,COLOMBO-KANDY,2026-05-06T10:17:19.500Z,77.34,15.87,6.884652720175795,79.81718752121851,API_SIMULATION
NC-220,COLOMBO-JAFFNA,2026-05-06T10:17:19.500Z,57.51,20.91,6.8842056168818955,79.88826636784904,API_SIMULATION
IC-101,COLOMBO-KANDY,2026-05-06T10:17:19.500Z,82.13,6.24,6.94772076517051,79.89245690099486,API_SIMULATION
NC-220,COLOMBO-JAFFNA,2026-05-06T10:17:19.500Z,62.73,23.78,6.923031249142764,79.81732079740948,API_SIMULATION
IC-101,COLOMBO-KANDY,2026-05-06T10:17:19.500Z,68.49,0.69,6.872346997265539,79.80250941836796,API_SIMULATION
NC-220,COLOMBO-JAFFNA,2026-05-06T10:17:19.500Z,78.53,0.65,6.984140958578287,79.81251914950332,API_SIMULATION
IC-101,COLOMBO-KANDY,2026-05-06T10:17:19.500Z,32.85,3.65,6.9642538422870945,79.91278022626574,API_SIMULATION
NC-220,COLOMBO-JAFFNA,2026-05-06T10:17:19.500Z,56.66,17.31,6.890198567036666,79.87244392769638,API_SIMULATION
IC-101,COLOMBO-KANDY,2026-05-06T10:17:19.500Z,22.63,3.71,6.936776132558879,79.85389220832643,API_SIMULATION
NC-220,COLOMBO-JAFFNA,2026-05-06T10:17:19.500Z,33.4,23.86,6.898040694779808,79.8268074044851,API_SIMULATION
IC-101,COLOMBO-KANDY,2026-05-06T10:17:19.500Z,71.92,19.49,6.935119140001725,79.80266454905694,API_SIMULATION
NC-220,COLOMBO-JAFFNA,2026-05-06T10:17:19.500Z,78.37,24.24,6.884928453721159,79.90338653040618,API_SIMULATION
IC-101,COLOMBO-KANDY,2026-05-06T10:17:19.500Z,33.52,10.3,6.926509449515071,79.9188544115963,API_SIMULATION
NC-220,COLOMBO-JAFFNA,2026-05-06T10:17:19.500Z,34.62,11.29,6.884239849551603,79.90152219327408,API_SIMULATION
IC-101,COLOMBO-KANDY,2026-05-06T10:17:19.500Z,36.1,1.2,6.887490971136638,79.87131069492577,API_SIMULATION
NC-220,COLOMBO-JAFFNA,2026-05-06T10:17:19.500Z,26.31,19.39,6.9549879701621835,79.82205178766394,API_SIMULATION
IC-101,COLOMBO-KANDY,2026-05-06T10:17:19.500Z,32.6,18.49,6.910616167252183,79.83530419430265,API_SIMULATION
NC-220,COLOMBO-JAFFNA,2026-05-06T10:17:19.500Z,25.76,17.02,6.973557005371116,79.91118308238943,API_SIMULATION
IC-101,COLOMBO-KANDY,2026-05-06T10:17:19.500Z,67.42,13.94,6.969931225059227,79.82941780136618,API_SIMULATION
NC-220,COLOMBO-JAFFNA,2026-05-06T10:17:19.500Z,31.6,19.85,6.892044903044777,79.89350188604823,API_SIMULATION
IC-101,COLOMBO-KANDY,2026-05-06T10:17:19.500Z,57.95,23.79,6.881892703546539,79.91003663517904,API_SIMULATION
NC-220,COLOMBO-JAFFNA,2026-05-06T10:17:19.500Z,23.98,8.85,6.910915118861933,79.90214317639429,API_SIMULATION
IC-101,COLOMBO-KANDY,2026-05-06T10:17:19.500Z,81.2,4.44,6.94302605265133,79.91774568694211,API_SIMULATION
NC-220,COLOMBO-JAFFNA,2026-05-06T10:17:49.794Z,40.03,0.88,6.914322189322591,79.85757924948051,API_SIMULATION
NC-220,COLOMBO-JAFFNA,2026-05-06T10:17:51.374Z,51.58,24.8,6.889541170019514,79.88186062751492,API_SIMULATION
NC-220,COLOMBO-JAFFNA,2026-05-06T10:17:52.563Z,80.34,2.33,6.976167725465771,79.86945517443135,API_SIMULATION
NC-220,COLOMBO-JAFFNA,2026-05-06T10:17:52.790Z,22.94,8.36,6.937281135286569,79.91304789311738,API_SIMULATION
NC-220,COLOMBO-JAFFNA,2026-05-06T10:17:53.492Z,67.61,16.34,6.899085230762963,79.85935673486665,API_SIMULATION
NC-220,COLOMBO-JAFFNA,2026-05-06T10:17:53.720Z,47.53,14.92,6.928524819444088,79.88708033546357,API_SIMULATION
NC-220,COLOMBO-JAFFNA,2026-05-06T10:20:35.702Z,67.89,14.65,6.892429949350938,79.82818527771731,API_SIMULATION
IC-101,COLOMBO-KANDY,2026-05-06T10:20:35.702Z,36.81,9.08,6.908362753412181,79.8839616047052,API_SIMULATION
NC-220,COLOMBO-JAFFNA,2026-05-06T10:20:35.702Z,50.71,10.9,6.98362192655149,79.8488205503951,API_SIMULATION
IC-101,COLOMBO-KANDY,2026-05-06T10:20:35.702Z,29.41,1.67,6.963591502585511,79.91315768307798,API_SIMULATION
NC-220,COLOMBO-JAFFNA,2026-05-06T10:20:35.702Z,71.67,19.97,6.986365831765739,79.8958809361055,API_SIMULATION
IC-101,COLOMBO-KANDY,2026-05-06T10:20:35.702Z,58.35,16.66,6.930879185234977,79.82994257291769,API_SIMULATION
NC-220,COLOMBO-JAFFNA,2026-05-06T10:20:35.702Z,81.74,23.66,6.9701097080146805,79.89329157525111,API_SIMULATION
IC-101,COLOMBO-KANDY,2026-05-06T10:20:35.702Z,82.29,24.3,6.893571509133851,79.91246939039956,API_SIMULATION
NC-220,COLOMBO-JAFFNA,2026-05-06T10:20:35.702Z,29.64,0.7,6.889332546218373,79.88429741595678,API_SIMULATION
IC-101,COLOMBO-KANDY,2026-05-06T10:20:35.702Z,22,12.7,6.932507462820143,79.80454318464022,API_SIMULATION
NC-220,COLOMBO-JAFFNA,2026-05-06T10:20:35.702Z,80.49,15.73,6.9285338481851255,79.9059321491541,API_SIMULATION
IC-101,COLOMBO-KANDY,2026-05-06T10:20:35.702Z,34.99,4.19,6.893218913255229,79.84577991296686,API_SIMULATION
NC-220,COLOMBO-JAFFNA,2026-05-06T10:20:35.702Z,39.66,3.77,6.907954857797006,79.82298207388271,API_SIMULATION
IC-101,COLOMBO-KANDY,2026-05-06T10:20:35.702Z,42.09,23.36,6.958554769996906,79.8676704667228,API_SIMULATION
NC-220,COLOMBO-JAFFNA,2026-05-06T10:20:35.702Z,63.93,8.88,6.901585518266902,79.87824388635231,API_SIMULATION
IC-101,COLOMBO-KANDY,2026-05-06T10:20:35.702Z,26.42,20,6.983251460252842,79.83924436661563,API_SIMULATION
NC-220,COLOMBO-JAFFNA,2026-05-06T10:20:35.702Z,79.62,9.46,6.983289472248162,79.81088897132574,API_SIMULATION
IC-101,COLOMBO-KANDY,2026-05-06T10:20:35.702Z,51.84,7.5,6.953623152382839,79.8756025365423,API_SIMULATION
NC-220,COLOMBO-JAFFNA,2026-05-06T10:20:35.702Z,47.64,2.14,6.951327431610199,79.87064474342998,API_SIMULATION
IC-101,COLOMBO-KANDY,2026-05-06T10:20:35.702Z,42.54,23.12,6.985990527853808,79.85419548051874,API_SIMULATION
NC-220,COLOMBO-JAFFNA,2026-05-06T10:20:35.702Z,57.3,4.7,6.951010850714058,79.9007336658472,API_SIMULATION
IC-101,COLOMBO-KANDY,2026-05-06T10:20:35.702Z,67.84,18.71,6.970124049707762,79.86203981629923,API_SIMULATION
NC-220,COLOMBO-JAFFNA,2026-05-06T10:20:35.702Z,52.13,13.61,6.869421536346755,79.90443056321217,API_SIMULATION
IC-101,COLOMBO-KANDY,2026-05-06T10:20:35.702Z,77,17.77,6.968301930494173,79.88669799324023,API_SIMULATION
NC-220,COLOMBO-JAFFNA,2026-05-06T10:20:35.702Z,54.78,6.64,6.889958787468417,79.82678246185941,API_SIMULATION
IC-101,COLOMBO-KANDY,2026-05-06T10:20:35.702Z,63.88,22.6,6.960083342913403,79.8417838655241,API_SIMULATION
NC-220,COLOMBO-JAFFNA,2026-05-06T10:20:35.702Z,57.32,14.28,6.975002147703841,79.84114480604718,API_SIMULATION
IC-101,COLOMBO-KANDY,2026-05-06T10:20:35.702Z,78.56,20.8,6.961052825855505,79.82623128196578,API_SIMULATION
NC-220,COLOMBO-JAFFNA,2026-05-06T10:20:35.702Z,57.47,16.42,6.9338558647347694,79.90941148017194,API_SIMULATION
IC-101,COLOMBO-KANDY,2026-05-06T10:20:35.702Z,34.8,15.34,6.886673788035083,79.80784022772306,API_SIMULATION
NC-220,COLOMBO-JAFFNA,2026-05-06T10:22:25.864Z,30.55,1.3,6.94313048698454,79.89688751262686,API_SIMULATION
IC-101,COLOMBO-KANDY,2026-05-06T10:22:25.864Z,36.83,0.04,6.918133947884395,79.84389263117754,API_SIMULATION
NC-220,COLOMBO-JAFFNA,2026-05-06T10:22:25.864Z,70.76,6.3,6.952922607933783,79.87384108912501,API_SIMULATION
IC-101,COLOMBO-KANDY,2026-05-06T10:22:25.864Z,45.93,9.34,6.977840072370208,79.90132372221082,API_SIMULATION
NC-220,COLOMBO-JAFFNA,2026-05-06T10:22:25.864Z,22.16,3.42,6.934047420029971,79.81429651552939,API_SIMULATION
IC-101,COLOMBO-KANDY,2026-05-06T10:22:25.864Z,59.42,7.51,6.904045449774726,79.8309655724363,API_SIMULATION
NC-220,COLOMBO-JAFFNA,2026-05-06T10:22:25.864Z,51.38,13.33,6.899570628138437,79.87070951981886,API_SIMULATION
IC-101,COLOMBO-KANDY,2026-05-06T10:22:25.864Z,64.36,16.38,6.896055989850567,79.88171937273484,API_SIMULATION
NC-220,COLOMBO-JAFFNA,2026-05-06T10:22:25.864Z,79.28,21.51,6.932554859785569,79.82311165940048,API_SIMULATION
IC-101,COLOMBO-KANDY,2026-05-06T10:22:25.864Z,25.51,1.1,6.910914775504499,79.82098489880197,API_SIMULATION
NC-220,COLOMBO-JAFFNA,2026-05-06T10:22:25.864Z,49.23,8.29,6.949928924468808,79.91680156776181,API_SIMULATION
IC-101,COLOMBO-KANDY,2026-05-06T10:22:25.864Z,60.79,7.76,6.942425201534176,79.91540702978702,API_SIMULATION
NC-220,COLOMBO-JAFFNA,2026-05-06T10:22:25.864Z,25.59,0.45,6.876413690424692,79.81069450900392,API_SIMULATION
IC-101,COLOMBO-KANDY,2026-05-06T10:22:25.864Z,23.43,4.33,6.947254492495869,79.8508832768388,API_SIMULATION
NC-220,COLOMBO-JAFFNA,2026-05-06T10:22:25.864Z,55.56,9.34,6.946755967776317,79.85754059415574,API_SIMULATION
IC-101,COLOMBO-KANDY,2026-05-06T10:22:25.864Z,63.14,23.32,6.964972831930759,79.83759768735058,API_SIMULATION
NC-220,COLOMBO-JAFFNA,2026-05-06T10:22:25.864Z,50.63,17.64,6.914359051460005,79.90463511112446,API_SIMULATION
IC-101,COLOMBO-KANDY,2026-05-06T10:22:25.864Z,50.74,21.7,6.942434207070694,79.84810467508014,API_SIMULATION
NC-220,COLOMBO-JAFFNA,2026-05-06T10:22:25.864Z,61.02,11.76,6.960821697007608,79.83698622342507,API_SIMULATION
IC-101,COLOMBO-KANDY,2026-05-06T10:22:25.864Z,57.4,2.34,6.9155574228648415,79.853044431548,API_SIMULATION
NC-220,COLOMBO-JAFFNA,2026-05-06T10:22:25.864Z,23.14,7.33,6.869506771449851,79.90175476808632,API_SIMULATION
IC-101,COLOMBO-KANDY,2026-05-06T10:22:25.864Z,82.82,7.47,6.955139503423382,79.88598037152323,API_SIMULATION
NC-220,COLOMBO-JAFFNA,2026-05-06T10:22:25.864Z,26.73,13.45,6.974009731874802,79.90349930086109,API_SIMULATION
IC-101,COLOMBO-KANDY,2026-05-06T10:22:25.864Z,33.8,1.56,6.92788335085751,79.85897759241928,API_SIMULATION
NC-220,COLOMBO-JAFFNA,2026-05-06T10:22:25.864Z,59.71,10.08,6.900655421626471,79.8169629405966,API_SIMULATION
IC-101,COLOMBO-KANDY,2026-05-06T10:22:25.864Z,76.08,13.76,6.905890876754973,79.83507489067702,API_SIMULATION
NC-220,COLOMBO-JAFFNA,2026-05-06T10:22:25.864Z,46.33,11.46,6.925618200961557,79.86424393475559,API_SIMULATION
IC-101,COLOMBO-KANDY,2026-05-06T10:22:25.864Z,52.42,24.68,6.975006430770595,79.8649395584131,API_SIMULATION
NC-220,COLOMBO-JAFFNA,2026-05-06T10:22:25.864Z,63.26,1.17,6.955236046326522,79.84861021366531,API_SIMULATION
IC-101,COLOMBO-KANDY,2026-05-06T10:22:25.864Z,23.34,0.04,6.881119666683744,79.82201709234806,API_SIMULATION
NC-220,COLOMBO-JAFFNA,2026-05-06T10:22:26.756Z,27.98,6.89,6.954502199764347,79.82210408689977,API_SIMULATION
IC-101,COLOMBO-KANDY,2026-05-06T10:22:26.756Z,46.67,22.58,6.925797053287064,79.85932121273943,API_SIMULATION
NC-220,COLOMBO-JAFFNA,2026-05-06T10:22:26.756Z,47.12,17.86,6.978104209714971,79.91605330575749,API_SIMULATION
IC-101,COLOMBO-KANDY,2026-05-06T10:22:26.756Z,54.71,12.55,6.981865913548209,79.86905931334644,API_SIMULATION
NC-220,COLOMBO-JAFFNA,2026-05-06T10:22:26.756Z,22.73,11,6.967137980587072,79.8694552300908,API_SIMULATION
IC-101,COLOMBO-KANDY,2026-05-06T10:22:26.756Z,30.78,21.17,6.972305052309525,79.89181386564142,API_SIMULATION
NC-220,COLOMBO-JAFFNA,2026-05-06T10:22:26.756Z,48.56,14.9,6.9500284977984155,79.90356442131728,API_SIMULATION
IC-101,COLOMBO-KANDY,2026-05-06T10:22:26.756Z,37.8,3.61,6.94636690275212,79.87704591241125,API_SIMULATION
NC-220,COLOMBO-JAFFNA,2026-05-06T10:22:26.756Z,35.78,24.22,6.867299500177047,79.84598980752037,API_SIMULATION
IC-101,COLOMBO-KANDY,2026-05-06T10:22:26.756Z,74.26,0.81,6.939540621406439,79.8859247436148,API_SIMULATION
NC-220,COLOMBO-JAFFNA,2026-05-06T10:22:26.756Z,68.85,3.75,6.976648423729467,79.88296652401094,API_SIMULATION
IC-101,COLOMBO-KANDY,2026-05-06T10:22:26.756Z,83.13,22.08,6.894319562076526,79.80758783555075,API_SIMULATION
NC-220,COLOMBO-JAFFNA,2026-05-06T10:22:26.756Z,38.6,19.88,6.935246907264435,79.91321847003181,API_SIMULATION
IC-101,COLOMBO-KANDY,2026-05-06T10:22:26.756Z,68.9,22.75,6.963349958672984,79.81581097385514,API_SIMULATION
NC-220,COLOMBO-JAFFNA,2026-05-06T10:22:26.756Z,48.39,4.79,6.952162617120625,79.88306596798805,API_SIMULATION
IC-101,COLOMBO-KANDY,2026-05-06T10:22:26.756Z,36.73,19.07,6.887049497106357,79.84066913210684,API_SIMULATION
NC-220,COLOMBO-JAFFNA,2026-05-06T10:22:26.756Z,25.3,5.14,6.927546819332333,79.8075802142914,API_SIMULATION
IC-101,COLOMBO-KANDY,2026-05-06T10:22:26.756Z,20.5,24.97,6.9481891791177555,79.88227721622586,API_SIMULATION
NC-220,COLOMBO-JAFFNA,2026-05-06T10:22:26.756Z,56.09,11.39,6.966668517180596,79.82566153342604,API_SIMULATION
IC-101,COLOMBO-KANDY,2026-05-06T10:22:26.756Z,75.01,22.7,6.902913369096875,79.8688226042503,API_SIMULATION
NC-220,COLOMBO-JAFFNA,2026-05-06T10:22:26.756Z,63.8,10.16,6.874315782401448,79.8347478061745,API_SIMULATION
IC-101,COLOMBO-KANDY,2026-05-06T10:22:26.756Z,56.78,4.11,6.937381645862623,79.83025780434662,API_SIMULATION
NC-220,COLOMBO-JAFFNA,2026-05-06T10:22:26.756Z,75.47,9.52,6.875662030789823,79.80837504809556,API_SIMULATION
IC-101,COLOMBO-KANDY,2026-05-06T10:22:26.756Z,35.36,0.2,6.930972330388862,79.83455411567729,API_SIMULATION
NC-220,COLOMBO-JAFFNA,2026-05-06T10:22:26.756Z,28.43,23.81,6.95276769112692,79.80829215737323,API_SIMULATION
IC-101,COLOMBO-KANDY,2026-05-06T10:22:26.756Z,64.21,4.04,6.918619956401809,79.84595404865657,API_SIMULATION
NC-220,COLOMBO-JAFFNA,2026-05-06T10:22:26.756Z,51.97,22.3,6.906117092187681,79.85182048056816,API_SIMULATION
IC-101,COLOMBO-KANDY,2026-05-06T10:22:26.756Z,40.95,1.84,6.888726079667094,79.83896329429137,API_SIMULATION
NC-220,COLOMBO-JAFFNA,2026-05-06T10:22:26.756Z,71.72,21.06,6.881194497144259,79.90575108872386,API_SIMULATION
IC-101,COLOMBO-KANDY,2026-05-06T10:22:26.756Z,31.2,8.56,6.960893332898768,79.83625520343317,API_SIMULATION
NC-220,COLOMBO-JAFFNA,2026-05-06T10:22:26.868Z,31.11,9,6.9304238289047655,79.8182362037231,API_SIMULATION
IC-101,COLOMBO-KANDY,2026-05-06T10:22:26.868Z,42.08,19.93,6.9691863649423444,79.86623046597965,API_SIMULATION
NC-220,COLOMBO-JAFFNA,2026-05-06T10:22:26.868Z,44.92,7.38,6.930609186592988,79.86874095350083,API_SIMULATION
IC-101,COLOMBO-KANDY,2026-05-06T10:22:26.868Z,77.39,13.77,6.976271674951033,79.80824030046752,API_SIMULATION
NC-220,COLOMBO-JAFFNA,2026-05-06T10:22:26.868Z,83.59,15.6,6.92762633374328,79.83487899355926,API_SIMULATION
IC-101,COLOMBO-KANDY,2026-05-06T10:22:26.868Z,62.4,5.37,6.968403451826516,79.91539851356343,API_SIMULATION
NC-220,COLOMBO-JAFFNA,2026-05-06T10:22:26.868Z,63.12,6.95,6.948066345730178,79.81906739932461,API_SIMULATION
IC-101,COLOMBO-KANDY,2026-05-06T10:22:26.868Z,26.24,13.91,6.901342858806863,79.89513101369698,API_SIMULATION
NC-220,COLOMBO-JAFFNA,2026-05-06T10:22:26.868Z,30.41,20.43,6.928617549347547,79.85478360523526,API_SIMULATION
IC-101,COLOMBO-KANDY,2026-05-06T10:22:26.868Z,57.17,21.78,6.905335442693584,79.80227858435906,API_SIMULATION
NC-220,COLOMBO-JAFFNA,2026-05-06T10:22:26.868Z,35.29,14.74,6.884351587041399,79.86883893728651,API_SIMULATION
IC-101,COLOMBO-KANDY,2026-05-06T10:22:26.868Z,69.45,1.72,6.901024419595354,79.855963178816,API_SIMULATION
NC-220,COLOMBO-JAFFNA,2026-05-06T10:22:26.868Z,60.3,16.54,6.968367914687549,79.90643562184592,API_SIMULATION
IC-101,COLOMBO-KANDY,2026-05-06T10:22:26.868Z,25.14,4.95,6.97497338127144,79.89605470561858,API_SIMULATION
NC-220,COLOMBO-JAFFNA,2026-05-06T10:22:26.868Z,39.8,16.6,6.870314480165368,79.83704338859383,API_SIMULATION
IC-101,COLOMBO-KANDY,2026-05-06T10:22:26.868Z,21.52,23.41,6.905830885879981,79.92093441147688,API_SIMULATION
NC-220,COLOMBO-JAFFNA,2026-05-06T10:22:26.868Z,28.86,4.47,6.9492977296086345,79.89991544226054,API_SIMULATION
IC-101,COLOMBO-KANDY,2026-05-06T10:22:26.868Z,40.2,15.58,6.900610342304979,79.9040841690242,API_SIMULATION
NC-220,COLOMBO-JAFFNA,2026-05-06T10:22:26.868Z,35.65,19.05,6.971487737544915,79.80244127288887,API_SIMULATION
IC-101,COLOMBO-KANDY,2026-05-06T10:22:26.868Z,21.66,15.26,6.8946974684347335,79.80699115332432,API_SIMULATION
NC-220,COLOMBO-JAFFNA,2026-05-06T10:22:26.868Z,34.3,23.7,6.911382227785725,79.86237538337065,API_SIMULATION
IC-101,COLOMBO-KANDY,2026-05-06T10:22:26.868Z,81.59,21.19,6.957544321552526,79.86970913467503,API_SIMULATION
NC-220,COLOMBO-JAFFNA,2026-05-06T10:22:26.868Z,38.2,10.25,6.890956067943997,79.88682932059051,API_SIMULATION
IC-101,COLOMBO-KANDY,2026-05-06T10:22:26.868Z,82.63,7.53,6.915124011489291,79.88024625391104,API_SIMULATION
NC-220,COLOMBO-JAFFNA,2026-05-06T10:22:26.868Z,31.67,9.24,6.950576297023548,79.90668776317496,API_SIMULATION
IC-101,COLOMBO-KANDY,2026-05-06T10:22:26.868Z,70.62,13.73,6.9073570256371255,79.88115897700551,API_SIMULATION
NC-220,COLOMBO-JAFFNA,2026-05-06T10:22:26.868Z,60.35,16.19,6.881308986540383,79.80493251317205,API_SIMULATION
IC-101,COLOMBO-KANDY,2026-05-06T10:22:26.868Z,72.62,7.22,6.986700352174789,79.8033294217419,API_SIMULATION
NC-220,COLOMBO-JAFFNA,2026-05-06T10:22:26.868Z,37.6,0.42,6.91264522505457,79.80773619497356,API_SIMULATION
IC-101,COLOMBO-KANDY,2026-05-06T10:22:26.868Z,84.15,14.38,6.9100803702319675,79.8600271827928,API_SIMULATION
NC-220,COLOMBO-JAFFNA,2026-05-06T10:22:27.094Z,76.48,14.31,6.894614836816946,79.82326690588518,API_SIMULATION
IC-101,COLOMBO-KANDY,2026-05-06T10:22:27.094Z,44.47,1.52,6.931559301890493,79.87441056644406,API_SIMULATION
NC-220,COLOMBO-JAFFNA,2026-05-06T10:22:27.094Z,52.96,11.1,6.886713226255928,79.90090667765995,API_SIMULATION
IC-101,COLOMBO-KANDY,2026-05-06T10:22:27.094Z,65.85,23.38,6.975502792328189,79.80763632326298,API_SIMULATION
NC-220,COLOMBO-JAFFNA,2026-05-06T10:22:27.094Z,25.27,22.86,6.958690963275755,79.8410792048361,API_SIMULATION
IC-101,COLOMBO-KANDY,2026-05-06T10:22:27.094Z,80.3,15.29,6.946824721758584,79.8400294182791,API_SIMULATION
NC-220,COLOMBO-JAFFNA,2026-05-06T10:22:27.094Z,49.18,1.5,6.902529590276028,79.85804229871066,API_SIMULATION
IC-101,COLOMBO-KANDY,2026-05-06T10:22:27.094Z,55.95,2.79,6.916287330721331,79.89042161366235,API_SIMULATION
NC-220,COLOMBO-JAFFNA,2026-05-06T10:22:27.094Z,51.02,19.43,6.886132166665469,79.85720817072138,API_SIMULATION
IC-101,COLOMBO-KANDY,2026-05-06T10:22:27.094Z,81.69,12.27,6.899015720090019,79.85202149407885,API_SIMULATION
NC-220,COLOMBO-JAFFNA,2026-05-06T10:22:27.094Z,49.63,1.83,6.910206261326565,79.80476167505135,API_SIMULATION
IC-101,COLOMBO-KANDY,2026-05-06T10:22:27.094Z,71.91,5.69,6.92712727643159,79.869685322037,API_SIMULATION
NC-220,COLOMBO-JAFFNA,2026-05-06T10:22:27.094Z,25.24,23.44,6.892877912304805,79.91935160666091,API_SIMULATION
IC-101,COLOMBO-KANDY,2026-05-06T10:22:27.094Z,21.72,2.37,6.963926069785944,79.8324253687531,API_SIMULATION
NC-220,COLOMBO-JAFFNA,2026-05-06T10:22:27.094Z,70.5,9.93,6.97387989845559,79.91673215581586,API_SIMULATION
IC-101,COLOMBO-KANDY,2026-05-06T10:22:27.094Z,62.93,0.5,6.888570044026066,79.83079747504227,API_SIMULATION
NC-220,COLOMBO-JAFFNA,2026-05-06T10:22:27.094Z,75.66,19.87,6.948431169612327,79.8806439698321,API_SIMULATION
IC-101,COLOMBO-KANDY,2026-05-06T10:22:27.095Z,75.32,9.75,6.918279583694271,79.85754054951133,API_SIMULATION
NC-220,COLOMBO-JAFFNA,2026-05-06T10:22:27.095Z,80.71,1.14,6.88854810055138,79.8518975860614,API_SIMULATION
IC-101,COLOMBO-KANDY,2026-05-06T10:22:27.095Z,26.15,2.76,6.944546613063441,79.85152168539983,API_SIMULATION
NC-220,COLOMBO-JAFFNA,2026-05-06T10:22:27.095Z,70.22,5.78,6.90382182825847,79.84927726199811,API_SIMULATION
IC-101,COLOMBO-KANDY,2026-05-06T10:22:27.095Z,35.8,15.57,6.969486217945058,79.84072667294117,API_SIMULATION
NC-220,COLOMBO-JAFFNA,2026-05-06T10:22:27.095Z,81.54,4.34,6.892159170946759,79.88277071136014,API_SIMULATION
IC-101,COLOMBO-KANDY,2026-05-06T10:22:27.095Z,45.25,17.9,6.97194983425372,79.8822174661382,API_SIMULATION
NC-220,COLOMBO-JAFFNA,2026-05-06T10:22:27.095Z,45.86,15.09,6.969052188653492,79.84311613506628,API_SIMULATION
IC-101,COLOMBO-KANDY,2026-05-06T10:22:27.095Z,47.33,21.11,6.936823963480059,79.87464700200997,API_SIMULATION
NC-220,COLOMBO-JAFFNA,2026-05-06T10:22:27.095Z,79.77,10.39,6.867723512055609,79.81066942522679,API_SIMULATION
IC-101,COLOMBO-KANDY,2026-05-06T10:22:27.095Z,35.55,0.67,6.914797542933569,79.81890479916132,API_SIMULATION
NC-220,COLOMBO-JAFFNA,2026-05-06T10:22:27.095Z,22.51,24.38,6.897020745255379,79.85985725421199,API_SIMULATION
IC-101,COLOMBO-KANDY,2026-05-06T10:22:27.095Z,70.1,24.01,6.926120662524573,79.90708811012402,API_SIMULATION
NC-220,COLOMBO-JAFFNA,2026-05-09T05:37:34.204Z,81.62,13.38,6.937430786665748,79.89125957760918,API_SIMULATION
IC-101,COLOMBO-KANDY,2026-05-09T05:37:34.204Z,60.28,13.66,6.969185049365874,79.84103854317388,API_SIMULATION
NC-220,COLOMBO-JAFFNA,2026-05-09T05:38:04.154Z,75.35,14.93,6.954583139881243,79.90352348325894,API_SIMULATION
IC-101,COLOMBO-KANDY,2026-05-09T05:38:04.154Z,81.78,1.2,6.932741456010927,79.82555101250927,API_SIMULATION
NC-220,COLOMBO-JAFFNA,2026-05-09T05:38:34.156Z,57.46,2.51,6.873079287286276,79.84674241249648,API_SIMULATION
IC-101,COLOMBO-KANDY,2026-05-09T05:38:34.156Z,38.59,15.48,6.926430830138006,79.82900381242635,API_SIMULATION
NC-220,COLOMBO-JAFFNA,2026-05-09T05:39:04.161Z,70.88,11.17,6.9028781302086015,79.91161766487008,API_SIMULATION
IC-101,COLOMBO-KANDY,2026-05-09T05:39:04.161Z,23.82,22.54,6.973676209346248,79.87119937558846,API_SIMULATION
NC-220,COLOMBO-JAFFNA,2026-05-09T05:39:34.172Z,56.73,4.85,6.938175098906998,79.87122570950076,API_SIMULATION
IC-101,COLOMBO-KANDY,2026-05-09T05:39:34.172Z,48.33,22.93,6.875500760237525,79.84813019295144,API_SIMULATION
NC-220,COLOMBO-JAFFNA,2026-05-09T05:40:04.177Z,84.03,20.08,6.886548352724306,79.8061754731992,API_SIMULATION
IC-101,COLOMBO-KANDY,2026-05-09T05:40:04.177Z,52.37,6.16,6.965635230845639,79.84001666138954,API_SIMULATION
NC-220,COLOMBO-JAFFNA,2026-05-09T05:40:34.184Z,22.65,12.48,6.884798719429745,79.8021913744475,API_SIMULATION
IC-101,COLOMBO-KANDY,2026-05-09T05:40:34.184Z,52.76,21.73,6.888453513021026,79.81986863907858,API_SIMULATION
NC-220,COLOMBO-JAFFNA,2026-05-09T05:41:04.204Z,74.99,14.17,6.966950583377883,79.8390673318414,API_SIMULATION
IC-101,COLOMBO-KANDY,2026-05-09T05:41:04.204Z,34.25,13.99,6.9599545286602895,79.90622374241586,API_SIMULATION
NC-220,COLOMBO-JAFFNA,2026-05-09T05:41:34.206Z,62.65,14.66,6.965328425504783,79.81697711815407,API_SIMULATION
IC-101,COLOMBO-KANDY,2026-05-09T05:41:34.206Z,77.75,22.02,6.878095051204872,79.84298621070037,API_SIMULATION
NC-220,COLOMBO-JAFFNA,2026-05-09T05:42:13.384Z,81.76,8.27,6.978520209772056,79.81242921392779,API_SIMULATION
IC-101,COLOMBO-KANDY,2026-05-09T05:42:13.384Z,81.6,17.19,6.938142701987706,79.82043096534564,API_SIMULATION
NC-220,COLOMBO-JAFFNA,2026-05-09T05:42:43.365Z,43.68,17,6.980289406584326,79.83742879096586,API_SIMULATION
IC-101,COLOMBO-KANDY,2026-05-09T05:42:43.365Z,50.67,3.41,6.872298794233213,79.85848239830034,API_SIMULATION
NC-220,COLOMBO-JAFFNA,2026-05-09T05:43:13.364Z,46.66,22.73,6.8976945931496125,79.87685368310439,API_SIMULATION
IC-101,COLOMBO-KANDY,2026-05-09T05:43:13.364Z,52.07,1.01,6.9844021562759675,79.81899736828787,API_SIMULATION
NC-220,COLOMBO-JAFFNA,2026-05-09T05:43:43.375Z,57.38,18.94,6.969058273335639,79.88363368841729,API_SIMULATION
IC-101,COLOMBO-KANDY,2026-05-09T05:43:43.375Z,21.09,3.07,6.909888939896523,79.90396528725118,API_SIMULATION
NC-220,COLOMBO-JAFFNA,2026-05-09T05:44:13.384Z,65.39,20.33,6.878662133940249,79.82826309190423,API_SIMULATION
IC-101,COLOMBO-KANDY,2026-05-09T05:44:13.384Z,29.15,19.83,6.867892241649243,79.84623917732578,API_SIMULATION
NC-220,COLOMBO-JAFFNA,2026-05-09T05:44:59.567Z,59.72,13.98,6.893272282693413,79.83381874771527,API_SIMULATION
IC-101,COLOMBO-KANDY,2026-05-09T05:44:59.567Z,50.09,8.73,6.933717445420942,79.8178329879962,API_SIMULATION
NC-220,COLOMBO-JAFFNA,2026-05-09T05:45:29.578Z,56.8,24.52,6.873018272021811,79.90793301761775,API_SIMULATION
IC-101,COLOMBO-KANDY,2026-05-09T05:45:29.578Z,82.45,18.84,6.974266953557759,79.81314211044797,API_SIMULATION
NC-220,COLOMBO-JAFFNA,2026-05-09T05:46:00.402Z,48.44,24.06,6.870304397552343,79.80230008860757,API_SIMULATION
IC-101,COLOMBO-KANDY,2026-05-09T05:46:00.402Z,28.88,6.71,6.899379602319232,79.90839882970076,API_SIMULATION
NC-220,COLOMBO-JAFFNA,2026-05-09T05:46:29.600Z,55.57,18.96,6.948385054284029,79.88985190502827,API_SIMULATION
IC-101,COLOMBO-KANDY,2026-05-09T05:46:29.600Z,28.22,11.3,6.8955747745605285,79.86445832563416,API_SIMULATION
NC-220,COLOMBO-JAFFNA,2026-05-09T05:46:59.607Z,61.03,14.85,6.956570893599918,79.91411950092943,API_SIMULATION
IC-101,COLOMBO-KANDY,2026-05-09T05:46:59.608Z,53.36,19.97,6.977004104754015,79.9179024356048,API_SIMULATION
NC-220,COLOMBO-JAFFNA,2026-05-09T05:47:29.624Z,61.23,16.56,6.8932029209728976,79.91879458070908,API_SIMULATION
IC-101,COLOMBO-KANDY,2026-05-09T05:47:29.624Z,38.76,1.03,6.9402681452322526,79.91309134392162,API_SIMULATION
NC-220,COLOMBO-JAFFNA,2026-05-09T05:47:59.685Z,68.05,14.81,6.934078869698436,79.80821978503906,API_SIMULATION
IC-101,COLOMBO-KANDY,2026-05-09T05:47:59.685Z,21.75,9.27,6.9101290315191175,79.8193566369625,API_SIMULATION
NC-220,COLOMBO-JAFFNA,2026-05-09T05:48:29.698Z,36.47,1.93,6.977032843504225,79.89658515324273,API_SIMULATION
IC-101,COLOMBO-KANDY,2026-05-09T05:48:29.698Z,49.68,22.79,6.909096215186317,79.8851897342591,API_SIMULATION
NC-220,COLOMBO-JAFFNA,2026-05-09T05:48:59.700Z,51.47,23.26,6.8877568997288865,79.85961719235424,API_SIMULATION
IC-101,COLOMBO-KANDY,2026-05-09T05:48:59.700Z,36.19,9.1,6.9340361169804305,79.84787521496169,API_SIMULATION
NC-220,COLOMBO-JAFFNA,2026-05-09T05:49:29.699Z,29.66,10.05,6.932448157988213,79.87158711908019,API_SIMULATION
IC-101,COLOMBO-KANDY,2026-05-09T05:49:29.699Z,41.78,6.12,6.925488371765328,79.83463532129656,API_SIMULATION
NC-220,COLOMBO-JAFFNA,2026-05-09T05:49:59.701Z,38.94,6.19,6.899216725302641,79.85016012885936,API_SIMULATION
IC-101,COLOMBO-KANDY,2026-05-09T05:49:59.701Z,66.34,19.44,6.887574810804162,79.890379668444,API_SIMULATION
NC-220,COLOMBO-JAFFNA,2026-05-09T05:50:29.720Z,81.18,24.69,6.910055136716188,79.80203881780822,API_SIMULATION
IC-101,COLOMBO-KANDY,2026-05-09T05:50:29.720Z,50.98,4.18,6.9462229291599895,79.81322228026808,API_SIMULATION
NC-220,COLOMBO-JAFFNA,2026-05-09T05:50:59.734Z,64.51,11.48,6.970090529915419,79.81207350225061,API_SIMULATION
IC-101,COLOMBO-KANDY,2026-05-09T05:50:59.734Z,31.99,16.16,6.9349784980182125,79.90094119940268,API_SIMULATION
NC-220,COLOMBO-JAFFNA,2026-05-09T05:51:29.732Z,34.67,13.99,6.880334344670512,79.90849032563138,API_SIMULATION
IC-101,COLOMBO-KANDY,2026-05-09T05:51:29.732Z,54.71,23.64,6.949866365049286,79.86080233574434,API_SIMULATION
NC-220,COLOMBO-JAFFNA,2026-05-09T05:51:59.736Z,81.36,24.07,6.982252222093711,79.83092364266152,API_SIMULATION
IC-101,COLOMBO-KANDY,2026-05-09T05:51:59.736Z,24.72,5.56,6.906499707744816,79.88714870685473,API_SIMULATION
NC-220,COLOMBO-JAFFNA,2026-05-09T05:52:29.746Z,29.12,6.04,6.874169710130244,79.85933064045636,API_SIMULATION
IC-101,COLOMBO-KANDY,2026-05-09T05:52:29.746Z,64.84,21.24,6.896397626265607,79.87032157864235,API_SIMULATION
NC-220,COLOMBO-JAFFNA,2026-05-09T05:52:59.763Z,53.73,5.19,6.872357790011635,79.86255414097572,API_SIMULATION
IC-101,COLOMBO-KANDY,2026-05-09T05:52:59.763Z,46.67,8,6.961648954395379,79.80360842306912,API_SIMULATION
NC-220,COLOMBO-JAFFNA,2026-05-09T05:53:29.772Z,31.02,6.32,6.9063754530944905,79.84150776991582,API_SIMULATION
IC-101,COLOMBO-KANDY,2026-05-09T05:53:29.772Z,38.09,1.97,6.915675300678659,79.9172705540128,API_SIMULATION
NC-220,COLOMBO-JAFFNA,2026-05-09T05:53:59.774Z,29.04,15.91,6.9676153830305045,79.87717353996902,API_SIMULATION
IC-101,COLOMBO-KANDY,2026-05-09T05:53:59.774Z,25.04,24.6,6.892897449358706,79.82737542219736,API_SIMULATION
NC-220,COLOMBO-JAFFNA,2026-05-09T05:54:29.784Z,39.86,17.26,6.925400378352904,79.91939620206873,API_SIMULATION
IC-101,COLOMBO-KANDY,2026-05-09T05:54:29.784Z,83.52,24.42,6.877837699660025,79.82543457506655,API_SIMULATION
NC-220,COLOMBO-JAFFNA,2026-05-09T05:54:59.785Z,83.51,13.12,6.950951650406815,79.82589710091128,API_SIMULATION
IC-101,COLOMBO-KANDY,2026-05-09T05:54:59.785Z,75.76,14,6.888027212169983,79.84559337664959,API_SIMULATION
NC-220,COLOMBO-JAFFNA,2026-05-09T05:55:29.797Z,72.76,12.93,6.921161223185367,79.8116672801347,API_SIMULATION
IC-101,COLOMBO-KANDY,2026-05-09T05:55:29.797Z,23.63,16.17,6.909992460511925,79.89238490860014,API_SIMULATION
NC-220,COLOMBO-JAFFNA,2026-05-09T05:55:59.805Z,62.39,14.34,6.943374482719373,79.87369162124104,API_SIMULATION
IC-101,COLOMBO-KANDY,2026-05-09T05:55:59.805Z,48.91,8.01,6.8716748054093575,79.88214598126923,API_SIMULATION
NC-220,COLOMBO-JAFFNA,2026-05-09T05:56:29.815Z,35.31,12.61,6.869383726707732,79.82245551897073,API_SIMULATION
IC-101,COLOMBO-KANDY,2026-05-09T05:56:29.815Z,41.6,18.67,6.916250992075681,79.91521665837159,API_SIMULATION
NC-220,COLOMBO-JAFFNA,2026-05-09T05:56:59.817Z,74.55,21.72,6.977846066540335,79.88449662159918,API_SIMULATION
IC-101,COLOMBO-KANDY,2026-05-09T05:56:59.817Z,31.27,22.08,6.904340975992677,79.8683684520483,API_SIMULATION
NC-220,COLOMBO-JAFFNA,2026-05-09T05:57:29.819Z,39.8,18.94,6.974213071217334,79.89145010738672,API_SIMULATION
IC-101,COLOMBO-KANDY,2026-05-09T05:57:29.819Z,30.39,4.67,6.9070578342248155,79.84582341456334,API_SIMULATION
NC-220,COLOMBO-JAFFNA,2026-05-09T05:57:59.831Z,62.22,2.33,6.979329481525113,79.86691153591875,API_SIMULATION
IC-101,COLOMBO-KANDY,2026-05-09T05:57:59.831Z,25.1,24.8,6.881545428674415,79.86395637460421,API_SIMULATION
NC-220,COLOMBO-JAFFNA,2026-05-09T05:58:29.839Z,65.35,16.39,6.954641123778165,79.83187767655633,API_SIMULATION
IC-101,COLOMBO-KANDY,2026-05-09T05:58:29.839Z,74.5,12.76,6.9091427523072415,79.81059647077399,API_SIMULATION
NC-220,COLOMBO-JAFFNA,2026-05-09T05:58:59.846Z,47.67,20.59,6.978547255893175,79.85589463503463,API_SIMULATION
IC-101,COLOMBO-KANDY,2026-05-09T05:58:59.846Z,56.06,16.72,6.945023190979867,79.87487686147965,API_SIMULATION
NC-220,COLOMBO-JAFFNA,2026-05-09T05:59:29.862Z,44.09,8.6,6.933641675890399,79.90379061791587,API_SIMULATION
IC-101,COLOMBO-KANDY,2026-05-09T05:59:29.862Z,73.43,7.02,6.979679445886454,79.86048425556251,API_SIMULATION
NC-220,COLOMBO-JAFFNA,2026-05-09T05:59:59.868Z,74.3,8.32,6.959254015748094,79.87412698999461,API_SIMULATION
IC-101,COLOMBO-KANDY,2026-05-09T05:59:59.868Z,29.79,21.34,6.896951165591228,79.90504647438763,API_SIMULATION
NC-220,COLOMBO-JAFFNA,2026-05-09T06:00:29.872Z,84.18,0.77,6.92011285996826,79.86413515461723,API_SIMULATION
IC-101,COLOMBO-KANDY,2026-05-09T06:00:29.872Z,51.84,9.12,6.906458935488634,79.89864959749026,API_SIMULATION
NC-220,COLOMBO-JAFFNA,2026-05-09T06:00:59.881Z,74.21,16.99,6.876634271226707,79.8592090169777,API_SIMULATION
IC-101,COLOMBO-KANDY,2026-05-09T06:00:59.881Z,20.45,7.84,6.875411030353823,79.88449715329818,API_SIMULATION
NC-220,COLOMBO-JAFFNA,2026-05-09T06:01:29.940Z,23.84,16.3,6.953760376885577,79.88817086787759,API_SIMULATION
IC-101,COLOMBO-KANDY,2026-05-09T06:01:29.940Z,76.3,21.04,6.962946592455485,79.91715542359024,API_SIMULATION
NC-220,COLOMBO-JAFFNA,2026-05-09T06:01:59.946Z,63.44,23.06,6.9454265875385515,79.83386114058513,API_SIMULATION
IC-101,COLOMBO-KANDY,2026-05-09T06:01:59.946Z,48.38,6.47,6.9036255819040875,79.82406312914712,API_SIMULATION
NC-220,COLOMBO-JAFFNA,2026-05-09T06:02:29.957Z,35.02,5.23,6.969241966927894,79.81524787336348,API_SIMULATION
IC-101,COLOMBO-KANDY,2026-05-09T06:02:29.957Z,70.78,23.12,6.8888962448334246,79.89501602994257,API_SIMULATION
NC-220,COLOMBO-JAFFNA,2026-05-09T06:02:59.968Z,51.62,9.32,6.901356053302006,79.82847747378369,API_SIMULATION
IC-101,COLOMBO-KANDY,2026-05-09T06:02:59.968Z,69.78,5.81,6.918256570634474,79.89854056937958,API_SIMULATION
NC-220,COLOMBO-JAFFNA,2026-05-09T06:03:29.971Z,68.76,10.98,6.872287553059233,79.82676914840434,API_SIMULATION
IC-101,COLOMBO-KANDY,2026-05-09T06:03:29.971Z,51.37,6.55,6.94001168189643,79.88440933847357,API_SIMULATION
NC-220,COLOMBO-JAFFNA,2026-05-09T06:03:59.981Z,72.58,24.94,6.9288407159674925,79.86615698389562,API_SIMULATION
IC-101,COLOMBO-KANDY,2026-05-09T06:03:59.981Z,70.56,6.75,6.982782309531395,79.83102761208212,API_SIMULATION
NC-220,COLOMBO-JAFFNA,2026-05-09T06:04:12.080Z,55.71,17.78,6.88982499177717,79.86508376696395,API_SIMULATION
IC-101,COLOMBO-KANDY,2026-05-09T06:04:12.080Z,61.09,20.01,6.900665170752381,79.8331380527961,API_SIMULATION
CS-305,COLOMBO-GALLE,2026-05-09T06:04:12.080Z,60.63,2.4,6.982862826189851,79.92042302866207,API_SIMULATION
MC-520,COLOMBO-KANDY,2026-05-09T06:04:12.080Z,41.66,0.18,6.87692387409779,79.86932600060365,API_SIMULATION
CS-410,COLOMBO-MATARA,2026-05-09T06:04:12.080Z,21.56,10.48,6.9160592647419366,79.85534521840417,API_SIMULATION
NC-220,COLOMBO-JAFFNA,2026-05-09T06:04:12.080Z,45.74,16.22,6.894129557409217,79.8563105282893,API_SIMULATION
IC-101,COLOMBO-KANDY,2026-05-09T06:04:12.080Z,31.45,21.37,6.953645212670308,79.84504628194742,API_SIMULATION
CS-305,COLOMBO-GALLE,2026-05-09T06:04:12.080Z,39.75,4.91,6.951428287300169,79.91593578381692,API_SIMULATION
MC-520,COLOMBO-KANDY,2026-05-09T06:04:12.080Z,66.57,12.35,6.966581951631039,79.85926216644066,API_SIMULATION
CS-410,COLOMBO-MATARA,2026-05-09T06:04:12.080Z,77.14,10.72,6.971014222224065,79.84712380654837,API_SIMULATION
NC-220,COLOMBO-JAFFNA,2026-05-09T06:04:12.080Z,25.77,20.73,6.925066116068856,79.8839520940419,API_SIMULATION
IC-101,COLOMBO-KANDY,2026-05-09T06:04:12.080Z,28.33,23.95,6.881699851137738,79.87088419610076,API_SIMULATION
CS-305,COLOMBO-GALLE,2026-05-09T06:04:12.080Z,50.12,20.32,6.884657681080854,79.86870840069085,API_SIMULATION
MC-520,COLOMBO-KANDY,2026-05-09T06:04:12.080Z,78.42,1.62,6.909681378005087,79.83104627306909,API_SIMULATION
CS-410,COLOMBO-MATARA,2026-05-09T06:04:12.080Z,65.9,0.58,6.948726579126224,79.82756163032754,API_SIMULATION
NC-220,COLOMBO-JAFFNA,2026-05-09T06:04:12.080Z,44.3,15.98,6.924534954380274,79.84431789240037,API_SIMULATION
IC-101,COLOMBO-KANDY,2026-05-09T06:04:12.080Z,80.22,13.44,6.96202454857394,79.80414980671438,API_SIMULATION
CS-305,COLOMBO-GALLE,2026-05-09T06:04:12.080Z,49.21,20.36,6.873109160399198,79.81309817347035,API_SIMULATION
MC-520,COLOMBO-KANDY,2026-05-09T06:04:12.080Z,43.05,21.25,6.954938707060501,79.90443169778058,API_SIMULATION
CS-410,COLOMBO-MATARA,2026-05-09T06:04:12.080Z,60.8,8.47,6.871215594674101,79.89147179818279,API_SIMULATION
NC-220,COLOMBO-JAFFNA,2026-05-09T06:04:12.080Z,79.63,11.61,6.8681111343953525,79.84522031474518,API_SIMULATION
IC-101,COLOMBO-KANDY,2026-05-09T06:04:12.080Z,60.26,14.24,6.893972987189782,79.86972481649909,API_SIMULATION
CS-305,COLOMBO-GALLE,2026-05-09T06:04:12.080Z,48.33,5.03,6.929929927531938,79.91808295743925,API_SIMULATION
MC-520,COLOMBO-KANDY,2026-05-09T06:04:12.080Z,72.46,7.29,6.983068347205271,79.87900532430324,API_SIMULATION
CS-410,COLOMBO-MATARA,2026-05-09T06:04:12.080Z,71.39,10.64,6.936831163603559,79.81425874297808,API_SIMULATION
NC-220,COLOMBO-JAFFNA,2026-05-09T06:04:12.080Z,77.51,8.32,6.930409257935697,79.8060403770676,API_SIMULATION
IC-101,COLOMBO-KANDY,2026-05-09T06:04:12.080Z,65,9.74,6.88664376849134,79.842857569051,API_SIMULATION
CS-305,COLOMBO-GALLE,2026-05-09T06:04:12.080Z,27.86,20.42,6.983052016580674,79.85147954577576,API_SIMULATION
MC-520,COLOMBO-KANDY,2026-05-09T06:04:12.080Z,35.95,17.62,6.951468563463319,79.9095729961812,API_SIMULATION
CS-410,COLOMBO-MATARA,2026-05-09T06:04:12.080Z,66.27,13.34,6.8921654253896865,79.83678814706116,API_SIMULATION
NC-220,COLOMBO-JAFFNA,2026-05-09T06:04:29.982Z,51.14,2.55,6.878446653834674,79.85529762225995,API_SIMULATION
IC-101,COLOMBO-KANDY,2026-05-09T06:04:29.982Z,44.89,0.03,6.968714360603015,79.80603402419203,API_SIMULATION
CS-305,COLOMBO-GALLE,2026-05-09T06:04:29.982Z,83.75,10.52,6.918555381397288,79.8583457159033,API_SIMULATION
MC-520,COLOMBO-KANDY,2026-05-09T06:04:29.982Z,55.53,13.6,6.895784881160031,79.84243419293011,API_SIMULATION
CS-410,COLOMBO-MATARA,2026-05-09T06:04:29.982Z,28.19,12.49,6.986785927816163,79.86288597173997,API_SIMULATION
NC-640,COLOMBO-JAFFNA,2026-05-09T06:04:29.982Z,68.11,10.52,6.983753146605155,79.86741906337906,API_SIMULATION
NC-710,COLOMBO-JAFFNA,2026-05-09T06:04:29.982Z,72.44,20.58,6.947165590253085,79.88850766984844,API_SIMULATION
WB-115,RAGAMA-COLOMBO,2026-05-09T06:04:29.982Z,53.18,10.32,6.903505055469268,79.8425512596436,API_SIMULATION
CC-222,GAMPAHA-COLOMBO,2026-05-09T06:04:29.982Z,58.36,21.61,6.937066705545826,79.91533304415815,API_SIMULATION
SL-909,MATARA-COLOMBO,2026-05-09T06:04:29.982Z,60.97,5.25,6.961300991952175,79.86480774379224,API_SIMULATION
HS-808,KANDY-COLOMBO,2026-05-09T06:04:29.982Z,29.35,10.64,6.893007752218774,79.88076371310952,API_SIMULATION
NC-220,COLOMBO-JAFFNA,2026-05-09T06:04:59.984Z,35.04,17.68,6.927790169871559,79.8450578751726,API_SIMULATION
IC-101,COLOMBO-KANDY,2026-05-09T06:04:59.984Z,68.05,10.46,6.964796913062581,79.87305875394209,API_SIMULATION
CS-305,COLOMBO-GALLE,2026-05-09T06:04:59.984Z,79.53,24.39,6.971944092007882,79.86812716924268,API_SIMULATION
MC-520,COLOMBO-KANDY,2026-05-09T06:04:59.984Z,78.74,23.91,6.8685646264014135,79.92032987736916,API_SIMULATION
CS-410,COLOMBO-MATARA,2026-05-09T06:04:59.984Z,63.44,7.61,6.898712740938885,79.8876759644783,API_SIMULATION
NC-640,COLOMBO-JAFFNA,2026-05-09T06:04:59.984Z,83.32,0.7,6.966066848015366,79.86134901808859,API_SIMULATION
NC-710,COLOMBO-JAFFNA,2026-05-09T06:04:59.984Z,83.23,16.54,6.934112653375425,79.88503660169512,API_SIMULATION
WB-115,RAGAMA-COLOMBO,2026-05-09T06:04:59.984Z,46.53,16.74,6.945914119679598,79.82075505122157,API_SIMULATION
CC-222,GAMPAHA-COLOMBO,2026-05-09T06:04:59.984Z,47.34,16.92,6.931850587563164,79.91736359479452,API_SIMULATION
SL-909,MATARA-COLOMBO,2026-05-09T06:04:59.984Z,37.22,18.71,6.910152454820966,79.89653370838631,API_SIMULATION
HS-808,KANDY-COLOMBO,2026-05-09T06:04:59.984Z,64.87,6.8,6.943462755625912,79.91312859581137,API_SIMULATION
NC-220,COLOMBO-JAFFNA,2026-05-09T06:05:29.657Z,24.3,0.37,6.892538898328467,79.89720472564231,API_SIMULATION
NC-220,COLOMBO-JAFFNA,2026-05-09T06:05:30.001Z,40.02,6.84,6.881773584641342,79.88545068403788,API_SIMULATION
IC-101,COLOMBO-KANDY,2026-05-09T06:05:30.001Z,27.97,5.52,6.871939968507652,79.84947783346007,API_SIMULATION
CS-305,COLOMBO-GALLE,2026-05-09T06:05:30.001Z,50.97,9.76,6.952330472785384,79.91132931924466,API_SIMULATION
MC-520,COLOMBO-KANDY,2026-05-09T06:05:30.001Z,65.75,15.98,6.870671951070671,79.81189795772337,API_SIMULATION
CS-410,COLOMBO-MATARA,2026-05-09T06:05:30.001Z,69.31,16.3,6.9159100496958885,79.80756999283669,API_SIMULATION
NC-640,COLOMBO-JAFFNA,2026-05-09T06:05:30.001Z,24.64,21.69,6.982787557229154,79.85006666134612,API_SIMULATION
NC-710,COLOMBO-JAFFNA,2026-05-09T06:05:30.001Z,56.68,12.81,6.9035346020207875,79.89211511709837,API_SIMULATION
WB-115,RAGAMA-COLOMBO,2026-05-09T06:05:30.001Z,64.26,13.66,6.949464439319485,79.8867836620606,API_SIMULATION
CC-222,GAMPAHA-COLOMBO,2026-05-09T06:05:30.001Z,78.08,7.42,6.953859724123961,79.86916599817712,API_SIMULATION
SL-909,MATARA-COLOMBO,2026-05-09T06:05:30.001Z,59.22,14.93,6.9688617433686915,79.80284209253665,API_SIMULATION
HS-808,KANDY-COLOMBO,2026-05-09T06:05:30.001Z,58.65,23.88,6.911713043347067,79.83498475516365,API_SIMULATION
NC-220,COLOMBO-JAFFNA,2026-05-09T06:06:00.008Z,38.93,7.46,6.917258687147283,79.86785814498698,API_SIMULATION
IC-101,COLOMBO-KANDY,2026-05-09T06:06:00.008Z,44.46,4.89,6.946008230523805,79.87176667968897,API_SIMULATION
CS-305,COLOMBO-GALLE,2026-05-09T06:06:00.008Z,56.38,23.84,6.870858974089004,79.81849331189454,API_SIMULATION
MC-520,COLOMBO-KANDY,2026-05-09T06:06:00.008Z,21.53,16.52,6.974047078883461,79.90150058058737,API_SIMULATION
CS-410,COLOMBO-MATARA,2026-05-09T06:06:00.008Z,21.42,15.37,6.89679561380465,79.87409816457522,API_SIMULATION
NC-640,COLOMBO-JAFFNA,2026-05-09T06:06:00.008Z,79.78,2.22,6.869654848646381,79.91091696060374,API_SIMULATION
NC-710,COLOMBO-JAFFNA,2026-05-09T06:06:00.008Z,36.52,11.2,6.9113261516939115,79.8749166142651,API_SIMULATION
WB-115,RAGAMA-COLOMBO,2026-05-09T06:06:00.008Z,58.34,20.72,6.966809476485661,79.88641130672566,API_SIMULATION
CC-222,GAMPAHA-COLOMBO,2026-05-09T06:06:00.008Z,76.09,18.9,6.971209420746294,79.83973867069056,API_SIMULATION
SL-909,MATARA-COLOMBO,2026-05-09T06:06:00.008Z,28.06,13.99,6.880112959247167,79.87765413599696,API_SIMULATION
HS-808,KANDY-COLOMBO,2026-05-09T06:06:00.008Z,26.13,9.52,6.9538093875932345,79.8230476166486,API_SIMULATION
NC-220,COLOMBO-JAFFNA,2026-05-09T06:06:30.017Z,79.45,1.9,6.891397285487168,79.83850439349467,API_SIMULATION
IC-101,COLOMBO-KANDY,2026-05-09T06:06:30.017Z,30.07,17.52,6.930096283639261,79.84781809390894,API_SIMULATION
CS-305,COLOMBO-GALLE,2026-05-09T06:06:30.017Z,43.69,13.19,6.970442500428259,79.87791330642263,API_SIMULATION
MC-520,COLOMBO-KANDY,2026-05-09T06:06:30.017Z,25.66,3.37,6.890276186177991,79.8029586666513,API_SIMULATION
CS-410,COLOMBO-MATARA,2026-05-09T06:06:30.017Z,41.73,18.42,6.875666700784306,79.91891288103567,API_SIMULATION
NC-640,COLOMBO-JAFFNA,2026-05-09T06:06:30.017Z,33.28,15.31,6.927060097461444,79.85951479663882,API_SIMULATION
NC-710,COLOMBO-JAFFNA,2026-05-09T06:06:30.017Z,62.19,7.16,6.928542520854422,79.8102161139839,API_SIMULATION
WB-115,RAGAMA-COLOMBO,2026-05-09T06:06:30.017Z,25.15,10.32,6.920267713989838,79.9037254137759,API_SIMULATION
CC-222,GAMPAHA-COLOMBO,2026-05-09T06:06:30.017Z,28.29,19.84,6.979128269804777,79.83835053722835,API_SIMULATION
SL-909,MATARA-COLOMBO,2026-05-09T06:06:30.017Z,64.25,14.32,6.896585107696049,79.86405888365404,API_SIMULATION
HS-808,KANDY-COLOMBO,2026-05-09T06:06:30.017Z,63.17,22.3,6.9234913946152385,79.88233408014034,API_SIMULATION
NC-220,COLOMBO-JAFFNA,2026-05-09T06:07:00.037Z,57.45,21.51,6.9483798717164795,79.86216603574482,API_SIMULATION
IC-101,COLOMBO-KANDY,2026-05-09T06:07:00.037Z,73.05,17.66,6.897892983959392,79.85466862702944,API_SIMULATION
CS-305,COLOMBO-GALLE,2026-05-09T06:07:00.037Z,58.98,23.91,6.98393354221462,79.85497405606473,API_SIMULATION
MC-520,COLOMBO-KANDY,2026-05-09T06:07:00.037Z,70.41,6.83,6.938966179727746,79.90078061780478,API_SIMULATION
CS-410,COLOMBO-MATARA,2026-05-09T06:07:00.037Z,39.14,16.83,6.950990061481231,79.82777129017587,API_SIMULATION
NC-640,COLOMBO-JAFFNA,2026-05-09T06:07:00.037Z,68.13,6.62,6.9649696286183485,79.84338538493235,API_SIMULATION
NC-710,COLOMBO-JAFFNA,2026-05-09T06:07:00.037Z,82.99,3.62,6.943539735261319,79.90789260997467,API_SIMULATION
WB-115,RAGAMA-COLOMBO,2026-05-09T06:07:00.037Z,50.81,20.92,6.965602901672274,79.84291988983816,API_SIMULATION
CC-222,GAMPAHA-COLOMBO,2026-05-09T06:07:00.037Z,37.01,3.68,6.978752924518665,79.83729771905558,API_SIMULATION
SL-909,MATARA-COLOMBO,2026-05-09T06:07:00.037Z,43.96,14.01,6.910628681085867,79.85631601996978,API_SIMULATION
HS-808,KANDY-COLOMBO,2026-05-09T06:07:00.037Z,82.68,10.89,6.941047469750802,79.86149363494629,API_SIMULATION
NC-220,COLOMBO-JAFFNA,2026-05-09T06:07:30.034Z,41.75,2.47,6.948813749543053,79.90886045297351,API_SIMULATION
IC-101,COLOMBO-KANDY,2026-05-09T06:07:30.034Z,45.12,11.84,6.916897458134024,79.86488283685173,API_SIMULATION
CS-305,COLOMBO-GALLE,2026-05-09T06:07:30.034Z,43.32,10.4,6.969411401816576,79.86884807510009,API_SIMULATION
MC-520,COLOMBO-KANDY,2026-05-09T06:07:30.034Z,31.87,21.86,6.926118151449524,79.82655176940845,API_SIMULATION
CS-410,COLOMBO-MATARA,2026-05-09T06:07:30.034Z,80.96,15.06,6.964178494185643,79.87239578151143,API_SIMULATION
NC-640,COLOMBO-JAFFNA,2026-05-09T06:07:30.034Z,42.31,24.11,6.8852178535043285,79.89949439773288,API_SIMULATION
NC-710,COLOMBO-JAFFNA,2026-05-09T06:07:30.034Z,84.7,0.35,6.948202274156918,79.89596030687464,API_SIMULATION
WB-115,RAGAMA-COLOMBO,2026-05-09T06:07:30.034Z,25.86,23.3,6.9718021930965355,79.87554058083133,API_SIMULATION
CC-222,GAMPAHA-COLOMBO,2026-05-09T06:07:30.034Z,67.03,15.87,6.869757184643554,79.88086733352185,API_SIMULATION
SL-909,MATARA-COLOMBO,2026-05-09T06:07:30.034Z,82.28,0.13,6.90930329320581,79.85596297685959,API_SIMULATION
HS-808,KANDY-COLOMBO,2026-05-09T06:07:30.034Z,84.53,1.37,6.971584070780678,79.84200211449694,API_SIMULATION
NC-220,COLOMBO-JAFFNA,2026-05-09T06:08:00.047Z,33.24,24.35,6.9347382957832835,79.80315312885921,API_SIMULATION
IC-101,COLOMBO-KANDY,2026-05-09T06:08:00.047Z,31.68,21.77,6.8763255931327425,79.81881593070219,API_SIMULATION
CS-305,COLOMBO-GALLE,2026-05-09T06:08:00.047Z,39.67,24.41,6.95380745832628,79.87952450514689,API_SIMULATION
MC-520,COLOMBO-KANDY,2026-05-09T06:08:00.047Z,65.89,1.75,6.879135768930232,79.84615143053898,API_SIMULATION
CS-410,COLOMBO-MATARA,2026-05-09T06:08:00.047Z,79.4,7.43,6.951261968239103,79.85926032443878,API_SIMULATION
NC-640,COLOMBO-JAFFNA,2026-05-09T06:08:00.047Z,44.62,15.9,6.892167271717383,79.91524002484329,API_SIMULATION
NC-710,COLOMBO-JAFFNA,2026-05-09T06:08:00.047Z,26.18,16.04,6.957074167384872,79.87941401215407,API_SIMULATION
WB-115,RAGAMA-COLOMBO,2026-05-09T06:08:00.047Z,77.3,3.52,6.980310551995969,79.83695866844202,API_SIMULATION
CC-222,GAMPAHA-COLOMBO,2026-05-09T06:08:00.047Z,63.74,1.01,6.919852899260976,79.84062828658615,API_SIMULATION
SL-909,MATARA-COLOMBO,2026-05-09T06:08:00.047Z,37.07,11.05,6.954823737077929,79.86642022573602,API_SIMULATION
HS-808,KANDY-COLOMBO,2026-05-09T06:08:00.047Z,30.01,17.61,6.886976790651337,79.91031630679889,API_SIMULATION
NC-220,COLOMBO-JAFFNA,2026-05-09T06:08:30.048Z,54.98,24,6.92213763247982,79.8490999135873,API_SIMULATION
IC-101,COLOMBO-KANDY,2026-05-09T06:08:30.048Z,67.47,19.4,6.905933878075025,79.91976733357214,API_SIMULATION
CS-305,COLOMBO-GALLE,2026-05-09T06:08:30.048Z,21.1,15,6.966635218439453,79.8836247370583,API_SIMULATION
MC-520,COLOMBO-KANDY,2026-05-09T06:08:30.048Z,36.97,4.15,6.903143763407712,79.83710923692666,API_SIMULATION
CS-410,COLOMBO-MATARA,2026-05-09T06:08:30.048Z,33.52,24.76,6.9303766571491465,79.89214002387452,API_SIMULATION
NC-640,COLOMBO-JAFFNA,2026-05-09T06:08:30.048Z,42.35,21.06,6.895100724876864,79.83232819457024,API_SIMULATION
NC-710,COLOMBO-JAFFNA,2026-05-09T06:08:30.048Z,42.03,18.82,6.9378961581438094,79.91470265546957,API_SIMULATION
WB-115,RAGAMA-COLOMBO,2026-05-09T06:08:30.049Z,53.17,5.62,6.8683305646916155,79.901560809517,API_SIMULATION
CC-222,GAMPAHA-COLOMBO,2026-05-09T06:08:30.049Z,34.77,2.33,6.9459036700474694,79.89738437808423,API_SIMULATION
SL-909,MATARA-COLOMBO,2026-05-09T06:08:30.049Z,65.95,9.89,6.939767290156886,79.88683006250913,API_SIMULATION
HS-808,KANDY-COLOMBO,2026-05-09T06:08:30.049Z,56.48,24.34,6.960356972295416,79.88111015965696,API_SIMULATION
NC-220,COLOMBO-JAFFNA,2026-05-09T06:08:39.573Z,51.78,17.81,6.881272616288132,79.83352572041383,API_SIMULATION
IC-101,COLOMBO-KANDY,2026-05-09T06:08:39.573Z,84.18,11.76,6.9850279426823265,79.85119310236489,API_SIMULATION
CS-305,COLOMBO-GALLE,2026-05-09T06:08:39.573Z,54.37,14.4,6.948783735215875,79.80715162659308,API_SIMULATION
MC-520,COLOMBO-KANDY,2026-05-09T06:08:39.573Z,50.15,10.07,6.984648826715011,79.85287611163943,API_SIMULATION
CS-410,COLOMBO-MATARA,2026-05-09T06:08:39.573Z,77.2,10.83,6.971376792749502,79.87051287526442,API_SIMULATION
NC-220,COLOMBO-JAFFNA,2026-05-09T06:08:39.573Z,84.77,7.02,6.873541651885127,79.8514790455557,API_SIMULATION
IC-101,COLOMBO-KANDY,2026-05-09T06:08:39.573Z,70.04,9.08,6.913456114885327,79.80774765357114,API_SIMULATION
CS-305,COLOMBO-GALLE,2026-05-09T06:08:39.573Z,63.78,20.48,6.892027917573311,79.86598563151757,API_SIMULATION
MC-520,COLOMBO-KANDY,2026-05-09T06:08:39.573Z,51.49,22.62,6.9495807049056495,79.83506192623798,API_SIMULATION
CS-410,COLOMBO-MATARA,2026-05-09T06:08:39.573Z,41.57,4.54,6.870821649534728,79.82669535993612,API_SIMULATION
NC-220,COLOMBO-JAFFNA,2026-05-09T06:08:39.573Z,70.98,11.85,6.8986684578689355,79.83076362710094,API_SIMULATION
IC-101,COLOMBO-KANDY,2026-05-09T06:08:39.573Z,59.55,14.09,6.9215167975665794,79.89921688471404,API_SIMULATION
CS-305,COLOMBO-GALLE,2026-05-09T06:08:39.573Z,42.16,24.61,6.8982904449223055,79.92043539410814,API_SIMULATION
MC-520,COLOMBO-KANDY,2026-05-09T06:08:39.573Z,59.08,1.67,6.873984167874562,79.91098027004172,API_SIMULATION
CS-410,COLOMBO-MATARA,2026-05-09T06:08:39.573Z,48.6,7.88,6.879425083332472,79.85111756028418,API_SIMULATION
NC-220,COLOMBO-JAFFNA,2026-05-09T06:08:39.573Z,57.74,19.94,6.963736670550182,79.84964037975327,API_SIMULATION
IC-101,COLOMBO-KANDY,2026-05-09T06:08:39.573Z,34.84,7.33,6.869375800514364,79.81995400369493,API_SIMULATION
CS-305,COLOMBO-GALLE,2026-05-09T06:08:39.573Z,53.54,8.21,6.906203619444259,79.83479201966536,API_SIMULATION
MC-520,COLOMBO-KANDY,2026-05-09T06:08:39.573Z,84.34,18.29,6.935111132302496,79.81331193841513,API_SIMULATION
CS-410,COLOMBO-MATARA,2026-05-09T06:08:39.573Z,70.73,8.65,6.974763897089612,79.90442125212189,API_SIMULATION
NC-220,COLOMBO-JAFFNA,2026-05-09T06:08:39.573Z,61.89,21.26,6.942625443059312,79.81144915585499,API_SIMULATION
IC-101,COLOMBO-KANDY,2026-05-09T06:08:39.573Z,71.72,16.41,6.97812805008216,79.88147912547105,API_SIMULATION
CS-305,COLOMBO-GALLE,2026-05-09T06:08:39.573Z,67.78,21.28,6.889202524894031,79.86027470171913,API_SIMULATION
MC-520,COLOMBO-KANDY,2026-05-09T06:08:39.573Z,36.61,18.66,6.951446948113885,79.82217264684185,API_SIMULATION
CS-410,COLOMBO-MATARA,2026-05-09T06:08:39.573Z,26.78,2.89,6.916604383746899,79.81123536365288,API_SIMULATION
NC-220,COLOMBO-JAFFNA,2026-05-09T06:08:39.573Z,60.41,9.34,6.921226834061442,79.89137363094005,API_SIMULATION
IC-101,COLOMBO-KANDY,2026-05-09T06:08:39.573Z,79.38,8.41,6.976602104384247,79.89526655065372,API_SIMULATION
CS-305,COLOMBO-GALLE,2026-05-09T06:08:39.573Z,68.05,17.41,6.8825945805030635,79.8903800849901,API_SIMULATION
MC-520,COLOMBO-KANDY,2026-05-09T06:08:39.574Z,54.18,2.95,6.914989876855165,79.87341291026836,API_SIMULATION
CS-410,COLOMBO-MATARA,2026-05-09T06:08:39.574Z,76.02,6.26,6.9499657206161105,79.84172209812233,API_SIMULATION
NC-220,COLOMBO-JAFFNA,2026-05-09T06:08:41.466Z,53.2,24.46,6.901604081414864,79.85754308973755,API_SIMULATION
IC-101,COLOMBO-KANDY,2026-05-09T06:08:41.466Z,58.25,7.81,6.930604617796534,79.85494983873234,API_SIMULATION
CS-305,COLOMBO-GALLE,2026-05-09T06:08:41.466Z,26.38,0.09,6.984278123801152,79.88768464761182,API_SIMULATION
MC-520,COLOMBO-KANDY,2026-05-09T06:08:41.466Z,61.11,3.25,6.893286590322902,79.91082395483438,API_SIMULATION
CS-410,COLOMBO-MATARA,2026-05-09T06:08:41.466Z,41.55,0.51,6.974832103503132,79.87120864962719,API_SIMULATION
NC-220,COLOMBO-JAFFNA,2026-05-09T06:08:41.466Z,51.1,14.97,6.867272457514794,79.91996104728851,API_SIMULATION
IC-101,COLOMBO-KANDY,2026-05-09T06:08:41.466Z,27.12,13.99,6.877652523189525,79.80383981639179,API_SIMULATION
CS-305,COLOMBO-GALLE,2026-05-09T06:08:41.466Z,47.39,23.56,6.973240995220358,79.89963575102453,API_SIMULATION
MC-520,COLOMBO-KANDY,2026-05-09T06:08:41.466Z,69.99,15.01,6.921738189425131,79.88979821636862,API_SIMULATION
CS-410,COLOMBO-MATARA,2026-05-09T06:08:41.466Z,31.33,6.92,6.9685008417145085,79.88320381184245,API_SIMULATION
NC-220,COLOMBO-JAFFNA,2026-05-09T06:08:41.466Z,61.5,6.64,6.957408748268856,79.92031390500719,API_SIMULATION
IC-101,COLOMBO-KANDY,2026-05-09T06:08:41.466Z,29.42,1.78,6.95416064865954,79.83167227952204,API_SIMULATION
CS-305,COLOMBO-GALLE,2026-05-09T06:08:41.466Z,29.06,20.61,6.893006057198884,79.82447405091204,API_SIMULATION
MC-520,COLOMBO-KANDY,2026-05-09T06:08:41.466Z,48.63,4.35,6.8697692385421405,79.8768668253137,API_SIMULATION
CS-410,COLOMBO-MATARA,2026-05-09T06:08:41.466Z,50.93,21.9,6.907874224665479,79.85932817609951,API_SIMULATION
NC-220,COLOMBO-JAFFNA,2026-05-09T06:08:41.466Z,42.04,17.32,6.963559790684697,79.81115632012258,API_SIMULATION
IC-101,COLOMBO-KANDY,2026-05-09T06:08:41.466Z,31.49,9.58,6.968057792827333,79.8950288452181,API_SIMULATION
CS-305,COLOMBO-GALLE,2026-05-09T06:08:41.466Z,65.56,12.06,6.958362951163385,79.88580524198625,API_SIMULATION
MC-520,COLOMBO-KANDY,2026-05-09T06:08:41.466Z,46.1,8.2,6.909413034159452,79.84046969211792,API_SIMULATION
CS-410,COLOMBO-MATARA,2026-05-09T06:08:41.466Z,73.14,8.46,6.893307143413201,79.82518913870543,API_SIMULATION
NC-220,COLOMBO-JAFFNA,2026-05-09T06:08:41.466Z,54,3.3,6.977000852441496,79.8023911975447,API_SIMULATION
IC-101,COLOMBO-KANDY,2026-05-09T06:08:41.466Z,26.25,22.93,6.887904193655159,79.91936824356347,API_SIMULATION
CS-305,COLOMBO-GALLE,2026-05-09T06:08:41.466Z,68.68,8.67,6.969690102719164,79.83227217473507,API_SIMULATION
MC-520,COLOMBO-KANDY,2026-05-09T06:08:41.466Z,45.32,16.32,6.984592669343065,79.82772719886702,API_SIMULATION
CS-410,COLOMBO-MATARA,2026-05-09T06:08:41.466Z,84.82,24.66,6.894504628058317,79.8221109834928,API_SIMULATION
NC-220,COLOMBO-JAFFNA,2026-05-09T06:08:41.466Z,58.06,23.11,6.93189785948626,79.81932843298095,API_SIMULATION
IC-101,COLOMBO-KANDY,2026-05-09T06:08:41.466Z,46.77,2.03,6.88328865389456,79.88388537273461,API_SIMULATION
CS-305,COLOMBO-GALLE,2026-05-09T06:08:41.466Z,38.69,22.88,6.944059027002666,79.8493875062458,API_SIMULATION
MC-520,COLOMBO-KANDY,2026-05-09T06:08:41.466Z,64.02,18.99,6.888078498627917,79.90804966773453,API_SIMULATION
CS-410,COLOMBO-MATARA,2026-05-09T06:08:41.466Z,64.73,20.67,6.925875521101477,79.83045744303686,API_SIMULATION
NC-220,COLOMBO-JAFFNA,2026-05-09T06:09:00.060Z,24.22,21.04,6.896185125636553,79.88730794093793,API_SIMULATION
IC-101,COLOMBO-KANDY,2026-05-09T06:09:00.060Z,81.77,7.59,6.94232183122159,79.87940743302877,API_SIMULATION
CS-305,COLOMBO-GALLE,2026-05-09T06:09:00.060Z,39.67,18.96,6.9503457767081,79.88471838550362,API_SIMULATION
MC-520,COLOMBO-KANDY,2026-05-09T06:09:00.060Z,43.33,8.24,6.889460412816583,79.83524179064698,API_SIMULATION
CS-410,COLOMBO-MATARA,2026-05-09T06:09:00.060Z,78,6.51,6.940575247177393,79.82608945471895,API_SIMULATION
NC-640,COLOMBO-JAFFNA,2026-05-09T06:09:00.060Z,73.69,8.6,6.9682275852487425,79.91032325608718,API_SIMULATION
NC-710,COLOMBO-JAFFNA,2026-05-09T06:09:00.060Z,46.81,9.79,6.946877880928174,79.894999913799,API_SIMULATION
WB-115,RAGAMA-COLOMBO,2026-05-09T06:09:00.060Z,56.29,23.48,6.925683630560261,79.8079001880121,API_SIMULATION
CC-222,GAMPAHA-COLOMBO,2026-05-09T06:09:00.060Z,44.74,20.96,6.920147056025583,79.89351757553074,API_SIMULATION
SL-909,MATARA-COLOMBO,2026-05-09T06:09:00.060Z,71.57,11.63,6.896480720066699,79.83257903690922,API_SIMULATION
HS-808,KANDY-COLOMBO,2026-05-09T06:09:00.060Z,83.93,11.2,6.879579252057431,79.8832290579339,API_SIMULATION
NC-220,COLOMBO-JAFFNA,2026-05-09T06:09:30.076Z,53.28,2.77,6.928259700564255,79.90305801261712,API_SIMULATION
IC-101,COLOMBO-KANDY,2026-05-09T06:09:30.076Z,43.53,20.14,6.965558273246657,79.86123445110236,API_SIMULATION
CS-305,COLOMBO-GALLE,2026-05-09T06:09:30.076Z,57.66,19.64,6.980497878853195,79.84269778466808,API_SIMULATION
MC-520,COLOMBO-KANDY,2026-05-09T06:09:30.076Z,61.35,19.39,6.978323927874876,79.84500186757764,API_SIMULATION
CS-410,COLOMBO-MATARA,2026-05-09T06:09:30.076Z,57.38,22.09,6.907525498039608,79.8954284395712,API_SIMULATION
NC-640,COLOMBO-JAFFNA,2026-05-09T06:09:30.076Z,28.18,8.37,6.888532544781899,79.89112833765186,API_SIMULATION
NC-710,COLOMBO-JAFFNA,2026-05-09T06:09:30.076Z,33.06,9.03,6.919652942542222,79.91447444784575,API_SIMULATION
WB-115,RAGAMA-COLOMBO,2026-05-09T06:09:30.076Z,55.79,22.34,6.909740023330549,79.90359047326739,API_SIMULATION
CC-222,GAMPAHA-COLOMBO,2026-05-09T06:09:30.076Z,35.06,19.3,6.892035097426684,79.89213366712451,API_SIMULATION
SL-909,MATARA-COLOMBO,2026-05-09T06:09:30.076Z,49.43,6.9,6.91661836939836,79.89507744987971,API_SIMULATION
HS-808,KANDY-COLOMBO,2026-05-09T06:09:30.076Z,41.69,19.58,6.903220576263796,79.83807308220699,API_SIMULATION
NC-220,COLOMBO-JAFFNA,2026-05-09T06:10:00.086Z,47.7,23.29,6.954958343582223,79.83699559205286,API_SIMULATION
IC-101,COLOMBO-KANDY,2026-05-09T06:10:00.086Z,25.13,12.69,6.9273743124570295,79.91440609506716,API_SIMULATION
CS-305,COLOMBO-GALLE,2026-05-09T06:10:00.086Z,35.02,23.97,6.92811070374875,79.873722477144,API_SIMULATION
MC-520,COLOMBO-KANDY,2026-05-09T06:10:00.086Z,76.76,12.92,6.982012017033017,79.86914810149642,API_SIMULATION
CS-410,COLOMBO-MATARA,2026-05-09T06:10:00.086Z,32.37,16.73,6.893682636151664,79.888801521504,API_SIMULATION
NC-640,COLOMBO-JAFFNA,2026-05-09T06:10:00.086Z,42.24,7.17,6.944824739798462,79.85104602060956,API_SIMULATION
NC-710,COLOMBO-JAFFNA,2026-05-09T06:10:00.086Z,41.96,3.97,6.951439317682032,79.82586416080058,API_SIMULATION
WB-115,RAGAMA-COLOMBO,2026-05-09T06:10:00.086Z,70.27,16.7,6.900521239340847,79.877151873845,API_SIMULATION
CC-222,GAMPAHA-COLOMBO,2026-05-09T06:10:00.086Z,24.82,6.71,6.900287763721007,79.89013873664494,API_SIMULATION
SL-909,MATARA-COLOMBO,2026-05-09T06:10:00.086Z,76.11,15.42,6.900667450884407,79.90085413345125,API_SIMULATION
HS-808,KANDY-COLOMBO,2026-05-09T06:10:00.086Z,62.4,1.51,6.9182308697170924,79.81919927957378,API_SIMULATION
NC-220,COLOMBO-JAFFNA,2026-05-09T06:10:30.087Z,38.17,8.29,6.972975020826169,79.867836934905,API_SIMULATION
IC-101,COLOMBO-KANDY,2026-05-09T06:10:30.087Z,70.03,10.21,6.9008425762610255,79.8202402684114,API_SIMULATION
CS-305,COLOMBO-GALLE,2026-05-09T06:10:30.087Z,68.17,1.43,6.887172805097892,79.82834816784525,API_SIMULATION
MC-520,COLOMBO-KANDY,2026-05-09T06:10:30.087Z,80.61,14.68,6.902891853818869,79.85976258262605,API_SIMULATION
CS-410,COLOMBO-MATARA,2026-05-09T06:10:30.087Z,35.35,19.09,6.9131165147202935,79.83947168437653,API_SIMULATION
NC-640,COLOMBO-JAFFNA,2026-05-09T06:10:30.087Z,53.34,16.39,6.93994029907945,79.85198760915942,API_SIMULATION
NC-710,COLOMBO-JAFFNA,2026-05-09T06:10:30.087Z,70.3,21.08,6.966179023735463,79.80779189138144,API_SIMULATION
WB-115,RAGAMA-COLOMBO,2026-05-09T06:10:30.087Z,30.47,22.73,6.950486607993724,79.87856119883348,API_SIMULATION
CC-222,GAMPAHA-COLOMBO,2026-05-09T06:10:30.087Z,46.68,16.77,6.913169063405999,79.81021170159255,API_SIMULATION
SL-909,MATARA-COLOMBO,2026-05-09T06:10:30.087Z,65.01,12.52,6.900312635938773,79.87937131942104,API_SIMULATION
HS-808,KANDY-COLOMBO,2026-05-09T06:10:30.087Z,20.89,14.61,6.9518300577115975,79.8671511955248,API_SIMULATION
NC-220,COLOMBO-JAFFNA,2026-05-09T06:11:00.085Z,70.83,1.53,6.958604875906625,79.87408480001496,API_SIMULATION
IC-101,COLOMBO-KANDY,2026-05-09T06:11:00.085Z,50.97,11.27,6.908896368147161,79.80606611885354,API_SIMULATION
CS-305,COLOMBO-GALLE,2026-05-09T06:11:00.085Z,33.82,24.03,6.9706978524159044,79.88667575132428,API_SIMULATION
MC-520,COLOMBO-KANDY,2026-05-09T06:11:00.085Z,29.57,2.93,6.959714833888017,79.8086676738169,API_SIMULATION
CS-410,COLOMBO-MATARA,2026-05-09T06:11:00.085Z,57.87,24.22,6.921783627383969,79.85687260441742,API_SIMULATION
NC-640,COLOMBO-JAFFNA,2026-05-09T06:11:00.085Z,62.01,10.32,6.9772625978766625,79.80912772315078,API_SIMULATION
NC-710,COLOMBO-JAFFNA,2026-05-09T06:11:00.085Z,62.23,21.98,6.962352963441007,79.87086498200016,API_SIMULATION
WB-115,RAGAMA-COLOMBO,2026-05-09T06:11:00.085Z,44.4,21.08,6.9752236361953805,79.81830352620658,API_SIMULATION
CC-222,GAMPAHA-COLOMBO,2026-05-09T06:11:00.085Z,60.71,24.06,6.965713060664807,79.8685829775849,API_SIMULATION
SL-909,MATARA-COLOMBO,2026-05-09T06:11:00.086Z,67.41,23.66,6.915892762181511,79.893245879632,API_SIMULATION
HS-808,KANDY-COLOMBO,2026-05-09T06:11:00.086Z,70.52,19.63,6.939664626839318,79.8401677367174,API_SIMULATION
NC-220,COLOMBO-JAFFNA,2026-05-09T06:11:30.101Z,22.1,14.89,6.931375952291069,79.90229062088915,API_SIMULATION
IC-101,COLOMBO-KANDY,2026-05-09T06:11:30.101Z,72.3,12.07,6.927878852243345,79.87893075677557,API_SIMULATION
CS-305,COLOMBO-GALLE,2026-05-09T06:11:30.101Z,36.58,14.49,6.945488604742186,79.84308865933328,API_SIMULATION
MC-520,COLOMBO-KANDY,2026-05-09T06:11:30.101Z,71.93,11.03,6.97264272469921,79.80507218698072,API_SIMULATION
CS-410,COLOMBO-MATARA,2026-05-09T06:11:30.101Z,64.39,10.27,6.976250923854451,79.85864749382125,API_SIMULATION
NC-640,COLOMBO-JAFFNA,2026-05-09T06:11:30.101Z,70.17,18.18,6.87499956012879,79.86673826731696,API_SIMULATION
NC-710,COLOMBO-JAFFNA,2026-05-09T06:11:30.101Z,24.29,16.19,6.867168828070559,79.86294768770244,API_SIMULATION
WB-115,RAGAMA-COLOMBO,2026-05-09T06:11:30.101Z,71.9,15.93,6.983446846509867,79.80342857020239,API_SIMULATION
CC-222,GAMPAHA-COLOMBO,2026-05-09T06:11:30.101Z,38.87,6.19,6.950610049513139,79.87793660800108,API_SIMULATION
SL-909,MATARA-COLOMBO,2026-05-09T06:11:30.101Z,37.79,7.96,6.973179484602728,79.84209150723935,API_SIMULATION
HS-808,KANDY-COLOMBO,2026-05-09T06:11:30.101Z,45.87,17.48,6.880724976042426,79.87459271759394,API_SIMULATION
NC-220,COLOMBO-JAFFNA,2026-05-09T06:12:00.107Z,82.2,5.99,6.900965532868592,79.86110650919879,API_SIMULATION
IC-101,COLOMBO-KANDY,2026-05-09T06:12:00.107Z,48.96,20.67,6.8922418105357215,79.82866289057685,API_SIMULATION
CS-305,COLOMBO-GALLE,2026-05-09T06:12:00.107Z,24.84,20.83,6.9297495109211615,79.86957070628003,API_SIMULATION
MC-520,COLOMBO-KANDY,2026-05-09T06:12:00.107Z,36.67,21.12,6.889913873343498,79.80369925915609,API_SIMULATION
CS-410,COLOMBO-MATARA,2026-05-09T06:12:00.107Z,20.31,23.96,6.923644141056246,79.89292992307648,API_SIMULATION
NC-640,COLOMBO-JAFFNA,2026-05-09T06:12:00.107Z,22.57,22.6,6.9316568824659575,79.90892091291278,API_SIMULATION
NC-710,COLOMBO-JAFFNA,2026-05-09T06:12:00.107Z,58.95,23.21,6.976223502178664,79.80531711257647,API_SIMULATION
WB-115,RAGAMA-COLOMBO,2026-05-09T06:12:00.107Z,74.47,10.56,6.95874063971141,79.90395249420308,API_SIMULATION
CC-222,GAMPAHA-COLOMBO,2026-05-09T06:12:00.107Z,56.22,17.94,6.978034460920382,79.90738399691,API_SIMULATION
SL-909,MATARA-COLOMBO,2026-05-09T06:12:00.107Z,47.82,17.34,6.982751944804473,79.91511484302013,API_SIMULATION
HS-808,KANDY-COLOMBO,2026-05-09T06:12:00.107Z,78.28,23.62,6.958090247073051,79.87862171056338,API_SIMULATION
NC-220,COLOMBO-JAFFNA,2026-05-09T06:12:30.112Z,27.5,13.59,6.976842077988044,79.86962008409412,API_SIMULATION
IC-101,COLOMBO-KANDY,2026-05-09T06:12:30.112Z,35.26,13.24,6.9179878955040595,79.85422951223235,API_SIMULATION
CS-305,COLOMBO-GALLE,2026-05-09T06:12:30.112Z,83.5,21.59,6.8891491706376,79.91836882207247,API_SIMULATION
MC-520,COLOMBO-KANDY,2026-05-09T06:12:30.112Z,74.7,2.66,6.900055933445252,79.91671902904021,API_SIMULATION
CS-410,COLOMBO-MATARA,2026-05-09T06:12:30.112Z,40.16,23.72,6.868989960980497,79.8019464426111,API_SIMULATION
NC-640,COLOMBO-JAFFNA,2026-05-09T06:12:30.112Z,79.95,11.69,6.906398574704474,79.8508310918498,API_SIMULATION
NC-710,COLOMBO-JAFFNA,2026-05-09T06:12:30.112Z,37.6,11.38,6.902940345043366,79.81100344082236,API_SIMULATION
WB-115,RAGAMA-COLOMBO,2026-05-09T06:12:30.112Z,46.14,5.34,6.982869555681788,79.8591849668881,API_SIMULATION
CC-222,GAMPAHA-COLOMBO,2026-05-09T06:12:30.112Z,75.76,1.87,6.978864065694705,79.84772155972475,API_SIMULATION
SL-909,MATARA-COLOMBO,2026-05-09T06:12:30.112Z,42.93,0.39,6.9144374062334855,79.86227831897325,API_SIMULATION
HS-808,KANDY-COLOMBO,2026-05-09T06:12:30.112Z,80.86,10.72,6.919537586585193,79.86808316197002,API_SIMULATION
NC-220,COLOMBO-JAFFNA,2026-05-09T06:13:00.115Z,26.76,3.69,6.959149594843427,79.8709210727528,API_SIMULATION
IC-101,COLOMBO-KANDY,2026-05-09T06:13:00.115Z,74.11,16.12,6.895626191926208,79.90023821168079,API_SIMULATION
CS-305,COLOMBO-GALLE,2026-05-09T06:13:00.115Z,58.16,5.6,6.941191265619996,79.87395324000443,API_SIMULATION
MC-520,COLOMBO-KANDY,2026-05-09T06:13:00.115Z,55.04,5.58,6.967637185677373,79.83746471950604,API_SIMULATION
CS-410,COLOMBO-MATARA,2026-05-09T06:13:00.115Z,60.27,13.38,6.897392527810516,79.90362032489453,API_SIMULATION
NC-640,COLOMBO-JAFFNA,2026-05-09T06:13:00.115Z,80.13,8.89,6.8909774867501135,79.87202685722542,API_SIMULATION
NC-710,COLOMBO-JAFFNA,2026-05-09T06:13:00.115Z,60.33,21.23,6.986835963345344,79.860468820652,API_SIMULATION
WB-115,RAGAMA-COLOMBO,2026-05-09T06:13:00.115Z,25.74,8.09,6.959819674353492,79.87848088931968,API_SIMULATION
CC-222,GAMPAHA-COLOMBO,2026-05-09T06:13:00.115Z,43.68,16.63,6.918979550867417,79.90309733354923,API_SIMULATION
SL-909,MATARA-COLOMBO,2026-05-09T06:13:00.115Z,37.46,23.19,6.889839899896893,79.8834265035144,API_SIMULATION
HS-808,KANDY-COLOMBO,2026-05-09T06:13:00.115Z,47.4,11.46,6.966267158749785,79.82536292742837,API_SIMULATION
NC-220,COLOMBO-JAFFNA,2026-05-09T06:13:30.132Z,58.51,22.89,6.9693619247621985,79.87149882758169,API_SIMULATION
IC-101,COLOMBO-KANDY,2026-05-09T06:13:30.132Z,45.35,7.76,6.942840366262541,79.83293488186521,API_SIMULATION
CS-305,COLOMBO-GALLE,2026-05-09T06:13:30.132Z,23.89,12.36,6.938871924446511,79.84275160271446,API_SIMULATION
MC-520,COLOMBO-KANDY,2026-05-09T06:13:30.132Z,38.35,8.76,6.935699614835096,79.83263791704452,API_SIMULATION
CS-410,COLOMBO-MATARA,2026-05-09T06:13:30.132Z,32.34,18.52,6.936226582824094,79.82959196024,API_SIMULATION
NC-640,COLOMBO-JAFFNA,2026-05-09T06:13:30.132Z,63.51,23.59,6.917295328272201,79.83530527637994,API_SIMULATION
NC-710,COLOMBO-JAFFNA,2026-05-09T06:13:30.132Z,62.2,20.91,6.935304388343945,79.8452724884382,API_SIMULATION
WB-115,RAGAMA-COLOMBO,2026-05-09T06:13:30.132Z,78.92,23.56,6.900112738754446,79.86762216849907,API_SIMULATION
CC-222,GAMPAHA-COLOMBO,2026-05-09T06:13:30.132Z,48.2,4.43,6.8809770018190655,79.823546631458,API_SIMULATION
SL-909,MATARA-COLOMBO,2026-05-09T06:13:30.132Z,57.78,3.18,6.984278056900536,79.85815380701163,API_SIMULATION
HS-808,KANDY-COLOMBO,2026-05-09T06:13:30.132Z,28.14,12.23,6.972027281635165,79.84849789649938,API_SIMULATION
NC-220,COLOMBO-JAFFNA,2026-05-09T06:14:00.139Z,82.86,17.13,6.924178623693891,79.86253179937432,API_SIMULATION
IC-101,COLOMBO-KANDY,2026-05-09T06:14:00.139Z,79.14,18.11,6.94245360187281,79.90592955917599,API_SIMULATION
CS-305,COLOMBO-GALLE,2026-05-09T06:14:00.139Z,72.69,1.85,6.868484337949603,79.8242850583349,API_SIMULATION
MC-520,COLOMBO-KANDY,2026-05-09T06:14:00.139Z,29.05,3.74,6.982386838307445,79.81326710807978,API_SIMULATION
CS-410,COLOMBO-MATARA,2026-05-09T06:14:00.139Z,71.62,0.47,6.9673667268592645,79.9163841405449,API_SIMULATION
NC-640,COLOMBO-JAFFNA,2026-05-09T06:14:00.139Z,28.4,20.04,6.945575246937772,79.84681637537217,API_SIMULATION
NC-710,COLOMBO-JAFFNA,2026-05-09T06:14:00.139Z,49.97,4.91,6.889208020553621,79.89152128051548,API_SIMULATION
WB-115,RAGAMA-COLOMBO,2026-05-09T06:14:00.139Z,23.29,0.88,6.9597158655200015,79.9200886361963,API_SIMULATION
CC-222,GAMPAHA-COLOMBO,2026-05-09T06:14:00.139Z,66.06,6.46,6.879072768552046,79.88354824771777,API_SIMULATION
SL-909,MATARA-COLOMBO,2026-05-09T06:14:00.139Z,67.78,8.21,6.913130389161603,79.80704149609066,API_SIMULATION
HS-808,KANDY-COLOMBO,2026-05-09T06:14:00.139Z,52.53,5.22,6.975743182352104,79.86197832980821,API_SIMULATION
NC-220,COLOMBO-JAFFNA,2026-05-09T06:14:30.151Z,69.94,3.17,6.912251518658326,79.8902793359586,API_SIMULATION
IC-101,COLOMBO-KANDY,2026-05-09T06:14:30.151Z,71.88,24.15,6.963512391238984,79.84790071443818,API_SIMULATION
CS-305,COLOMBO-GALLE,2026-05-09T06:14:30.151Z,27.88,5.26,6.955739802793666,79.82966656987126,API_SIMULATION
MC-520,COLOMBO-KANDY,2026-05-09T06:14:30.151Z,45.26,10.81,6.943440503124852,79.89511452845204,API_SIMULATION
CS-410,COLOMBO-MATARA,2026-05-09T06:14:30.151Z,65.53,19.54,6.91313251660502,79.9114841649837,API_SIMULATION
NC-640,COLOMBO-JAFFNA,2026-05-09T06:14:30.151Z,67.17,6.37,6.917192242969588,79.83544725896412,API_SIMULATION
NC-710,COLOMBO-JAFFNA,2026-05-09T06:14:30.151Z,54.78,0.52,6.962129702526801,79.81328200795056,API_SIMULATION
WB-115,RAGAMA-COLOMBO,2026-05-09T06:14:30.151Z,48.56,8.39,6.942635971344737,79.86236820071588,API_SIMULATION
CC-222,GAMPAHA-COLOMBO,2026-05-09T06:14:30.151Z,80.84,13.77,6.978234453539663,79.8074850910596,API_SIMULATION
SL-909,MATARA-COLOMBO,2026-05-09T06:14:30.151Z,56.78,20.62,6.889816156911229,79.88662192045246,API_SIMULATION
HS-808,KANDY-COLOMBO,2026-05-09T06:14:30.151Z,59.13,9.59,6.939663136831368,79.84753464101156,API_SIMULATION
NC-220,COLOMBO-JAFFNA,2026-05-09T06:15:00.161Z,59.24,8.31,6.964012694826097,79.89584572042743,API_SIMULATION
IC-101,COLOMBO-KANDY,2026-05-09T06:15:00.161Z,22.23,5.22,6.954869399899427,79.81699410282597,API_SIMULATION
CS-305,COLOMBO-GALLE,2026-05-09T06:15:00.161Z,24.88,7.71,6.927961504863255,79.84118489688485,API_SIMULATION
MC-520,COLOMBO-KANDY,2026-05-09T06:15:00.161Z,40.54,10.22,6.9636372742828305,79.85953760258676,API_SIMULATION
CS-410,COLOMBO-MATARA,2026-05-09T06:15:00.161Z,60.25,0.52,6.914628698163962,79.90244350336566,API_SIMULATION
NC-640,COLOMBO-JAFFNA,2026-05-09T06:15:00.161Z,78.85,21.32,6.916025119003892,79.86385850413481,API_SIMULATION
NC-710,COLOMBO-JAFFNA,2026-05-09T06:15:00.161Z,38.05,8.32,6.930561171201213,79.88465130349802,API_SIMULATION
WB-115,RAGAMA-COLOMBO,2026-05-09T06:15:00.161Z,83.51,4.47,6.93779309415387,79.81964236697893,API_SIMULATION
CC-222,GAMPAHA-COLOMBO,2026-05-09T06:15:00.161Z,33.26,15.27,6.9019636314566535,79.81357201439991,API_SIMULATION
SL-909,MATARA-COLOMBO,2026-05-09T06:15:00.161Z,22.87,13.56,6.97778664773258,79.83353318146641,API_SIMULATION
HS-808,KANDY-COLOMBO,2026-05-09T06:15:00.161Z,70.28,6.28,6.900010874805682,79.91557022561828,API_SIMULATION
NC-220,COLOMBO-JAFFNA,2026-05-09T06:15:41.969Z,66.56,12.6,6.913860417741649,79.81317379305995,API_SIMULATION
IC-101,COLOMBO-KANDY,2026-05-09T06:15:41.969Z,50.34,12.78,6.8810010378980255,79.90295012501126,API_SIMULATION
CS-305,COLOMBO-GALLE,2026-05-09T06:15:41.969Z,47.97,9.35,6.904036213621604,79.9202429047811,API_SIMULATION
MC-520,COLOMBO-KANDY,2026-05-09T06:15:41.970Z,30.01,13.83,6.968743735928925,79.89085552166817,API_SIMULATION
CS-410,COLOMBO-MATARA,2026-05-09T06:15:41.970Z,69.53,23.09,6.869054556286345,79.86960768950601,API_SIMULATION
NC-640,COLOMBO-JAFFNA,2026-05-09T06:15:41.970Z,78.2,14.32,6.867650871230204,79.82419608507877,API_SIMULATION
NC-710,COLOMBO-JAFFNA,2026-05-09T06:15:41.970Z,69.04,17.79,6.927853688606362,79.90399513524618,API_SIMULATION
WB-115,RAGAMA-COLOMBO,2026-05-09T06:15:41.970Z,63.63,13.96,6.926935475474513,79.88325185509521,API_SIMULATION
CC-222,GAMPAHA-COLOMBO,2026-05-09T06:15:41.970Z,48.35,22.98,6.869616149444953,79.87667743558791,API_SIMULATION
SL-909,MATARA-COLOMBO,2026-05-09T06:15:41.970Z,33.73,6.22,6.890237460611855,79.80806045881295,API_SIMULATION
HS-808,KANDY-COLOMBO,2026-05-09T06:15:41.970Z,21.92,3.03,6.980088790184687,79.80222856348433,API_SIMULATION
NC-220,COLOMBO-JAFFNA,2026-05-09T06:16:11.960Z,81.48,8.55,6.959342140644407,79.83492403072808,API_SIMULATION
IC-101,COLOMBO-KANDY,2026-05-09T06:16:11.960Z,20.22,14.61,6.892422746333285,79.90413768491904,API_SIMULATION
CS-305,COLOMBO-GALLE,2026-05-09T06:16:11.960Z,58.01,7.41,6.9736514413921515,79.90293769980083,API_SIMULATION
MC-520,COLOMBO-KANDY,2026-05-09T06:16:11.960Z,41.72,14.88,6.948338074812877,79.875458815848,API_SIMULATION
CS-410,COLOMBO-MATARA,2026-05-09T06:16:11.960Z,40.28,10.76,6.928159668862438,79.85082063005964,API_SIMULATION
NC-640,COLOMBO-JAFFNA,2026-05-09T06:16:11.960Z,52.64,23.45,6.973886623674091,79.90644077549985,API_SIMULATION
NC-710,COLOMBO-JAFFNA,2026-05-09T06:16:11.960Z,45.04,17.46,6.923024405045191,79.9096653335924,API_SIMULATION
WB-115,RAGAMA-COLOMBO,2026-05-09T06:16:11.960Z,47.7,20.03,6.908277630995317,79.91694016682577,API_SIMULATION
CC-222,GAMPAHA-COLOMBO,2026-05-09T06:16:11.960Z,83.34,14.55,6.932259065316231,79.83472053174198,API_SIMULATION
SL-909,MATARA-COLOMBO,2026-05-09T06:16:11.960Z,48.04,20.23,6.906454494186809,79.91683651354678,API_SIMULATION
HS-808,KANDY-COLOMBO,2026-05-09T06:16:11.960Z,71.26,22.67,6.955544391584842,79.86817272763574,API_SIMULATION
NC-220,COLOMBO-JAFFNA,2026-05-09T06:16:41.967Z,55.4,23.47,6.9309717155673125,79.88605098601006,API_SIMULATION
IC-101,COLOMBO-KANDY,2026-05-09T06:16:41.967Z,32.79,12.95,6.976668530554537,79.8117846270633,API_SIMULATION
CS-305,COLOMBO-GALLE,2026-05-09T06:16:41.967Z,27.14,22.15,6.94271249801282,79.83944511701114,API_SIMULATION
MC-520,COLOMBO-KANDY,2026-05-09T06:16:41.967Z,65.42,22.81,6.87782991947301,79.89600762353632,API_SIMULATION
CS-410,COLOMBO-MATARA,2026-05-09T06:16:41.967Z,71.24,18.42,6.874691663118906,79.8223689352563,API_SIMULATION
NC-640,COLOMBO-JAFFNA,2026-05-09T06:16:41.967Z,83.19,15.75,6.915696701272758,79.90919075946634,API_SIMULATION
NC-710,COLOMBO-JAFFNA,2026-05-09T06:16:41.967Z,46.25,21.7,6.944599894026754,79.84485220567402,API_SIMULATION
WB-115,RAGAMA-COLOMBO,2026-05-09T06:16:41.967Z,67.02,17.07,6.880780817117545,79.9177098128233,API_SIMULATION
CC-222,GAMPAHA-COLOMBO,2026-05-09T06:16:41.967Z,78.61,18.35,6.974305544296497,79.87047427554808,API_SIMULATION
SL-909,MATARA-COLOMBO,2026-05-09T06:16:41.967Z,69.37,14.66,6.918124312563167,79.91031339640264,API_SIMULATION
HS-808,KANDY-COLOMBO,2026-05-09T06:16:41.967Z,82.77,17.5,6.9644350340803625,79.91186078723823,API_SIMULATION
NC-220,COLOMBO-JAFFNA,2026-05-09T06:17:11.980Z,47.58,14.91,6.96787059972879,79.88745333117829,API_SIMULATION
IC-101,COLOMBO-KANDY,2026-05-09T06:17:11.980Z,75.19,8.3,6.915837649427739,79.85902105230039,API_SIMULATION
CS-305,COLOMBO-GALLE,2026-05-09T06:17:11.980Z,50.29,2.85,6.949682432487625,79.85693638311464,API_SIMULATION
MC-520,COLOMBO-KANDY,2026-05-09T06:17:11.980Z,38.03,10.65,6.918054861641483,79.88735372335726,API_SIMULATION
CS-410,COLOMBO-MATARA,2026-05-09T06:17:11.980Z,79.16,12.17,6.899956696118132,79.88417717001582,API_SIMULATION
NC-640,COLOMBO-JAFFNA,2026-05-09T06:17:11.980Z,32.4,4.08,6.9557498279402825,79.87522691643116,API_SIMULATION
NC-710,COLOMBO-JAFFNA,2026-05-09T06:17:11.980Z,72.13,3.48,6.9512987813487035,79.80309194609366,API_SIMULATION
WB-115,RAGAMA-COLOMBO,2026-05-09T06:17:11.980Z,35.23,10.36,6.983020401642961,79.83674424222045,API_SIMULATION
CC-222,GAMPAHA-COLOMBO,2026-05-09T06:17:11.980Z,68.92,14.91,6.958348796732427,79.88340112368017,API_SIMULATION
SL-909,MATARA-COLOMBO,2026-05-09T06:17:11.980Z,22.87,8.27,6.915009943658173,79.80322637643181,API_SIMULATION
HS-808,KANDY-COLOMBO,2026-05-09T06:17:11.980Z,42.14,9.13,6.961349671527549,79.90792453154559,API_SIMULATION
NC-220,COLOMBO-JAFFNA,2026-05-09T06:17:41.984Z,81.46,16.51,6.923829422386115,79.87268012263591,API_SIMULATION
IC-101,COLOMBO-KANDY,2026-05-09T06:17:41.984Z,75.44,9.43,6.959557749230829,79.91195159313696,API_SIMULATION
CS-305,COLOMBO-GALLE,2026-05-09T06:17:41.984Z,47.1,21.03,6.930191365044748,79.84647415074025,API_SIMULATION
MC-520,COLOMBO-KANDY,2026-05-09T06:17:41.984Z,79.02,18.24,6.873021267408933,79.82956861472263,API_SIMULATION
CS-410,COLOMBO-MATARA,2026-05-09T06:17:41.984Z,76.42,9.35,6.944828310807634,79.89713932381427,API_SIMULATION
NC-640,COLOMBO-JAFFNA,2026-05-09T06:17:41.984Z,79,15.94,6.983141512771501,79.9059622556573,API_SIMULATION
NC-710,COLOMBO-JAFFNA,2026-05-09T06:17:41.984Z,30.08,13.2,6.945802691365901,79.90214595660673,API_SIMULATION
WB-115,RAGAMA-COLOMBO,2026-05-09T06:17:41.984Z,46.31,21.59,6.96449823939274,79.9050665056526,API_SIMULATION
CC-222,GAMPAHA-COLOMBO,2026-05-09T06:17:41.984Z,40.05,23.57,6.920447774328675,79.84954633536034,API_SIMULATION
SL-909,MATARA-COLOMBO,2026-05-09T06:17:41.984Z,34.44,15.42,6.880175237278014,79.83271489251548,API_SIMULATION
HS-808,KANDY-COLOMBO,2026-05-09T06:17:41.984Z,54.83,23.45,6.944336916826513,79.90435913049728,API_SIMULATION
NC-220,COLOMBO-JAFFNA,2026-05-09T06:18:11.987Z,29.83,14.34,6.939895880579647,79.89317032478012,API_SIMULATION
IC-101,COLOMBO-KANDY,2026-05-09T06:18:11.987Z,64.35,15.37,6.8824410498137665,79.88148624198583,API_SIMULATION
CS-305,COLOMBO-GALLE,2026-05-09T06:18:11.987Z,42.75,7.43,6.983195266172198,79.89294421780507,API_SIMULATION
MC-520,COLOMBO-KANDY,2026-05-09T06:18:11.987Z,83.02,5.87,6.924795010317272,79.90676957011264,API_SIMULATION
CS-410,COLOMBO-MATARA,2026-05-09T06:18:11.987Z,52.94,2.36,6.980853767929452,79.87116682203147,API_SIMULATION
NC-640,COLOMBO-JAFFNA,2026-05-09T06:18:11.987Z,35.75,21.37,6.949415077982618,79.912330976978,API_SIMULATION
NC-710,COLOMBO-JAFFNA,2026-05-09T06:18:11.987Z,42.7,1.32,6.872808232312878,79.90796482497564,API_SIMULATION
WB-115,RAGAMA-COLOMBO,2026-05-09T06:18:11.987Z,60.76,12.55,6.884867669660089,79.81517798836,API_SIMULATION
CC-222,GAMPAHA-COLOMBO,2026-05-09T06:18:11.987Z,46.28,18.6,6.9115491605649435,79.89205002598229,API_SIMULATION
SL-909,MATARA-COLOMBO,2026-05-09T06:18:11.987Z,47.15,24.25,6.945013071845644,79.87293048741937,API_SIMULATION
HS-808,KANDY-COLOMBO,2026-05-09T06:18:11.987Z,54.24,2.31,6.971914240856939,79.87269481412002,API_SIMULATION
NC-220,COLOMBO-JAFFNA,2026-05-09T06:18:41.990Z,43.58,1.82,6.884538659638847,79.9106654539451,API_SIMULATION
IC-101,COLOMBO-KANDY,2026-05-09T06:18:41.990Z,24.9,23.35,6.887047253748236,79.84819021854155,API_SIMULATION
CS-305,COLOMBO-GALLE,2026-05-09T06:18:41.990Z,20.34,13.42,6.958047801414079,79.88830596916893,API_SIMULATION
MC-520,COLOMBO-KANDY,2026-05-09T06:18:41.990Z,49.21,1.73,6.889487480794991,79.84788359427499,API_SIMULATION
CS-410,COLOMBO-MATARA,2026-05-09T06:18:41.990Z,50.16,2.64,6.986096864669759,79.91802553886308,API_SIMULATION
NC-640,COLOMBO-JAFFNA,2026-05-09T06:18:41.990Z,78.79,22.45,6.957451337849844,79.85288583445266,API_SIMULATION
NC-710,COLOMBO-JAFFNA,2026-05-09T06:18:41.991Z,26.51,3.23,6.928124387627722,79.8161823828177,API_SIMULATION
WB-115,RAGAMA-COLOMBO,2026-05-09T06:18:41.991Z,36.21,1.37,6.907715397874673,79.85463216454649,API_SIMULATION
CC-222,GAMPAHA-COLOMBO,2026-05-09T06:18:41.991Z,23.1,0.84,6.926066472754517,79.83967309301654,API_SIMULATION
SL-909,MATARA-COLOMBO,2026-05-09T06:18:41.991Z,55.51,4.46,6.87586071834411,79.89952910723622,API_SIMULATION
HS-808,KANDY-COLOMBO,2026-05-09T06:18:41.991Z,24.78,0.22,6.957502575857319,79.88739734793575,API_SIMULATION
NC-220,COLOMBO-JAFFNA,2026-05-09T06:19:11.996Z,82.27,3.6,6.9821337212738035,79.83571145761015,API_SIMULATION
IC-101,COLOMBO-KANDY,2026-05-09T06:19:11.996Z,59.46,21.49,6.981510961739829,79.90939073025484,API_SIMULATION
CS-305,COLOMBO-GALLE,2026-05-09T06:19:11.996Z,75.11,19.01,6.900866423356803,79.86391302322744,API_SIMULATION
MC-520,COLOMBO-KANDY,2026-05-09T06:19:11.996Z,54.63,22.99,6.875326179001246,79.90014501687479,API_SIMULATION
CS-410,COLOMBO-MATARA,2026-05-09T06:19:11.996Z,48.04,3.68,6.923654795124968,79.87259328067334,API_SIMULATION
NC-640,COLOMBO-JAFFNA,2026-05-09T06:19:11.996Z,71.49,8.15,6.974421880431357,79.87231269006136,API_SIMULATION
NC-710,COLOMBO-JAFFNA,2026-05-09T06:19:11.996Z,41.17,10.28,6.956957470600673,79.9149371223324,API_SIMULATION
WB-115,RAGAMA-COLOMBO,2026-05-09T06:19:11.996Z,48.92,15.12,6.911974312352497,79.83445532108864,API_SIMULATION
CC-222,GAMPAHA-COLOMBO,2026-05-09T06:19:11.996Z,26.84,13.67,6.887546276649256,79.87226686809292,API_SIMULATION
SL-909,MATARA-COLOMBO,2026-05-09T06:19:11.996Z,61.83,19.85,6.960209342630676,79.84605775099529,API_SIMULATION
HS-808,KANDY-COLOMBO,2026-05-09T06:19:11.996Z,56.98,0.78,6.910139208146598,79.81593147243153,API_SIMULATION
NC-220,COLOMBO-JAFFNA,2026-05-09T06:20:22.482Z,80.29,11.22,6.947473370708556,79.86869752965966,API_SIMULATION
IC-101,COLOMBO-KANDY,2026-05-09T06:20:22.482Z,57.92,11.09,6.878804421628779,79.8622935817864,API_SIMULATION
CS-305,COLOMBO-GALLE,2026-05-09T06:20:22.482Z,78.47,16.92,6.97696341297697,79.86631220550635,API_SIMULATION
MC-520,COLOMBO-KANDY,2026-05-09T06:20:22.482Z,53.99,7.85,6.94057660293665,79.80763809178538,API_SIMULATION
CS-410,COLOMBO-MATARA,2026-05-09T06:20:22.482Z,61.01,22.81,6.922524233781974,79.8228052441462,API_SIMULATION
NC-640,COLOMBO-JAFFNA,2026-05-09T06:20:22.482Z,40.04,24.9,6.917863664273116,79.83749749465717,API_SIMULATION
NC-710,COLOMBO-JAFFNA,2026-05-09T06:20:22.482Z,24.78,10.81,6.968671116239271,79.88017183735761,API_SIMULATION
WB-115,RAGAMA-COLOMBO,2026-05-09T06:20:22.482Z,38.19,22.38,6.948649118516108,79.90803178607672,API_SIMULATION
CC-222,GAMPAHA-COLOMBO,2026-05-09T06:20:22.482Z,31.13,7.97,6.960809922451871,79.84841363461531,API_SIMULATION
SL-909,MATARA-COLOMBO,2026-05-09T06:20:22.483Z,60.93,0.88,6.976952338382457,79.8658575335881,API_SIMULATION
HS-808,KANDY-COLOMBO,2026-05-09T06:20:22.483Z,81.19,16.01,6.9304418255756675,79.90155692231193,API_SIMULATION
NC-220,COLOMBO-JAFFNA,2026-05-09T06:20:52.473Z,51.33,14.13,6.963313456317689,79.85451869775794,API_SIMULATION
IC-101,COLOMBO-KANDY,2026-05-09T06:20:52.473Z,72.3,8.62,6.931777562528675,79.8476726039611,API_SIMULATION
CS-305,COLOMBO-GALLE,2026-05-09T06:20:52.473Z,31.37,23.09,6.8939169401135185,79.85723352198042,API_SIMULATION
MC-520,COLOMBO-KANDY,2026-05-09T06:20:52.473Z,37.04,4.43,6.933411351845253,79.85592796562243,API_SIMULATION
CS-410,COLOMBO-MATARA,2026-05-09T06:20:52.473Z,74.37,7.91,6.904106499552401,79.85109483888378,API_SIMULATION
NC-640,COLOMBO-JAFFNA,2026-05-09T06:20:52.473Z,29.93,7.43,6.949167625658071,79.83265147903178,API_SIMULATION
NC-710,COLOMBO-JAFFNA,2026-05-09T06:20:52.473Z,70.39,18.71,6.879523152557526,79.86739325435236,API_SIMULATION
WB-115,RAGAMA-COLOMBO,2026-05-09T06:20:52.473Z,74.12,2.01,6.960972433886293,79.86920804474214,API_SIMULATION
CC-222,GAMPAHA-COLOMBO,2026-05-09T06:20:52.473Z,46.18,13.61,6.972540941334082,79.90906151035351,API_SIMULATION
SL-909,MATARA-COLOMBO,2026-05-09T06:20:52.473Z,82.01,1.14,6.887003874325674,79.83445731619406,API_SIMULATION
HS-808,KANDY-COLOMBO,2026-05-09T06:20:52.473Z,34.7,16.28,6.88987982593846,79.81156495937863,API_SIMULATION
NC-220,COLOMBO-JAFFNA,2026-05-09T06:21:22.477Z,44.46,16.13,6.8774234332557755,79.88611148504661,API_SIMULATION
IC-101,COLOMBO-KANDY,2026-05-09T06:21:22.477Z,58.55,18.2,6.940226356343144,79.87817480125432,API_SIMULATION
CS-305,COLOMBO-GALLE,2026-05-09T06:21:22.477Z,38.86,4.8,6.887062541865289,79.87768666194647,API_SIMULATION
MC-520,COLOMBO-KANDY,2026-05-09T06:21:22.477Z,76.76,0.52,6.944515599225482,79.8115605438448,API_SIMULATION
CS-410,COLOMBO-MATARA,2026-05-09T06:21:22.477Z,57.97,20.9,6.976815044769732,79.8956303247823,API_SIMULATION
NC-640,COLOMBO-JAFFNA,2026-05-09T06:21:22.477Z,53.77,2.24,6.962515955586503,79.87298487565677,API_SIMULATION
NC-710,COLOMBO-JAFFNA,2026-05-09T06:21:22.477Z,40.02,10.06,6.894960574277074,79.80791286306443,API_SIMULATION
WB-115,RAGAMA-COLOMBO,2026-05-09T06:21:22.477Z,23.22,23.29,6.94408955317851,79.91793527565947,API_SIMULATION
CC-222,GAMPAHA-COLOMBO,2026-05-09T06:21:22.477Z,72.85,23.9,6.943757652208121,79.90797983783658,API_SIMULATION
SL-909,MATARA-COLOMBO,2026-05-09T06:21:22.477Z,57.44,24.52,6.871415089188957,79.87736927680885,API_SIMULATION
HS-808,KANDY-COLOMBO,2026-05-09T06:21:22.477Z,48.16,2.52,6.8695917455392275,79.87828135632101,API_SIMULATION
NC-220,COLOMBO-JAFFNA,2026-05-09T06:21:52.480Z,20.45,23.84,6.894159726457048,79.91271736454267,API_SIMULATION
IC-101,COLOMBO-KANDY,2026-05-09T06:21:52.480Z,75.73,15.2,6.922785081395045,79.9140412262939,API_SIMULATION
CS-305,COLOMBO-GALLE,2026-05-09T06:21:52.480Z,68.83,17.05,6.928660701075253,79.87011335314872,API_SIMULATION
MC-520,COLOMBO-KANDY,2026-05-09T06:21:52.480Z,31.34,3.29,6.87213760493762,79.91519227152232,API_SIMULATION
CS-410,COLOMBO-MATARA,2026-05-09T06:21:52.480Z,28.82,5.63,6.915179138081175,79.80999300120659,API_SIMULATION
NC-640,COLOMBO-JAFFNA,2026-05-09T06:21:52.480Z,24.26,2.51,6.88258629241586,79.833309894056,API_SIMULATION
NC-710,COLOMBO-JAFFNA,2026-05-09T06:21:52.480Z,43.89,0.6,6.878334800411828,79.84965968357204,API_SIMULATION
WB-115,RAGAMA-COLOMBO,2026-05-09T06:21:52.480Z,37.04,4.29,6.9836382767842515,79.81612461033315,API_SIMULATION
CC-222,GAMPAHA-COLOMBO,2026-05-09T06:21:52.480Z,75.64,7.85,6.874061528318698,79.87558450430869,API_SIMULATION
SL-909,MATARA-COLOMBO,2026-05-09T06:21:52.480Z,30.36,14.6,6.869272328763897,79.85942811354708,API_SIMULATION
HS-808,KANDY-COLOMBO,2026-05-09T06:21:52.480Z,34.75,24.05,6.983761205425745,79.88651877791229,API_SIMULATION
NC-220,COLOMBO-JAFFNA,2026-05-09T06:22:22.492Z,25.09,21.17,6.917306082288218,79.90861210657073,API_SIMULATION
IC-101,COLOMBO-KANDY,2026-05-09T06:22:22.492Z,71.63,11,6.900291862975699,79.82280802871087,API_SIMULATION
CS-305,COLOMBO-GALLE,2026-05-09T06:22:22.492Z,21.42,1.9,6.925643676571438,79.91591732100245,API_SIMULATION
MC-520,COLOMBO-KANDY,2026-05-09T06:22:22.492Z,38.11,7.71,6.900858410760058,79.90102496110053,API_SIMULATION
CS-410,COLOMBO-MATARA,2026-05-09T06:22:22.492Z,39.81,17.88,6.8778178523919085,79.85726106071161,API_SIMULATION
NC-640,COLOMBO-JAFFNA,2026-05-09T06:22:22.492Z,56.18,24.47,6.8913475188097575,79.87570318484114,API_SIMULATION
NC-710,COLOMBO-JAFFNA,2026-05-09T06:22:22.492Z,28.98,19.22,6.9367513410452295,79.8887732779225,API_SIMULATION
WB-115,RAGAMA-COLOMBO,2026-05-09T06:22:22.492Z,26.58,24.56,6.898066437439597,79.86618002913272,API_SIMULATION
CC-222,GAMPAHA-COLOMBO,2026-05-09T06:22:22.492Z,62.88,1.28,6.948935249205712,79.83161195992301,API_SIMULATION
SL-909,MATARA-COLOMBO,2026-05-09T06:22:22.492Z,22.89,15.4,6.9017560955229,79.91168778082793,API_SIMULATION
HS-808,KANDY-COLOMBO,2026-05-09T06:22:22.492Z,32.94,3.55,6.890560790790936,79.91150857471338,API_SIMULATION
NC-220,COLOMBO-JAFFNA,2026-05-09T06:22:52.493Z,61.59,8.53,6.891977009596715,79.91654143787804,API_SIMULATION
IC-101,COLOMBO-KANDY,2026-05-09T06:22:52.493Z,37.79,8.49,6.886425835405279,79.8060846881837,API_SIMULATION
CS-305,COLOMBO-GALLE,2026-05-09T06:22:52.493Z,81.42,8.93,6.975557628406401,79.85780756759442,API_SIMULATION
MC-520,COLOMBO-KANDY,2026-05-09T06:22:52.493Z,84.47,18.19,6.894927217843645,79.82207610196706,API_SIMULATION
CS-410,COLOMBO-MATARA,2026-05-09T06:22:52.493Z,61.98,17.4,6.882877695655849,79.87096525868488,API_SIMULATION
NC-640,COLOMBO-JAFFNA,2026-05-09T06:22:52.493Z,83.59,23.91,6.895466547346513,79.81738116864233,API_SIMULATION
NC-710,COLOMBO-JAFFNA,2026-05-09T06:22:52.493Z,39.76,16.29,6.950802453965669,79.8398074887974,API_SIMULATION
WB-115,RAGAMA-COLOMBO,2026-05-09T06:22:52.493Z,47.94,7.5,6.981916281793909,79.83691847130191,API_SIMULATION
CC-222,GAMPAHA-COLOMBO,2026-05-09T06:22:52.493Z,63.65,12.34,6.93245070756346,79.87977011855484,API_SIMULATION
SL-909,MATARA-COLOMBO,2026-05-09T06:22:52.493Z,32.57,19.68,6.901128359365085,79.89229695847753,API_SIMULATION
HS-808,KANDY-COLOMBO,2026-05-09T06:22:52.493Z,45.31,7.15,6.890238806534463,79.89761820730114,API_SIMULATION
NC-220,COLOMBO-JAFFNA,2026-05-09T06:23:22.504Z,32.82,12.37,6.946956649504644,79.84729931237672,API_SIMULATION
IC-101,COLOMBO-KANDY,2026-05-09T06:23:22.504Z,51.45,21.56,6.942912506895031,79.80794086787469,API_SIMULATION
CS-305,COLOMBO-GALLE,2026-05-09T06:23:22.504Z,73.73,9.79,6.970364052099513,79.81687108343645,API_SIMULATION
MC-520,COLOMBO-KANDY,2026-05-09T06:23:22.504Z,44.33,16.33,6.950786283013006,79.86440128888285,API_SIMULATION
CS-410,COLOMBO-MATARA,2026-05-09T06:23:22.504Z,63.39,12.93,6.943871296382085,79.84926032730773,API_SIMULATION
NC-640,COLOMBO-JAFFNA,2026-05-09T06:23:22.504Z,71.69,14.92,6.868798932625745,79.90825793937468,API_SIMULATION
NC-710,COLOMBO-JAFFNA,2026-05-09T06:23:22.504Z,26.65,12.65,6.899491037911733,79.90132732075287,API_SIMULATION
WB-115,RAGAMA-COLOMBO,2026-05-09T06:23:22.504Z,43.08,19,6.933864425912552,79.88781437581216,API_SIMULATION
CC-222,GAMPAHA-COLOMBO,2026-05-09T06:23:22.504Z,67.95,10.59,6.9136895606988,79.82702712063151,API_SIMULATION
SL-909,MATARA-COLOMBO,2026-05-09T06:23:22.504Z,83.15,6.6,6.874575709216544,79.86801638611546,API_SIMULATION
HS-808,KANDY-COLOMBO,2026-05-09T06:23:22.504Z,55.59,24.04,6.888941739134144,79.809415691851,API_SIMULATION
NC-220,COLOMBO-JAFFNA,2026-05-09T06:23:52.505Z,22.02,7.63,6.97901264956638,79.86403632687295,API_SIMULATION
IC-101,COLOMBO-KANDY,2026-05-09T06:23:52.505Z,83.99,22.41,6.964761768384138,79.86838155480072,API_SIMULATION
CS-305,COLOMBO-GALLE,2026-05-09T06:23:52.505Z,70.75,14.37,6.979677622618485,79.87911902590875,API_SIMULATION
MC-520,COLOMBO-KANDY,2026-05-09T06:23:52.505Z,80.42,9.93,6.960439745610148,79.90974792168136,API_SIMULATION
CS-410,COLOMBO-MATARA,2026-05-09T06:23:52.505Z,65.52,3.44,6.9599395935375865,79.83835224159273,API_SIMULATION
NC-640,COLOMBO-JAFFNA,2026-05-09T06:23:52.505Z,57.87,24.53,6.8846595479372175,79.84750016891107,API_SIMULATION
NC-710,COLOMBO-JAFFNA,2026-05-09T06:23:52.505Z,61.56,8.88,6.952706320353986,79.88852305481325,API_SIMULATION
WB-115,RAGAMA-COLOMBO,2026-05-09T06:23:52.505Z,34.67,6.95,6.9668561991466555,79.88508409477319,API_SIMULATION
CC-222,GAMPAHA-COLOMBO,2026-05-09T06:23:52.505Z,68.79,17.08,6.871895357846494,79.91575659948906,API_SIMULATION
SL-909,MATARA-COLOMBO,2026-05-09T06:23:52.505Z,75.65,4.28,6.870728725086519,79.83922077727273,API_SIMULATION
HS-808,KANDY-COLOMBO,2026-05-09T06:23:52.505Z,53.22,20.81,6.9834504507696336,79.86270783513399,API_SIMULATION
NC-220,COLOMBO-JAFFNA,2026-05-09T06:24:22.510Z,50.81,7.96,6.951430620892624,79.86970566324831,API_SIMULATION
IC-101,COLOMBO-KANDY,2026-05-09T06:24:22.510Z,20.54,23.57,6.9252026511762335,79.86686015696392,API_SIMULATION
CS-305,COLOMBO-GALLE,2026-05-09T06:24:22.510Z,81.45,18.53,6.975620757022919,79.90819765130313,API_SIMULATION
MC-520,COLOMBO-KANDY,2026-05-09T06:24:22.510Z,60.04,0.52,6.983410751383257,79.918882796638,API_SIMULATION
CS-410,COLOMBO-MATARA,2026-05-09T06:24:22.510Z,70.28,3.01,6.8683718664886335,79.86661991541459,API_SIMULATION
NC-640,COLOMBO-JAFFNA,2026-05-09T06:24:22.510Z,41.95,1.22,6.891391020783895,79.9194457611686,API_SIMULATION
NC-710,COLOMBO-JAFFNA,2026-05-09T06:24:22.510Z,65.93,16.76,6.923683024177773,79.84376115216956,API_SIMULATION
WB-115,RAGAMA-COLOMBO,2026-05-09T06:24:22.510Z,72.54,3.12,6.951286297621195,79.88977171502486,API_SIMULATION
CC-222,GAMPAHA-COLOMBO,2026-05-09T06:24:22.511Z,57.44,3.35,6.87838864977362,79.91057385939182,API_SIMULATION
SL-909,MATARA-COLOMBO,2026-05-09T06:24:22.511Z,24.43,12.26,6.962791598229791,79.9121993650064,API_SIMULATION
HS-808,KANDY-COLOMBO,2026-05-09T06:24:22.511Z,71.63,22.47,6.9830176883490935,79.80914897464307,API_SIMULATION
NC-220,COLOMBO-JAFFNA,2026-05-09T06:24:52.517Z,71.11,6.4,6.8884934523274675,79.90325171685882,API_SIMULATION
IC-101,COLOMBO-KANDY,2026-05-09T06:24:52.517Z,76.75,9.09,6.902181028721343,79.84624774218591,API_SIMULATION
CS-305,COLOMBO-GALLE,2026-05-09T06:24:52.517Z,21.72,23.67,6.873352722322413,79.91937101487964,API_SIMULATION
MC-520,COLOMBO-KANDY,2026-05-09T06:24:52.517Z,25.99,13.44,6.95197796741069,79.81234370603886,API_SIMULATION
CS-410,COLOMBO-MATARA,2026-05-09T06:24:52.517Z,65.34,16.58,6.89985497873823,79.86447085434747,API_SIMULATION
NC-640,COLOMBO-JAFFNA,2026-05-09T06:24:52.517Z,23.68,16.48,6.9059011212555586,79.8304735400828,API_SIMULATION
NC-710,COLOMBO-JAFFNA,2026-05-09T06:24:52.518Z,20.08,22.57,6.928810907856582,79.85100489142366,API_SIMULATION
WB-115,RAGAMA-COLOMBO,2026-05-09T06:24:52.518Z,62.56,4.86,6.959925469167757,79.90872556467033,API_SIMULATION
CC-222,GAMPAHA-COLOMBO,2026-05-09T06:24:52.518Z,27.42,3.67,6.895750399601767,79.83969250846187,API_SIMULATION
SL-909,MATARA-COLOMBO,2026-05-09T06:24:52.518Z,58.46,15.34,6.87508688751852,79.8014499275681,API_SIMULATION
HS-808,KANDY-COLOMBO,2026-05-09T06:24:52.518Z,56.92,21.81,6.984830216379714,79.81203497202472,API_SIMULATION
NC-220,COLOMBO-JAFFNA,2026-05-09T06:26:15.825Z,80.51,21.6,6.948712050404971,79.82648559963035,API_SIMULATION
IC-101,COLOMBO-KANDY,2026-05-09T06:26:15.825Z,42.73,19.32,6.924050875310682,79.87494796232798,API_SIMULATION
CS-305,COLOMBO-GALLE,2026-05-09T06:26:15.825Z,78.2,10.18,6.872720661284297,79.89424810572534,API_SIMULATION
MC-520,COLOMBO-KANDY,2026-05-09T06:26:15.825Z,48.9,24.82,6.895737093818032,79.81062139513193,API_SIMULATION
CS-410,COLOMBO-MATARA,2026-05-09T06:26:15.825Z,53.05,0.58,6.9262953881780085,79.87017189724776,API_SIMULATION
NC-640,COLOMBO-JAFFNA,2026-05-09T06:26:15.825Z,75.74,19.57,6.986680335255238,79.88295615306554,API_SIMULATION
NC-710,COLOMBO-JAFFNA,2026-05-09T06:26:15.825Z,40.96,8.64,6.8818538308137605,79.84970562127818,API_SIMULATION
WB-115,RAGAMA-COLOMBO,2026-05-09T06:26:15.825Z,26.83,7.89,6.936207249172969,79.91656903727537,API_SIMULATION
CC-222,GAMPAHA-COLOMBO,2026-05-09T06:26:15.825Z,27.33,13.85,6.904604919962774,79.8801881895629,API_SIMULATION
SL-909,MATARA-COLOMBO,2026-05-09T06:26:15.825Z,53.54,18.02,6.9104014801811795,79.87267775585325,API_SIMULATION
HS-808,KANDY-COLOMBO,2026-05-09T06:26:15.825Z,75.7,10.52,6.9866867305621145,79.84791767437312,API_SIMULATION
NC-220,COLOMBO-JAFFNA,2026-05-09T06:28:14.704Z,21.41,5.87,6.9331379045665775,79.88913530973991,API_SIMULATION
IC-101,COLOMBO-KANDY,2026-05-09T06:28:14.705Z,33.81,11.04,6.920074205565286,79.8013495213774,API_SIMULATION
CS-305,COLOMBO-GALLE,2026-05-09T06:28:14.705Z,42.8,7.85,6.986279385425832,79.82931420974131,API_SIMULATION
MC-520,COLOMBO-KANDY,2026-05-09T06:28:14.705Z,84.12,16.95,6.909290250459642,79.87272613984405,API_SIMULATION
CS-410,COLOMBO-MATARA,2026-05-09T06:28:14.705Z,39.18,1.24,6.894449469390314,79.85968362805943,API_SIMULATION
NC-640,COLOMBO-JAFFNA,2026-05-09T06:28:14.705Z,37.04,19.96,6.94253082908962,79.88227260707582,API_SIMULATION
NC-710,COLOMBO-JAFFNA,2026-05-09T06:28:14.705Z,62.03,9.79,6.898001657744497,79.83405169308574,API_SIMULATION
WB-115,RAGAMA-COLOMBO,2026-05-09T06:28:14.705Z,63.92,20.85,6.929305431117662,79.80829329038106,API_SIMULATION
CC-222,GAMPAHA-COLOMBO,2026-05-09T06:28:14.705Z,58.66,22.77,6.976573317299134,79.81729224013952,API_SIMULATION
SL-909,MATARA-COLOMBO,2026-05-09T06:28:14.705Z,73.83,13.91,6.9302006947792645,79.89422199358914,API_SIMULATION
HS-808,KANDY-COLOMBO,2026-05-09T06:28:14.705Z,54.78,6.62,6.9746709815300445,79.89325662753731,API_SIMULATION
NC-220,COLOMBO-JAFFNA,2026-05-09T06:28:44.697Z,36.49,4.16,6.906329741612462,79.82700063563578,API_SIMULATION
IC-101,COLOMBO-KANDY,2026-05-09T06:28:44.697Z,58.88,5.64,6.923792149110027,79.85406315157573,API_SIMULATION
CS-305,COLOMBO-GALLE,2026-05-09T06:28:44.697Z,22.2,18.26,6.966175238385604,79.90404889974815,API_SIMULATION
MC-520,COLOMBO-KANDY,2026-05-09T06:28:44.697Z,74.32,22.72,6.880089841878894,79.83312536682014,API_SIMULATION
CS-410,COLOMBO-MATARA,2026-05-09T06:28:44.697Z,82.27,8.07,6.91726251385131,79.88373073027535,API_SIMULATION
NC-640,COLOMBO-JAFFNA,2026-05-09T06:28:44.697Z,72.52,6.79,6.943845778635289,79.9013098414801,API_SIMULATION
NC-710,COLOMBO-JAFFNA,2026-05-09T06:28:44.697Z,68.88,17.05,6.934717984459658,79.84782683077277,API_SIMULATION
WB-115,RAGAMA-COLOMBO,2026-05-09T06:28:44.697Z,66.94,8.75,6.91946179261043,79.84340842274635,API_SIMULATION
CC-222,GAMPAHA-COLOMBO,2026-05-09T06:28:44.697Z,39.6,20.06,6.919324388721937,79.81550520283817,API_SIMULATION
SL-909,MATARA-COLOMBO,2026-05-09T06:28:44.697Z,24.52,8.79,6.9407989007839515,79.89984558947673,API_SIMULATION
HS-808,KANDY-COLOMBO,2026-05-09T06:28:44.697Z,41.13,0.84,6.9098958152686825,79.83052287075935,API_SIMULATION
NC-220,COLOMBO-JAFFNA,2026-05-09T06:29:14.703Z,54.12,10.16,6.896408399435478,79.89923748467999,API_SIMULATION
IC-101,COLOMBO-KANDY,2026-05-09T06:29:14.703Z,37.63,7.93,6.944897482420665,79.89348241005032,API_SIMULATION
CS-305,COLOMBO-GALLE,2026-05-09T06:29:14.703Z,30.25,24.83,6.878334873843613,79.90181355921185,API_SIMULATION
MC-520,COLOMBO-KANDY,2026-05-09T06:29:14.703Z,66.15,23.78,6.974280160166781,79.8105821390854,API_SIMULATION
CS-410,COLOMBO-MATARA,2026-05-09T06:29:14.703Z,68.84,24.28,6.8972016045665825,79.91599000968915,API_SIMULATION
NC-640,COLOMBO-JAFFNA,2026-05-09T06:29:14.703Z,24.37,20.75,6.875016714305711,79.8594963978547,API_SIMULATION
NC-710,COLOMBO-JAFFNA,2026-05-09T06:29:14.703Z,73.82,9.33,6.945509071020539,79.80750126707433,API_SIMULATION
WB-115,RAGAMA-COLOMBO,2026-05-09T06:29:14.703Z,32.28,18.8,6.944190202960241,79.8963591566751,API_SIMULATION
CC-222,GAMPAHA-COLOMBO,2026-05-09T06:29:14.703Z,59.02,3.72,6.957549100709916,79.87675999705769,API_SIMULATION
SL-909,MATARA-COLOMBO,2026-05-09T06:29:14.703Z,53.62,2.06,6.9256862989680235,79.87088474588144,API_SIMULATION
HS-808,KANDY-COLOMBO,2026-05-09T06:29:14.703Z,36.3,4.85,6.87058081175021,79.91012649617582,API_SIMULATION
NC-220,COLOMBO-JAFFNA,2026-05-09T06:29:44.707Z,51.78,21.92,6.9776352429226245,79.84778095440664,API_SIMULATION
IC-101,COLOMBO-KANDY,2026-05-09T06:29:44.707Z,53.53,6.83,6.898547449455803,79.85622111677085,API_SIMULATION
CS-305,COLOMBO-GALLE,2026-05-09T06:29:44.707Z,68.65,0.71,6.9205618006060305,79.83786885103311,API_SIMULATION
MC-520,COLOMBO-KANDY,2026-05-09T06:29:44.707Z,57.67,2.31,6.954062820933199,79.85697589677262,API_SIMULATION
CS-410,COLOMBO-MATARA,2026-05-09T06:29:44.707Z,36.79,18.03,6.981315583907744,79.85639622186739,API_SIMULATION
NC-640,COLOMBO-JAFFNA,2026-05-09T06:29:44.707Z,80.37,23.8,6.9562303540214625,79.83514657162719,API_SIMULATION
NC-710,COLOMBO-JAFFNA,2026-05-09T06:29:44.707Z,49.02,8.64,6.887938273730253,79.81291479861683,API_SIMULATION
WB-115,RAGAMA-COLOMBO,2026-05-09T06:29:44.707Z,34.6,15.24,6.8886975234079735,79.8731327821825,API_SIMULATION
CC-222,GAMPAHA-COLOMBO,2026-05-09T06:29:44.707Z,67.63,18.08,6.946435257751669,79.91410028247721,API_SIMULATION
SL-909,MATARA-COLOMBO,2026-05-09T06:29:44.707Z,80.72,0.36,6.882154781048845,79.84132130926741,API_SIMULATION
HS-808,KANDY-COLOMBO,2026-05-09T06:29:44.708Z,63.99,2.97,6.904100094455563,79.87942784787285,API_SIMULATION
NC-220,COLOMBO-JAFFNA,2026-05-09T06:30:14.723Z,65.9,17.9,6.96881898529299,79.83332486050868,API_SIMULATION
IC-101,COLOMBO-KANDY,2026-05-09T06:30:14.723Z,78.48,19.04,6.9351553391742495,79.80567747498351,API_SIMULATION
CS-305,COLOMBO-GALLE,2026-05-09T06:30:14.723Z,73.97,0.47,6.873759558629044,79.90722144503604,API_SIMULATION
MC-520,COLOMBO-KANDY,2026-05-09T06:30:14.723Z,28.44,7.48,6.873975065348865,79.83451850484369,API_SIMULATION
CS-410,COLOMBO-MATARA,2026-05-09T06:30:14.723Z,32.67,8.65,6.874160154573783,79.8329353248669,API_SIMULATION
NC-640,COLOMBO-JAFFNA,2026-05-09T06:30:14.723Z,31.08,4.94,6.95044507087925,79.90053001369272,API_SIMULATION
NC-710,COLOMBO-JAFFNA,2026-05-09T06:30:14.723Z,38.25,23.19,6.877413758938194,79.80835801007257,API_SIMULATION
WB-115,RAGAMA-COLOMBO,2026-05-09T06:30:14.723Z,84.31,8.39,6.985069044930048,79.90682051899492,API_SIMULATION
CC-222,GAMPAHA-COLOMBO,2026-05-09T06:30:14.723Z,61.97,10.6,6.883598687787077,79.84508597730621,API_SIMULATION
SL-909,MATARA-COLOMBO,2026-05-09T06:30:14.723Z,71.76,5.61,6.928984076298241,79.84773979606192,API_SIMULATION
HS-808,KANDY-COLOMBO,2026-05-09T06:30:14.723Z,49.55,19.5,6.9054335343898,79.85849331596907,API_SIMULATION
NC-220,COLOMBO-JAFFNA,2026-05-09T06:30:44.734Z,24.41,6.38,6.982642767487817,79.91769449996231,API_SIMULATION
IC-101,COLOMBO-KANDY,2026-05-09T06:30:44.734Z,53.54,9.32,6.927987470475287,79.81698547781944,API_SIMULATION
CS-305,COLOMBO-GALLE,2026-05-09T06:30:44.734Z,77.05,6,6.96359761006084,79.81147026455808,API_SIMULATION
MC-520,COLOMBO-KANDY,2026-05-09T06:30:44.734Z,72.57,0.12,6.970956215759471,79.87801792633749,API_SIMULATION
CS-410,COLOMBO-MATARA,2026-05-09T06:30:44.734Z,83.77,20.77,6.893540786859116,79.81612191052997,API_SIMULATION
NC-640,COLOMBO-JAFFNA,2026-05-09T06:30:44.734Z,73.05,0.47,6.883624239245954,79.86079023763176,API_SIMULATION
NC-710,COLOMBO-JAFFNA,2026-05-09T06:30:44.734Z,73.06,18.87,6.875081133930053,79.882537691115,API_SIMULATION
WB-115,RAGAMA-COLOMBO,2026-05-09T06:30:44.734Z,71.92,0.69,6.9507506095401155,79.9145472849361,API_SIMULATION
CC-222,GAMPAHA-COLOMBO,2026-05-09T06:30:44.734Z,53.31,14.09,6.93634303682801,79.8916654216161,API_SIMULATION
SL-909,MATARA-COLOMBO,2026-05-09T06:30:44.734Z,67.65,8.33,6.958270128118985,79.84886085460413,API_SIMULATION
HS-808,KANDY-COLOMBO,2026-05-09T06:30:44.734Z,53.37,16.78,6.951849490314422,79.86703905357545,API_SIMULATION
NC-220,COLOMBO-JAFFNA,2026-05-09T06:31:49.964Z,80.64,10.97,6.943619558753106,79.83850616058797,API_SIMULATION
IC-101,COLOMBO-KANDY,2026-05-09T06:31:49.964Z,82.15,23.23,6.940232245858272,79.8442473907038,API_SIMULATION
CS-305,COLOMBO-GALLE,2026-05-09T06:31:49.964Z,59.75,15.67,6.952311842277909,79.89069920514335,API_SIMULATION
MC-520,COLOMBO-KANDY,2026-05-09T06:31:49.964Z,50.84,4.64,6.953800768382983,79.87148351143504,API_SIMULATION
CS-410,COLOMBO-MATARA,2026-05-09T06:31:49.964Z,71.38,24.45,6.888491537549651,79.8785669193226,API_SIMULATION
NC-640,COLOMBO-JAFFNA,2026-05-09T06:31:49.964Z,53.58,18.42,6.982460304863152,79.81837432250408,API_SIMULATION
NC-710,COLOMBO-JAFFNA,2026-05-09T06:31:49.964Z,21.85,17.52,6.967134139076236,79.87387890857208,API_SIMULATION
WB-115,RAGAMA-COLOMBO,2026-05-09T06:31:49.964Z,63.73,23.71,6.868512914160877,79.89398564157013,API_SIMULATION
CC-222,GAMPAHA-COLOMBO,2026-05-09T06:31:49.964Z,68.74,18.95,6.904995512393847,79.80516032332015,API_SIMULATION
SL-909,MATARA-COLOMBO,2026-05-09T06:31:49.964Z,78.63,10.09,6.973434154530728,79.84652870652732,API_SIMULATION
HS-808,KANDY-COLOMBO,2026-05-09T06:31:49.964Z,79.13,19.53,6.9541016738738906,79.89975501721993,API_SIMULATION
NC-220,COLOMBO-JAFFNA,2026-05-09T06:32:19.972Z,20.7,8.21,6.958146858689037,79.82951760710039,API_SIMULATION
IC-101,COLOMBO-KANDY,2026-05-09T06:32:19.972Z,58.65,21.41,6.898850028642194,79.89759926221627,API_SIMULATION
CS-305,COLOMBO-GALLE,2026-05-09T06:32:19.972Z,25.7,3.08,6.9447766673914195,79.90589812819739,API_SIMULATION
MC-520,COLOMBO-KANDY,2026-05-09T06:32:19.972Z,31.87,6.84,6.986497955834959,79.91913595939891,API_SIMULATION
CS-410,COLOMBO-MATARA,2026-05-09T06:32:19.972Z,23.18,20.63,6.967835761817022,79.81496550512702,API_SIMULATION
NC-640,COLOMBO-JAFFNA,2026-05-09T06:32:19.972Z,74.59,14.32,6.875345265362958,79.85754142010825,API_SIMULATION
NC-710,COLOMBO-JAFFNA,2026-05-09T06:32:19.972Z,68.38,2.6,6.967929192647906,79.89210991283423,API_SIMULATION
WB-115,RAGAMA-COLOMBO,2026-05-09T06:32:19.972Z,51.83,15.73,6.971399092495247,79.85543592163248,API_SIMULATION
CC-222,GAMPAHA-COLOMBO,2026-05-09T06:32:19.972Z,39.03,15.01,6.961327661284379,79.90192378271725,API_SIMULATION
SL-909,MATARA-COLOMBO,2026-05-09T06:32:19.972Z,38.47,0.06,6.92146380005858,79.80287903299114,API_SIMULATION
HS-808,KANDY-COLOMBO,2026-05-09T06:32:19.972Z,78.01,16.05,6.8707020499276785,79.90604537381272,API_SIMULATION
NC-220,COLOMBO-JAFFNA,2026-05-09T06:32:49.978Z,20.39,12.38,6.871168240888541,79.82380100286959,API_SIMULATION
IC-101,COLOMBO-KANDY,2026-05-09T06:32:49.978Z,27.6,0.79,6.976977878801713,79.87828471571122,API_SIMULATION
CS-305,COLOMBO-GALLE,2026-05-09T06:32:49.978Z,41.38,21.84,6.9051482029896905,79.81398635872344,API_SIMULATION
MC-520,COLOMBO-KANDY,2026-05-09T06:32:49.978Z,27.65,12.19,6.96517502017718,79.82373477922751,API_SIMULATION
CS-410,COLOMBO-MATARA,2026-05-09T06:32:49.978Z,20.46,15.56,6.8981172687801635,79.84404724326367,API_SIMULATION
NC-640,COLOMBO-JAFFNA,2026-05-09T06:32:49.978Z,63.52,0.63,6.8815396776637,79.84730619864202,API_SIMULATION
NC-710,COLOMBO-JAFFNA,2026-05-09T06:32:49.978Z,70.54,11.92,6.873680132868847,79.85587529994535,API_SIMULATION
WB-115,RAGAMA-COLOMBO,2026-05-09T06:32:49.978Z,27.86,0.47,6.985999501455623,79.82807773341152,API_SIMULATION
CC-222,GAMPAHA-COLOMBO,2026-05-09T06:32:49.978Z,70.66,14.07,6.974756227694081,79.8286887064712,API_SIMULATION
SL-909,MATARA-COLOMBO,2026-05-09T06:32:49.978Z,73.32,19.56,6.905601022473861,79.88727335271467,API_SIMULATION
HS-808,KANDY-COLOMBO,2026-05-09T06:32:49.978Z,50.29,15.4,6.868104938870614,79.84714194399919,API_SIMULATION
NC-220,COLOMBO-JAFFNA,2026-05-09T06:33:19.993Z,77.91,20.24,6.957061816596771,79.84249041878634,API_SIMULATION
IC-101,COLOMBO-KANDY,2026-05-09T06:33:19.993Z,36.14,16.43,6.942935614378763,79.81909604593129,API_SIMULATION
CS-305,COLOMBO-GALLE,2026-05-09T06:33:19.993Z,61.02,4.8,6.971833346627069,79.89219680484061,API_SIMULATION
MC-520,COLOMBO-KANDY,2026-05-09T06:33:19.993Z,82.81,15.03,6.976278363578883,79.84774627888473,API_SIMULATION
CS-410,COLOMBO-MATARA,2026-05-09T06:33:19.993Z,26.94,2.39,6.934003462566994,79.8997130849548,API_SIMULATION
NC-640,COLOMBO-JAFFNA,2026-05-09T06:33:19.993Z,33.2,2.97,6.895603822111121,79.88834181517211,API_SIMULATION
NC-710,COLOMBO-JAFFNA,2026-05-09T06:33:19.993Z,51.15,0.81,6.9122606283851304,79.85420311173371,API_SIMULATION
WB-115,RAGAMA-COLOMBO,2026-05-09T06:33:19.993Z,75.74,13.6,6.87945351098845,79.87708553957272,API_SIMULATION
CC-222,GAMPAHA-COLOMBO,2026-05-09T06:33:19.993Z,44.78,14.25,6.946126105836342,79.88146780893507,API_SIMULATION
SL-909,MATARA-COLOMBO,2026-05-09T06:33:19.993Z,41.1,23.3,6.932732795175045,79.87869423581385,API_SIMULATION
HS-808,KANDY-COLOMBO,2026-05-09T06:33:19.993Z,71.15,2.38,6.874782106108666,79.90913575424801,API_SIMULATION
NC-220,COLOMBO-JAFFNA,2026-05-09T06:33:49.992Z,22.44,18,6.8938505570302,79.82398186897655,API_SIMULATION
IC-101,COLOMBO-KANDY,2026-05-09T06:33:49.992Z,74.27,6.09,6.966643479336802,79.90563558738405,API_SIMULATION
CS-305,COLOMBO-GALLE,2026-05-09T06:33:49.992Z,42.57,23.86,6.922756939502859,79.81304648492751,API_SIMULATION
MC-520,COLOMBO-KANDY,2026-05-09T06:33:49.992Z,20.71,12.17,6.983508212398856,79.81877734053153,API_SIMULATION
CS-410,COLOMBO-MATARA,2026-05-09T06:33:49.992Z,37.34,4.61,6.902002279501371,79.80368002341042,API_SIMULATION
NC-640,COLOMBO-JAFFNA,2026-05-09T06:33:49.992Z,29.45,9.07,6.890464859830694,79.8686518713964,API_SIMULATION
NC-710,COLOMBO-JAFFNA,2026-05-09T06:33:49.992Z,38.54,6.06,6.970077314487577,79.87321860123222,API_SIMULATION
WB-115,RAGAMA-COLOMBO,2026-05-09T06:33:49.992Z,38.28,12.23,6.908032893392404,79.91181633922263,API_SIMULATION
CC-222,GAMPAHA-COLOMBO,2026-05-09T06:33:49.992Z,44.88,5.96,6.938712085810197,79.85668933376985,API_SIMULATION
SL-909,MATARA-COLOMBO,2026-05-09T06:33:49.992Z,80.05,22.16,6.897678380112165,79.82412293500913,API_SIMULATION
HS-808,KANDY-COLOMBO,2026-05-09T06:33:49.992Z,72.17,7.31,6.976808921125561,79.81634060724815,API_SIMULATION
NC-220,COLOMBO-JAFFNA,2026-05-09T06:35:35.567Z,33.71,20.33,6.951235463650191,79.82610834853836,API_SIMULATION
IC-101,COLOMBO-KANDY,2026-05-09T06:35:35.567Z,67.26,16.66,6.893959349714605,79.81490953494331,API_SIMULATION
CS-305,COLOMBO-GALLE,2026-05-09T06:35:35.567Z,33.44,2.75,6.870068543064971,79.84316385323551,API_SIMULATION
MC-520,COLOMBO-KANDY,2026-05-09T06:35:35.567Z,31.12,19.22,6.915396820701502,79.9101874016317,API_SIMULATION
CS-410,COLOMBO-MATARA,2026-05-09T06:35:35.567Z,27.91,17.93,6.957919457216873,79.85242951135824,API_SIMULATION
NC-640,COLOMBO-JAFFNA,2026-05-09T06:35:35.567Z,46.33,10.9,6.904441322435689,79.80693038511045,API_SIMULATION
NC-710,COLOMBO-JAFFNA,2026-05-09T06:35:35.567Z,28.3,6.55,6.976066281415708,79.80680190506837,API_SIMULATION
WB-115,RAGAMA-COLOMBO,2026-05-09T06:35:35.567Z,21.02,20.6,6.944297046466696,79.9054306169435,API_SIMULATION
CC-222,GAMPAHA-COLOMBO,2026-05-09T06:35:35.567Z,38.45,12.25,6.970398356361274,79.90945133668463,API_SIMULATION
SL-909,MATARA-COLOMBO,2026-05-09T06:35:35.567Z,42.05,6.83,6.98420146423202,79.90142643067823,API_SIMULATION
HS-808,KANDY-COLOMBO,2026-05-09T06:35:35.567Z,36.87,21.87,6.899312090262288,79.84083012220974,API_SIMULATION
NC-220,COLOMBO-JAFFNA,2026-05-09T06:36:05.576Z,21.23,24.29,6.881367016218888,79.88680732077039,API_SIMULATION
IC-101,COLOMBO-KANDY,2026-05-09T06:36:05.576Z,31.14,21.34,6.969812106268163,79.87160919841945,API_SIMULATION
CS-305,COLOMBO-GALLE,2026-05-09T06:36:05.576Z,78.77,20.15,6.9826611995425365,79.83955767018568,API_SIMULATION
MC-520,COLOMBO-KANDY,2026-05-09T06:36:05.576Z,58.75,22.3,6.885038373454456,79.85272718815314,API_SIMULATION
CS-410,COLOMBO-MATARA,2026-05-09T06:36:05.576Z,47.94,3.24,6.966176478019702,79.8421453350492,API_SIMULATION
NC-640,COLOMBO-JAFFNA,2026-05-09T06:36:05.576Z,49.05,2.82,6.904039251135822,79.83156443973728,API_SIMULATION
NC-710,COLOMBO-JAFFNA,2026-05-09T06:36:05.576Z,55.42,5.22,6.869673534810358,79.80634703859012,API_SIMULATION
WB-115,RAGAMA-COLOMBO,2026-05-09T06:36:05.576Z,47.42,24.66,6.978836166135876,79.88474227653053,API_SIMULATION
CC-222,GAMPAHA-COLOMBO,2026-05-09T06:36:05.576Z,77.45,14.27,6.920280187231538,79.81269346709992,API_SIMULATION
SL-909,MATARA-COLOMBO,2026-05-09T06:36:05.576Z,72.51,4.78,6.873746068514876,79.81391111766817,API_SIMULATION
HS-808,KANDY-COLOMBO,2026-05-09T06:36:05.576Z,58.17,4.73,6.948971208754928,79.8216868513683,API_SIMULATION
NC-220,COLOMBO-JAFFNA,2026-05-09T06:36:35.585Z,44.41,0.59,6.967660464294474,79.90218165311965,API_SIMULATION
IC-101,COLOMBO-KANDY,2026-05-09T06:36:35.585Z,24.83,18.8,6.985541907164629,79.87791561738658,API_SIMULATION
CS-305,COLOMBO-GALLE,2026-05-09T06:36:35.585Z,41.09,17.22,6.883487284116027,79.80358278729489,API_SIMULATION
MC-520,COLOMBO-KANDY,2026-05-09T06:36:35.585Z,66.31,2.43,6.971493851759337,79.89351617924136,API_SIMULATION
CS-410,COLOMBO-MATARA,2026-05-09T06:36:35.585Z,45.43,14.86,6.895911049054008,79.82714966517445,API_SIMULATION
NC-640,COLOMBO-JAFFNA,2026-05-09T06:36:35.585Z,48.68,9.7,6.9143598184036685,79.89308873608928,API_SIMULATION
NC-710,COLOMBO-JAFFNA,2026-05-09T06:36:35.585Z,82.55,18.72,6.898550045693455,79.85944595488844,API_SIMULATION
WB-115,RAGAMA-COLOMBO,2026-05-09T06:36:35.585Z,75.89,23.87,6.938915859005841,79.90029891072267,API_SIMULATION
CC-222,GAMPAHA-COLOMBO,2026-05-09T06:36:35.585Z,81.89,16.68,6.948861888170623,79.84927829241539,API_SIMULATION
SL-909,MATARA-COLOMBO,2026-05-09T06:36:35.585Z,35.65,8.46,6.891912794146645,79.86682797648307,API_SIMULATION
HS-808,KANDY-COLOMBO,2026-05-09T06:36:35.585Z,73.92,21.59,6.952981085890849,79.90168055961496,API_SIMULATION
NC-220,COLOMBO-JAFFNA,2026-05-09T06:37:05.596Z,41.86,18.23,6.96733996780537,79.85618532042908,API_SIMULATION
IC-101,COLOMBO-KANDY,2026-05-09T06:37:05.596Z,33.28,24.48,6.922640956094782,79.80939127844542,API_SIMULATION
CS-305,COLOMBO-GALLE,2026-05-09T06:37:05.596Z,25.92,0.8,6.917037811650328,79.81809761214794,API_SIMULATION
MC-520,COLOMBO-KANDY,2026-05-09T06:37:05.596Z,73.77,17.8,6.919983475962557,79.80573660167715,API_SIMULATION
CS-410,COLOMBO-MATARA,2026-05-09T06:37:05.596Z,79.77,6.49,6.9146503565288775,79.91589716771902,API_SIMULATION
NC-640,COLOMBO-JAFFNA,2026-05-09T06:37:05.596Z,79.89,0.11,6.986356030588456,79.91745989135497,API_SIMULATION
NC-710,COLOMBO-JAFFNA,2026-05-09T06:37:05.596Z,39.45,8.21,6.8803449129230385,79.84747410649602,API_SIMULATION
WB-115,RAGAMA-COLOMBO,2026-05-09T06:37:05.596Z,72.35,8.95,6.939895201381827,79.8770464398175,API_SIMULATION
CC-222,GAMPAHA-COLOMBO,2026-05-09T06:37:05.596Z,66.6,4.26,6.924829523225817,79.85558139911006,API_SIMULATION
SL-909,MATARA-COLOMBO,2026-05-09T06:37:05.596Z,73.18,7.1,6.935981106140496,79.92002548236306,API_SIMULATION
HS-808,KANDY-COLOMBO,2026-05-09T06:37:05.596Z,55.01,18.23,6.971109942011062,79.8583410502118,API_SIMULATION
NC-220,COLOMBO-JAFFNA,2026-05-09T06:37:35.600Z,27.06,11.13,6.916025359342208,79.91157889802572,API_SIMULATION
IC-101,COLOMBO-KANDY,2026-05-09T06:37:35.600Z,63.26,22.9,6.9426537722388675,79.83834069306354,API_SIMULATION
CS-305,COLOMBO-GALLE,2026-05-09T06:37:35.600Z,31.82,9.17,6.980444078801857,79.8249137769794,API_SIMULATION
MC-520,COLOMBO-KANDY,2026-05-09T06:37:35.600Z,68.25,1.9,6.870679914146053,79.83883532694624,API_SIMULATION
CS-410,COLOMBO-MATARA,2026-05-09T06:37:35.600Z,63.75,22.64,6.97308540433436,79.889188561961,API_SIMULATION
NC-640,COLOMBO-JAFFNA,2026-05-09T06:37:35.600Z,75.63,3.31,6.914213808184746,79.84387630355022,API_SIMULATION
NC-710,COLOMBO-JAFFNA,2026-05-09T06:37:35.600Z,48.84,4.9,6.891316352169697,79.89039589051389,API_SIMULATION
WB-115,RAGAMA-COLOMBO,2026-05-09T06:37:35.600Z,32.98,3.73,6.983941684594508,79.91484099712282,API_SIMULATION
CC-222,GAMPAHA-COLOMBO,2026-05-09T06:37:35.600Z,64.81,13.21,6.94374091793504,79.838520739598,API_SIMULATION
SL-909,MATARA-COLOMBO,2026-05-09T06:37:35.600Z,48.43,6.9,6.929697054568485,79.85760556068509,API_SIMULATION
HS-808,KANDY-COLOMBO,2026-05-09T06:37:35.600Z,72.83,18.05,6.931503499134987,79.80963264867519,API_SIMULATION
NC-220,COLOMBO-JAFFNA,2026-05-09T06:38:05.603Z,80.41,14.15,6.974820959966888,79.8237883258793,API_SIMULATION
IC-101,COLOMBO-KANDY,2026-05-09T06:38:05.603Z,27.23,4.34,6.986448071336803,79.88981863840768,API_SIMULATION
CS-305,COLOMBO-GALLE,2026-05-09T06:38:05.603Z,42.38,19.45,6.912146446272147,79.81695983661707,API_SIMULATION
MC-520,COLOMBO-KANDY,2026-05-09T06:38:05.603Z,82.1,24.08,6.892304538914609,79.84711441976263,API_SIMULATION
CS-410,COLOMBO-MATARA,2026-05-09T06:38:05.603Z,31.62,7.52,6.96854696392985,79.90494033382096,API_SIMULATION
NC-640,COLOMBO-JAFFNA,2026-05-09T06:38:05.603Z,46.62,6.89,6.9767175348941795,79.84763809004491,API_SIMULATION
NC-710,COLOMBO-JAFFNA,2026-05-09T06:38:05.603Z,34.9,14.63,6.975060053453814,79.86009162347415,API_SIMULATION
WB-115,RAGAMA-COLOMBO,2026-05-09T06:38:05.603Z,23.53,19.31,6.911459730347421,79.88593568199242,API_SIMULATION
CC-222,GAMPAHA-COLOMBO,2026-05-09T06:38:05.603Z,80.83,6.63,6.977174563012126,79.80402943956919,API_SIMULATION
SL-909,MATARA-COLOMBO,2026-05-09T06:38:05.603Z,83.89,13.49,6.952370619405778,79.814027023418,API_SIMULATION
HS-808,KANDY-COLOMBO,2026-05-09T06:38:05.603Z,34.62,23.24,6.901540591086772,79.87378070970134,API_SIMULATION
NC-220,COLOMBO-JAFFNA,2026-05-09T06:38:35.615Z,60.94,7.5,6.9354561667956505,79.84337362614916,API_SIMULATION
IC-101,COLOMBO-KANDY,2026-05-09T06:38:35.615Z,77.34,14.39,6.966751555110584,79.83191184898337,API_SIMULATION
CS-305,COLOMBO-GALLE,2026-05-09T06:38:35.615Z,49.45,17.51,6.959742917240769,79.8233008654988,API_SIMULATION
MC-520,COLOMBO-KANDY,2026-05-09T06:38:35.615Z,22.77,24.22,6.971485055872292,79.91722420239309,API_SIMULATION
CS-410,COLOMBO-MATARA,2026-05-09T06:38:35.615Z,44.39,20.17,6.936403106621689,79.87488411502308,API_SIMULATION
NC-640,COLOMBO-JAFFNA,2026-05-09T06:38:35.615Z,81.91,6.54,6.973622312392487,79.80434602615928,API_SIMULATION
NC-710,COLOMBO-JAFFNA,2026-05-09T06:38:35.615Z,75.42,5.79,6.968452675688645,79.9098717723175,API_SIMULATION
WB-115,RAGAMA-COLOMBO,2026-05-09T06:38:35.615Z,21.02,7.56,6.899199187864131,79.87599881111876,API_SIMULATION
CC-222,GAMPAHA-COLOMBO,2026-05-09T06:38:35.615Z,55.28,18.4,6.96152301953433,79.8413176188314,API_SIMULATION
SL-909,MATARA-COLOMBO,2026-05-09T06:38:35.615Z,55.64,23.79,6.961578516394521,79.87162141756663,API_SIMULATION
HS-808,KANDY-COLOMBO,2026-05-09T06:38:35.615Z,48.93,18.35,6.889633212479387,79.83539205014564,API_SIMULATION
NC-220,COLOMBO-JAFFNA,2026-05-09T06:39:05.627Z,55.65,20.39,6.931215753016096,79.81895176175532,API_SIMULATION
IC-101,COLOMBO-KANDY,2026-05-09T06:39:05.627Z,52.22,20.57,6.86915946492491,79.82315312946034,API_SIMULATION
CS-305,COLOMBO-GALLE,2026-05-09T06:39:05.627Z,74.02,0.94,6.909187702235053,79.83088957477429,API_SIMULATION
MC-520,COLOMBO-KANDY,2026-05-09T06:39:05.627Z,75.73,20.67,6.886596532837041,79.91938649568682,API_SIMULATION
CS-410,COLOMBO-MATARA,2026-05-09T06:39:05.627Z,52.86,4.25,6.983191004563424,79.88067519139425,API_SIMULATION
NC-640,COLOMBO-JAFFNA,2026-05-09T06:39:05.627Z,34.1,21.11,6.925241567196923,79.85150887462954,API_SIMULATION
NC-710,COLOMBO-JAFFNA,2026-05-09T06:39:05.627Z,66.63,16.15,6.934571116797977,79.85869430433793,API_SIMULATION
WB-115,RAGAMA-COLOMBO,2026-05-09T06:39:05.627Z,26.21,11.07,6.914544406580107,79.83509878080608,API_SIMULATION
CC-222,GAMPAHA-COLOMBO,2026-05-09T06:39:05.627Z,70.86,19.64,6.936753861865351,79.83226880170547,API_SIMULATION
SL-909,MATARA-COLOMBO,2026-05-09T06:39:05.627Z,49.01,7.4,6.981662079132957,79.84017546431222,API_SIMULATION
HS-808,KANDY-COLOMBO,2026-05-09T06:39:05.627Z,77.7,3.96,6.912482040279742,79.82742908754047,API_SIMULATION
NC-220,COLOMBO-JAFFNA,2026-05-09T06:39:35.637Z,31.41,18.06,6.975946014907023,79.83180704480783,API_SIMULATION
IC-101,COLOMBO-KANDY,2026-05-09T06:39:35.637Z,64.27,5.45,6.9431993680310145,79.87787907319468,API_SIMULATION
CS-305,COLOMBO-GALLE,2026-05-09T06:39:35.637Z,44.26,4.43,6.915542312903073,79.83905101891386,API_SIMULATION
MC-520,COLOMBO-KANDY,2026-05-09T06:39:35.637Z,83.43,8.98,6.922489406562158,79.8127839137777,API_SIMULATION
CS-410,COLOMBO-MATARA,2026-05-09T06:39:35.637Z,31.55,16.29,6.894838272596706,79.87262269092955,API_SIMULATION
NC-640,COLOMBO-JAFFNA,2026-05-09T06:39:35.637Z,35.56,1.16,6.960426002183276,79.86977427050844,API_SIMULATION
NC-710,COLOMBO-JAFFNA,2026-05-09T06:39:35.637Z,32.36,0.27,6.913638685098419,79.89883261874374,API_SIMULATION
WB-115,RAGAMA-COLOMBO,2026-05-09T06:39:35.637Z,25,18.94,6.876760739471051,79.82697956382194,API_SIMULATION
CC-222,GAMPAHA-COLOMBO,2026-05-09T06:39:35.637Z,68.7,13.74,6.87440250483926,79.90623648063782,API_SIMULATION
SL-909,MATARA-COLOMBO,2026-05-09T06:39:35.637Z,26.05,5.12,6.985506871250705,79.8149045778197,API_SIMULATION
HS-808,KANDY-COLOMBO,2026-05-09T06:39:35.637Z,80.7,13.89,6.899849623355703,79.85474475994674,API_SIMULATION
NC-220,COLOMBO-JAFFNA,2026-05-09T06:40:05.648Z,73.15,12.56,6.949875520543225,79.90111271383878,API_SIMULATION
IC-101,COLOMBO-KANDY,2026-05-09T06:40:05.648Z,58.34,24.85,6.957018509295121,79.87617131290848,API_SIMULATION
CS-305,COLOMBO-GALLE,2026-05-09T06:40:05.648Z,67.31,8.04,6.907077532666404,79.80545522279809,API_SIMULATION
MC-520,COLOMBO-KANDY,2026-05-09T06:40:05.648Z,31.23,24.54,6.955712400741015,79.87894467189318,API_SIMULATION
CS-410,COLOMBO-MATARA,2026-05-09T06:40:05.648Z,38.47,17.14,6.966829255713984,79.86508246042922,API_SIMULATION
NC-640,COLOMBO-JAFFNA,2026-05-09T06:40:05.648Z,60.24,9.5,6.884219659942827,79.88644190777146,API_SIMULATION
NC-710,COLOMBO-JAFFNA,2026-05-09T06:40:05.648Z,62.35,10.25,6.939639766573773,79.91968613302556,API_SIMULATION
WB-115,RAGAMA-COLOMBO,2026-05-09T06:40:05.648Z,64.25,14.5,6.898682941925782,79.83559734058471,API_SIMULATION
CC-222,GAMPAHA-COLOMBO,2026-05-09T06:40:05.648Z,20.98,5.5,6.94120768166864,79.88356927482496,API_SIMULATION
SL-909,MATARA-COLOMBO,2026-05-09T06:40:05.648Z,31.22,3.82,6.972615491018305,79.91545582648513,API_SIMULATION
HS-808,KANDY-COLOMBO,2026-05-09T06:40:05.648Z,47.86,5.5,6.915189392553935,79.8762990183015,API_SIMULATION
NC-220,COLOMBO-JAFFNA,2026-05-09T06:40:35.660Z,68.5,20.96,6.975477265191836,79.91812368720014,API_SIMULATION
IC-101,COLOMBO-KANDY,2026-05-09T06:40:35.660Z,42.57,24.56,6.8906813547448715,79.89699807984755,API_SIMULATION
CS-305,COLOMBO-GALLE,2026-05-09T06:40:35.660Z,23.12,1.33,6.962018740072026,79.87572167535286,API_SIMULATION
MC-520,COLOMBO-KANDY,2026-05-09T06:40:35.660Z,82.5,12.1,6.924071568194916,79.81893578624022,API_SIMULATION
CS-410,COLOMBO-MATARA,2026-05-09T06:40:35.660Z,22.21,20.97,6.928190131521135,79.87664899963711,API_SIMULATION
NC-640,COLOMBO-JAFFNA,2026-05-09T06:40:35.660Z,59.12,22.14,6.9036472114938645,79.81201275345522,API_SIMULATION
NC-710,COLOMBO-JAFFNA,2026-05-09T06:40:35.660Z,51.08,12.02,6.953614088938874,79.92069804273262,API_SIMULATION
WB-115,RAGAMA-COLOMBO,2026-05-09T06:40:35.660Z,24.46,5.37,6.914315827572725,79.91379077934057,API_SIMULATION
CC-222,GAMPAHA-COLOMBO,2026-05-09T06:40:35.660Z,73.18,5.03,6.972722562163235,79.90462144550872,API_SIMULATION
SL-909,MATARA-COLOMBO,2026-05-09T06:40:35.660Z,82.61,11.75,6.959170675569712,79.81465766428782,API_SIMULATION
HS-808,KANDY-COLOMBO,2026-05-09T06:40:35.660Z,77.63,2.05,6.9682912543072995,79.91171445389071,API_SIMULATION
NC-220,COLOMBO-JAFFNA,2026-05-09T06:41:05.670Z,64.16,16.29,6.941269294192115,79.85454368677529,API_SIMULATION
IC-101,COLOMBO-KANDY,2026-05-09T06:41:05.670Z,49.73,11.85,6.891371907336355,79.91752826938378,API_SIMULATION
CS-305,COLOMBO-GALLE,2026-05-09T06:41:05.670Z,31.17,8.4,6.880737079912159,79.85084723186303,API_SIMULATION
MC-520,COLOMBO-KANDY,2026-05-09T06:41:05.672Z,28.57,10.29,6.9859124282662775,79.91689370793038,API_SIMULATION
CS-410,COLOMBO-MATARA,2026-05-09T06:41:05.672Z,35.25,14.18,6.9424165673672,79.8888417939685,API_SIMULATION
NC-640,COLOMBO-JAFFNA,2026-05-09T06:41:05.672Z,48.19,11.13,6.872991534450281,79.90814136824223,API_SIMULATION
NC-710,COLOMBO-JAFFNA,2026-05-09T06:41:05.672Z,53.47,0.88,6.94246713434127,79.82889910690271,API_SIMULATION
WB-115,RAGAMA-COLOMBO,2026-05-09T06:41:05.672Z,72.74,12.62,6.8859967117520515,79.86273328857813,API_SIMULATION
CC-222,GAMPAHA-COLOMBO,2026-05-09T06:41:05.672Z,49.16,14.88,6.89041254952631,79.88430015688576,API_SIMULATION
SL-909,MATARA-COLOMBO,2026-05-09T06:41:05.672Z,79.75,22.94,6.948214765873384,79.87929690824548,API_SIMULATION
HS-808,KANDY-COLOMBO,2026-05-09T06:41:05.672Z,63.97,18.62,6.874738427959174,79.87636348392945,API_SIMULATION
NC-220,COLOMBO-JAFFNA,2026-05-09T06:41:35.673Z,78.42,8.47,6.978593600592504,79.91345884058016,API_SIMULATION
IC-101,COLOMBO-KANDY,2026-05-09T06:41:35.673Z,78.86,21.31,6.923667180705426,79.83619762620991,API_SIMULATION
CS-305,COLOMBO-GALLE,2026-05-09T06:41:35.673Z,68.49,8.2,6.921164442945406,79.91282340085735,API_SIMULATION
MC-520,COLOMBO-KANDY,2026-05-09T06:41:35.673Z,34.33,1.31,6.9585169595411624,79.83496955290933,API_SIMULATION
CS-410,COLOMBO-MATARA,2026-05-09T06:41:35.673Z,55.02,5.25,6.933945449965153,79.91240309018204,API_SIMULATION
NC-640,COLOMBO-JAFFNA,2026-05-09T06:41:35.673Z,25.57,14.64,6.900451691058309,79.81772285555179,API_SIMULATION
NC-710,COLOMBO-JAFFNA,2026-05-09T06:41:35.673Z,29.72,0.62,6.9497840175408845,79.8978282308659,API_SIMULATION
WB-115,RAGAMA-COLOMBO,2026-05-09T06:41:35.673Z,72.21,4.94,6.923051210414379,79.80522845585644,API_SIMULATION
CC-222,GAMPAHA-COLOMBO,2026-05-09T06:41:35.673Z,26.77,1.37,6.892587863700048,79.8119172070131,API_SIMULATION
SL-909,MATARA-COLOMBO,2026-05-09T06:41:35.673Z,80.44,3.35,6.9686396029290245,79.84211606865294,API_SIMULATION
HS-808,KANDY-COLOMBO,2026-05-09T06:41:35.673Z,74.86,16.11,6.954960386494197,79.91542032474827,API_SIMULATION
NC-220,COLOMBO-JAFFNA,2026-05-09T06:42:05.681Z,70.92,11.32,6.936388843998056,79.80433471117375,API_SIMULATION
IC-101,COLOMBO-KANDY,2026-05-09T06:42:05.681Z,63.12,16.11,6.888995643949285,79.90325850390239,API_SIMULATION
CS-305,COLOMBO-GALLE,2026-05-09T06:42:05.681Z,76.42,20.77,6.882055130112056,79.90096792483713,API_SIMULATION
MC-520,COLOMBO-KANDY,2026-05-09T06:42:05.681Z,31.78,22.82,6.9502462953971635,79.86148870433796,API_SIMULATION
CS-410,COLOMBO-MATARA,2026-05-09T06:42:05.681Z,66.48,0.56,6.962573015518965,79.84087288203862,API_SIMULATION
NC-640,COLOMBO-JAFFNA,2026-05-09T06:42:05.681Z,81.22,16.43,6.930409749481892,79.85773811898886,API_SIMULATION
NC-710,COLOMBO-JAFFNA,2026-05-09T06:42:05.681Z,77.33,1.24,6.873698558907017,79.81384784913354,API_SIMULATION
WB-115,RAGAMA-COLOMBO,2026-05-09T06:42:05.681Z,55.8,23.06,6.896298168395325,79.82832305608528,API_SIMULATION
CC-222,GAMPAHA-COLOMBO,2026-05-09T06:42:05.681Z,42.65,5.11,6.888245206295326,79.84951025574605,API_SIMULATION
SL-909,MATARA-COLOMBO,2026-05-09T06:42:05.681Z,68.02,6.48,6.959528687661045,79.89187330152102,API_SIMULATION
HS-808,KANDY-COLOMBO,2026-05-09T06:42:05.681Z,76.17,4.51,6.904051446902963,79.89389490889721,API_SIMULATION
NC-220,COLOMBO-JAFFNA,2026-05-09T06:42:35.689Z,39.86,14,6.891506107274962,79.85293381025684,API_SIMULATION
IC-101,COLOMBO-KANDY,2026-05-09T06:42:35.689Z,28.73,20.46,6.965923705927319,79.85592194425122,API_SIMULATION
CS-305,COLOMBO-GALLE,2026-05-09T06:42:35.689Z,54.03,15.51,6.949944168198688,79.88680505164818,API_SIMULATION
MC-520,COLOMBO-KANDY,2026-05-09T06:42:35.689Z,52.72,20.36,6.935549921530216,79.90043380669492,API_SIMULATION
CS-410,COLOMBO-MATARA,2026-05-09T06:42:35.689Z,54.89,19.51,6.882430512109236,79.83099510512373,API_SIMULATION
NC-640,COLOMBO-JAFFNA,2026-05-09T06:42:35.689Z,46.46,0.88,6.946154258730606,79.89564879982997,API_SIMULATION
NC-710,COLOMBO-JAFFNA,2026-05-09T06:42:35.689Z,21.58,17.71,6.938406672116618,79.82568670354826,API_SIMULATION
WB-115,RAGAMA-COLOMBO,2026-05-09T06:42:35.689Z,31.01,23.23,6.911257292139729,79.80768396350396,API_SIMULATION
CC-222,GAMPAHA-COLOMBO,2026-05-09T06:42:35.689Z,56.21,7.76,6.904544552116517,79.85116604609874,API_SIMULATION
SL-909,MATARA-COLOMBO,2026-05-09T06:42:35.689Z,35.64,14.23,6.907697996731548,79.83351574583311,API_SIMULATION
HS-808,KANDY-COLOMBO,2026-05-09T06:42:35.689Z,73.53,23.89,6.904377317610661,79.84804225189386,API_SIMULATION
NC-220,COLOMBO-JAFFNA,2026-05-09T06:43:05.695Z,62.54,23.76,6.9271214666718475,79.86308572797385,API_SIMULATION
IC-101,COLOMBO-KANDY,2026-05-09T06:43:05.695Z,24.01,2.76,6.928363884217997,79.88419439154589,API_SIMULATION
CS-305,COLOMBO-GALLE,2026-05-09T06:43:05.695Z,62.94,10.28,6.893094141484678,79.87415795475526,API_SIMULATION
MC-520,COLOMBO-KANDY,2026-05-09T06:43:05.695Z,49.68,13.78,6.974206162487712,79.83970460345432,API_SIMULATION
CS-410,COLOMBO-MATARA,2026-05-09T06:43:05.695Z,44.48,9.66,6.880136162934826,79.83284079428238,API_SIMULATION
NC-640,COLOMBO-JAFFNA,2026-05-09T06:43:05.695Z,77.52,23.08,6.908476824155946,79.82398570232291,API_SIMULATION
NC-710,COLOMBO-JAFFNA,2026-05-09T06:43:05.695Z,46.33,23.57,6.867164644516709,79.90380568446878,API_SIMULATION
WB-115,RAGAMA-COLOMBO,2026-05-09T06:43:05.695Z,52.17,21.19,6.9341762350010345,79.82309638589291,API_SIMULATION
CC-222,GAMPAHA-COLOMBO,2026-05-09T06:43:05.695Z,48.43,11.27,6.924919184986443,79.91578318724213,API_SIMULATION
SL-909,MATARA-COLOMBO,2026-05-09T06:43:05.695Z,23.95,11.73,6.929018427051065,79.87678112149611,API_SIMULATION
HS-808,KANDY-COLOMBO,2026-05-09T06:43:05.696Z,31.17,22.03,6.900937756270834,79.82244106571112,API_SIMULATION
NC-220,COLOMBO-JAFFNA,2026-05-09T06:43:35.703Z,55.17,10.55,6.89860392374578,79.91664353959582,API_SIMULATION
IC-101,COLOMBO-KANDY,2026-05-09T06:43:35.703Z,31.85,5.77,6.899180930503539,79.81143569928766,API_SIMULATION
CS-305,COLOMBO-GALLE,2026-05-09T06:43:35.703Z,71.92,14.49,6.973316455256108,79.90070663643847,API_SIMULATION
MC-520,COLOMBO-KANDY,2026-05-09T06:43:35.703Z,54.63,1.54,6.9659834408212316,79.85624013442091,API_SIMULATION
CS-410,COLOMBO-MATARA,2026-05-09T06:43:35.703Z,52.38,1.43,6.912663064531115,79.9142284684806,API_SIMULATION
NC-640,COLOMBO-JAFFNA,2026-05-09T06:43:35.703Z,45.67,0.34,6.890631126384628,79.9110789573633,API_SIMULATION
NC-710,COLOMBO-JAFFNA,2026-05-09T06:43:35.703Z,42.88,23.01,6.974758881933094,79.8874094352319,API_SIMULATION
WB-115,RAGAMA-COLOMBO,2026-05-09T06:43:35.703Z,20.46,10.03,6.960389351987059,79.91324857012165,API_SIMULATION
CC-222,GAMPAHA-COLOMBO,2026-05-09T06:43:35.703Z,59.46,0.11,6.872482359982069,79.92087850073621,API_SIMULATION
SL-909,MATARA-COLOMBO,2026-05-09T06:43:35.703Z,83.96,21.85,6.898454657524518,79.89356693181783,API_SIMULATION
HS-808,KANDY-COLOMBO,2026-05-09T06:43:35.703Z,56.49,18.51,6.9683865690320586,79.80602846337779,API_SIMULATION
NC-220,COLOMBO-JAFFNA,2026-05-09T06:44:05.712Z,71.08,15.27,6.8843545125386285,79.8386805999547,API_SIMULATION
IC-101,COLOMBO-KANDY,2026-05-09T06:44:05.712Z,65.01,21.15,6.915971781916886,79.80461284204773,API_SIMULATION
CS-305,COLOMBO-GALLE,2026-05-09T06:44:05.712Z,40.19,12.62,6.892861863279532,79.87717429702867,API_SIMULATION
MC-520,COLOMBO-KANDY,2026-05-09T06:44:05.712Z,23.38,15.28,6.936320048457956,79.90080598150143,API_SIMULATION
CS-410,COLOMBO-MATARA,2026-05-09T06:44:05.712Z,23.8,23.08,6.92228442123255,79.82589277188762,API_SIMULATION
NC-640,COLOMBO-JAFFNA,2026-05-09T06:44:05.712Z,34.56,8.31,6.931956593201519,79.84443795643908,API_SIMULATION
NC-710,COLOMBO-JAFFNA,2026-05-09T06:44:05.712Z,55.53,9.86,6.892824150266968,79.86401308505256,API_SIMULATION
WB-115,RAGAMA-COLOMBO,2026-05-09T06:44:05.712Z,46.67,16.94,6.96137051372008,79.88130811367883,API_SIMULATION
CC-222,GAMPAHA-COLOMBO,2026-05-09T06:44:05.712Z,25.38,14.81,6.912932070336535,79.90908737535209,API_SIMULATION
SL-909,MATARA-COLOMBO,2026-05-09T06:44:05.712Z,76.32,1.48,6.94316869848912,79.85432603857218,API_SIMULATION
HS-808,KANDY-COLOMBO,2026-05-09T06:44:05.712Z,42.4,23.43,6.879241327590663,79.86613437209681,API_SIMULATION
NC-220,COLOMBO-JAFFNA,2026-05-09T06:44:14.776Z,33.29,19,6.980384244841185,79.89087857784071,API_SIMULATION
NC-220,COLOMBO-JAFFNA,2026-05-09T06:44:39.908Z,23.15,2.13,6.936370114640074,79.90072817229695,API_SIMULATION
IC-101,COLOMBO-KANDY,2026-05-09T06:44:39.908Z,66.17,20.25,6.9687078343949365,79.87145647183432,API_SIMULATION
CS-305,COLOMBO-GALLE,2026-05-09T06:44:39.908Z,63.44,8.14,6.9187604187779,79.83115441846701,API_SIMULATION
MC-520,COLOMBO-KANDY,2026-05-09T06:44:39.908Z,40.68,3.05,6.8683096917335416,79.84357691468027,API_SIMULATION
CS-410,COLOMBO-MATARA,2026-05-09T06:44:39.908Z,64.52,4.45,6.977820973153868,79.91598323979288,API_SIMULATION
NC-640,COLOMBO-JAFFNA,2026-05-09T06:44:39.908Z,70.88,22.19,6.872741300707059,79.83326051442647,API_SIMULATION
NC-710,COLOMBO-JAFFNA,2026-05-09T06:44:39.908Z,81.28,21.08,6.958349751714555,79.91484881269241,API_SIMULATION
WB-115,RAGAMA-COLOMBO,2026-05-09T06:44:39.908Z,48.67,1.2,6.894956719680707,79.87186288200378,API_SIMULATION
CC-222,GAMPAHA-COLOMBO,2026-05-09T06:44:39.908Z,32.03,2.21,6.9021499867715885,79.80364135758175,API_SIMULATION
SL-909,MATARA-COLOMBO,2026-05-09T06:44:39.908Z,60.5,4.32,6.9083286112907665,79.9137973705246,API_SIMULATION
HS-808,KANDY-COLOMBO,2026-05-09T06:44:39.908Z,75.06,3.38,6.9019746232964065,79.90891991036207,API_SIMULATION
NC-220,COLOMBO-JAFFNA,2026-05-09T06:45:09.918Z,56.52,24.67,6.972017164816802,79.86443173260078,API_SIMULATION
IC-101,COLOMBO-KANDY,2026-05-09T06:45:09.918Z,23.57,21.51,6.940674149970824,79.81669331553661,API_SIMULATION
CS-305,COLOMBO-GALLE,2026-05-09T06:45:09.918Z,55.8,8.67,6.945405983476373,79.8477155853593,API_SIMULATION
MC-520,COLOMBO-KANDY,2026-05-09T06:45:09.918Z,24.3,15.64,6.9747228617673,79.80339083871606,API_SIMULATION
CS-410,COLOMBO-MATARA,2026-05-09T06:45:09.918Z,61.73,22.82,6.936518303046149,79.80518462158011,API_SIMULATION
NC-640,COLOMBO-JAFFNA,2026-05-09T06:45:09.918Z,38.22,22.64,6.869234483902199,79.90858625095552,API_SIMULATION
NC-710,COLOMBO-JAFFNA,2026-05-09T06:45:09.918Z,73.7,1.36,6.880353016414903,79.89420238954423,API_SIMULATION
WB-115,RAGAMA-COLOMBO,2026-05-09T06:45:09.918Z,61.91,11.07,6.897659680059187,79.9023743203013,API_SIMULATION
CC-222,GAMPAHA-COLOMBO,2026-05-09T06:45:09.918Z,23.1,10.64,6.90295495845482,79.84813571589356,API_SIMULATION
SL-909,MATARA-COLOMBO,2026-05-09T06:45:09.918Z,43.17,11.45,6.98156783179156,79.86574314800984,API_SIMULATION
HS-808,KANDY-COLOMBO,2026-05-09T06:45:09.918Z,73.16,5.68,6.941915912756181,79.86126960033496,API_SIMULATION
NC-220,COLOMBO-JAFFNA,2026-05-09T06:47:00.140Z,63.81,17.75,6.939557307759894,79.89072288054508,API_SIMULATION
IC-101,COLOMBO-KANDY,2026-05-09T06:47:00.140Z,82.37,10.24,6.963695850174914,79.83559344690903,API_SIMULATION
CS-305,COLOMBO-GALLE,2026-05-09T06:47:00.140Z,38.69,4.63,6.888942368465343,79.8925370635684,API_SIMULATION
MC-520,COLOMBO-KANDY,2026-05-09T06:47:00.140Z,56.01,8.89,6.899187272266237,79.83773203228293,API_SIMULATION
CS-410,COLOMBO-MATARA,2026-05-09T06:47:00.140Z,70.08,11.24,6.9609068516761665,79.82172570421842,API_SIMULATION
NC-640,COLOMBO-JAFFNA,2026-05-09T06:47:00.140Z,50.95,5.27,6.892679304218192,79.83245003854678,API_SIMULATION
NC-710,COLOMBO-JAFFNA,2026-05-09T06:47:00.140Z,29.4,7.75,6.965057766565681,79.9191689043049,API_SIMULATION
WB-115,RAGAMA-COLOMBO,2026-05-09T06:47:00.140Z,44.06,21.52,6.974066876882042,79.89609502972671,API_SIMULATION
CC-222,GAMPAHA-COLOMBO,2026-05-09T06:47:00.140Z,79.38,4.96,6.892155887806569,79.83102418783376,API_SIMULATION
SL-909,MATARA-COLOMBO,2026-05-09T06:47:00.140Z,36.86,12.68,6.8831446124829645,79.89025057920611,API_SIMULATION
HS-808,KANDY-COLOMBO,2026-05-09T06:47:00.140Z,22.64,10.41,6.967830961621211,79.84184891346929,API_SIMULATION
NC-220,COLOMBO-JAFFNA,2026-05-09T06:47:30.139Z,28.5,21.69,6.871838577805563,79.87605159868748,API_SIMULATION
IC-101,COLOMBO-KANDY,2026-05-09T06:47:30.139Z,21.9,22.53,6.876903056124306,79.82044753031255,API_SIMULATION
CS-305,COLOMBO-GALLE,2026-05-09T06:47:30.139Z,48.54,11.16,6.9014828658957255,79.86056151720429,API_SIMULATION
MC-520,COLOMBO-KANDY,2026-05-09T06:47:30.139Z,80.22,15.85,6.939682179361752,79.84698763298145,API_SIMULATION
CS-410,COLOMBO-MATARA,2026-05-09T06:47:30.139Z,79.21,10.74,6.929419559635765,79.80894115865297,API_SIMULATION
NC-640,COLOMBO-JAFFNA,2026-05-09T06:47:30.139Z,82.22,0.12,6.9380375338525315,79.87267485322386,API_SIMULATION
NC-710,COLOMBO-JAFFNA,2026-05-09T06:47:30.139Z,49.65,11.43,6.9663630245554575,79.85559745403235,API_SIMULATION
WB-115,RAGAMA-COLOMBO,2026-05-09T06:47:30.139Z,45.46,21.02,6.971436597645433,79.84736809542625,API_SIMULATION
CC-222,GAMPAHA-COLOMBO,2026-05-09T06:47:30.139Z,48.64,20.33,6.868412731766263,79.84850525052848,API_SIMULATION
SL-909,MATARA-COLOMBO,2026-05-09T06:47:30.139Z,40.21,11.74,6.90672106783577,79.85587496306087,API_SIMULATION
HS-808,KANDY-COLOMBO,2026-05-09T06:47:30.139Z,65.93,3.62,6.896911265935328,79.87813280538903,API_SIMULATION
NC-220,COLOMBO-JAFFNA,2026-05-09T06:48:00.139Z,27.73,16.43,6.935989269858588,79.84206643521283,API_SIMULATION
IC-101,COLOMBO-KANDY,2026-05-09T06:48:00.139Z,43.29,7,6.8800983042941875,79.90096343255574,API_SIMULATION
CS-305,COLOMBO-GALLE,2026-05-09T06:48:00.139Z,71.78,19.8,6.973264758731266,79.9050375874051,API_SIMULATION
MC-520,COLOMBO-KANDY,2026-05-09T06:48:00.139Z,29.02,5.18,6.945677860228687,79.89017762511088,API_SIMULATION
CS-410,COLOMBO-MATARA,2026-05-09T06:48:00.139Z,62.53,19.72,6.910039232273615,79.90350057772038,API_SIMULATION
NC-640,COLOMBO-JAFFNA,2026-05-09T06:48:00.139Z,45.94,3.26,6.94833050275154,79.86556094182826,API_SIMULATION
NC-710,COLOMBO-JAFFNA,2026-05-09T06:48:00.139Z,20.59,18.13,6.901074107558988,79.85335191399638,API_SIMULATION
WB-115,RAGAMA-COLOMBO,2026-05-09T06:48:00.139Z,58.45,13.42,6.888166997429077,79.83083241098782,API_SIMULATION
CC-222,GAMPAHA-COLOMBO,2026-05-09T06:48:00.139Z,82.2,2.05,6.959597730846728,79.89980463550674,API_SIMULATION
SL-909,MATARA-COLOMBO,2026-05-09T06:48:00.139Z,26.55,14.95,6.874229152928797,79.91090586688627,API_SIMULATION
HS-808,KANDY-COLOMBO,2026-05-09T06:48:00.139Z,42.58,17.45,6.978108704888023,79.81669506184512,API_SIMULATION
NC-220,COLOMBO-JAFFNA,2026-05-09T06:48:30.144Z,64.53,12.32,6.975499426402254,79.86355504841131,API_SIMULATION
IC-101,COLOMBO-KANDY,2026-05-09T06:48:30.144Z,81.65,5.82,6.976385990701925,79.88709124382879,API_SIMULATION
CS-305,COLOMBO-GALLE,2026-05-09T06:48:30.144Z,35.08,0.59,6.942884936112871,79.85590005415811,API_SIMULATION
MC-520,COLOMBO-KANDY,2026-05-09T06:48:30.144Z,44.21,24.82,6.966893645656454,79.9066022626328,API_SIMULATION
CS-410,COLOMBO-MATARA,2026-05-09T06:48:30.144Z,33.98,24.85,6.894059538759881,79.85762464756904,API_SIMULATION
NC-640,COLOMBO-JAFFNA,2026-05-09T06:48:30.144Z,62.74,1.51,6.932917761531726,79.90885025991828,API_SIMULATION
NC-710,COLOMBO-JAFFNA,2026-05-09T06:48:30.144Z,33.48,5.52,6.981457472023684,79.90169802542916,API_SIMULATION
WB-115,RAGAMA-COLOMBO,2026-05-09T06:48:30.144Z,77.22,9.23,6.921342325967765,79.88583008878969,API_SIMULATION
CC-222,GAMPAHA-COLOMBO,2026-05-09T06:48:30.144Z,60.82,9.66,6.968009234138876,79.85865464732892,API_SIMULATION
SL-909,MATARA-COLOMBO,2026-05-09T06:48:30.144Z,77.91,24.49,6.924181766875806,79.89550268984524,API_SIMULATION
HS-808,KANDY-COLOMBO,2026-05-09T06:48:30.144Z,30.56,7.94,6.924086321187595,79.87013746466691,API_SIMULATION
NC-220,COLOMBO-JAFFNA,2026-05-09T06:49:00.161Z,75.18,8.55,6.87004648243559,79.89370600678392,API_SIMULATION
IC-101,COLOMBO-KANDY,2026-05-09T06:49:00.161Z,20.04,3.81,6.879086341859711,79.81155819545573,API_SIMULATION
CS-305,COLOMBO-GALLE,2026-05-09T06:49:00.161Z,61.7,20.18,6.91845561923863,79.82362564767747,API_SIMULATION
MC-520,COLOMBO-KANDY,2026-05-09T06:49:00.161Z,76.27,9.85,6.88468357060024,79.82577286652923,API_SIMULATION
CS-410,COLOMBO-MATARA,2026-05-09T06:49:00.161Z,57.54,0.5,6.951906554313191,79.81433203521344,API_SIMULATION
NC-640,COLOMBO-JAFFNA,2026-05-09T06:49:00.161Z,23.51,17.2,6.936051126669266,79.91454453686782,API_SIMULATION
NC-710,COLOMBO-JAFFNA,2026-05-09T06:49:00.161Z,48.02,19.78,6.894123617891245,79.8616917531116,API_SIMULATION
WB-115,RAGAMA-COLOMBO,2026-05-09T06:49:00.161Z,39.55,4.86,6.945531605436329,79.89435544093524,API_SIMULATION
CC-222,GAMPAHA-COLOMBO,2026-05-09T06:49:00.161Z,81.66,12.72,6.976305239675588,79.92013620218223,API_SIMULATION
SL-909,MATARA-COLOMBO,2026-05-09T06:49:00.161Z,44.38,3.07,6.915278535481609,79.83133738122496,API_SIMULATION
HS-808,KANDY-COLOMBO,2026-05-09T06:49:00.161Z,52.1,22.68,6.962508381207754,79.82264881687342,API_SIMULATION
NC-220,COLOMBO-JAFFNA,2026-05-09T06:49:30.172Z,41.21,18.17,6.919196409614624,79.90761522491724,API_SIMULATION
IC-101,COLOMBO-KANDY,2026-05-09T06:49:30.172Z,40.15,5.41,6.948083168271936,79.86105636823572,API_SIMULATION
CS-305,COLOMBO-GALLE,2026-05-09T06:49:30.172Z,71.41,20.61,6.881403715224312,79.90045027338877,API_SIMULATION
MC-520,COLOMBO-KANDY,2026-05-09T06:49:30.172Z,77.24,7.02,6.883369775156651,79.85679404651476,API_SIMULATION
CS-410,COLOMBO-MATARA,2026-05-09T06:49:30.172Z,63.28,22.97,6.9591956449550265,79.82747723311716,API_SIMULATION
NC-640,COLOMBO-JAFFNA,2026-05-09T06:49:30.172Z,34.67,15,6.983592118271175,79.84619340960161,API_SIMULATION
NC-710,COLOMBO-JAFFNA,2026-05-09T06:49:30.172Z,34.62,13.77,6.976446670171355,79.91551914584738,API_SIMULATION
WB-115,RAGAMA-COLOMBO,2026-05-09T06:49:30.172Z,29.86,19.6,6.909197413169159,79.81865388429273,API_SIMULATION
CC-222,GAMPAHA-COLOMBO,2026-05-09T06:49:30.172Z,81.69,8.55,6.884936458121858,79.84356356315206,API_SIMULATION
SL-909,MATARA-COLOMBO,2026-05-09T06:49:30.172Z,33.9,13.14,6.920800448406,79.9176183263442,API_SIMULATION
HS-808,KANDY-COLOMBO,2026-05-09T06:49:30.172Z,51.21,19.9,6.963241878634928,79.90126444388595,API_SIMULATION
NC-220,COLOMBO-JAFFNA,2026-05-09T06:50:00.180Z,28.78,23.23,6.915998518655441,79.87675960193346,API_SIMULATION
IC-101,COLOMBO-KANDY,2026-05-09T06:50:00.180Z,75.46,22.79,6.905054157994364,79.91925043139287,API_SIMULATION
CS-305,COLOMBO-GALLE,2026-05-09T06:50:00.180Z,37.43,23.25,6.9347577808172804,79.86741933395638,API_SIMULATION
MC-520,COLOMBO-KANDY,2026-05-09T06:50:00.180Z,65.47,9.77,6.984234101195004,79.89172204856096,API_SIMULATION
CS-410,COLOMBO-MATARA,2026-05-09T06:50:00.180Z,36.08,23.16,6.949185541652492,79.88517147373604,API_SIMULATION
NC-640,COLOMBO-JAFFNA,2026-05-09T06:50:00.180Z,58.06,24.73,6.894483329091748,79.81698640886648,API_SIMULATION
NC-710,COLOMBO-JAFFNA,2026-05-09T06:50:00.180Z,64.89,7.07,6.95236929608918,79.88907591865139,API_SIMULATION
WB-115,RAGAMA-COLOMBO,2026-05-09T06:50:00.180Z,59.01,13.36,6.871355355802094,79.83058291310545,API_SIMULATION
CC-222,GAMPAHA-COLOMBO,2026-05-09T06:50:00.180Z,56.45,6.57,6.954849125085334,79.82571343102185,API_SIMULATION
SL-909,MATARA-COLOMBO,2026-05-09T06:50:00.180Z,84.26,19.81,6.973297099517683,79.81459303121139,API_SIMULATION
HS-808,KANDY-COLOMBO,2026-05-09T06:50:00.180Z,31.93,24.81,6.918561194553807,79.81009637532917,API_SIMULATION
NC-220,COLOMBO-JAFFNA,2026-05-09T06:50:30.179Z,33.98,0.97,6.885243207463958,79.8808447912578,API_SIMULATION
IC-101,COLOMBO-KANDY,2026-05-09T06:50:30.179Z,28.15,24.58,6.939300330996904,79.88363312695438,API_SIMULATION
CS-305,COLOMBO-GALLE,2026-05-09T06:50:30.179Z,77,11.08,6.986020258628388,79.87436696551148,API_SIMULATION
MC-520,COLOMBO-KANDY,2026-05-09T06:50:30.179Z,56.48,0.36,6.958279163457291,79.9204915435265,API_SIMULATION
CS-410,COLOMBO-MATARA,2026-05-09T06:50:30.179Z,29.43,6.99,6.910300688723742,79.84085174736671,API_SIMULATION
NC-640,COLOMBO-JAFFNA,2026-05-09T06:50:30.179Z,38.5,14.96,6.921019131899052,79.84415031215366,API_SIMULATION
NC-710,COLOMBO-JAFFNA,2026-05-09T06:50:30.179Z,23.3,2.16,6.887550108755323,79.81751337495379,API_SIMULATION
WB-115,RAGAMA-COLOMBO,2026-05-09T06:50:30.179Z,70.63,23.82,6.894287966562147,79.84668902465557,API_SIMULATION
CC-222,GAMPAHA-COLOMBO,2026-05-09T06:50:30.179Z,77.19,2.07,6.902684702835166,79.80714368513786,API_SIMULATION
SL-909,MATARA-COLOMBO,2026-05-09T06:50:30.179Z,67.24,8.93,6.8809742872269455,79.86793574248111,API_SIMULATION
HS-808,KANDY-COLOMBO,2026-05-09T06:50:30.179Z,78.43,11.9,6.910187858731699,79.87787480903224,API_SIMULATION
NC-220,COLOMBO-JAFFNA,2026-05-09T06:51:00.213Z,69.64,1.41,6.957473591719926,79.90148019083362,API_SIMULATION
IC-101,COLOMBO-KANDY,2026-05-09T06:51:00.213Z,66.38,22.82,6.967879413836702,79.83500269381365,API_SIMULATION
CS-305,COLOMBO-GALLE,2026-05-09T06:51:00.213Z,40.2,12.93,6.918862299085436,79.83984473583399,API_SIMULATION
MC-520,COLOMBO-KANDY,2026-05-09T06:51:00.213Z,74.94,8.95,6.909640500814402,79.86989177766617,API_SIMULATION
CS-410,COLOMBO-MATARA,2026-05-09T06:51:00.213Z,47.86,20.15,6.927733505640409,79.91684618358596,API_SIMULATION
NC-640,COLOMBO-JAFFNA,2026-05-09T06:51:00.213Z,74.69,10.1,6.8930360194984654,79.8819169151216,API_SIMULATION
NC-710,COLOMBO-JAFFNA,2026-05-09T06:51:00.213Z,76.2,22.64,6.922733714685639,79.82287358279191,API_SIMULATION
WB-115,RAGAMA-COLOMBO,2026-05-09T06:51:00.213Z,24.46,1.13,6.951951161211561,79.83392565493556,API_SIMULATION
CC-222,GAMPAHA-COLOMBO,2026-05-09T06:51:00.213Z,83.14,2.6,6.91959033047214,79.89406004497431,API_SIMULATION
SL-909,MATARA-COLOMBO,2026-05-09T06:51:00.213Z,49.8,11.88,6.953981360224741,79.90127449812577,API_SIMULATION
HS-808,KANDY-COLOMBO,2026-05-09T06:51:00.213Z,66,24.15,6.903983377986942,79.83760134542747,API_SIMULATION
NC-220,COLOMBO-JAFFNA,2026-05-09T06:51:30.211Z,41.73,17.66,6.9674658290374385,79.90765589960641,API_SIMULATION
IC-101,COLOMBO-KANDY,2026-05-09T06:51:30.211Z,31.52,11.55,6.9076975128436615,79.91008853129283,API_SIMULATION
CS-305,COLOMBO-GALLE,2026-05-09T06:51:30.211Z,69.55,18.74,6.9795297341699865,79.90656764823075,API_SIMULATION
MC-520,COLOMBO-KANDY,2026-05-09T06:51:30.211Z,65.82,8.26,6.937946124059831,79.89535256122959,API_SIMULATION
CS-410,COLOMBO-MATARA,2026-05-09T06:51:30.211Z,35.43,15.87,6.873619652345649,79.91132418796658,API_SIMULATION
NC-640,COLOMBO-JAFFNA,2026-05-09T06:51:30.211Z,57.59,3.51,6.908294496072621,79.81258950246355,API_SIMULATION
NC-710,COLOMBO-JAFFNA,2026-05-09T06:51:30.211Z,64.66,18.23,6.915035576174753,79.84195421441534,API_SIMULATION
WB-115,RAGAMA-COLOMBO,2026-05-09T06:51:30.211Z,41.83,12.6,6.973254965421608,79.91880032606683,API_SIMULATION
CC-222,GAMPAHA-COLOMBO,2026-05-09T06:51:30.211Z,83.45,5.94,6.919711753640587,79.90610152621556,API_SIMULATION
SL-909,MATARA-COLOMBO,2026-05-09T06:51:30.211Z,21.07,4.98,6.951922050095741,79.88833006774765,API_SIMULATION
HS-808,KANDY-COLOMBO,2026-05-09T06:51:30.211Z,75.7,20.94,6.980053477105084,79.87801829999722,API_SIMULATION
NC-220,COLOMBO-JAFFNA,2026-05-09T06:52:00.226Z,64.76,13.19,6.875638567972535,79.83641445121383,API_SIMULATION
IC-101,COLOMBO-KANDY,2026-05-09T06:52:00.226Z,82.02,8.12,6.949606826714821,79.81738307711156,API_SIMULATION
CS-305,COLOMBO-GALLE,2026-05-09T06:52:00.226Z,53.37,23.95,6.890126381750892,79.91739503381852,API_SIMULATION
MC-520,COLOMBO-KANDY,2026-05-09T06:52:00.226Z,36.79,22.97,6.970814690766941,79.89732015575902,API_SIMULATION
CS-410,COLOMBO-MATARA,2026-05-09T06:52:00.226Z,27.66,20.66,6.89359966526217,79.86628006595502,API_SIMULATION
NC-640,COLOMBO-JAFFNA,2026-05-09T06:52:00.226Z,36.91,9.77,6.938756552484286,79.91332497966617,API_SIMULATION
NC-710,COLOMBO-JAFFNA,2026-05-09T06:52:00.226Z,70.09,9.63,6.9138169497785995,79.91770430197863,API_SIMULATION
WB-115,RAGAMA-COLOMBO,2026-05-09T06:52:00.226Z,74.82,17.25,6.944872885733285,79.83063617784475,API_SIMULATION
CC-222,GAMPAHA-COLOMBO,2026-05-09T06:52:00.226Z,50.61,15.04,6.933951915539601,79.891134232341,API_SIMULATION
SL-909,MATARA-COLOMBO,2026-05-09T06:52:00.226Z,32.15,17.38,6.895829513311678,79.8229617779123,API_SIMULATION
HS-808,KANDY-COLOMBO,2026-05-09T06:52:00.226Z,65.84,1.84,6.967420174738632,79.82553612339217,API_SIMULATION
NC-220,COLOMBO-JAFFNA,2026-05-09T06:52:30.236Z,37.88,4.64,6.922713469560834,79.83065389300543,API_SIMULATION
IC-101,COLOMBO-KANDY,2026-05-09T06:52:30.236Z,40.85,4.72,6.939137431423789,79.82987671312962,API_SIMULATION
CS-305,COLOMBO-GALLE,2026-05-09T06:52:30.236Z,41.78,14.28,6.978686985677169,79.87275773559477,API_SIMULATION
MC-520,COLOMBO-KANDY,2026-05-09T06:52:30.237Z,43.42,23.93,6.961928820625202,79.84846211409787,API_SIMULATION
CS-410,COLOMBO-MATARA,2026-05-09T06:52:30.237Z,23.96,1.18,6.942031829907872,79.85952528718236,API_SIMULATION
NC-640,COLOMBO-JAFFNA,2026-05-09T06:52:30.237Z,35.6,3.76,6.948523294416395,79.84366451828161,API_SIMULATION
NC-710,COLOMBO-JAFFNA,2026-05-09T06:52:30.237Z,27.43,4.67,6.945748416998856,79.88263668897585,API_SIMULATION
WB-115,RAGAMA-COLOMBO,2026-05-09T06:52:30.237Z,47.01,5.74,6.931772743573183,79.81804422286811,API_SIMULATION
CC-222,GAMPAHA-COLOMBO,2026-05-09T06:52:30.237Z,65.04,19.16,6.961098134140058,79.84706980214088,API_SIMULATION
SL-909,MATARA-COLOMBO,2026-05-09T06:52:30.237Z,34.4,22.51,6.893621887383334,79.81616456463104,API_SIMULATION
HS-808,KANDY-COLOMBO,2026-05-09T06:52:30.237Z,77.22,0.07,6.9700857532240565,79.88944974783766,API_SIMULATION
NC-220,COLOMBO-JAFFNA,2026-05-09T06:53:00.243Z,61.03,8.01,6.9399277729802735,79.86250219600234,API_SIMULATION
IC-101,COLOMBO-KANDY,2026-05-09T06:53:00.243Z,29.85,2.51,6.891668530293939,79.81576906520415,API_SIMULATION
CS-305,COLOMBO-GALLE,2026-05-09T06:53:00.243Z,68.61,5.9,6.957669969827801,79.87599612747569,API_SIMULATION
MC-520,COLOMBO-KANDY,2026-05-09T06:53:00.243Z,51.71,24.87,6.889051763715903,79.89367574105752,API_SIMULATION
CS-410,COLOMBO-MATARA,2026-05-09T06:53:00.243Z,71.15,12.87,6.91140935471248,79.86965664305039,API_SIMULATION
NC-640,COLOMBO-JAFFNA,2026-05-09T06:53:00.243Z,42.23,12.03,6.899337710393034,79.84607330813319,API_SIMULATION
NC-710,COLOMBO-JAFFNA,2026-05-09T06:53:00.243Z,69.31,17.08,6.974023157827218,79.82608206860554,API_SIMULATION
WB-115,RAGAMA-COLOMBO,2026-05-09T06:53:00.243Z,61.94,8.32,6.867177708315706,79.84020741565767,API_SIMULATION
CC-222,GAMPAHA-COLOMBO,2026-05-09T06:53:00.243Z,42.94,2.24,6.872463584494253,79.90179978295711,API_SIMULATION
SL-909,MATARA-COLOMBO,2026-05-09T06:53:00.243Z,59.38,4.1,6.948731221620081,79.8562272818082,API_SIMULATION
HS-808,KANDY-COLOMBO,2026-05-09T06:53:00.243Z,38.29,15.7,6.946153747879922,79.80339601426233,API_SIMULATION
NC-220,COLOMBO-JAFFNA,2026-05-09T06:53:30.255Z,56.32,19.86,6.908102310044107,79.90033380351458,API_SIMULATION
IC-101,COLOMBO-KANDY,2026-05-09T06:53:30.255Z,31.18,10.62,6.899598704536223,79.80268422076075,API_SIMULATION
CS-305,COLOMBO-GALLE,2026-05-09T06:53:30.255Z,64.01,19.79,6.915923611269767,79.85227989417771,API_SIMULATION
MC-520,COLOMBO-KANDY,2026-05-09T06:53:30.255Z,31.95,0.63,6.913288792135904,79.82913299069664,API_SIMULATION
CS-410,COLOMBO-MATARA,2026-05-09T06:53:30.255Z,61.85,18.4,6.902045465106736,79.92046216646474,API_SIMULATION
NC-640,COLOMBO-JAFFNA,2026-05-09T06:53:30.255Z,81.19,4.09,6.920765396894678,79.90108515051216,API_SIMULATION
NC-710,COLOMBO-JAFFNA,2026-05-09T06:53:30.255Z,60.29,15.01,6.953485318903773,79.84564743360917,API_SIMULATION
WB-115,RAGAMA-COLOMBO,2026-05-09T06:53:30.255Z,44.74,22.74,6.901505285997706,79.81705068142111,API_SIMULATION
CC-222,GAMPAHA-COLOMBO,2026-05-09T06:53:30.255Z,63.65,0.3,6.947442359785776,79.867869513744,API_SIMULATION
SL-909,MATARA-COLOMBO,2026-05-09T06:53:30.255Z,62.71,10.44,6.933745483212462,79.80656672865682,API_SIMULATION
HS-808,KANDY-COLOMBO,2026-05-09T06:53:30.255Z,69.35,7.81,6.939604959906496,79.90121743046933,API_SIMULATION
NC-220,COLOMBO-JAFFNA,2026-05-09T06:54:00.262Z,51.48,9.35,6.878517010186998,79.91849754464405,API_SIMULATION
IC-101,COLOMBO-KANDY,2026-05-09T06:54:00.262Z,70.46,2.35,6.975441341639424,79.86620347418402,API_SIMULATION
CS-305,COLOMBO-GALLE,2026-05-09T06:54:00.262Z,24.86,1.12,6.877375436825683,79.8052637972917,API_SIMULATION
MC-520,COLOMBO-KANDY,2026-05-09T06:54:00.262Z,37.75,24.54,6.897691544544876,79.89063358836387,API_SIMULATION
CS-410,COLOMBO-MATARA,2026-05-09T06:54:00.262Z,77.95,15.29,6.981330312681723,79.82446369606025,API_SIMULATION
NC-640,COLOMBO-JAFFNA,2026-05-09T06:54:00.262Z,33.89,9.54,6.885635533418739,79.84414086280928,API_SIMULATION
NC-710,COLOMBO-JAFFNA,2026-05-09T06:54:00.262Z,64.39,21.12,6.963489552674357,79.81055120701626,API_SIMULATION
WB-115,RAGAMA-COLOMBO,2026-05-09T06:54:00.262Z,26.4,0.08,6.934555684978499,79.8666921034772,API_SIMULATION
CC-222,GAMPAHA-COLOMBO,2026-05-09T06:54:00.262Z,66.89,20.95,6.920490850897947,79.82517338759263,API_SIMULATION
SL-909,MATARA-COLOMBO,2026-05-09T06:54:00.262Z,68.26,10.87,6.970676497287272,79.87848631041383,API_SIMULATION
HS-808,KANDY-COLOMBO,2026-05-09T06:54:00.262Z,34.78,5.17,6.944000712433206,79.88716480586352,API_SIMULATION
NC-220,COLOMBO-JAFFNA,2026-05-09T06:54:30.273Z,62.33,0.26,6.924788865994781,79.82692283467907,API_SIMULATION
IC-101,COLOMBO-KANDY,2026-05-09T06:54:30.273Z,36.53,21.03,6.977768908008408,79.88774117484412,API_SIMULATION
CS-305,COLOMBO-GALLE,2026-05-09T06:54:30.273Z,81.91,20.53,6.982575026667856,79.87718525779603,API_SIMULATION
MC-520,COLOMBO-KANDY,2026-05-09T06:54:30.273Z,69.5,4.17,6.9491963142174376,79.85411112977779,API_SIMULATION
CS-410,COLOMBO-MATARA,2026-05-09T06:54:30.273Z,44.49,0.49,6.9319520319775325,79.91579304328116,API_SIMULATION
NC-640,COLOMBO-JAFFNA,2026-05-09T06:54:30.273Z,61.2,19.16,6.87459479114832,79.87841248178138,API_SIMULATION
NC-710,COLOMBO-JAFFNA,2026-05-09T06:54:30.273Z,31.97,18.31,6.90491139425333,79.85163389791953,API_SIMULATION
WB-115,RAGAMA-COLOMBO,2026-05-09T06:54:30.273Z,62.46,10.87,6.909365422593976,79.85332004981689,API_SIMULATION
CC-222,GAMPAHA-COLOMBO,2026-05-09T06:54:30.273Z,49.03,9.11,6.919576184308884,79.84667098705877,API_SIMULATION
SL-909,MATARA-COLOMBO,2026-05-09T06:54:30.273Z,51.78,0.02,6.908000167790649,79.81602751013519,API_SIMULATION
HS-808,KANDY-COLOMBO,2026-05-09T06:54:30.273Z,22.96,17.3,6.932954671697767,79.87654741652965,API_SIMULATION
NC-220,COLOMBO-JAFFNA,2026-05-09T06:55:00.283Z,29.34,2.19,6.889714567814404,79.88502839016321,API_SIMULATION
IC-101,COLOMBO-KANDY,2026-05-09T06:55:00.283Z,27.21,23.92,6.919691980156262,79.8166570809796,API_SIMULATION
CS-305,COLOMBO-GALLE,2026-05-09T06:55:00.283Z,61.86,3.93,6.972909735406236,79.8586809756868,API_SIMULATION
MC-520,COLOMBO-KANDY,2026-05-09T06:55:00.283Z,68.15,9.02,6.909631999871028,79.90361104864564,API_SIMULATION
CS-410,COLOMBO-MATARA,2026-05-09T06:55:00.283Z,80.79,20.06,6.972734158633307,79.81442156853213,API_SIMULATION
NC-640,COLOMBO-JAFFNA,2026-05-09T06:55:00.283Z,81.99,1.25,6.981746717749946,79.8547665935874,API_SIMULATION
NC-710,COLOMBO-JAFFNA,2026-05-09T06:55:00.283Z,76.41,6.52,6.952314482759764,79.90341987801193,API_SIMULATION
WB-115,RAGAMA-COLOMBO,2026-05-09T06:55:00.283Z,22.71,2.27,6.897602400027644,79.89878422603036,API_SIMULATION
CC-222,GAMPAHA-COLOMBO,2026-05-09T06:55:00.283Z,68.25,22.41,6.968970717808454,79.88142005646775,API_SIMULATION
SL-909,MATARA-COLOMBO,2026-05-09T06:55:00.283Z,39.21,24.26,6.952766968678075,79.86715212752632,API_SIMULATION
HS-808,KANDY-COLOMBO,2026-05-09T06:55:00.283Z,40.17,16.02,6.918912230038206,79.8189428584067,API_SIMULATION
NC-220,COLOMBO-JAFFNA,2026-05-09T06:55:30.284Z,74.23,3.51,6.91069247464571,79.84045436023378,API_SIMULATION
IC-101,COLOMBO-KANDY,2026-05-09T06:55:30.284Z,79.85,22.27,6.9628000781165325,79.88147847673376,API_SIMULATION
CS-305,COLOMBO-GALLE,2026-05-09T06:55:30.284Z,51.14,12.31,6.9329997704719055,79.8843671168981,API_SIMULATION
MC-520,COLOMBO-KANDY,2026-05-09T06:55:30.284Z,22.13,17.45,6.963969214590691,79.90640954583337,API_SIMULATION
CS-410,COLOMBO-MATARA,2026-05-09T06:55:30.284Z,44.41,22.3,6.884765019672602,79.8400159528648,API_SIMULATION
NC-640,COLOMBO-JAFFNA,2026-05-09T06:55:30.284Z,51.63,21.49,6.896887891130273,79.82645450607284,API_SIMULATION
NC-710,COLOMBO-JAFFNA,2026-05-09T06:55:30.284Z,67.55,20.36,6.949159504566608,79.84397316795125,API_SIMULATION
WB-115,RAGAMA-COLOMBO,2026-05-09T06:55:30.284Z,55.13,1.99,6.933000818196059,79.87887989121494,API_SIMULATION
CC-222,GAMPAHA-COLOMBO,2026-05-09T06:55:30.284Z,37.3,24.72,6.938098282574716,79.89979739282141,API_SIMULATION
SL-909,MATARA-COLOMBO,2026-05-09T06:55:30.284Z,40.84,5.57,6.915974637221522,79.84001070299125,API_SIMULATION
HS-808,KANDY-COLOMBO,2026-05-09T06:55:30.284Z,76.34,21.27,6.981960286042054,79.8412322284119,API_SIMULATION
NC-220,COLOMBO-JAFFNA,2026-05-09T06:56:00.304Z,34.34,10.2,6.9207208231976995,79.8569420377454,API_SIMULATION
IC-101,COLOMBO-KANDY,2026-05-09T06:56:00.304Z,43.18,14.64,6.985296555691249,79.89562928357816,API_SIMULATION
CS-305,COLOMBO-GALLE,2026-05-09T06:56:00.304Z,68.38,16.31,6.884927038981366,79.86626099543996,API_SIMULATION
MC-520,COLOMBO-KANDY,2026-05-09T06:56:00.304Z,62.97,4.81,6.979230231235181,79.81958422441676,API_SIMULATION
CS-410,COLOMBO-MATARA,2026-05-09T06:56:00.304Z,26.84,16.68,6.970082100239743,79.87135872713286,API_SIMULATION
NC-640,COLOMBO-JAFFNA,2026-05-09T06:56:00.304Z,45.91,21.76,6.92450107389235,79.88394848521881,API_SIMULATION
NC-710,COLOMBO-JAFFNA,2026-05-09T06:56:00.304Z,64.2,7.63,6.958968272337784,79.8902499920132,API_SIMULATION
WB-115,RAGAMA-COLOMBO,2026-05-09T06:56:00.304Z,79.54,21.57,6.903189212971126,79.86487779521303,API_SIMULATION
CC-222,GAMPAHA-COLOMBO,2026-05-09T06:56:00.304Z,39.28,4.77,6.91672689624285,79.83835946642363,API_SIMULATION
SL-909,MATARA-COLOMBO,2026-05-09T06:56:00.304Z,71.25,12.27,6.945448035668737,79.83275330415321,API_SIMULATION
HS-808,KANDY-COLOMBO,2026-05-09T06:56:00.304Z,23.72,11.4,6.889238017826137,79.89610398784124,API_SIMULATION
NC-220,COLOMBO-JAFFNA,2026-05-09T06:56:30.307Z,57.66,5.14,6.977655958737271,79.87030529203928,API_SIMULATION
IC-101,COLOMBO-KANDY,2026-05-09T06:56:30.307Z,68.33,14.33,6.96387947047163,79.81997258525602,API_SIMULATION
CS-305,COLOMBO-GALLE,2026-05-09T06:56:30.307Z,83.99,17.5,6.923292347554701,79.89372629937084,API_SIMULATION
MC-520,COLOMBO-KANDY,2026-05-09T06:56:30.307Z,71.25,17.31,6.954843571819282,79.84248376454326,API_SIMULATION
CS-410,COLOMBO-MATARA,2026-05-09T06:56:30.307Z,64.45,9.41,6.922979139413375,79.85540911374551,API_SIMULATION
NC-640,COLOMBO-JAFFNA,2026-05-09T06:56:30.307Z,75.73,10.39,6.979405139576892,79.81680650370278,API_SIMULATION
NC-710,COLOMBO-JAFFNA,2026-05-09T06:56:30.307Z,23,11.16,6.951405249475894,79.86896918342707,API_SIMULATION
WB-115,RAGAMA-COLOMBO,2026-05-09T06:56:30.307Z,53.38,21.44,6.924662850495843,79.87194500969245,API_SIMULATION
CC-222,GAMPAHA-COLOMBO,2026-05-09T06:56:30.307Z,75.45,22.39,6.8963054064455,79.84254343731777,API_SIMULATION
SL-909,MATARA-COLOMBO,2026-05-09T06:56:30.307Z,81.56,1.87,6.9588710037990165,79.804292023735,API_SIMULATION
HS-808,KANDY-COLOMBO,2026-05-09T06:56:30.307Z,21.88,9.17,6.883720071067537,79.90285158617982,API_SIMULATION
NC-220,COLOMBO-JAFFNA,2026-05-09T06:57:00.310Z,58.22,6.03,6.928299903039785,79.91439134015752,API_SIMULATION
IC-101,COLOMBO-KANDY,2026-05-09T06:57:00.310Z,37.04,15.21,6.889318531714719,79.91311452004463,API_SIMULATION
CS-305,COLOMBO-GALLE,2026-05-09T06:57:00.310Z,61.62,12.35,6.8829849739022935,79.89377976291716,API_SIMULATION
MC-520,COLOMBO-KANDY,2026-05-09T06:57:00.310Z,31.57,15.87,6.898543841669239,79.88523294404453,API_SIMULATION
CS-410,COLOMBO-MATARA,2026-05-09T06:57:00.310Z,69.53,0.89,6.879022710647174,79.9032551402703,API_SIMULATION
NC-640,COLOMBO-JAFFNA,2026-05-09T06:57:00.310Z,28.51,17.9,6.906033102827303,79.88627092859703,API_SIMULATION
NC-710,COLOMBO-JAFFNA,2026-05-09T06:57:00.310Z,28.85,1.51,6.96138515602246,79.85120241396102,API_SIMULATION
WB-115,RAGAMA-COLOMBO,2026-05-09T06:57:00.310Z,74.47,15.12,6.941649588674592,79.81412938537474,API_SIMULATION
CC-222,GAMPAHA-COLOMBO,2026-05-09T06:57:00.310Z,41.07,12.29,6.957668179966427,79.91286863980257,API_SIMULATION
SL-909,MATARA-COLOMBO,2026-05-09T06:57:00.310Z,63.97,21.26,6.9652900817223475,79.81739241078323,API_SIMULATION
HS-808,KANDY-COLOMBO,2026-05-09T06:57:00.310Z,61.63,9.96,6.9360352351397365,79.91034476839259,API_SIMULATION
NC-220,COLOMBO-JAFFNA,2026-05-09T06:57:30.313Z,41.99,7.67,6.877982952580397,79.85791501691041,API_SIMULATION
IC-101,COLOMBO-KANDY,2026-05-09T06:57:30.313Z,80.49,4.13,6.874917006923713,79.83740301352879,API_SIMULATION
CS-305,COLOMBO-GALLE,2026-05-09T06:57:30.313Z,72.64,13.81,6.9229825058722545,79.89596213822846,API_SIMULATION
MC-520,COLOMBO-KANDY,2026-05-09T06:57:30.313Z,74.89,2.25,6.9088768531950615,79.85774928696446,API_SIMULATION
CS-410,COLOMBO-MATARA,2026-05-09T06:57:30.313Z,45.4,18.69,6.908655648441139,79.84658392331714,API_SIMULATION
NC-640,COLOMBO-JAFFNA,2026-05-09T06:57:30.313Z,43.76,15.69,6.872950890231973,79.82832944330569,API_SIMULATION
NC-710,COLOMBO-JAFFNA,2026-05-09T06:57:30.313Z,26.17,9.11,6.964905161156525,79.91310451554936,API_SIMULATION
WB-115,RAGAMA-COLOMBO,2026-05-09T06:57:30.313Z,67.48,13.24,6.901705817965066,79.81585220040635,API_SIMULATION
CC-222,GAMPAHA-COLOMBO,2026-05-09T06:57:30.313Z,32.79,0.23,6.935486580278411,79.90770996148561,API_SIMULATION
SL-909,MATARA-COLOMBO,2026-05-09T06:57:30.313Z,55.59,8.62,6.960978636970527,79.86078908140134,API_SIMULATION
HS-808,KANDY-COLOMBO,2026-05-09T06:57:30.313Z,84.84,23.47,6.8791514820607595,79.88506410641196,API_SIMULATION
NC-220,COLOMBO-JAFFNA,2026-05-09T06:58:00.321Z,24.28,12.59,6.8969034511948015,79.80825520753555,API_SIMULATION
IC-101,COLOMBO-KANDY,2026-05-09T06:58:00.321Z,31.68,15.91,6.880922561868892,79.89758678913998,API_SIMULATION
CS-305,COLOMBO-GALLE,2026-05-09T06:58:00.321Z,56.56,18.37,6.976951652021369,79.86133806988882,API_SIMULATION
MC-520,COLOMBO-KANDY,2026-05-09T06:58:00.321Z,29.78,21.25,6.958551150260779,79.88445114451243,API_SIMULATION
CS-410,COLOMBO-MATARA,2026-05-09T06:58:00.321Z,28.68,0.43,6.924308937442661,79.92109955464178,API_SIMULATION
NC-640,COLOMBO-JAFFNA,2026-05-09T06:58:00.321Z,40.71,3.46,6.886192401715047,79.83749182407823,API_SIMULATION
NC-710,COLOMBO-JAFFNA,2026-05-09T06:58:00.321Z,50.89,14.31,6.917818015599202,79.88541787245096,API_SIMULATION
WB-115,RAGAMA-COLOMBO,2026-05-09T06:58:00.321Z,44.59,14.71,6.916993405760628,79.86541043068468,API_SIMULATION
CC-222,GAMPAHA-COLOMBO,2026-05-09T06:58:00.321Z,31.68,18.59,6.948838455399596,79.91490736299117,API_SIMULATION
SL-909,MATARA-COLOMBO,2026-05-09T06:58:00.321Z,81.87,4.16,6.924338501677056,79.85754415248154,API_SIMULATION
HS-808,KANDY-COLOMBO,2026-05-09T06:58:00.321Z,30.29,23.2,6.967544699058526,79.856821526825,API_SIMULATION
NC-220,COLOMBO-JAFFNA,2026-05-09T06:58:30.333Z,84.91,18.84,6.901917082949855,79.8082849894407,API_SIMULATION
IC-101,COLOMBO-KANDY,2026-05-09T06:58:30.333Z,81.42,21.11,6.966548404981234,79.86979154499821,API_SIMULATION
CS-305,COLOMBO-GALLE,2026-05-09T06:58:30.333Z,33.8,9.87,6.981314773951072,79.8104545397665,API_SIMULATION
MC-520,COLOMBO-KANDY,2026-05-09T06:58:30.333Z,82.11,22.01,6.902085087315497,79.91972890242127,API_SIMULATION
CS-410,COLOMBO-MATARA,2026-05-09T06:58:30.333Z,49.58,14.56,6.928303233499255,79.8852864488859,API_SIMULATION
NC-640,COLOMBO-JAFFNA,2026-05-09T06:58:30.333Z,44.69,12.29,6.979009109121564,79.90420826492395,API_SIMULATION
NC-710,COLOMBO-JAFFNA,2026-05-09T06:58:30.333Z,20.35,8.36,6.920098961224063,79.87767551088899,API_SIMULATION
WB-115,RAGAMA-COLOMBO,2026-05-09T06:58:30.333Z,53.12,20.78,6.982923043518375,79.92034211314204,API_SIMULATION
CC-222,GAMPAHA-COLOMBO,2026-05-09T06:58:30.333Z,27.29,13.46,6.874418192886182,79.89898723305642,API_SIMULATION
SL-909,MATARA-COLOMBO,2026-05-09T06:58:30.333Z,77.21,15.47,6.872218193505676,79.84608518519155,API_SIMULATION
HS-808,KANDY-COLOMBO,2026-05-09T06:58:30.333Z,33.27,17.83,6.905461469754362,79.81233933342448,API_SIMULATION
NC-220,COLOMBO-JAFFNA,2026-05-09T06:59:00.346Z,39.83,21.23,6.9239794116853135,79.89640278480576,API_SIMULATION
IC-101,COLOMBO-KANDY,2026-05-09T06:59:00.346Z,26.13,22.4,6.904651394316,79.841640800742,API_SIMULATION
CS-305,COLOMBO-GALLE,2026-05-09T06:59:00.346Z,22.33,22.54,6.944564740704674,79.84807420092064,API_SIMULATION
MC-520,COLOMBO-KANDY,2026-05-09T06:59:00.346Z,81.61,19.42,6.938085547831247,79.8419155201992,API_SIMULATION
CS-410,COLOMBO-MATARA,2026-05-09T06:59:00.346Z,35.09,16.99,6.894135944905269,79.83022139797673,API_SIMULATION
NC-640,COLOMBO-JAFFNA,2026-05-09T06:59:00.346Z,21.79,23.65,6.934870160827736,79.90177516939289,API_SIMULATION
NC-710,COLOMBO-JAFFNA,2026-05-09T06:59:00.346Z,80.49,8.8,6.952240627685232,79.86313115850359,API_SIMULATION
WB-115,RAGAMA-COLOMBO,2026-05-09T06:59:00.346Z,32.03,6.27,6.9870688850296965,79.80333227220723,API_SIMULATION
CC-222,GAMPAHA-COLOMBO,2026-05-09T06:59:00.346Z,58.38,10.36,6.876566235783214,79.8927892494868,API_SIMULATION
SL-909,MATARA-COLOMBO,2026-05-09T06:59:00.346Z,78.54,10.27,6.929563147660522,79.8019400455375,API_SIMULATION
HS-808,KANDY-COLOMBO,2026-05-09T06:59:00.346Z,51.19,14.88,6.917441490307409,79.82031376714266,API_SIMULATION
NC-220,COLOMBO-JAFFNA,2026-05-09T06:59:30.366Z,81.59,22.12,6.885003929633399,79.81432818480681,API_SIMULATION
IC-101,COLOMBO-KANDY,2026-05-09T06:59:30.366Z,83.94,2.64,6.937367861115001,79.87482625001783,API_SIMULATION
CS-305,COLOMBO-GALLE,2026-05-09T06:59:30.366Z,73.11,5.19,6.929380230303726,79.87332704692044,API_SIMULATION
MC-520,COLOMBO-KANDY,2026-05-09T06:59:30.366Z,69.16,1.93,6.879299496807153,79.89145528816597,API_SIMULATION
CS-410,COLOMBO-MATARA,2026-05-09T06:59:30.366Z,48.03,5.15,6.896558433891247,79.84195171686704,API_SIMULATION
NC-640,COLOMBO-JAFFNA,2026-05-09T06:59:30.366Z,25.12,22.56,6.919490925395529,79.8027022708638,API_SIMULATION
NC-710,COLOMBO-JAFFNA,2026-05-09T06:59:30.366Z,82.1,3,6.961739181948348,79.91548360265658,API_SIMULATION
WB-115,RAGAMA-COLOMBO,2026-05-09T06:59:30.366Z,84.33,6.86,6.892387266202195,79.91806211329086,API_SIMULATION
CC-222,GAMPAHA-COLOMBO,2026-05-09T06:59:30.366Z,54.68,8.98,6.957951135189785,79.89201433688199,API_SIMULATION
SL-909,MATARA-COLOMBO,2026-05-09T06:59:30.366Z,45.43,17.78,6.946249698872887,79.91422474034306,API_SIMULATION
HS-808,KANDY-COLOMBO,2026-05-09T06:59:30.366Z,64.94,2.72,6.934751988121894,79.82137333104892,API_SIMULATION
NC-220,COLOMBO-JAFFNA,2026-05-09T07:00:00.368Z,81.05,13.4,6.898628165767729,79.82313635648198,API_SIMULATION
IC-101,COLOMBO-KANDY,2026-05-09T07:00:00.368Z,60.81,10.52,6.889482338939495,79.83162208526835,API_SIMULATION
CS-305,COLOMBO-GALLE,2026-05-09T07:00:00.368Z,59.34,19.92,6.952257722027601,79.89232655796334,API_SIMULATION
MC-520,COLOMBO-KANDY,2026-05-09T07:00:00.368Z,39.44,12.93,6.917176885044947,79.8489531303684,API_SIMULATION
CS-410,COLOMBO-MATARA,2026-05-09T07:00:00.368Z,69.04,16.65,6.929523304835382,79.84477989357924,API_SIMULATION
NC-640,COLOMBO-JAFFNA,2026-05-09T07:00:00.368Z,49.1,18.18,6.927622962758055,79.91589896609878,API_SIMULATION
NC-710,COLOMBO-JAFFNA,2026-05-09T07:00:00.368Z,61.18,19.44,6.9379833272794285,79.84219172799267,API_SIMULATION
WB-115,RAGAMA-COLOMBO,2026-05-09T07:00:00.368Z,64.28,17.36,6.946483115784663,79.88185203321738,API_SIMULATION
CC-222,GAMPAHA-COLOMBO,2026-05-09T07:00:00.368Z,38.21,10.93,6.936678798053399,79.83198144791403,API_SIMULATION
SL-909,MATARA-COLOMBO,2026-05-09T07:00:00.368Z,70.56,5.79,6.890501119916726,79.90764491298376,API_SIMULATION
HS-808,KANDY-COLOMBO,2026-05-09T07:00:00.368Z,44.85,16.29,6.958419041574129,79.85438894195842,API_SIMULATION
NC-220,COLOMBO-JAFFNA,2026-05-09T07:00:30.371Z,80.84,5.94,6.888191828238872,79.80329656557102,API_SIMULATION
IC-101,COLOMBO-KANDY,2026-05-09T07:00:30.371Z,49.76,7.27,6.941245408240439,79.84686601415486,API_SIMULATION
CS-305,COLOMBO-GALLE,2026-05-09T07:00:30.371Z,31.24,19.28,6.904387260011313,79.90023476483927,API_SIMULATION
MC-520,COLOMBO-KANDY,2026-05-09T07:00:30.371Z,35.06,5.57,6.963834531306882,79.84041254176392,API_SIMULATION
CS-410,COLOMBO-MATARA,2026-05-09T07:00:30.371Z,67.79,4.38,6.868347506633109,79.82354008424328,API_SIMULATION
NC-640,COLOMBO-JAFFNA,2026-05-09T07:00:30.371Z,24.28,15.12,6.939138360221878,79.88020383163006,API_SIMULATION
NC-710,COLOMBO-JAFFNA,2026-05-09T07:00:30.371Z,35.72,14.43,6.912394803781195,79.85891259077299,API_SIMULATION
WB-115,RAGAMA-COLOMBO,2026-05-09T07:00:30.371Z,49.63,5.74,6.914539636335625,79.84175871429723,API_SIMULATION
CC-222,GAMPAHA-COLOMBO,2026-05-09T07:00:30.371Z,25.12,19.17,6.930553889068959,79.81534350470369,API_SIMULATION
SL-909,MATARA-COLOMBO,2026-05-09T07:00:30.371Z,41.71,6.74,6.896956163995641,79.83738298121224,API_SIMULATION
HS-808,KANDY-COLOMBO,2026-05-09T07:00:30.371Z,45.52,4.11,6.894321657490672,79.82802054430266,API_SIMULATION
NC-220,COLOMBO-JAFFNA,2026-05-09T07:01:00.386Z,78.18,3.31,6.979208210453335,79.86265871077636,API_SIMULATION
IC-101,COLOMBO-KANDY,2026-05-09T07:01:00.386Z,80.82,10.59,6.976231553514895,79.83967517403747,API_SIMULATION
CS-305,COLOMBO-GALLE,2026-05-09T07:01:00.386Z,21.93,0.23,6.911800233537694,79.83914379314905,API_SIMULATION
MC-520,COLOMBO-KANDY,2026-05-09T07:01:00.386Z,28.28,2.39,6.905055279150028,79.8974654775365,API_SIMULATION
CS-410,COLOMBO-MATARA,2026-05-09T07:01:00.386Z,43.08,11.83,6.918750239314161,79.86806068967196,API_SIMULATION
NC-640,COLOMBO-JAFFNA,2026-05-09T07:01:00.386Z,67.35,10.29,6.9350518209518714,79.8110414896328,API_SIMULATION
NC-710,COLOMBO-JAFFNA,2026-05-09T07:01:00.386Z,70.34,21.83,6.874838604294069,79.81597369880697,API_SIMULATION
WB-115,RAGAMA-COLOMBO,2026-05-09T07:01:00.386Z,51.53,7.73,6.91661134738336,79.86684488735563,API_SIMULATION
CC-222,GAMPAHA-COLOMBO,2026-05-09T07:01:00.386Z,82.97,20.92,6.88743624745363,79.84718470723648,API_SIMULATION
SL-909,MATARA-COLOMBO,2026-05-09T07:01:00.386Z,59.4,22.77,6.902702216038453,79.8537240172671,API_SIMULATION
HS-808,KANDY-COLOMBO,2026-05-09T07:01:00.386Z,39.77,10.19,6.98016214566875,79.85032967835811,API_SIMULATION
NC-220,COLOMBO-JAFFNA,2026-05-09T07:01:30.391Z,26.18,8.47,6.97893354300731,79.91083115836032,API_SIMULATION
IC-101,COLOMBO-KANDY,2026-05-09T07:01:30.391Z,35,0.6,6.934519345426878,79.87136863774437,API_SIMULATION
CS-305,COLOMBO-GALLE,2026-05-09T07:01:30.391Z,49.34,24.4,6.980812555423329,79.851577358783,API_SIMULATION
MC-520,COLOMBO-KANDY,2026-05-09T07:01:30.391Z,47.05,17.45,6.879323308716027,79.8443017787756,API_SIMULATION
CS-410,COLOMBO-MATARA,2026-05-09T07:01:30.391Z,53.98,22.51,6.957190785918903,79.85040287280269,API_SIMULATION
NC-640,COLOMBO-JAFFNA,2026-05-09T07:01:30.391Z,40.88,7.42,6.8792503497959965,79.86706466001783,API_SIMULATION
NC-710,COLOMBO-JAFFNA,2026-05-09T07:01:30.391Z,21.85,13.12,6.9595160962916625,79.90118868028163,API_SIMULATION
WB-115,RAGAMA-COLOMBO,2026-05-09T07:01:30.391Z,55.29,12.71,6.93904822234133,79.91227945851051,API_SIMULATION
CC-222,GAMPAHA-COLOMBO,2026-05-09T07:01:30.391Z,69.54,7.19,6.895010309004451,79.85225372190325,API_SIMULATION
SL-909,MATARA-COLOMBO,2026-05-09T07:01:30.391Z,37.97,2.57,6.9723290450737,79.87063442689904,API_SIMULATION
HS-808,KANDY-COLOMBO,2026-05-09T07:01:30.391Z,48.48,19.11,6.974859014691895,79.83144784679924,API_SIMULATION
NC-220,COLOMBO-JAFFNA,2026-05-09T07:02:00.403Z,79.68,18,6.965818320978528,79.80213077753284,API_SIMULATION
IC-101,COLOMBO-KANDY,2026-05-09T07:02:00.403Z,35.01,11.81,6.878653846687566,79.89818110241538,API_SIMULATION
CS-305,COLOMBO-GALLE,2026-05-09T07:02:00.403Z,81.74,21.2,6.888126128442084,79.80175000780814,API_SIMULATION
MC-520,COLOMBO-KANDY,2026-05-09T07:02:00.403Z,45.35,17.37,6.876356711932559,79.84657962435118,API_SIMULATION
CS-410,COLOMBO-MATARA,2026-05-09T07:02:00.403Z,60.43,23.66,6.913747723671482,79.83477883336677,API_SIMULATION
NC-640,COLOMBO-JAFFNA,2026-05-09T07:02:00.403Z,64.86,20.68,6.87553820532442,79.89545849190934,API_SIMULATION
NC-710,COLOMBO-JAFFNA,2026-05-09T07:02:00.403Z,63.62,21.6,6.952429159121974,79.8902879181662,API_SIMULATION
WB-115,RAGAMA-COLOMBO,2026-05-09T07:02:00.404Z,35.49,5.58,6.974987673553654,79.90135475653337,API_SIMULATION
CC-222,GAMPAHA-COLOMBO,2026-05-09T07:02:00.404Z,58.59,23.94,6.962489006432848,79.85866920396343,API_SIMULATION
SL-909,MATARA-COLOMBO,2026-05-09T07:02:00.404Z,75.08,16.97,6.890762075345498,79.82182571410422,API_SIMULATION
HS-808,KANDY-COLOMBO,2026-05-09T07:02:00.404Z,32.17,17.2,6.88570919317099,79.84705078125769,API_SIMULATION
NC-220,COLOMBO-JAFFNA,2026-05-09T07:02:30.405Z,53.78,8.92,6.9126717691301325,79.88052421401973,API_SIMULATION
IC-101,COLOMBO-KANDY,2026-05-09T07:02:30.405Z,52.26,12.75,6.955233525865466,79.83883091633386,API_SIMULATION
CS-305,COLOMBO-GALLE,2026-05-09T07:02:30.405Z,70.97,9.87,6.9787248898476095,79.80755407991084,API_SIMULATION
MC-520,COLOMBO-KANDY,2026-05-09T07:02:30.405Z,49.63,12.71,6.870708230219494,79.91906439801767,API_SIMULATION
CS-410,COLOMBO-MATARA,2026-05-09T07:02:30.405Z,76.1,16.36,6.881539027912185,79.808303527699,API_SIMULATION
NC-640,COLOMBO-JAFFNA,2026-05-09T07:02:30.405Z,57.08,22.49,6.884124745082235,79.8534592152271,API_SIMULATION
NC-710,COLOMBO-JAFFNA,2026-05-09T07:02:30.405Z,37.53,15.72,6.927437095400237,79.82152966093953,API_SIMULATION
WB-115,RAGAMA-COLOMBO,2026-05-09T07:02:30.405Z,61.14,11.57,6.913604832399441,79.87793696103483,API_SIMULATION
CC-222,GAMPAHA-COLOMBO,2026-05-09T07:02:30.405Z,45.82,22.78,6.9538331032443335,79.87383831616633,API_SIMULATION
SL-909,MATARA-COLOMBO,2026-05-09T07:02:30.405Z,71.19,14.63,6.950782883018418,79.85090617095544,API_SIMULATION
HS-808,KANDY-COLOMBO,2026-05-09T07:02:30.405Z,22.27,3.33,6.903422943342698,79.89137335077544,API_SIMULATION
NC-220,COLOMBO-JAFFNA,2026-05-09T07:03:00.405Z,62.24,9.93,6.873960154129171,79.87735179860704,API_SIMULATION
IC-101,COLOMBO-KANDY,2026-05-09T07:03:00.405Z,63.12,10.1,6.948946494415627,79.88033723073556,API_SIMULATION
CS-305,COLOMBO-GALLE,2026-05-09T07:03:00.405Z,41.81,17.15,6.954383043403961,79.84977937904006,API_SIMULATION
MC-520,COLOMBO-KANDY,2026-05-09T07:03:00.405Z,82.72,6.1,6.921526690352287,79.85589276930217,API_SIMULATION
CS-410,COLOMBO-MATARA,2026-05-09T07:03:00.405Z,81.85,16.21,6.94181648209484,79.85716343762127,API_SIMULATION
NC-640,COLOMBO-JAFFNA,2026-05-09T07:03:00.405Z,59.97,22.84,6.982191515068982,79.8975622658364,API_SIMULATION
NC-710,COLOMBO-JAFFNA,2026-05-09T07:03:00.405Z,25.46,0.2,6.877106134595491,79.86661629936542,API_SIMULATION
WB-115,RAGAMA-COLOMBO,2026-05-09T07:03:00.405Z,82.38,3.09,6.936328608793286,79.82505975320116,API_SIMULATION
CC-222,GAMPAHA-COLOMBO,2026-05-09T07:03:00.405Z,45.19,7.64,6.934071247112315,79.91010400133473,API_SIMULATION
SL-909,MATARA-COLOMBO,2026-05-09T07:03:00.405Z,46.61,9.92,6.909637272772558,79.9048244743465,API_SIMULATION
HS-808,KANDY-COLOMBO,2026-05-09T07:03:00.405Z,35.16,4.14,6.8784460147922255,79.91764605907628,API_SIMULATION
NC-220,COLOMBO-JAFFNA,2026-05-09T07:03:30.410Z,30.72,9.28,6.916670412845215,79.90893702121315,API_SIMULATION
IC-101,COLOMBO-KANDY,2026-05-09T07:03:30.410Z,79.8,24.45,6.927440593442963,79.86838311762921,API_SIMULATION
CS-305,COLOMBO-GALLE,2026-05-09T07:03:30.410Z,38.26,24.97,6.918113104248325,79.80282569884159,API_SIMULATION
MC-520,COLOMBO-KANDY,2026-05-09T07:03:30.410Z,52.22,5.66,6.954712148373183,79.8294900019563,API_SIMULATION
CS-410,COLOMBO-MATARA,2026-05-09T07:03:30.410Z,79.38,17.76,6.925291468683217,79.83714338946784,API_SIMULATION
NC-640,COLOMBO-JAFFNA,2026-05-09T07:03:30.410Z,43.27,19.78,6.957241071042099,79.81766925456138,API_SIMULATION
NC-710,COLOMBO-JAFFNA,2026-05-09T07:03:30.410Z,54.57,5.89,6.91367734764819,79.86312063587489,API_SIMULATION
WB-115,RAGAMA-COLOMBO,2026-05-09T07:03:30.410Z,68.64,19.16,6.963845717294496,79.81581729420843,API_SIMULATION
CC-222,GAMPAHA-COLOMBO,2026-05-09T07:03:30.410Z,53.36,11.48,6.936117652382405,79.88525768908926,API_SIMULATION
SL-909,MATARA-COLOMBO,2026-05-09T07:03:30.410Z,50.55,23.16,6.929381109283541,79.81154218173661,API_SIMULATION
HS-808,KANDY-COLOMBO,2026-05-09T07:03:30.410Z,36.69,4.7,6.90335614070756,79.84220881526433,API_SIMULATION
NC-220,COLOMBO-JAFFNA,2026-05-09T07:04:00.411Z,31.11,16.07,6.958781878749303,79.8910760504309,API_SIMULATION
IC-101,COLOMBO-KANDY,2026-05-09T07:04:00.411Z,25.9,13.71,6.884168792599629,79.8280810089884,API_SIMULATION
CS-305,COLOMBO-GALLE,2026-05-09T07:04:00.411Z,78.53,9.91,6.912595150350754,79.88720191142937,API_SIMULATION
MC-520,COLOMBO-KANDY,2026-05-09T07:04:00.411Z,47.65,4.51,6.973947276435446,79.89265191581593,API_SIMULATION
CS-410,COLOMBO-MATARA,2026-05-09T07:04:00.411Z,39.15,6.87,6.867708896562574,79.90409833484185,API_SIMULATION
NC-640,COLOMBO-JAFFNA,2026-05-09T07:04:00.411Z,20.7,15.64,6.93152431953847,79.91715317201533,API_SIMULATION
NC-710,COLOMBO-JAFFNA,2026-05-09T07:04:00.411Z,73.9,24.5,6.911199687374992,79.8086220649456,API_SIMULATION
WB-115,RAGAMA-COLOMBO,2026-05-09T07:04:00.411Z,36.41,1.61,6.948789691647182,79.84660179067833,API_SIMULATION
CC-222,GAMPAHA-COLOMBO,2026-05-09T07:04:00.411Z,43.45,0.93,6.898702300526146,79.8015508948354,API_SIMULATION
SL-909,MATARA-COLOMBO,2026-05-09T07:04:00.411Z,67.46,16.55,6.973967235450481,79.80285289755619,API_SIMULATION
HS-808,KANDY-COLOMBO,2026-05-09T07:04:00.411Z,57.87,16.29,6.886898476197267,79.802626870839,API_SIMULATION
NC-220,COLOMBO-JAFFNA,2026-05-09T07:04:30.422Z,43.77,18.19,6.898182081749931,79.86627843634325,API_SIMULATION
IC-101,COLOMBO-KANDY,2026-05-09T07:04:30.422Z,60.93,0.34,6.986173560743487,79.91131431716295,API_SIMULATION
CS-305,COLOMBO-GALLE,2026-05-09T07:04:30.422Z,54.18,21.1,6.95648473197335,79.8238363213399,API_SIMULATION
MC-520,COLOMBO-KANDY,2026-05-09T07:04:30.422Z,65.51,21.26,6.907693630999256,79.84346238485823,API_SIMULATION
CS-410,COLOMBO-MATARA,2026-05-09T07:04:30.422Z,58.02,1.9,6.890912398089732,79.82743244564296,API_SIMULATION
NC-640,COLOMBO-JAFFNA,2026-05-09T07:04:30.423Z,52.15,24.82,6.873122575532523,79.88740798097758,API_SIMULATION
NC-710,COLOMBO-JAFFNA,2026-05-09T07:04:30.423Z,26.66,3.62,6.970937771814969,79.9016843753905,API_SIMULATION
WB-115,RAGAMA-COLOMBO,2026-05-09T07:04:30.423Z,40.98,21.72,6.875401200747927,79.8717141683032,API_SIMULATION
CC-222,GAMPAHA-COLOMBO,2026-05-09T07:04:30.423Z,75.11,11.98,6.966648298348965,79.8349122245406,API_SIMULATION
SL-909,MATARA-COLOMBO,2026-05-09T07:04:30.423Z,53.46,16.56,6.9555097583483185,79.80436896563195,API_SIMULATION
HS-808,KANDY-COLOMBO,2026-05-09T07:04:30.423Z,22.73,20.9,6.984685188613137,79.81036602019852,API_SIMULATION
NC-220,COLOMBO-JAFFNA,2026-05-09T07:05:00.423Z,51.61,1.49,6.944021035939312,79.85747152975209,API_SIMULATION
IC-101,COLOMBO-KANDY,2026-05-09T07:05:00.423Z,48.49,3.29,6.895246535342302,79.90421552164604,API_SIMULATION
CS-305,COLOMBO-GALLE,2026-05-09T07:05:00.423Z,47.42,17.07,6.97292372400558,79.92080386630018,API_SIMULATION
MC-520,COLOMBO-KANDY,2026-05-09T07:05:00.423Z,80.12,20.5,6.927809154456214,79.84399970817573,API_SIMULATION
CS-410,COLOMBO-MATARA,2026-05-09T07:05:00.423Z,74.72,15.69,6.922607904865237,79.90447526784362,API_SIMULATION
NC-640,COLOMBO-JAFFNA,2026-05-09T07:05:00.423Z,73.44,14.28,6.940587205969707,79.82323039273106,API_SIMULATION
NC-710,COLOMBO-JAFFNA,2026-05-09T07:05:00.423Z,47.13,9.33,6.972027865189327,79.86145770381452,API_SIMULATION
WB-115,RAGAMA-COLOMBO,2026-05-09T07:05:00.423Z,46.12,0.9,6.9047119375203625,79.80681306977488,API_SIMULATION
CC-222,GAMPAHA-COLOMBO,2026-05-09T07:05:00.423Z,69.59,5.43,6.926994096811171,79.8600817412103,API_SIMULATION
SL-909,MATARA-COLOMBO,2026-05-09T07:05:00.423Z,71.82,19.09,6.962386631076687,79.85536948642788,API_SIMULATION
HS-808,KANDY-COLOMBO,2026-05-09T07:05:00.423Z,58.83,4.96,6.969334037260272,79.8365364131984,API_SIMULATION
NC-220,COLOMBO-JAFFNA,2026-05-09T07:05:30.426Z,33.5,20.68,6.952145666706265,79.8249252432045,API_SIMULATION
IC-101,COLOMBO-KANDY,2026-05-09T07:05:30.426Z,53.51,0.92,6.869024034236026,79.92119589667612,API_SIMULATION
CS-305,COLOMBO-GALLE,2026-05-09T07:05:30.426Z,80.9,4.55,6.920878817195446,79.83830974511979,API_SIMULATION
MC-520,COLOMBO-KANDY,2026-05-09T07:05:30.426Z,73.7,21.47,6.910282435013689,79.81170352184013,API_SIMULATION
CS-410,COLOMBO-MATARA,2026-05-09T07:05:30.426Z,40.36,3.83,6.871352147646673,79.84641392866952,API_SIMULATION
NC-640,COLOMBO-JAFFNA,2026-05-09T07:05:30.426Z,51.03,24.68,6.973740775983812,79.8564926973267,API_SIMULATION
NC-710,COLOMBO-JAFFNA,2026-05-09T07:05:30.426Z,24.85,16.62,6.872239930740937,79.81462623592667,API_SIMULATION
WB-115,RAGAMA-COLOMBO,2026-05-09T07:05:30.426Z,44.2,13.44,6.9454495651583175,79.91569527702794,API_SIMULATION
CC-222,GAMPAHA-COLOMBO,2026-05-09T07:05:30.426Z,49.59,11.66,6.880350073344456,79.81104554533906,API_SIMULATION
SL-909,MATARA-COLOMBO,2026-05-09T07:05:30.426Z,49.04,1.47,6.9395854889838935,79.83061436039513,API_SIMULATION
HS-808,KANDY-COLOMBO,2026-05-09T07:05:30.426Z,71.81,1.73,6.9704667163469205,79.82197959536533,API_SIMULATION
NC-220,COLOMBO-JAFFNA,2026-05-09T07:06:00.424Z,82.5,2.57,6.90335295629407,79.82744303939187,API_SIMULATION
IC-101,COLOMBO-KANDY,2026-05-09T07:06:00.424Z,57.15,16.1,6.915360351718821,79.85145721681725,API_SIMULATION
CS-305,COLOMBO-GALLE,2026-05-09T07:06:00.424Z,51.36,5.91,6.9772429600439265,79.82375445231848,API_SIMULATION
MC-520,COLOMBO-KANDY,2026-05-09T07:06:00.424Z,21.12,6.06,6.952408438330586,79.88519109691343,API_SIMULATION
CS-410,COLOMBO-MATARA,2026-05-09T07:06:00.424Z,56.46,8.62,6.985587740804247,79.82541607456268,API_SIMULATION
NC-640,COLOMBO-JAFFNA,2026-05-09T07:06:00.424Z,33.04,14.1,6.899801914688798,79.90427541525501,API_SIMULATION
NC-710,COLOMBO-JAFFNA,2026-05-09T07:06:00.424Z,84.29,4.89,6.893831355034865,79.81931561911162,API_SIMULATION
WB-115,RAGAMA-COLOMBO,2026-05-09T07:06:00.424Z,79.95,13.72,6.958415043095846,79.87884554978348,API_SIMULATION
CC-222,GAMPAHA-COLOMBO,2026-05-09T07:06:00.424Z,51.3,11.48,6.983791862501737,79.91734774006956,API_SIMULATION
SL-909,MATARA-COLOMBO,2026-05-09T07:06:00.425Z,33.99,16.21,6.93396790265229,79.86262748550503,API_SIMULATION
HS-808,KANDY-COLOMBO,2026-05-09T07:06:00.425Z,58.73,20.7,6.948517055899928,79.8522734711181,API_SIMULATION
NC-220,COLOMBO-JAFFNA,2026-05-09T07:06:30.441Z,81.56,15.53,6.9775627302666186,79.85192870249575,API_SIMULATION
IC-101,COLOMBO-KANDY,2026-05-09T07:06:30.441Z,64.89,4.74,6.9573495118751385,79.9172485218485,API_SIMULATION
CS-305,COLOMBO-GALLE,2026-05-09T07:06:30.441Z,58.95,18.43,6.946333818738675,79.81526692785809,API_SIMULATION
MC-520,COLOMBO-KANDY,2026-05-09T07:06:30.441Z,30.23,24.19,6.886412599091742,79.8939881142503,API_SIMULATION
CS-410,COLOMBO-MATARA,2026-05-09T07:06:30.441Z,37.31,11.66,6.881849975628357,79.84367006458817,API_SIMULATION
NC-640,COLOMBO-JAFFNA,2026-05-09T07:06:30.441Z,50.34,22.39,6.962875622495392,79.82849988819636,API_SIMULATION
NC-710,COLOMBO-JAFFNA,2026-05-09T07:06:30.441Z,25.57,13.11,6.903372587557959,79.89363290225552,API_SIMULATION
WB-115,RAGAMA-COLOMBO,2026-05-09T07:06:30.441Z,67.17,19.95,6.878527788958057,79.88798601483198,API_SIMULATION
CC-222,GAMPAHA-COLOMBO,2026-05-09T07:06:30.441Z,31.57,18.31,6.95039441278555,79.80425552218854,API_SIMULATION
SL-909,MATARA-COLOMBO,2026-05-09T07:06:30.441Z,82.38,14.4,6.929966512727356,79.81300737221497,API_SIMULATION
HS-808,KANDY-COLOMBO,2026-05-09T07:06:30.441Z,21.32,20.29,6.903048975207611,79.906542882838,API_SIMULATION
NC-220,COLOMBO-JAFFNA,2026-05-09T07:07:00.452Z,79.55,15.54,6.9780721905617105,79.84220285701585,API_SIMULATION
IC-101,COLOMBO-KANDY,2026-05-09T07:07:00.452Z,63.97,9.03,6.946624765764497,79.82032619760005,API_SIMULATION
CS-305,COLOMBO-GALLE,2026-05-09T07:07:00.452Z,82.26,21.21,6.97246720994222,79.90129968868845,API_SIMULATION
MC-520,COLOMBO-KANDY,2026-05-09T07:07:00.452Z,41.32,12.89,6.9338783735846565,79.87317526656621,API_SIMULATION
CS-410,COLOMBO-MATARA,2026-05-09T07:07:00.452Z,80.44,9.79,6.929437252656369,79.9083902259246,API_SIMULATION
NC-640,COLOMBO-JAFFNA,2026-05-09T07:07:00.452Z,20.68,16.08,6.957437717254596,79.91334804118691,API_SIMULATION
NC-710,COLOMBO-JAFFNA,2026-05-09T07:07:00.452Z,67.74,22.76,6.914655700796206,79.91006404271737,API_SIMULATION
WB-115,RAGAMA-COLOMBO,2026-05-09T07:07:00.452Z,36.48,16.79,6.971498469987217,79.9114506760805,API_SIMULATION
CC-222,GAMPAHA-COLOMBO,2026-05-09T07:07:00.452Z,39.08,7.03,6.977166106863115,79.91324449196237,API_SIMULATION
SL-909,MATARA-COLOMBO,2026-05-09T07:07:00.452Z,71.61,19.75,6.897628855922794,79.8919693545811,API_SIMULATION
HS-808,KANDY-COLOMBO,2026-05-09T07:07:00.452Z,42.15,0.68,6.935599949832029,79.92093835448188,API_SIMULATION
NC-220,COLOMBO-JAFFNA,2026-05-09T07:07:30.446Z,57.54,21.38,6.911739582165816,79.81222368315461,API_SIMULATION
IC-101,COLOMBO-KANDY,2026-05-09T07:07:30.446Z,56.3,11.71,6.921095110111238,79.87385469360204,API_SIMULATION
CS-305,COLOMBO-GALLE,2026-05-09T07:07:30.446Z,42.91,1.29,6.977629150076457,79.86697677818456,API_SIMULATION
MC-520,COLOMBO-KANDY,2026-05-09T07:07:30.446Z,46.49,7.57,6.930805909474455,79.90508649474734,API_SIMULATION
CS-410,COLOMBO-MATARA,2026-05-09T07:07:30.446Z,65.93,16.39,6.917057723912897,79.841202586074,API_SIMULATION
NC-640,COLOMBO-JAFFNA,2026-05-09T07:07:30.446Z,27.67,2.61,6.871398728964844,79.89739264683682,API_SIMULATION
NC-710,COLOMBO-JAFFNA,2026-05-09T07:07:30.446Z,23.77,17.68,6.939522935788515,79.91947001790301,API_SIMULATION
WB-115,RAGAMA-COLOMBO,2026-05-09T07:07:30.446Z,81.82,22.09,6.970151153858213,79.82241627708459,API_SIMULATION
CC-222,GAMPAHA-COLOMBO,2026-05-09T07:07:30.446Z,35.36,9.34,6.973848244723012,79.86761414948553,API_SIMULATION
SL-909,MATARA-COLOMBO,2026-05-09T07:07:30.446Z,67.12,20.36,6.872041616929191,79.83973202859467,API_SIMULATION
HS-808,KANDY-COLOMBO,2026-05-09T07:07:30.446Z,55.5,1.46,6.97427487103858,79.81646750680356,API_SIMULATION
NC-220,COLOMBO-JAFFNA,2026-05-09T07:08:00.457Z,31.85,4.27,6.884996681680866,79.89225108143718,API_SIMULATION
IC-101,COLOMBO-KANDY,2026-05-09T07:08:00.457Z,33.36,12.4,6.911608893790292,79.89382238060334,API_SIMULATION
CS-305,COLOMBO-GALLE,2026-05-09T07:08:00.457Z,61.41,13.64,6.922075394359551,79.84651767966623,API_SIMULATION
MC-520,COLOMBO-KANDY,2026-05-09T07:08:00.457Z,74.84,22.59,6.915596118198555,79.88673329020673,API_SIMULATION
CS-410,COLOMBO-MATARA,2026-05-09T07:08:00.457Z,52.84,17.03,6.945949853041557,79.83887894441796,API_SIMULATION
NC-640,COLOMBO-JAFFNA,2026-05-09T07:08:00.457Z,48.7,7.51,6.931245766673524,79.82701858733515,API_SIMULATION
NC-710,COLOMBO-JAFFNA,2026-05-09T07:08:00.458Z,57.24,3.61,6.956075316241957,79.9147143329432,API_SIMULATION
WB-115,RAGAMA-COLOMBO,2026-05-09T07:08:00.458Z,38.8,19.44,6.891971359100717,79.83340064639883,API_SIMULATION
CC-222,GAMPAHA-COLOMBO,2026-05-09T07:08:00.458Z,75.92,21.23,6.928310130213119,79.80212856312548,API_SIMULATION
SL-909,MATARA-COLOMBO,2026-05-09T07:08:00.458Z,78.47,18.34,6.980281694434167,79.83027144193616,API_SIMULATION
HS-808,KANDY-COLOMBO,2026-05-09T07:08:00.458Z,29.44,14.72,6.953686016452937,79.86663918421124,API_SIMULATION
NC-220,COLOMBO-JAFFNA,2026-05-09T07:08:30.475Z,79.26,10.73,6.97162327027978,79.89522891401126,API_SIMULATION
IC-101,COLOMBO-KANDY,2026-05-09T07:08:30.475Z,65.69,5.23,6.942114971740246,79.83941008602046,API_SIMULATION
CS-305,COLOMBO-GALLE,2026-05-09T07:08:30.475Z,29.37,7.77,6.934658559276913,79.87326947185824,API_SIMULATION
MC-520,COLOMBO-KANDY,2026-05-09T07:08:30.475Z,65.5,17.85,6.913549728565925,79.9110860947222,API_SIMULATION
CS-410,COLOMBO-MATARA,2026-05-09T07:08:30.475Z,73.57,5.38,6.879634634805441,79.8210775795528,API_SIMULATION
NC-640,COLOMBO-JAFFNA,2026-05-09T07:08:30.475Z,40.9,1.31,6.874338578621221,79.80672196314671,API_SIMULATION
NC-710,COLOMBO-JAFFNA,2026-05-09T07:08:30.475Z,38.75,19.52,6.881901081016279,79.91186572659953,API_SIMULATION
WB-115,RAGAMA-COLOMBO,2026-05-09T07:08:30.475Z,69.21,9.82,6.955186682401747,79.90165414446743,API_SIMULATION
CC-222,GAMPAHA-COLOMBO,2026-05-09T07:08:30.475Z,38.13,10.92,6.898082536677643,79.85984615474969,API_SIMULATION
SL-909,MATARA-COLOMBO,2026-05-09T07:08:30.475Z,26.75,17.41,6.948294800573348,79.80420816203643,API_SIMULATION
HS-808,KANDY-COLOMBO,2026-05-09T07:08:30.475Z,26.67,22.49,6.980777045536371,79.82820926503881,API_SIMULATION
NC-220,COLOMBO-JAFFNA,2026-05-09T07:09:00.481Z,79.85,19.39,6.971384321584741,79.8092204652922,API_SIMULATION
IC-101,COLOMBO-KANDY,2026-05-09T07:09:00.481Z,46.11,18.53,6.8923360351893255,79.91558724558772,API_SIMULATION
CS-305,COLOMBO-GALLE,2026-05-09T07:09:00.481Z,50.84,10.83,6.908877142146493,79.90090416123161,API_SIMULATION
MC-520,COLOMBO-KANDY,2026-05-09T07:09:00.481Z,35.25,4.51,6.956285105066452,79.83401269438365,API_SIMULATION
CS-410,COLOMBO-MATARA,2026-05-09T07:09:00.481Z,50.57,23.39,6.934810983683295,79.81329734422488,API_SIMULATION
NC-640,COLOMBO-JAFFNA,2026-05-09T07:09:00.481Z,44.64,15.42,6.954089935339805,79.87547519965656,API_SIMULATION
NC-710,COLOMBO-JAFFNA,2026-05-09T07:09:00.481Z,20.05,8.02,6.983212906708453,79.88566736625023,API_SIMULATION
WB-115,RAGAMA-COLOMBO,2026-05-09T07:09:00.481Z,65.19,16.74,6.901019058321559,79.84826045855594,API_SIMULATION
CC-222,GAMPAHA-COLOMBO,2026-05-09T07:09:00.481Z,55.48,17.83,6.873753727114584,79.88496829280776,API_SIMULATION
SL-909,MATARA-COLOMBO,2026-05-09T07:09:00.481Z,77.24,15.21,6.900450982956767,79.85316794446928,API_SIMULATION
HS-808,KANDY-COLOMBO,2026-05-09T07:09:00.481Z,61.31,22.44,6.929203772645472,79.87083973822882,API_SIMULATION
NC-220,COLOMBO-JAFFNA,2026-05-09T07:09:30.491Z,25.21,10.49,6.9757862625082945,79.88336346754649,API_SIMULATION
IC-101,COLOMBO-KANDY,2026-05-09T07:09:30.491Z,22.74,18.01,6.970631569322298,79.8896729582274,API_SIMULATION
CS-305,COLOMBO-GALLE,2026-05-09T07:09:30.491Z,28.67,24.34,6.906159439445473,79.83145485521133,API_SIMULATION
MC-520,COLOMBO-KANDY,2026-05-09T07:09:30.491Z,45.33,14.38,6.973297023923492,79.90383604767028,API_SIMULATION
CS-410,COLOMBO-MATARA,2026-05-09T07:09:30.491Z,37.71,19.32,6.950381415624939,79.86227626630641,API_SIMULATION
NC-640,COLOMBO-JAFFNA,2026-05-09T07:09:30.491Z,21.43,12.34,6.978557821841701,79.84227106444465,API_SIMULATION
NC-710,COLOMBO-JAFFNA,2026-05-09T07:09:30.491Z,48.38,22.22,6.986806163310582,79.86986010296633,API_SIMULATION
WB-115,RAGAMA-COLOMBO,2026-05-09T07:09:30.491Z,75.43,0.46,6.9604944136876785,79.9101645738276,API_SIMULATION
CC-222,GAMPAHA-COLOMBO,2026-05-09T07:09:30.491Z,68.93,17.59,6.973793441770126,79.82232949547664,API_SIMULATION
SL-909,MATARA-COLOMBO,2026-05-09T07:09:30.491Z,67.08,19.67,6.929972931458763,79.86718690145503,API_SIMULATION
HS-808,KANDY-COLOMBO,2026-05-09T07:09:30.491Z,36.64,19.54,6.967035134355067,79.90281955501156,API_SIMULATION
NC-220,COLOMBO-JAFFNA,2026-05-09T07:10:00.504Z,30.99,9.23,6.910070883116192,79.85480305141306,API_SIMULATION
IC-101,COLOMBO-KANDY,2026-05-09T07:10:00.504Z,84.09,2.84,6.979076151749438,79.80382704435546,API_SIMULATION
CS-305,COLOMBO-GALLE,2026-05-09T07:10:00.504Z,81.57,14.02,6.938846462181292,79.80204402355565,API_SIMULATION
MC-520,COLOMBO-KANDY,2026-05-09T07:10:00.504Z,83.86,4.73,6.971300279991749,79.82819417220267,API_SIMULATION
CS-410,COLOMBO-MATARA,2026-05-09T07:10:00.504Z,47.23,13.08,6.945438626542841,79.82388626192646,API_SIMULATION
NC-640,COLOMBO-JAFFNA,2026-05-09T07:10:00.504Z,35.65,7.96,6.973743137961813,79.91862839259514,API_SIMULATION
NC-710,COLOMBO-JAFFNA,2026-05-09T07:10:00.504Z,61.63,10.71,6.971293212705256,79.8357878330261,API_SIMULATION
WB-115,RAGAMA-COLOMBO,2026-05-09T07:10:00.504Z,73.25,15.91,6.926186700017816,79.80870619432413,API_SIMULATION
CC-222,GAMPAHA-COLOMBO,2026-05-09T07:10:00.504Z,83.11,16.94,6.9174219193193345,79.88170554346793,API_SIMULATION
SL-909,MATARA-COLOMBO,2026-05-09T07:10:00.504Z,35.58,6.39,6.871131270781361,79.8378949070049,API_SIMULATION
HS-808,KANDY-COLOMBO,2026-05-09T07:10:00.504Z,33.76,16.68,6.893673044511778,79.8039770159524,API_SIMULATION
NC-220,COLOMBO-JAFFNA,2026-05-09T07:10:30.520Z,59.01,24.33,6.911957801852326,79.83424144905965,API_SIMULATION
IC-101,COLOMBO-KANDY,2026-05-09T07:10:30.520Z,82.68,20.06,6.964431786701192,79.86272447763567,API_SIMULATION
CS-305,COLOMBO-GALLE,2026-05-09T07:10:30.520Z,41.43,6.64,6.926871504809181,79.82488231060374,API_SIMULATION
MC-520,COLOMBO-KANDY,2026-05-09T07:10:30.520Z,58.36,11.84,6.986368904308621,79.82465920887871,API_SIMULATION
CS-410,COLOMBO-MATARA,2026-05-09T07:10:30.520Z,21,18.79,6.9103775040900155,79.81850475436752,API_SIMULATION
NC-640,COLOMBO-JAFFNA,2026-05-09T07:10:30.520Z,38.78,24.72,6.901517658945266,79.83877931968776,API_SIMULATION
NC-710,COLOMBO-JAFFNA,2026-05-09T07:10:30.520Z,38.91,12.28,6.930644117190173,79.91726306864274,API_SIMULATION
WB-115,RAGAMA-COLOMBO,2026-05-09T07:10:30.520Z,37.31,6.81,6.925797317615295,79.81470095429982,API_SIMULATION
CC-222,GAMPAHA-COLOMBO,2026-05-09T07:10:30.520Z,71.05,1.81,6.905783552071081,79.89340061053599,API_SIMULATION
SL-909,MATARA-COLOMBO,2026-05-09T07:10:30.520Z,50.43,8.51,6.93891731007043,79.80277202531859,API_SIMULATION
HS-808,KANDY-COLOMBO,2026-05-09T07:10:30.520Z,51.46,17.71,6.894816652786124,79.89040162899522,API_SIMULATION
NC-220,COLOMBO-JAFFNA,2026-05-09T07:11:00.527Z,37.88,9.18,6.871714618026571,79.85107609633637,API_SIMULATION
IC-101,COLOMBO-KANDY,2026-05-09T07:11:00.527Z,29.14,10.77,6.958299165219062,79.86510599856906,API_SIMULATION
CS-305,COLOMBO-GALLE,2026-05-09T07:11:00.527Z,33.08,1.61,6.9497631661287125,79.8793406946858,API_SIMULATION
MC-520,COLOMBO-KANDY,2026-05-09T07:11:00.527Z,57.65,15.96,6.930929454632366,79.82956240259026,API_SIMULATION
CS-410,COLOMBO-MATARA,2026-05-09T07:11:00.527Z,78.14,18.69,6.941709889407205,79.86445765699334,API_SIMULATION
NC-640,COLOMBO-JAFFNA,2026-05-09T07:11:00.527Z,66.5,21.41,6.937398540298454,79.84585018930898,API_SIMULATION
NC-710,COLOMBO-JAFFNA,2026-05-09T07:11:00.527Z,45.15,11.14,6.942188640610991,79.88970368185322,API_SIMULATION
WB-115,RAGAMA-COLOMBO,2026-05-09T07:11:00.527Z,50.7,11.69,6.958851004253712,79.83575768063744,API_SIMULATION
CC-222,GAMPAHA-COLOMBO,2026-05-09T07:11:00.527Z,80.57,9.61,6.982619823437005,79.83119607672396,API_SIMULATION
SL-909,MATARA-COLOMBO,2026-05-09T07:11:00.527Z,38,20.32,6.925263311140112,79.91614498614169,API_SIMULATION
HS-808,KANDY-COLOMBO,2026-05-09T07:11:00.527Z,65.78,13.32,6.934413855195538,79.85392346287601,API_SIMULATION
NC-220,COLOMBO-JAFFNA,2026-05-09T07:11:30.537Z,67.35,1.27,6.933690450925946,79.90488036541937,API_SIMULATION
IC-101,COLOMBO-KANDY,2026-05-09T07:11:30.537Z,47.61,4.65,6.910711315644484,79.90189279470046,API_SIMULATION
CS-305,COLOMBO-GALLE,2026-05-09T07:11:30.537Z,57.36,19.49,6.945382392862472,79.9203945142412,API_SIMULATION
MC-520,COLOMBO-KANDY,2026-05-09T07:11:30.537Z,45.79,7.37,6.92540380155758,79.89134131283566,API_SIMULATION
CS-410,COLOMBO-MATARA,2026-05-09T07:11:30.537Z,21.16,1.71,6.9738768219192036,79.91505605840082,API_SIMULATION
NC-640,COLOMBO-JAFFNA,2026-05-09T07:11:30.537Z,61.73,23.06,6.962392762340391,79.8485086702189,API_SIMULATION
NC-710,COLOMBO-JAFFNA,2026-05-09T07:11:30.537Z,32.92,7.64,6.889341714304801,79.90650241212363,API_SIMULATION
WB-115,RAGAMA-COLOMBO,2026-05-09T07:11:30.537Z,84.07,10.08,6.96577617031885,79.850675755089,API_SIMULATION
CC-222,GAMPAHA-COLOMBO,2026-05-09T07:11:30.537Z,24.38,13.45,6.952030994610566,79.8040650259233,API_SIMULATION
SL-909,MATARA-COLOMBO,2026-05-09T07:11:30.537Z,27.86,4.08,6.927883811851247,79.8722755294413,API_SIMULATION
HS-808,KANDY-COLOMBO,2026-05-09T07:11:30.537Z,23.37,23.69,6.877573343435063,79.87846950082456,API_SIMULATION
NC-220,COLOMBO-JAFFNA,2026-05-09T07:12:00.539Z,30.5,22.6,6.957346387352484,79.88674901971343,API_SIMULATION
IC-101,COLOMBO-KANDY,2026-05-09T07:12:00.539Z,78.36,2.9,6.927337444047663,79.87144613780323,API_SIMULATION
CS-305,COLOMBO-GALLE,2026-05-09T07:12:00.539Z,53.54,22.56,6.902127734296818,79.80182954431011,API_SIMULATION
MC-520,COLOMBO-KANDY,2026-05-09T07:12:00.539Z,46.34,20.02,6.8944098793983155,79.87191323340511,API_SIMULATION
CS-410,COLOMBO-MATARA,2026-05-09T07:12:00.539Z,77.52,0.81,6.868853162479152,79.87859149218467,API_SIMULATION
NC-640,COLOMBO-JAFFNA,2026-05-09T07:12:00.539Z,47.26,22.67,6.980938183621474,79.88417453348977,API_SIMULATION
NC-710,COLOMBO-JAFFNA,2026-05-09T07:12:00.539Z,53.23,4.18,6.914450737249229,79.8853006886012,API_SIMULATION
WB-115,RAGAMA-COLOMBO,2026-05-09T07:12:00.539Z,78.23,0.16,6.981606904046676,79.90034611889747,API_SIMULATION
CC-222,GAMPAHA-COLOMBO,2026-05-09T07:12:00.539Z,77.49,15.94,6.950051165880369,79.86166393194742,API_SIMULATION
SL-909,MATARA-COLOMBO,2026-05-09T07:12:00.539Z,59.22,24.61,6.948227682539976,79.83542120014961,API_SIMULATION
HS-808,KANDY-COLOMBO,2026-05-09T07:12:00.539Z,77.28,8.73,6.972574605471315,79.83726671791257,API_SIMULATION
NC-220,COLOMBO-JAFFNA,2026-05-09T07:12:30.553Z,73.01,7.88,6.929154502231906,79.82307686851318,API_SIMULATION
IC-101,COLOMBO-KANDY,2026-05-09T07:12:30.553Z,56.2,11.25,6.886754405399259,79.90057377930097,API_SIMULATION
CS-305,COLOMBO-GALLE,2026-05-09T07:12:30.553Z,79.92,11.12,6.983724566144869,79.83005898321284,API_SIMULATION
MC-520,COLOMBO-KANDY,2026-05-09T07:12:30.553Z,25.68,23.82,6.974925290391387,79.82000395531533,API_SIMULATION
CS-410,COLOMBO-MATARA,2026-05-09T07:12:30.553Z,81.94,0.92,6.875921851137931,79.82843274502281,API_SIMULATION
NC-640,COLOMBO-JAFFNA,2026-05-09T07:12:30.553Z,29.37,16.36,6.923617770108491,79.82801271006004,API_SIMULATION
NC-710,COLOMBO-JAFFNA,2026-05-09T07:12:30.553Z,45.52,11.97,6.953633786085548,79.85692166080632,API_SIMULATION
WB-115,RAGAMA-COLOMBO,2026-05-09T07:12:30.553Z,72.39,20.51,6.942573791583254,79.86388843700146,API_SIMULATION
CC-222,GAMPAHA-COLOMBO,2026-05-09T07:12:30.553Z,34.89,23.47,6.984960800110828,79.89377713683442,API_SIMULATION
SL-909,MATARA-COLOMBO,2026-05-09T07:12:30.553Z,43.58,22,6.880468674643166,79.84967876852723,API_SIMULATION
HS-808,KANDY-COLOMBO,2026-05-09T07:12:30.553Z,38.19,21.54,6.970038532930154,79.91342649815249,API_SIMULATION
NC-220,COLOMBO-JAFFNA,2026-05-09T07:13:00.554Z,22.13,17.17,6.953182816695334,79.91052369958614,API_SIMULATION
IC-101,COLOMBO-KANDY,2026-05-09T07:13:00.554Z,68.32,24.42,6.909580939272676,79.84059706750912,API_SIMULATION
CS-305,COLOMBO-GALLE,2026-05-09T07:13:00.554Z,27.28,3.28,6.886894297692476,79.82955100540683,API_SIMULATION
MC-520,COLOMBO-KANDY,2026-05-09T07:13:00.554Z,69.52,22.46,6.952786688911331,79.9180090643623,API_SIMULATION
CS-410,COLOMBO-MATARA,2026-05-09T07:13:00.554Z,58.52,12.3,6.913549202783692,79.85656771690421,API_SIMULATION
NC-640,COLOMBO-JAFFNA,2026-05-09T07:13:00.554Z,79.57,5.54,6.962506145559457,79.83765522570475,API_SIMULATION
NC-710,COLOMBO-JAFFNA,2026-05-09T07:13:00.554Z,59.63,5.07,6.924343526122715,79.8921774899935,API_SIMULATION
WB-115,RAGAMA-COLOMBO,2026-05-09T07:13:00.554Z,81.13,16.35,6.872538278684224,79.85741591535808,API_SIMULATION
CC-222,GAMPAHA-COLOMBO,2026-05-09T07:13:00.554Z,30.34,19.94,6.889221794004367,79.86433586795508,API_SIMULATION
SL-909,MATARA-COLOMBO,2026-05-09T07:13:00.554Z,54.12,0.17,6.899018745548499,79.87736232154428,API_SIMULATION
HS-808,KANDY-COLOMBO,2026-05-09T07:13:00.554Z,33.43,23.71,6.973848462268901,79.90381814433691,API_SIMULATION
NC-220,COLOMBO-JAFFNA,2026-05-09T07:13:30.565Z,75.8,19.94,6.916888981879009,79.83355446262878,API_SIMULATION
IC-101,COLOMBO-KANDY,2026-05-09T07:13:30.565Z,22.17,5.36,6.908997135134957,79.80631454520676,API_SIMULATION
CS-305,COLOMBO-GALLE,2026-05-09T07:13:30.565Z,81.88,14.11,6.941726082614991,79.845678663906,API_SIMULATION
MC-520,COLOMBO-KANDY,2026-05-09T07:13:30.565Z,77.77,5.4,6.945660299262285,79.84145820326289,API_SIMULATION
CS-410,COLOMBO-MATARA,2026-05-09T07:13:30.565Z,71.72,22.59,6.959534450436324,79.84063401788937,API_SIMULATION
NC-640,COLOMBO-JAFFNA,2026-05-09T07:13:30.565Z,76.98,5.31,6.908666671797166,79.80631328755219,API_SIMULATION
NC-710,COLOMBO-JAFFNA,2026-05-09T07:13:30.565Z,25.91,5.47,6.951520157388313,79.90366068973981,API_SIMULATION
WB-115,RAGAMA-COLOMBO,2026-05-09T07:13:30.565Z,65.74,6.16,6.9642204401663115,79.86554828988044,API_SIMULATION
CC-222,GAMPAHA-COLOMBO,2026-05-09T07:13:30.565Z,83.09,8.28,6.885662473502892,79.8388193230298,API_SIMULATION
SL-909,MATARA-COLOMBO,2026-05-09T07:13:30.565Z,35.61,22.28,6.9746860618248,79.88766214536193,API_SIMULATION
HS-808,KANDY-COLOMBO,2026-05-09T07:13:30.565Z,26.1,4.15,6.871555586541301,79.87032973158992,API_SIMULATION
NC-220,COLOMBO-JAFFNA,2026-05-09T07:14:00.564Z,59.14,7.7,6.889602130299743,79.89655749173248,API_SIMULATION
IC-101,COLOMBO-KANDY,2026-05-09T07:14:00.564Z,70.57,0.07,6.9715050067934206,79.90438229624662,API_SIMULATION
CS-305,COLOMBO-GALLE,2026-05-09T07:14:00.564Z,35.63,15.81,6.900306985283663,79.89912142278519,API_SIMULATION
MC-520,COLOMBO-KANDY,2026-05-09T07:14:00.564Z,20.59,0.91,6.970327978401849,79.8412221799729,API_SIMULATION
CS-410,COLOMBO-MATARA,2026-05-09T07:14:00.564Z,40.52,2.41,6.9565521163615545,79.91517700693672,API_SIMULATION
NC-640,COLOMBO-JAFFNA,2026-05-09T07:14:00.564Z,54.36,18.47,6.882175643353676,79.88586019459557,API_SIMULATION
NC-710,COLOMBO-JAFFNA,2026-05-09T07:14:00.564Z,78.64,22.93,6.879738409844512,79.92063279287287,API_SIMULATION
WB-115,RAGAMA-COLOMBO,2026-05-09T07:14:00.564Z,34.16,12.13,6.947684971090996,79.8128655686003,API_SIMULATION
CC-222,GAMPAHA-COLOMBO,2026-05-09T07:14:00.564Z,30.51,17.81,6.932177517308784,79.82304573903991,API_SIMULATION
SL-909,MATARA-COLOMBO,2026-05-09T07:14:00.564Z,83.71,4.64,6.89745662510041,79.91650802268768,API_SIMULATION
HS-808,KANDY-COLOMBO,2026-05-09T07:14:00.564Z,84.42,9.2,6.868655867549723,79.90747330979721,API_SIMULATION
NC-220,COLOMBO-JAFFNA,2026-05-09T07:14:30.574Z,68.19,1.01,6.874083592381649,79.91850612754156,API_SIMULATION
IC-101,COLOMBO-KANDY,2026-05-09T07:14:30.574Z,82.7,0.83,6.949358246958588,79.88515563249643,API_SIMULATION
CS-305,COLOMBO-GALLE,2026-05-09T07:14:30.574Z,77.14,4.11,6.88162108362728,79.87736444640058,API_SIMULATION
MC-520,COLOMBO-KANDY,2026-05-09T07:14:30.574Z,22.87,22.82,6.964547378627854,79.83726371870618,API_SIMULATION
CS-410,COLOMBO-MATARA,2026-05-09T07:14:30.574Z,57.64,2.16,6.930175398412043,79.84690422731445,API_SIMULATION
NC-640,COLOMBO-JAFFNA,2026-05-09T07:14:30.574Z,72.89,2.5,6.985419099165118,79.81154388522123,API_SIMULATION
NC-710,COLOMBO-JAFFNA,2026-05-09T07:14:30.574Z,23.25,4.67,6.881889302047258,79.87576038376899,API_SIMULATION
WB-115,RAGAMA-COLOMBO,2026-05-09T07:14:30.574Z,24.85,12.95,6.972195939565334,79.81575435012898,API_SIMULATION
CC-222,GAMPAHA-COLOMBO,2026-05-09T07:14:30.574Z,64.4,12.96,6.882317055128001,79.82672622660725,API_SIMULATION
SL-909,MATARA-COLOMBO,2026-05-09T07:14:30.574Z,48.65,13.74,6.905190461541832,79.8475336269503,API_SIMULATION
HS-808,KANDY-COLOMBO,2026-05-09T07:14:30.575Z,72.33,4.49,6.961625364231263,79.87017758727124,API_SIMULATION
NC-220,COLOMBO-JAFFNA,2026-05-09T07:15:00.582Z,65.7,3.51,6.886267829689381,79.81761271802918,API_SIMULATION
IC-101,COLOMBO-KANDY,2026-05-09T07:15:00.582Z,73.81,6.72,6.90575033989908,79.88584463381595,API_SIMULATION
CS-305,COLOMBO-GALLE,2026-05-09T07:15:00.582Z,32.77,21.97,6.935041748309303,79.90123714091644,API_SIMULATION
MC-520,COLOMBO-KANDY,2026-05-09T07:15:00.582Z,46.37,24.45,6.938826116974648,79.90971187161486,API_SIMULATION
CS-410,COLOMBO-MATARA,2026-05-09T07:15:00.582Z,25.6,22.23,6.986164959009377,79.9155738551262,API_SIMULATION
NC-640,COLOMBO-JAFFNA,2026-05-09T07:15:00.582Z,28.74,14.97,6.928069880199418,79.81597955092076,API_SIMULATION
NC-710,COLOMBO-JAFFNA,2026-05-09T07:15:00.582Z,48.27,23.67,6.952442194888007,79.83906178348025,API_SIMULATION
WB-115,RAGAMA-COLOMBO,2026-05-09T07:15:00.582Z,39.02,8.99,6.964243039210334,79.8546278912475,API_SIMULATION
CC-222,GAMPAHA-COLOMBO,2026-05-09T07:15:00.582Z,52.22,16.13,6.941002907716627,79.90927677488041,API_SIMULATION
SL-909,MATARA-COLOMBO,2026-05-09T07:15:00.582Z,39.37,8.66,6.945155284572132,79.85172378284642,API_SIMULATION
HS-808,KANDY-COLOMBO,2026-05-09T07:15:00.582Z,71.88,3.85,6.872132738619278,79.82016070687885,API_SIMULATION
NC-220,COLOMBO-JAFFNA,2026-05-09T07:15:30.595Z,37.86,21.93,6.901117400867738,79.90912635505185,API_SIMULATION
IC-101,COLOMBO-KANDY,2026-05-09T07:15:30.595Z,68.1,11.75,6.912889245059688,79.88726698341978,API_SIMULATION
CS-305,COLOMBO-GALLE,2026-05-09T07:15:30.595Z,34.43,24.56,6.9449596600827155,79.81649571526943,API_SIMULATION
MC-520,COLOMBO-KANDY,2026-05-09T07:15:30.595Z,77.19,6.8,6.898448852661233,79.91211848849522,API_SIMULATION
CS-410,COLOMBO-MATARA,2026-05-09T07:15:30.595Z,35.35,8.23,6.947841568735776,79.8531966105804,API_SIMULATION
NC-640,COLOMBO-JAFFNA,2026-05-09T07:15:30.595Z,41.38,10.52,6.917201808911316,79.90329647518568,API_SIMULATION
NC-710,COLOMBO-JAFFNA,2026-05-09T07:15:30.595Z,43.98,24.45,6.888308822826109,79.82409954846803,API_SIMULATION
WB-115,RAGAMA-COLOMBO,2026-05-09T07:15:30.595Z,23.25,17.71,6.8763760283959385,79.89747405373315,API_SIMULATION
CC-222,GAMPAHA-COLOMBO,2026-05-09T07:15:30.595Z,60.85,10.7,6.922020884839566,79.91917721720468,API_SIMULATION
SL-909,MATARA-COLOMBO,2026-05-09T07:15:30.595Z,80.7,24.63,6.890182997819311,79.91577443703628,API_SIMULATION
HS-808,KANDY-COLOMBO,2026-05-09T07:15:30.595Z,71.68,13.28,6.895656955802226,79.83529747886053,API_SIMULATION
NC-220,COLOMBO-JAFFNA,2026-05-09T07:16:00.607Z,34.45,24.11,6.9185263348988535,79.8794941283305,API_SIMULATION
IC-101,COLOMBO-KANDY,2026-05-09T07:16:00.607Z,59.45,6.27,6.957921900501119,79.82796745970937,API_SIMULATION
CS-305,COLOMBO-GALLE,2026-05-09T07:16:00.607Z,41.21,8.99,6.9285010346286855,79.85017095203455,API_SIMULATION
MC-520,COLOMBO-KANDY,2026-05-09T07:16:00.607Z,68.59,6.31,6.918807350472526,79.80850878698472,API_SIMULATION
CS-410,COLOMBO-MATARA,2026-05-09T07:16:00.607Z,26.97,22.85,6.929540284030124,79.83012212346796,API_SIMULATION
NC-640,COLOMBO-JAFFNA,2026-05-09T07:16:00.607Z,71.42,20.85,6.945166027020174,79.81586329089045,API_SIMULATION
NC-710,COLOMBO-JAFFNA,2026-05-09T07:16:00.607Z,72.46,2.85,6.9847397769097395,79.91675383941164,API_SIMULATION
WB-115,RAGAMA-COLOMBO,2026-05-09T07:16:00.607Z,50.2,8.6,6.929656388915359,79.8933994308885,API_SIMULATION
CC-222,GAMPAHA-COLOMBO,2026-05-09T07:16:00.607Z,64.79,14.4,6.880036056570198,79.8529795540757,API_SIMULATION
SL-909,MATARA-COLOMBO,2026-05-09T07:16:00.607Z,50.17,7.28,6.954756983051215,79.80303158641415,API_SIMULATION
HS-808,KANDY-COLOMBO,2026-05-09T07:16:00.607Z,29.4,17.62,6.885546362368192,79.90663143584293,API_SIMULATION
NC-220,COLOMBO-JAFFNA,2026-05-09T07:16:30.609Z,68.26,18.89,6.922721646101269,79.8819066311804,API_SIMULATION
IC-101,COLOMBO-KANDY,2026-05-09T07:16:30.609Z,25.66,24.61,6.87140633126602,79.91932085440648,API_SIMULATION
CS-305,COLOMBO-GALLE,2026-05-09T07:16:30.609Z,81.77,15.72,6.919862797221368,79.91311481185951,API_SIMULATION
MC-520,COLOMBO-KANDY,2026-05-09T07:16:30.609Z,61.93,22.86,6.9511412365021705,79.83182801347772,API_SIMULATION
CS-410,COLOMBO-MATARA,2026-05-09T07:16:30.609Z,67.18,7.67,6.96367382534235,79.86471760824865,API_SIMULATION
NC-640,COLOMBO-JAFFNA,2026-05-09T07:16:30.609Z,73.16,19.74,6.882541434816767,79.85318857787462,API_SIMULATION
NC-710,COLOMBO-JAFFNA,2026-05-09T07:16:30.609Z,22.79,24.48,6.941169191284223,79.87265863721143,API_SIMULATION
WB-115,RAGAMA-COLOMBO,2026-05-09T07:16:30.609Z,42.93,3.76,6.980467637242147,79.835427322479,API_SIMULATION
CC-222,GAMPAHA-COLOMBO,2026-05-09T07:16:30.609Z,20.39,0.27,6.909872929355907,79.88238670197867,API_SIMULATION
SL-909,MATARA-COLOMBO,2026-05-09T07:16:30.609Z,65.1,9.54,6.8722150941088405,79.90615260490793,API_SIMULATION
HS-808,KANDY-COLOMBO,2026-05-09T07:16:30.609Z,80.98,23.02,6.874611616787384,79.80991173459189,API_SIMULATION
NC-220,COLOMBO-JAFFNA,2026-05-09T07:17:00.613Z,64.13,18.59,6.960763209122955,79.84311599546116,API_SIMULATION
IC-101,COLOMBO-KANDY,2026-05-09T07:17:00.613Z,82.51,11.15,6.897685903498097,79.84700364161438,API_SIMULATION
CS-305,COLOMBO-GALLE,2026-05-09T07:17:00.613Z,31.38,22.83,6.932934735153378,79.80526220862201,API_SIMULATION
MC-520,COLOMBO-KANDY,2026-05-09T07:17:00.613Z,67.81,13.26,6.871965145625141,79.9145561478458,API_SIMULATION
CS-410,COLOMBO-MATARA,2026-05-09T07:17:00.613Z,47.74,14.74,6.982686370803347,79.90905373579488,API_SIMULATION
NC-640,COLOMBO-JAFFNA,2026-05-09T07:17:00.613Z,57.54,14.73,6.905294159136586,79.88070976510244,API_SIMULATION
NC-710,COLOMBO-JAFFNA,2026-05-09T07:17:00.613Z,45.68,10.33,6.893001770024709,79.8764929115899,API_SIMULATION
WB-115,RAGAMA-COLOMBO,2026-05-09T07:17:00.613Z,78.31,3.83,6.963789967262782,79.83560441513009,API_SIMULATION
CC-222,GAMPAHA-COLOMBO,2026-05-09T07:17:00.613Z,81.62,10.98,6.903245216350779,79.82013499744876,API_SIMULATION
SL-909,MATARA-COLOMBO,2026-05-09T07:17:00.613Z,77.42,17.75,6.955846469891055,79.80917638692716,API_SIMULATION
HS-808,KANDY-COLOMBO,2026-05-09T07:17:00.613Z,27.39,7.99,6.9450457845460045,79.87412560860997,API_SIMULATION
NC-220,COLOMBO-JAFFNA,2026-05-09T07:17:30.624Z,44.86,4.17,6.87237814260521,79.88098285703995,API_SIMULATION
IC-101,COLOMBO-KANDY,2026-05-09T07:17:30.624Z,40.58,15.19,6.944069769947993,79.89063649561685,API_SIMULATION
CS-305,COLOMBO-GALLE,2026-05-09T07:17:30.624Z,40.64,13.59,6.973374119653926,79.90554675200359,API_SIMULATION
MC-520,COLOMBO-KANDY,2026-05-09T07:17:30.624Z,38.13,12.79,6.915502624618081,79.86844235611044,API_SIMULATION
CS-410,COLOMBO-MATARA,2026-05-09T07:17:30.624Z,57.5,4.65,6.961450226669562,79.82874810962056,API_SIMULATION
NC-640,COLOMBO-JAFFNA,2026-05-09T07:17:30.624Z,74.65,12.83,6.939433955000567,79.90052015990261,API_SIMULATION
NC-710,COLOMBO-JAFFNA,2026-05-09T07:17:30.624Z,51.24,16.18,6.929377410135167,79.87960903228091,API_SIMULATION
WB-115,RAGAMA-COLOMBO,2026-05-09T07:17:30.624Z,67.41,18.89,6.925230106813392,79.80868390231795,API_SIMULATION
CC-222,GAMPAHA-COLOMBO,2026-05-09T07:17:30.624Z,64.47,23.1,6.963058231117494,79.81820384848832,API_SIMULATION
SL-909,MATARA-COLOMBO,2026-05-09T07:17:30.624Z,27.23,2.96,6.87863768650042,79.81760815029463,API_SIMULATION
HS-808,KANDY-COLOMBO,2026-05-09T07:17:30.624Z,64.13,17.2,6.979969923618849,79.85256947410637,API_SIMULATION
NC-220,COLOMBO-JAFFNA,2026-05-09T07:18:00.638Z,39.62,5.12,6.926516293304239,79.82044228056805,API_SIMULATION
IC-101,COLOMBO-KANDY,2026-05-09T07:18:00.638Z,80.37,9.08,6.936500458553988,79.84123004489821,API_SIMULATION
CS-305,COLOMBO-GALLE,2026-05-09T07:18:00.638Z,84.81,6.62,6.8928060775944395,79.86914019669952,API_SIMULATION
MC-520,COLOMBO-KANDY,2026-05-09T07:18:00.638Z,53.08,6.6,6.9298464686173595,79.89114694911993,API_SIMULATION
CS-410,COLOMBO-MATARA,2026-05-09T07:18:00.638Z,28.05,22.69,6.946044766625523,79.92059001679006,API_SIMULATION
NC-640,COLOMBO-JAFFNA,2026-05-09T07:18:00.638Z,42.36,12.5,6.889851716706176,79.91802316492749,API_SIMULATION
NC-710,COLOMBO-JAFFNA,2026-05-09T07:18:00.638Z,27.21,8.93,6.883111939261778,79.82556085839826,API_SIMULATION
WB-115,RAGAMA-COLOMBO,2026-05-09T07:18:00.638Z,32.54,9.7,6.975125158227607,79.90530743790418,API_SIMULATION
CC-222,GAMPAHA-COLOMBO,2026-05-09T07:18:00.638Z,40.5,15.85,6.961237406526797,79.88029558313299,API_SIMULATION
SL-909,MATARA-COLOMBO,2026-05-09T07:18:00.638Z,46.27,2.8,6.9844282431945715,79.89056073062197,API_SIMULATION
HS-808,KANDY-COLOMBO,2026-05-09T07:18:00.638Z,62.9,21.04,6.9666482548523945,79.88799467360482,API_SIMULATION
NC-220,COLOMBO-JAFFNA,2026-05-09T07:18:30.651Z,47.26,12.17,6.9639710489488165,79.81957601059992,API_SIMULATION
IC-101,COLOMBO-KANDY,2026-05-09T07:18:30.651Z,38.04,2.62,6.934254955030811,79.88128508704023,API_SIMULATION
CS-305,COLOMBO-GALLE,2026-05-09T07:18:30.651Z,76.83,11.6,6.975197187320221,79.81682102599656,API_SIMULATION
MC-520,COLOMBO-KANDY,2026-05-09T07:18:30.651Z,51.09,5.67,6.944684477097215,79.8157760793398,API_SIMULATION
CS-410,COLOMBO-MATARA,2026-05-09T07:18:30.651Z,78.03,20.44,6.892920147614388,79.82262800513682,API_SIMULATION
NC-640,COLOMBO-JAFFNA,2026-05-09T07:18:30.651Z,43.35,21.26,6.9086408696229435,79.8995667089068,API_SIMULATION
NC-710,COLOMBO-JAFFNA,2026-05-09T07:18:30.651Z,80.41,12.27,6.928287690167625,79.80954404887355,API_SIMULATION
WB-115,RAGAMA-COLOMBO,2026-05-09T07:18:30.651Z,66.75,7.62,6.8959385628342975,79.85086259713786,API_SIMULATION
CC-222,GAMPAHA-COLOMBO,2026-05-09T07:18:30.651Z,84.77,23.73,6.91776630983307,79.90409178335652,API_SIMULATION
SL-909,MATARA-COLOMBO,2026-05-09T07:18:30.651Z,23.11,17.9,6.8972339167721675,79.9178037839557,API_SIMULATION
HS-808,KANDY-COLOMBO,2026-05-09T07:18:30.651Z,28.78,15.06,6.954020587711048,79.85211205194969,API_SIMULATION
NC-220,COLOMBO-JAFFNA,2026-05-09T07:19:00.665Z,24.71,1.85,6.980186068655159,79.81960874144005,API_SIMULATION
IC-101,COLOMBO-KANDY,2026-05-09T07:19:00.665Z,53.41,24.26,6.986500256755978,79.86514173704997,API_SIMULATION
CS-305,COLOMBO-GALLE,2026-05-09T07:19:00.665Z,84.38,18.16,6.87476927313923,79.85851591089356,API_SIMULATION
MC-520,COLOMBO-KANDY,2026-05-09T07:19:00.665Z,72.57,20.46,6.89106075136715,79.8299286145781,API_SIMULATION
CS-410,COLOMBO-MATARA,2026-05-09T07:19:00.665Z,50.67,15.75,6.872653291364549,79.91675646189418,API_SIMULATION
NC-640,COLOMBO-JAFFNA,2026-05-09T07:19:00.665Z,62.88,9.5,6.939881063787929,79.82882121682567,API_SIMULATION
NC-710,COLOMBO-JAFFNA,2026-05-09T07:19:00.665Z,49.44,4.78,6.9706081702410785,79.8426931139394,API_SIMULATION
WB-115,RAGAMA-COLOMBO,2026-05-09T07:19:00.665Z,62.75,7.83,6.943828766503119,79.90144399675016,API_SIMULATION
CC-222,GAMPAHA-COLOMBO,2026-05-09T07:19:00.665Z,81.87,11.05,6.9020683741599616,79.89296718019584,API_SIMULATION
SL-909,MATARA-COLOMBO,2026-05-09T07:19:00.665Z,57.57,17.75,6.921412848934967,79.89136723766909,API_SIMULATION
HS-808,KANDY-COLOMBO,2026-05-09T07:19:00.665Z,42.77,15.12,6.960354166976828,79.84413265569907,API_SIMULATION
NC-220,COLOMBO-JAFFNA,2026-05-09T07:19:30.668Z,56.15,1.46,6.941564088786078,79.80744399714376,API_SIMULATION
IC-101,COLOMBO-KANDY,2026-05-09T07:19:30.668Z,56.61,8.78,6.950508329594134,79.89303861477919,API_SIMULATION
CS-305,COLOMBO-GALLE,2026-05-09T07:19:30.668Z,82.53,16.2,6.905499480941366,79.89849923886902,API_SIMULATION
MC-520,COLOMBO-KANDY,2026-05-09T07:19:30.668Z,54.39,24.6,6.982716783196032,79.86898003356563,API_SIMULATION
CS-410,COLOMBO-MATARA,2026-05-09T07:19:30.668Z,55.83,4.19,6.914497389068663,79.90280324012187,API_SIMULATION
NC-640,COLOMBO-JAFFNA,2026-05-09T07:19:30.668Z,48.79,4.41,6.958878059916508,79.87076669554024,API_SIMULATION
NC-710,COLOMBO-JAFFNA,2026-05-09T07:19:30.668Z,33.35,15.03,6.870840259987344,79.8053409606926,API_SIMULATION
WB-115,RAGAMA-COLOMBO,2026-05-09T07:19:30.668Z,63.01,24,6.940461564740871,79.90520929707345,API_SIMULATION
CC-222,GAMPAHA-COLOMBO,2026-05-09T07:19:30.668Z,66.3,0.6,6.957916724545896,79.91344389346528,API_SIMULATION
SL-909,MATARA-COLOMBO,2026-05-09T07:19:30.668Z,75.62,14.52,6.916111615171455,79.80667849266078,API_SIMULATION
HS-808,KANDY-COLOMBO,2026-05-09T07:19:30.668Z,21.3,6.77,6.9202486963432195,79.84426286920058,API_SIMULATION
NC-220,COLOMBO-JAFFNA,2026-05-09T07:20:00.681Z,82.14,7.86,6.897155423308381,79.80552240555625,API_SIMULATION
IC-101,COLOMBO-KANDY,2026-05-09T07:20:00.681Z,68.02,20.33,6.917204704600482,79.8480623878954,API_SIMULATION
CS-305,COLOMBO-GALLE,2026-05-09T07:20:00.681Z,65.2,6.14,6.948820017692763,79.86936002274136,API_SIMULATION
MC-520,COLOMBO-KANDY,2026-05-09T07:20:00.681Z,25.58,15.77,6.982649773237017,79.83139321249229,API_SIMULATION
CS-410,COLOMBO-MATARA,2026-05-09T07:20:00.681Z,21.94,18.96,6.870152971342181,79.83094866765823,API_SIMULATION
NC-640,COLOMBO-JAFFNA,2026-05-09T07:20:00.681Z,29.25,6.09,6.881184116725067,79.88039043240487,API_SIMULATION
NC-710,COLOMBO-JAFFNA,2026-05-09T07:20:00.681Z,34.58,2.04,6.958056757124787,79.91515860757488,API_SIMULATION
WB-115,RAGAMA-COLOMBO,2026-05-09T07:20:00.681Z,73.73,13.12,6.985770450248883,79.82189373282537,API_SIMULATION
CC-222,GAMPAHA-COLOMBO,2026-05-09T07:20:00.681Z,65.9,24.19,6.93832931161789,79.88289752239564,API_SIMULATION
SL-909,MATARA-COLOMBO,2026-05-09T07:20:00.681Z,32.88,6.21,6.908309447310465,79.81629888412914,API_SIMULATION
HS-808,KANDY-COLOMBO,2026-05-09T07:20:00.681Z,62.83,6.53,6.9070263436340005,79.91266205705077,API_SIMULATION
NC-220,COLOMBO-JAFFNA,2026-05-09T07:20:30.695Z,78.14,15.4,6.979434424274175,79.82800443162364,API_SIMULATION
IC-101,COLOMBO-KANDY,2026-05-09T07:20:30.695Z,26.89,6.5,6.906881601965262,79.90804234380322,API_SIMULATION
CS-305,COLOMBO-GALLE,2026-05-09T07:20:30.695Z,81.44,17.4,6.87141541153931,79.83428249547367,API_SIMULATION
MC-520,COLOMBO-KANDY,2026-05-09T07:20:30.695Z,28.5,24.92,6.877695365135926,79.81326936462095,API_SIMULATION
CS-410,COLOMBO-MATARA,2026-05-09T07:20:30.695Z,35.08,18.01,6.892934799677501,79.83263093409836,API_SIMULATION
NC-640,COLOMBO-JAFFNA,2026-05-09T07:20:30.695Z,71.98,18.71,6.937543961190063,79.91067040810674,API_SIMULATION
NC-710,COLOMBO-JAFFNA,2026-05-09T07:20:30.695Z,33.18,11.11,6.963175728553762,79.9049288429284,API_SIMULATION
WB-115,RAGAMA-COLOMBO,2026-05-09T07:20:30.695Z,62.86,22.03,6.922231593109602,79.80536479181787,API_SIMULATION
CC-222,GAMPAHA-COLOMBO,2026-05-09T07:20:30.695Z,40.47,21.9,6.933862638490844,79.83506100991202,API_SIMULATION
SL-909,MATARA-COLOMBO,2026-05-09T07:20:30.695Z,60.34,3.72,6.95221869371054,79.84971851744594,API_SIMULATION
HS-808,KANDY-COLOMBO,2026-05-09T07:20:30.695Z,26.69,10.89,6.98591478119454,79.84211379472036,API_SIMULATION
NC-220,COLOMBO-JAFFNA,2026-05-09T07:21:00.701Z,33.54,21.83,6.915791666244634,79.82682240948157,API_SIMULATION
IC-101,COLOMBO-KANDY,2026-05-09T07:21:00.701Z,62.91,3.12,6.871566673319719,79.81617480567378,API_SIMULATION
CS-305,COLOMBO-GALLE,2026-05-09T07:21:00.701Z,79.41,9.53,6.935206868287773,79.87265663865678,API_SIMULATION
MC-520,COLOMBO-KANDY,2026-05-09T07:21:00.701Z,36.63,7.56,6.957629061544277,79.8665116346105,API_SIMULATION
CS-410,COLOMBO-MATARA,2026-05-09T07:21:00.701Z,65.92,22.32,6.923059604879409,79.80619808106567,API_SIMULATION
NC-640,COLOMBO-JAFFNA,2026-05-09T07:21:00.701Z,39.38,3.51,6.954444631365832,79.89999412003542,API_SIMULATION
NC-710,COLOMBO-JAFFNA,2026-05-09T07:21:00.701Z,78.89,22.73,6.894086889778427,79.82359890875564,API_SIMULATION
WB-115,RAGAMA-COLOMBO,2026-05-09T07:21:00.701Z,78.23,20.72,6.885402062668266,79.86842198555068,API_SIMULATION
CC-222,GAMPAHA-COLOMBO,2026-05-09T07:21:00.701Z,80.75,0.68,6.970156449977617,79.83938924001578,API_SIMULATION
SL-909,MATARA-COLOMBO,2026-05-09T07:21:00.701Z,81.58,13.02,6.883310603594727,79.91975033182476,API_SIMULATION
HS-808,KANDY-COLOMBO,2026-05-09T07:21:00.701Z,44.61,8.25,6.926665553378512,79.86348213063998,API_SIMULATION
NC-220,COLOMBO-JAFFNA,2026-05-09T07:21:30.702Z,79.51,18.07,6.986639977773147,79.82856625056071,API_SIMULATION
IC-101,COLOMBO-KANDY,2026-05-09T07:21:30.702Z,40.57,11.28,6.973606014433238,79.90121242962222,API_SIMULATION
CS-305,COLOMBO-GALLE,2026-05-09T07:21:30.702Z,69.79,1.58,6.953160316938678,79.91904931537395,API_SIMULATION
MC-520,COLOMBO-KANDY,2026-05-09T07:21:30.702Z,70.77,1.12,6.940095987968714,79.87287659391062,API_SIMULATION
CS-410,COLOMBO-MATARA,2026-05-09T07:21:30.702Z,36.95,14.58,6.955072296166608,79.87534505744004,API_SIMULATION
NC-640,COLOMBO-JAFFNA,2026-05-09T07:21:30.702Z,68.33,20.31,6.976510258814062,79.81597233966865,API_SIMULATION
NC-710,COLOMBO-JAFFNA,2026-05-09T07:21:30.702Z,84.21,8.98,6.927704918561898,79.83572884237027,API_SIMULATION
WB-115,RAGAMA-COLOMBO,2026-05-09T07:21:30.702Z,29.63,7.84,6.880065318957602,79.90441249882235,API_SIMULATION
CC-222,GAMPAHA-COLOMBO,2026-05-09T07:21:30.702Z,82.9,23.79,6.9517555805453055,79.83264858821093,API_SIMULATION
SL-909,MATARA-COLOMBO,2026-05-09T07:21:30.702Z,73.55,24.84,6.937194762977228,79.8129214607694,API_SIMULATION
HS-808,KANDY-COLOMBO,2026-05-09T07:21:30.702Z,78.39,7.02,6.902865951287262,79.90932118050148,API_SIMULATION
NC-220,COLOMBO-JAFFNA,2026-05-09T07:22:00.702Z,23.67,8.02,6.986154070797637,79.85812501206512,API_SIMULATION
IC-101,COLOMBO-KANDY,2026-05-09T07:22:00.702Z,58.62,21.56,6.91994010219399,79.91164801405857,API_SIMULATION
CS-305,COLOMBO-GALLE,2026-05-09T07:22:00.702Z,53.86,23.62,6.974302313595307,79.82751520273226,API_SIMULATION
MC-520,COLOMBO-KANDY,2026-05-09T07:22:00.702Z,54.43,14.89,6.900955444330368,79.81877441442535,API_SIMULATION
CS-410,COLOMBO-MATARA,2026-05-09T07:22:00.702Z,58.59,24.28,6.9307018203766315,79.82075905742408,API_SIMULATION
NC-640,COLOMBO-JAFFNA,2026-05-09T07:22:00.702Z,77.29,17.44,6.918010019559999,79.85973591313072,API_SIMULATION
NC-710,COLOMBO-JAFFNA,2026-05-09T07:22:00.702Z,73.91,15.33,6.95724683196184,79.88129490743849,API_SIMULATION
WB-115,RAGAMA-COLOMBO,2026-05-09T07:22:00.702Z,66.99,13.99,6.978051273198694,79.8767112908038,API_SIMULATION
CC-222,GAMPAHA-COLOMBO,2026-05-09T07:22:00.702Z,71.14,10.84,6.887168781637255,79.90665008568459,API_SIMULATION
SL-909,MATARA-COLOMBO,2026-05-09T07:22:00.702Z,64.47,2.91,6.90426180043863,79.91286590890614,API_SIMULATION
HS-808,KANDY-COLOMBO,2026-05-09T07:22:00.702Z,71.23,14.96,6.908032536112406,79.8049470717775,API_SIMULATION
NC-220,COLOMBO-JAFFNA,2026-05-09T07:22:30.710Z,72.5,22.14,6.914657480633398,79.87401324008991,API_SIMULATION
IC-101,COLOMBO-KANDY,2026-05-09T07:22:30.710Z,33.62,21.04,6.9327354013868,79.86412051661058,API_SIMULATION
CS-305,COLOMBO-GALLE,2026-05-09T07:22:30.710Z,49.37,20.06,6.948455701551512,79.84345834076478,API_SIMULATION
MC-520,COLOMBO-KANDY,2026-05-09T07:22:30.710Z,76.56,5.41,6.889950563822984,79.88731854015462,API_SIMULATION
CS-410,COLOMBO-MATARA,2026-05-09T07:22:30.710Z,59.08,17.07,6.945478255400854,79.82920536162742,API_SIMULATION
NC-640,COLOMBO-JAFFNA,2026-05-09T07:22:30.710Z,73.61,24.44,6.9197293875649715,79.8873432181998,API_SIMULATION
NC-710,COLOMBO-JAFFNA,2026-05-09T07:22:30.710Z,36.97,14.49,6.973158292907007,79.8219545357368,API_SIMULATION
WB-115,RAGAMA-COLOMBO,2026-05-09T07:22:30.710Z,37.6,17.74,6.984314694529482,79.82014770061029,API_SIMULATION
CC-222,GAMPAHA-COLOMBO,2026-05-09T07:22:30.710Z,48.79,5.57,6.984764258456391,79.87034438529714,API_SIMULATION
SL-909,MATARA-COLOMBO,2026-05-09T07:22:30.710Z,48.09,5.33,6.888969750205471,79.8046448299342,API_SIMULATION
HS-808,KANDY-COLOMBO,2026-05-09T07:22:30.710Z,64.19,1.82,6.915650575555755,79.80207663625455,API_SIMULATION
NC-220,COLOMBO-JAFFNA,2026-05-09T07:23:00.725Z,73.6,22.63,6.968379116409114,79.90172737873935,API_SIMULATION
IC-101,COLOMBO-KANDY,2026-05-09T07:23:00.725Z,82.39,16.32,6.8921360059949786,79.85471439898447,API_SIMULATION
CS-305,COLOMBO-GALLE,2026-05-09T07:23:00.725Z,68.97,11.63,6.905498169605396,79.83956100558402,API_SIMULATION
MC-520,COLOMBO-KANDY,2026-05-09T07:23:00.725Z,34.41,4.16,6.882978883940705,79.91999355913457,API_SIMULATION
CS-410,COLOMBO-MATARA,2026-05-09T07:23:00.725Z,63.01,11.88,6.9178046613711945,79.83545158111663,API_SIMULATION
NC-640,COLOMBO-JAFFNA,2026-05-09T07:23:00.725Z,81.31,23.4,6.898284755930435,79.89965935694349,API_SIMULATION
NC-710,COLOMBO-JAFFNA,2026-05-09T07:23:00.725Z,47.89,21.73,6.879597906990406,79.84399843828398,API_SIMULATION
WB-115,RAGAMA-COLOMBO,2026-05-09T07:23:00.725Z,71.45,16.25,6.8983251315845955,79.84998237185779,API_SIMULATION
CC-222,GAMPAHA-COLOMBO,2026-05-09T07:23:00.725Z,71.87,5.57,6.963503860489305,79.83589155023344,API_SIMULATION
SL-909,MATARA-COLOMBO,2026-05-09T07:23:00.725Z,69.83,21.7,6.906537892094382,79.90306630303697,API_SIMULATION
HS-808,KANDY-COLOMBO,2026-05-09T07:23:00.725Z,77.63,7.28,6.923640260317272,79.86320409128878,API_SIMULATION
NC-220,COLOMBO-JAFFNA,2026-05-09T07:23:30.735Z,36.16,1.07,6.980261304567095,79.91483892012326,API_SIMULATION
IC-101,COLOMBO-KANDY,2026-05-09T07:23:30.735Z,55.41,4.48,6.892932961280429,79.90476300658226,API_SIMULATION
CS-305,COLOMBO-GALLE,2026-05-09T07:23:30.735Z,65.95,6.97,6.906231904889505,79.81562411007503,API_SIMULATION
MC-520,COLOMBO-KANDY,2026-05-09T07:23:30.735Z,43.9,9.88,6.9303440259136035,79.8172579001068,API_SIMULATION
CS-410,COLOMBO-MATARA,2026-05-09T07:23:30.735Z,69.98,15.59,6.891334108833192,79.88628006887748,API_SIMULATION
NC-640,COLOMBO-JAFFNA,2026-05-09T07:23:30.735Z,52.22,15.35,6.9281068883662735,79.89586306443044,API_SIMULATION
NC-710,COLOMBO-JAFFNA,2026-05-09T07:23:30.735Z,48.79,0.45,6.980250011946108,79.89040474749748,API_SIMULATION
WB-115,RAGAMA-COLOMBO,2026-05-09T07:23:30.735Z,23.77,21.73,6.961951290586547,79.84398345944824,API_SIMULATION
CC-222,GAMPAHA-COLOMBO,2026-05-09T07:23:30.735Z,52.06,6.32,6.873327839742047,79.90553102205624,API_SIMULATION
SL-909,MATARA-COLOMBO,2026-05-09T07:23:30.735Z,56.35,17.12,6.878953314333944,79.85987245880168,API_SIMULATION
HS-808,KANDY-COLOMBO,2026-05-09T07:23:30.735Z,64.64,20.38,6.9303261148681,79.82590735235301,API_SIMULATION
NC-220,COLOMBO-JAFFNA,2026-05-09T07:24:00.737Z,30.25,3.02,6.935865254226805,79.84387195841794,API_SIMULATION
IC-101,COLOMBO-KANDY,2026-05-09T07:24:00.737Z,25.67,8.68,6.893315839345409,79.8074302085198,API_SIMULATION
CS-305,COLOMBO-GALLE,2026-05-09T07:24:00.737Z,30.39,17.67,6.9001332372119775,79.8640033391041,API_SIMULATION
MC-520,COLOMBO-KANDY,2026-05-09T07:24:00.737Z,56.1,23.69,6.920562378961316,79.82751843560521,API_SIMULATION
CS-410,COLOMBO-MATARA,2026-05-09T07:24:00.737Z,59.87,0.68,6.9858013947970905,79.90834851263284,API_SIMULATION
NC-640,COLOMBO-JAFFNA,2026-05-09T07:24:00.737Z,23.06,14.02,6.975811230658004,79.82530073438927,API_SIMULATION
NC-710,COLOMBO-JAFFNA,2026-05-09T07:24:00.737Z,20.58,14.41,6.882666410771846,79.81465449965724,API_SIMULATION
WB-115,RAGAMA-COLOMBO,2026-05-09T07:24:00.737Z,61.25,9.99,6.949388653179791,79.81029804132291,API_SIMULATION
CC-222,GAMPAHA-COLOMBO,2026-05-09T07:24:00.737Z,84.12,4.94,6.944176266475278,79.87336950929664,API_SIMULATION
SL-909,MATARA-COLOMBO,2026-05-09T07:24:00.737Z,21.82,9.09,6.912435981643216,79.89049818999028,API_SIMULATION
HS-808,KANDY-COLOMBO,2026-05-09T07:24:00.737Z,59.9,1.2,6.888681623871451,79.86010650354783,API_SIMULATION
NC-220,COLOMBO-JAFFNA,2026-05-09T07:24:30.738Z,81.09,14.58,6.890419210491519,79.84898350847429,API_SIMULATION
IC-101,COLOMBO-KANDY,2026-05-09T07:24:30.739Z,23.7,7.59,6.914487240546387,79.87536807791746,API_SIMULATION
CS-305,COLOMBO-GALLE,2026-05-09T07:24:30.739Z,54.95,16.54,6.925292023958808,79.9020279404972,API_SIMULATION
MC-520,COLOMBO-KANDY,2026-05-09T07:24:30.739Z,26.88,16.34,6.958797776018123,79.90543324163887,API_SIMULATION
CS-410,COLOMBO-MATARA,2026-05-09T07:24:30.739Z,41.79,22.85,6.9380123712685355,79.82578704496301,API_SIMULATION
NC-640,COLOMBO-JAFFNA,2026-05-09T07:24:30.739Z,28.68,22.91,6.876702884174032,79.91696057974949,API_SIMULATION
NC-710,COLOMBO-JAFFNA,2026-05-09T07:24:30.739Z,44.05,8.46,6.8961392542113575,79.82992594234554,API_SIMULATION
WB-115,RAGAMA-COLOMBO,2026-05-09T07:24:30.739Z,62.52,21.78,6.978060317495828,79.88926436071903,API_SIMULATION
CC-222,GAMPAHA-COLOMBO,2026-05-09T07:24:30.739Z,32.17,17.04,6.9521829321394195,79.84355704695015,API_SIMULATION
SL-909,MATARA-COLOMBO,2026-05-09T07:24:30.739Z,23.43,10.77,6.93912426838575,79.84018587791074,API_SIMULATION
HS-808,KANDY-COLOMBO,2026-05-09T07:24:30.739Z,74.37,6.68,6.940093732407392,79.8271179319479,API_SIMULATION
NC-220,COLOMBO-JAFFNA,2026-05-09T07:25:00.747Z,29,2.63,6.909753081335828,79.84536293981903,API_SIMULATION
IC-101,COLOMBO-KANDY,2026-05-09T07:25:00.747Z,43.89,1.17,6.947052644175808,79.85601456424139,API_SIMULATION
CS-305,COLOMBO-GALLE,2026-05-09T07:25:00.747Z,37.81,16.42,6.939088620647178,79.87029221654976,API_SIMULATION
MC-520,COLOMBO-KANDY,2026-05-09T07:25:00.747Z,68.67,4.51,6.931726306384421,79.86626369117073,API_SIMULATION
CS-410,COLOMBO-MATARA,2026-05-09T07:25:00.747Z,53.58,12.47,6.980412196630264,79.82317557367703,API_SIMULATION
NC-640,COLOMBO-JAFFNA,2026-05-09T07:25:00.747Z,78.49,18.29,6.973380188129149,79.91134117911416,API_SIMULATION
NC-710,COLOMBO-JAFFNA,2026-05-09T07:25:00.747Z,37.56,0.37,6.888854669085106,79.81529024540431,API_SIMULATION
WB-115,RAGAMA-COLOMBO,2026-05-09T07:25:00.747Z,45.28,7.6,6.86927804964161,79.904793604911,API_SIMULATION
CC-222,GAMPAHA-COLOMBO,2026-05-09T07:25:00.747Z,61.95,0.53,6.88406613354317,79.8692956788728,API_SIMULATION
SL-909,MATARA-COLOMBO,2026-05-09T07:25:00.747Z,24.72,13.34,6.919815064102347,79.85212553759251,API_SIMULATION
HS-808,KANDY-COLOMBO,2026-05-09T07:25:00.747Z,53.87,21.37,6.977247513341338,79.87710598246349,API_SIMULATION
NC-220,COLOMBO-JAFFNA,2026-05-09T07:25:30.750Z,25.23,10.44,6.946025893502936,79.84044722856295,API_SIMULATION
IC-101,COLOMBO-KANDY,2026-05-09T07:25:30.750Z,72.02,20.27,6.9547186154475895,79.90188853893291,API_SIMULATION
CS-305,COLOMBO-GALLE,2026-05-09T07:25:30.750Z,54.34,3.44,6.869299183131971,79.87052487984275,API_SIMULATION
MC-520,COLOMBO-KANDY,2026-05-09T07:25:30.750Z,73.8,19.18,6.915547596599818,79.80838494835523,API_SIMULATION
CS-410,COLOMBO-MATARA,2026-05-09T07:25:30.750Z,67.49,20.95,6.964564988890224,79.82671939833692,API_SIMULATION
NC-640,COLOMBO-JAFFNA,2026-05-09T07:25:30.750Z,58.64,6.79,6.868690969716337,79.86556279337816,API_SIMULATION
NC-710,COLOMBO-JAFFNA,2026-05-09T07:25:30.750Z,45.17,23.83,6.92434037084393,79.80965898882015,API_SIMULATION
WB-115,RAGAMA-COLOMBO,2026-05-09T07:25:30.750Z,82.17,8.96,6.970453886377501,79.86380133761696,API_SIMULATION
CC-222,GAMPAHA-COLOMBO,2026-05-09T07:25:30.750Z,81.92,8.64,6.914185794725891,79.91406563602217,API_SIMULATION
SL-909,MATARA-COLOMBO,2026-05-09T07:25:30.750Z,23.79,11.92,6.96122136417111,79.82456061902893,API_SIMULATION
HS-808,KANDY-COLOMBO,2026-05-09T07:25:30.750Z,34.54,2.78,6.904821451256674,79.90538206148672,API_SIMULATION
NC-220,COLOMBO-JAFFNA,2026-05-09T07:26:00.753Z,77.28,18.45,6.951392455111774,79.84427986670656,API_SIMULATION
IC-101,COLOMBO-KANDY,2026-05-09T07:26:00.754Z,79.83,2.37,6.871408556936471,79.8369479091869,API_SIMULATION
CS-305,COLOMBO-GALLE,2026-05-09T07:26:00.754Z,21.82,8.2,6.981330518985938,79.89695758202468,API_SIMULATION
MC-520,COLOMBO-KANDY,2026-05-09T07:26:00.754Z,39.77,9.55,6.88773373735437,79.80965886367667,API_SIMULATION
CS-410,COLOMBO-MATARA,2026-05-09T07:26:00.754Z,68.23,22.59,6.911756935441134,79.84702483824115,API_SIMULATION
NC-640,COLOMBO-JAFFNA,2026-05-09T07:26:00.754Z,32.65,22.12,6.8742137538150825,79.84073046419498,API_SIMULATION
NC-710,COLOMBO-JAFFNA,2026-05-09T07:26:00.754Z,73.57,23.46,6.8992840403416835,79.86441700752054,API_SIMULATION
WB-115,RAGAMA-COLOMBO,2026-05-09T07:26:00.754Z,32.21,9.1,6.953339804498199,79.86518358552367,API_SIMULATION
CC-222,GAMPAHA-COLOMBO,2026-05-09T07:26:00.754Z,22.25,5.31,6.951309322475626,79.82316638704772,API_SIMULATION
SL-909,MATARA-COLOMBO,2026-05-09T07:26:00.754Z,47.52,20.12,6.966723174677456,79.88185564595805,API_SIMULATION
HS-808,KANDY-COLOMBO,2026-05-09T07:26:00.754Z,38.89,21.28,6.874618753518714,79.80190802983886,API_SIMULATION
NC-220,COLOMBO-JAFFNA,2026-05-09T07:26:30.768Z,82.88,15.76,6.8681393168959675,79.80173332121967,API_SIMULATION
IC-101,COLOMBO-KANDY,2026-05-09T07:26:30.768Z,50.82,10.42,6.932070356328861,79.83697312151367,API_SIMULATION
CS-305,COLOMBO-GALLE,2026-05-09T07:26:30.768Z,68.36,7.81,6.963917767568618,79.8053271783188,API_SIMULATION
MC-520,COLOMBO-KANDY,2026-05-09T07:26:30.768Z,66.45,3.35,6.869211293549077,79.8703429545508,API_SIMULATION
CS-410,COLOMBO-MATARA,2026-05-09T07:26:30.768Z,21.47,6.27,6.873275605703769,79.8156910267834,API_SIMULATION
NC-640,COLOMBO-JAFFNA,2026-05-09T07:26:30.768Z,43.66,21.15,6.8881495453002595,79.89658469774521,API_SIMULATION
NC-710,COLOMBO-JAFFNA,2026-05-09T07:26:30.768Z,68.38,11.97,6.981936207174769,79.84200002520767,API_SIMULATION
WB-115,RAGAMA-COLOMBO,2026-05-09T07:26:30.768Z,23.01,8.39,6.913013648113018,79.90792275026159,API_SIMULATION
CC-222,GAMPAHA-COLOMBO,2026-05-09T07:26:30.768Z,28.08,5.24,6.889076216189158,79.89559382595928,API_SIMULATION
SL-909,MATARA-COLOMBO,2026-05-09T07:26:30.768Z,22.93,7.71,6.868736098719124,79.8188983033342,API_SIMULATION
HS-808,KANDY-COLOMBO,2026-05-09T07:26:30.768Z,42.51,19.16,6.9229971243060255,79.92011144896256,API_SIMULATION
NC-220,COLOMBO-JAFFNA,2026-05-09T07:27:23.939Z,35.25,1.71,6.910806255502453,79.83844737441642,API_SIMULATION
IC-101,COLOMBO-KANDY,2026-05-09T07:27:23.940Z,55.55,6.79,6.970151308569015,79.91215759609348,API_SIMULATION
CS-305,COLOMBO-GALLE,2026-05-09T07:27:23.940Z,66.7,21.77,6.953531610452928,79.81645271222463,API_SIMULATION
MC-520,COLOMBO-KANDY,2026-05-09T07:27:23.940Z,59.66,1.73,6.920953671290208,79.91412330784254,API_SIMULATION
CS-410,COLOMBO-MATARA,2026-05-09T07:27:23.940Z,66.66,0.47,6.956076149305227,79.87792777263871,API_SIMULATION
NC-640,COLOMBO-JAFFNA,2026-05-09T07:27:23.940Z,51.05,22.02,6.9013495479577065,79.85766945776787,API_SIMULATION
NC-710,COLOMBO-JAFFNA,2026-05-09T07:27:23.940Z,53.5,1.75,6.928284510760742,79.85894176736062,API_SIMULATION
WB-115,RAGAMA-COLOMBO,2026-05-09T07:27:23.940Z,79.93,3.53,6.91816929350241,79.88061415543515,API_SIMULATION
CC-222,GAMPAHA-COLOMBO,2026-05-09T07:27:23.940Z,82.17,0.5,6.924356694140195,79.88359728848077,API_SIMULATION
SL-909,MATARA-COLOMBO,2026-05-09T07:27:23.940Z,79.06,17.66,6.9053721701373725,79.89613926454633,API_SIMULATION
HS-808,KANDY-COLOMBO,2026-05-09T07:27:23.940Z,71.64,4.89,6.902973948326882,79.90080405596541,API_SIMULATION
NC-220,COLOMBO-JAFFNA,2026-05-09T07:27:53.926Z,73.03,16.64,6.923737009702055,79.83407100863708,API_SIMULATION
IC-101,COLOMBO-KANDY,2026-05-09T07:27:53.926Z,35.43,3.16,6.957026906575097,79.80809571054692,API_SIMULATION
CS-305,COLOMBO-GALLE,2026-05-09T07:27:53.926Z,79.83,18.43,6.925568810669029,79.81007831647956,API_SIMULATION
MC-520,COLOMBO-KANDY,2026-05-09T07:27:53.926Z,78.26,12.76,6.971899314399847,79.84643527643578,API_SIMULATION
CS-410,COLOMBO-MATARA,2026-05-09T07:27:53.926Z,39.48,8.57,6.887564058995071,79.86041677839094,API_SIMULATION
NC-640,COLOMBO-JAFFNA,2026-05-09T07:27:53.926Z,61.53,13.4,6.9768314047479345,79.90027302520492,API_SIMULATION
NC-710,COLOMBO-JAFFNA,2026-05-09T07:27:53.926Z,76.99,20.74,6.981014385162344,79.80352112639694,API_SIMULATION
WB-115,RAGAMA-COLOMBO,2026-05-09T07:27:53.926Z,35.85,1.43,6.874349156638113,79.85957100012178,API_SIMULATION
CC-222,GAMPAHA-COLOMBO,2026-05-09T07:27:53.926Z,63.64,24.23,6.962942264568246,79.84202599046277,API_SIMULATION
SL-909,MATARA-COLOMBO,2026-05-09T07:27:53.926Z,81.44,20.43,6.8887059793245795,79.85294397068594,API_SIMULATION
HS-808,KANDY-COLOMBO,2026-05-09T07:27:53.926Z,66.59,21.49,6.982620847955049,79.89502849124027,API_SIMULATION
NC-220,COLOMBO-JAFFNA,2026-05-09T07:28:23.925Z,38.29,9.09,6.940809889411216,79.83240636483465,API_SIMULATION
IC-101,COLOMBO-KANDY,2026-05-09T07:28:23.925Z,50.71,16.65,6.922697335643361,79.8925777958674,API_SIMULATION
CS-305,COLOMBO-GALLE,2026-05-09T07:28:23.925Z,35.11,19.2,6.938214311649479,79.89034255879236,API_SIMULATION
MC-520,COLOMBO-KANDY,2026-05-09T07:28:23.925Z,29,12.41,6.9684517783686415,79.89588768365259,API_SIMULATION
CS-410,COLOMBO-MATARA,2026-05-09T07:28:23.925Z,70.07,21.17,6.963222136854466,79.82698401831964,API_SIMULATION
NC-640,COLOMBO-JAFFNA,2026-05-09T07:28:23.925Z,39.01,16.98,6.982341969333018,79.89661644431257,API_SIMULATION
NC-710,COLOMBO-JAFFNA,2026-05-09T07:28:23.925Z,79.87,5.83,6.954187713636204,79.89815122511963,API_SIMULATION
WB-115,RAGAMA-COLOMBO,2026-05-09T07:28:23.925Z,41,3.97,6.970959297127916,79.8602981997676,API_SIMULATION
CC-222,GAMPAHA-COLOMBO,2026-05-09T07:28:23.925Z,39.57,20.55,6.876031651468772,79.87913026852961,API_SIMULATION
SL-909,MATARA-COLOMBO,2026-05-09T07:28:23.925Z,39.84,21.43,6.8936384987520825,79.83806552012524,API_SIMULATION
HS-808,KANDY-COLOMBO,2026-05-09T07:28:23.925Z,60.48,16.34,6.9178958313929915,79.89016785797526,API_SIMULATION
NC-220,COLOMBO-JAFFNA,2026-05-09T07:28:53.935Z,61.11,3.88,6.985843301905156,79.8677148474237,API_SIMULATION
IC-101,COLOMBO-KANDY,2026-05-09T07:28:53.936Z,68.04,5.69,6.906604745760098,79.8752793504184,API_SIMULATION
CS-305,COLOMBO-GALLE,2026-05-09T07:28:53.936Z,76.38,18.33,6.937962535414042,79.86034413678921,API_SIMULATION
MC-520,COLOMBO-KANDY,2026-05-09T07:28:53.936Z,30.05,11.7,6.87233913295096,79.86372708736147,API_SIMULATION
CS-410,COLOMBO-MATARA,2026-05-09T07:28:53.936Z,40.47,6.91,6.980720166162081,79.8057075065776,API_SIMULATION
NC-640,COLOMBO-JAFFNA,2026-05-09T07:28:53.936Z,46.62,20.73,6.910536983453127,79.83690510291706,API_SIMULATION
NC-710,COLOMBO-JAFFNA,2026-05-09T07:28:53.936Z,38.79,2.27,6.8821910383743035,79.89644679060967,API_SIMULATION
WB-115,RAGAMA-COLOMBO,2026-05-09T07:28:53.936Z,58.51,20.61,6.918967513776955,79.87187644979755,API_SIMULATION
CC-222,GAMPAHA-COLOMBO,2026-05-09T07:28:53.936Z,57.76,3.66,6.977941176012016,79.8187176730508,API_SIMULATION
SL-909,MATARA-COLOMBO,2026-05-09T07:28:53.936Z,39.04,20.53,6.912351509271504,79.80642885282634,API_SIMULATION
HS-808,KANDY-COLOMBO,2026-05-09T07:28:53.936Z,23.55,12.75,6.880652274831403,79.86557766954161,API_SIMULATION
NC-220,COLOMBO-JAFFNA,2026-05-09T07:29:23.943Z,66.31,13.6,6.9045834182663555,79.8433189438945,API_SIMULATION
IC-101,COLOMBO-KANDY,2026-05-09T07:29:23.943Z,84.55,24.07,6.959563282408941,79.91497538304988,API_SIMULATION
CS-305,COLOMBO-GALLE,2026-05-09T07:29:23.943Z,46.88,21.17,6.915727625353216,79.89629676016182,API_SIMULATION
MC-520,COLOMBO-KANDY,2026-05-09T07:29:23.943Z,29.3,6.02,6.981417748205329,79.82770428882709,API_SIMULATION
CS-410,COLOMBO-MATARA,2026-05-09T07:29:23.943Z,30.63,20.71,6.9510160943181845,79.91449838986262,API_SIMULATION
NC-640,COLOMBO-JAFFNA,2026-05-09T07:29:23.943Z,51.85,15.22,6.950563567769106,79.87486055461466,API_SIMULATION
NC-710,COLOMBO-JAFFNA,2026-05-09T07:29:23.943Z,67.22,20.48,6.903409013237616,79.86863929408244,API_SIMULATION
WB-115,RAGAMA-COLOMBO,2026-05-09T07:29:23.943Z,59.62,13,6.880422551692708,79.81706768288777,API_SIMULATION
CC-222,GAMPAHA-COLOMBO,2026-05-09T07:29:23.943Z,70.83,11.24,6.937487568998956,79.84990242771698,API_SIMULATION
SL-909,MATARA-COLOMBO,2026-05-09T07:29:23.943Z,65.85,3.3,6.9376188184556264,79.91550686600658,API_SIMULATION
HS-808,KANDY-COLOMBO,2026-05-09T07:29:23.943Z,25.8,8.82,6.920815582643874,79.83499813823643,API_SIMULATION
NC-220,COLOMBO-JAFFNA,2026-05-09T07:29:53.955Z,59.08,24.54,6.956291931595477,79.91621339532189,API_SIMULATION
IC-101,COLOMBO-KANDY,2026-05-09T07:29:53.955Z,77.85,18.68,6.9360622121455116,79.83632769892728,API_SIMULATION
CS-305,COLOMBO-GALLE,2026-05-09T07:29:53.955Z,53.81,2.18,6.950184354957149,79.86687400228821,API_SIMULATION
MC-520,COLOMBO-KANDY,2026-05-09T07:29:53.955Z,61.94,13.88,6.920614309075428,79.87767880237115,API_SIMULATION
CS-410,COLOMBO-MATARA,2026-05-09T07:29:53.955Z,38.26,4.96,6.963038847282442,79.83723770336547,API_SIMULATION
NC-640,COLOMBO-JAFFNA,2026-05-09T07:29:53.955Z,53.72,7.44,6.96287668592742,79.81675656729713,API_SIMULATION
NC-710,COLOMBO-JAFFNA,2026-05-09T07:29:53.955Z,64.8,22.9,6.94596847547051,79.90337000828153,API_SIMULATION
WB-115,RAGAMA-COLOMBO,2026-05-09T07:29:53.955Z,81.73,6.28,6.9131081741723275,79.80681204690703,API_SIMULATION
CC-222,GAMPAHA-COLOMBO,2026-05-09T07:29:53.955Z,32.24,20.86,6.963325230954846,79.84972050184537,API_SIMULATION
SL-909,MATARA-COLOMBO,2026-05-09T07:29:53.955Z,70.84,15.76,6.9829114696742405,79.80229428589229,API_SIMULATION
HS-808,KANDY-COLOMBO,2026-05-09T07:29:53.955Z,30.02,6.38,6.890357334130296,79.86291920407507,API_SIMULATION
NC-220,COLOMBO-JAFFNA,2026-05-09T07:31:35.521Z,32.82,13.56,6.8707634551654255,79.82865356604674,API_SIMULATION
IC-101,COLOMBO-KANDY,2026-05-09T07:31:35.521Z,46.4,1.99,6.927526588663056,79.80407025042395,API_SIMULATION
CS-305,COLOMBO-GALLE,2026-05-09T07:31:35.521Z,45.21,21.78,6.86717404853703,79.80586459917353,API_SIMULATION
MC-520,COLOMBO-KANDY,2026-05-09T07:31:35.521Z,82.08,10.08,6.913076021021517,79.91391675542579,API_SIMULATION
CS-410,COLOMBO-MATARA,2026-05-09T07:31:35.521Z,27.34,20.63,6.974972875661819,79.92029528013973,API_SIMULATION
NC-640,COLOMBO-JAFFNA,2026-05-09T07:31:35.521Z,46.58,15.42,6.94990028485042,79.80794172062362,API_SIMULATION
NC-710,COLOMBO-JAFFNA,2026-05-09T07:31:35.521Z,23.05,12.52,6.978341433518425,79.81869627593528,API_SIMULATION
WB-115,RAGAMA-COLOMBO,2026-05-09T07:31:35.521Z,81.45,3.55,6.972582971357272,79.86471924278216,API_SIMULATION
CC-222,GAMPAHA-COLOMBO,2026-05-09T07:31:35.521Z,84.51,21.63,6.949365519591537,79.8739789458849,API_SIMULATION
SL-909,MATARA-COLOMBO,2026-05-09T07:31:35.522Z,58.75,11.58,6.874078238938433,79.85039268224763,API_SIMULATION
HS-808,KANDY-COLOMBO,2026-05-09T07:31:35.522Z,84.79,20.64,6.936059992166701,79.86590842031504,API_SIMULATION
NC-220,COLOMBO-JAFFNA,2026-05-09T07:32:05.527Z,24.57,12.89,6.9109478923387,79.84843664638151,API_SIMULATION
IC-101,COLOMBO-KANDY,2026-05-09T07:32:05.527Z,45.8,19.86,6.942910771108709,79.80800787813553,API_SIMULATION
CS-305,COLOMBO-GALLE,2026-05-09T07:32:05.527Z,56.91,24,6.962516241229436,79.89072390779579,API_SIMULATION
MC-520,COLOMBO-KANDY,2026-05-09T07:32:05.527Z,55.02,4.73,6.964986064658946,79.81852111939786,API_SIMULATION
CS-410,COLOMBO-MATARA,2026-05-09T07:32:05.527Z,66.89,7.39,6.86957679340806,79.90918059691451,API_SIMULATION
NC-640,COLOMBO-JAFFNA,2026-05-09T07:32:05.527Z,76.78,19.18,6.966678665719267,79.85934702829925,API_SIMULATION
NC-710,COLOMBO-JAFFNA,2026-05-09T07:32:05.527Z,61.2,4.8,6.916613131227328,79.849875038191,API_SIMULATION
WB-115,RAGAMA-COLOMBO,2026-05-09T07:32:05.527Z,49.49,20.3,6.980680686539304,79.88445036690398,API_SIMULATION
CC-222,GAMPAHA-COLOMBO,2026-05-09T07:32:05.527Z,64.08,6.49,6.918853908876289,79.91137732559832,API_SIMULATION
SL-909,MATARA-COLOMBO,2026-05-09T07:32:05.527Z,75.16,5.67,6.903104392846702,79.91693856310636,API_SIMULATION
HS-808,KANDY-COLOMBO,2026-05-09T07:32:05.527Z,59.55,21.79,6.939750020664052,79.8685155238924,API_SIMULATION
NC-220,COLOMBO-JAFFNA,2026-05-09T07:32:35.543Z,27.31,2.4,6.867748253647047,79.90009031480352,API_SIMULATION
IC-101,COLOMBO-KANDY,2026-05-09T07:32:35.543Z,38.54,13.3,6.882652043177416,79.8721974386604,API_SIMULATION
CS-305,COLOMBO-GALLE,2026-05-09T07:32:35.543Z,60.72,8.85,6.919986810116248,79.83168489655743,API_SIMULATION
MC-520,COLOMBO-KANDY,2026-05-09T07:32:35.543Z,45.1,6.61,6.878385524032626,79.8556146425277,API_SIMULATION
CS-410,COLOMBO-MATARA,2026-05-09T07:32:35.543Z,49.31,7.27,6.911509694723525,79.80927425090255,API_SIMULATION
NC-640,COLOMBO-JAFFNA,2026-05-09T07:32:35.543Z,46.11,16.12,6.896285269977079,79.87230550244534,API_SIMULATION
NC-710,COLOMBO-JAFFNA,2026-05-09T07:32:35.543Z,79.61,6.55,6.880988046677587,79.90997871487633,API_SIMULATION
WB-115,RAGAMA-COLOMBO,2026-05-09T07:32:35.543Z,37.48,6.44,6.877015439167728,79.87927252321627,API_SIMULATION
CC-222,GAMPAHA-COLOMBO,2026-05-09T07:32:35.543Z,53.91,2.18,6.934023966594392,79.85953475161239,API_SIMULATION
SL-909,MATARA-COLOMBO,2026-05-09T07:32:35.543Z,23.35,15.77,6.925156362964089,79.90828484943339,API_SIMULATION
HS-808,KANDY-COLOMBO,2026-05-09T07:32:35.543Z,64.76,10.85,6.9836133195536165,79.91474459765507,API_SIMULATION
NC-220,COLOMBO-JAFFNA,2026-05-09T07:33:05.545Z,35.31,24.25,6.930258145430646,79.86333474406307,API_SIMULATION
IC-101,COLOMBO-KANDY,2026-05-09T07:33:05.545Z,34.9,12.5,6.90286003575251,79.84297558316091,API_SIMULATION
CS-305,COLOMBO-GALLE,2026-05-09T07:33:05.545Z,64.93,8.92,6.868187818300476,79.84661636303298,API_SIMULATION
MC-520,COLOMBO-KANDY,2026-05-09T07:33:05.545Z,32.36,2.19,6.895218183272054,79.82817627565258,API_SIMULATION
CS-410,COLOMBO-MATARA,2026-05-09T07:33:05.545Z,78.41,9.46,6.881728719421504,79.81483030070656,API_SIMULATION
NC-640,COLOMBO-JAFFNA,2026-05-09T07:33:05.545Z,26.5,19.58,6.964777469347704,79.84124042153535,API_SIMULATION
NC-710,COLOMBO-JAFFNA,2026-05-09T07:33:05.545Z,75.85,15.54,6.9030937643403965,79.8298302813323,API_SIMULATION
WB-115,RAGAMA-COLOMBO,2026-05-09T07:33:05.545Z,54.56,6.57,6.873403397858094,79.90959981733933,API_SIMULATION
CC-222,GAMPAHA-COLOMBO,2026-05-09T07:33:05.545Z,34.94,7.33,6.911694321622361,79.84221530017982,API_SIMULATION
SL-909,MATARA-COLOMBO,2026-05-09T07:33:05.545Z,65.98,20.82,6.9290953733100595,79.87278205523683,API_SIMULATION
HS-808,KANDY-COLOMBO,2026-05-09T07:33:05.545Z,78.73,6.53,6.972345980575753,79.90224320359799,API_SIMULATION
NC-220,COLOMBO-JAFFNA,2026-05-09T07:33:35.557Z,40.35,24.74,6.9536985954249335,79.86443229056302,API_SIMULATION
IC-101,COLOMBO-KANDY,2026-05-09T07:33:35.557Z,30.25,15.13,6.907742893642259,79.82579659515024,API_SIMULATION
CS-305,COLOMBO-GALLE,2026-05-09T07:33:35.557Z,34.37,19.08,6.96025848275753,79.80433163788985,API_SIMULATION
MC-520,COLOMBO-KANDY,2026-05-09T07:33:35.557Z,33.56,4.19,6.928788549557242,79.87303534886544,API_SIMULATION
CS-410,COLOMBO-MATARA,2026-05-09T07:33:35.557Z,44.5,5.47,6.916738905776973,79.9182668181789,API_SIMULATION
NC-640,COLOMBO-JAFFNA,2026-05-09T07:33:35.557Z,74.65,4.71,6.9784769945092355,79.91803615403961,API_SIMULATION
NC-710,COLOMBO-JAFFNA,2026-05-09T07:33:35.557Z,57.37,10.23,6.940728804073646,79.885616514851,API_SIMULATION
WB-115,RAGAMA-COLOMBO,2026-05-09T07:33:35.557Z,41.59,1.94,6.958881500671406,79.859511090878,API_SIMULATION
CC-222,GAMPAHA-COLOMBO,2026-05-09T07:33:35.557Z,51.64,18.21,6.881260582471195,79.89484751514894,API_SIMULATION
SL-909,MATARA-COLOMBO,2026-05-09T07:33:35.557Z,20.23,24.11,6.921744246641648,79.90739786987602,API_SIMULATION
HS-808,KANDY-COLOMBO,2026-05-09T07:33:35.557Z,28.09,23.21,6.873650883299408,79.87480115145227,API_SIMULATION
NC-220,COLOMBO-JAFFNA,2026-05-09T07:34:05.573Z,52.09,2.33,6.985738312406937,79.82950959570357,API_SIMULATION
IC-101,COLOMBO-KANDY,2026-05-09T07:34:05.573Z,50.17,14.89,6.913526889152875,79.917208236611,API_SIMULATION
CS-305,COLOMBO-GALLE,2026-05-09T07:34:05.573Z,79.24,23.39,6.979864112330624,79.87987778505553,API_SIMULATION
MC-520,COLOMBO-KANDY,2026-05-09T07:34:05.573Z,75.09,24.13,6.97866058210946,79.84111505157134,API_SIMULATION
CS-410,COLOMBO-MATARA,2026-05-09T07:34:05.573Z,69.01,21.04,6.869816234497431,79.91135160218603,API_SIMULATION
NC-640,COLOMBO-JAFFNA,2026-05-09T07:34:05.573Z,55.58,18.18,6.919645745952671,79.86703638908511,API_SIMULATION
NC-710,COLOMBO-JAFFNA,2026-05-09T07:34:05.573Z,77.94,21.1,6.94093595793121,79.82572257267945,API_SIMULATION
WB-115,RAGAMA-COLOMBO,2026-05-09T07:34:05.573Z,36.33,9.37,6.96770754717211,79.83060561085992,API_SIMULATION
CC-222,GAMPAHA-COLOMBO,2026-05-09T07:34:05.573Z,37.28,5.52,6.985123943195794,79.80415832111473,API_SIMULATION
SL-909,MATARA-COLOMBO,2026-05-09T07:34:05.573Z,45.47,18.12,6.925144135613793,79.81500760246107,API_SIMULATION
HS-808,KANDY-COLOMBO,2026-05-09T07:34:05.573Z,62.22,9.96,6.965198331887663,79.8708157977934,API_SIMULATION
NC-220,COLOMBO-JAFFNA,2026-05-09T07:34:35.577Z,77.35,21.81,6.952982454570633,79.84441568811022,API_SIMULATION
IC-101,COLOMBO-KANDY,2026-05-09T07:34:35.577Z,28.16,14.46,6.902121808561291,79.81768529597458,API_SIMULATION
CS-305,COLOMBO-GALLE,2026-05-09T07:34:35.577Z,49.13,13.9,6.928473960056166,79.86759777097738,API_SIMULATION
MC-520,COLOMBO-KANDY,2026-05-09T07:34:35.577Z,45.92,22.85,6.881843222592169,79.89190026846674,API_SIMULATION
CS-410,COLOMBO-MATARA,2026-05-09T07:34:35.577Z,32.8,20.08,6.953907357027389,79.90451236209626,API_SIMULATION
NC-640,COLOMBO-JAFFNA,2026-05-09T07:34:35.577Z,25.46,17.24,6.880167081150779,79.84600807598189,API_SIMULATION
NC-710,COLOMBO-JAFFNA,2026-05-09T07:34:35.577Z,62.57,4.6,6.951073354837631,79.85380258842551,API_SIMULATION
WB-115,RAGAMA-COLOMBO,2026-05-09T07:34:35.577Z,66.98,10.74,6.933141669125508,79.82225986918036,API_SIMULATION
CC-222,GAMPAHA-COLOMBO,2026-05-09T07:34:35.577Z,33.97,2.64,6.956289358372433,79.87988061257185,API_SIMULATION
SL-909,MATARA-COLOMBO,2026-05-09T07:34:35.577Z,76.03,1.87,6.912049762007127,79.88001053817115,API_SIMULATION
HS-808,KANDY-COLOMBO,2026-05-09T07:34:35.577Z,23.64,7.91,6.899930149859288,79.8170385437457,API_SIMULATION
NC-220,COLOMBO-JAFFNA,2026-05-09T07:35:05.585Z,70.85,5.04,6.926819838969828,79.85494505084681,API_SIMULATION
IC-101,COLOMBO-KANDY,2026-05-09T07:35:05.585Z,22.01,20.68,6.980547046453936,79.86333850407951,API_SIMULATION
CS-305,COLOMBO-GALLE,2026-05-09T07:35:05.585Z,29.92,14.47,6.902445854909868,79.81885924556364,API_SIMULATION
MC-520,COLOMBO-KANDY,2026-05-09T07:35:05.585Z,50.85,10.72,6.90122737190001,79.80996109322439,API_SIMULATION
CS-410,COLOMBO-MATARA,2026-05-09T07:35:05.585Z,55.87,3.61,6.970354086025374,79.87290247309177,API_SIMULATION
NC-640,COLOMBO-JAFFNA,2026-05-09T07:35:05.585Z,37.06,18.43,6.979407820870055,79.84154931585817,API_SIMULATION
NC-710,COLOMBO-JAFFNA,2026-05-09T07:35:05.585Z,50.59,15.65,6.89634736460715,79.80395256911552,API_SIMULATION
WB-115,RAGAMA-COLOMBO,2026-05-09T07:35:05.585Z,48.22,6.38,6.8857188842027846,79.81916636054353,API_SIMULATION
CC-222,GAMPAHA-COLOMBO,2026-05-09T07:35:05.585Z,41.03,12.96,6.98349455733601,79.86795054383134,API_SIMULATION
SL-909,MATARA-COLOMBO,2026-05-09T07:35:05.585Z,24.41,17.12,6.947876463764821,79.89907257627836,API_SIMULATION
HS-808,KANDY-COLOMBO,2026-05-09T07:35:05.585Z,67.69,9.88,6.904122203647894,79.8927701456537,API_SIMULATION
NC-220,COLOMBO-JAFFNA,2026-05-09T07:35:35.592Z,82.11,22.36,6.949682032555794,79.85388867940583,API_SIMULATION
IC-101,COLOMBO-KANDY,2026-05-09T07:35:35.592Z,60.78,18.53,6.940637010741033,79.85034572332752,API_SIMULATION
CS-305,COLOMBO-GALLE,2026-05-09T07:35:35.592Z,34.28,19.17,6.895347713325373,79.91274340873179,API_SIMULATION
MC-520,COLOMBO-KANDY,2026-05-09T07:35:35.592Z,50.07,13.71,6.910128400537767,79.88499909291741,API_SIMULATION
CS-410,COLOMBO-MATARA,2026-05-09T07:35:35.592Z,44.99,8.98,6.8684700012872435,79.84979072557698,API_SIMULATION
NC-640,COLOMBO-JAFFNA,2026-05-09T07:35:35.592Z,67.39,3.06,6.876571336779242,79.82433993207817,API_SIMULATION
NC-710,COLOMBO-JAFFNA,2026-05-09T07:35:35.592Z,56.45,22.06,6.9396750521210295,79.85353388778668,API_SIMULATION
WB-115,RAGAMA-COLOMBO,2026-05-09T07:35:35.592Z,81.44,16.77,6.888028826978508,79.82282315208924,API_SIMULATION
CC-222,GAMPAHA-COLOMBO,2026-05-09T07:35:35.592Z,66.19,9.42,6.898285366599938,79.80851018401785,API_SIMULATION
SL-909,MATARA-COLOMBO,2026-05-09T07:35:35.592Z,33.99,9.84,6.92678240829458,79.85295938762775,API_SIMULATION
HS-808,KANDY-COLOMBO,2026-05-09T07:35:35.592Z,75.92,10.74,6.968163983970756,79.88770184220824,API_SIMULATION
NC-220,COLOMBO-JAFFNA,2026-05-09T07:36:05.603Z,41.3,12.92,6.935683573129196,79.88789596593777,API_SIMULATION
IC-101,COLOMBO-KANDY,2026-05-09T07:36:05.603Z,54.81,11.37,6.956897015847393,79.89577219999866,API_SIMULATION
CS-305,COLOMBO-GALLE,2026-05-09T07:36:05.603Z,30.93,19.3,6.888700703001255,79.82916617577852,API_SIMULATION
MC-520,COLOMBO-KANDY,2026-05-09T07:36:05.603Z,46.08,11.65,6.9625694073391635,79.85838383360836,API_SIMULATION
CS-410,COLOMBO-MATARA,2026-05-09T07:36:05.603Z,24.54,9.38,6.959177924143205,79.90170492376014,API_SIMULATION
NC-640,COLOMBO-JAFFNA,2026-05-09T07:36:05.603Z,64.08,1.25,6.92001457367958,79.90842782068772,API_SIMULATION
NC-710,COLOMBO-JAFFNA,2026-05-09T07:36:05.603Z,70.81,5.47,6.907653373390346,79.91224927129896,API_SIMULATION
WB-115,RAGAMA-COLOMBO,2026-05-09T07:36:05.603Z,37.86,14.11,6.8916882282165055,79.86590970905367,API_SIMULATION
CC-222,GAMPAHA-COLOMBO,2026-05-09T07:36:05.603Z,27.12,16.89,6.897735705680176,79.84954876600962,API_SIMULATION
SL-909,MATARA-COLOMBO,2026-05-09T07:36:05.603Z,77.96,9.27,6.908376290679177,79.8687843628959,API_SIMULATION
HS-808,KANDY-COLOMBO,2026-05-09T07:36:05.603Z,32.1,11.41,6.911356695011385,79.86809122517715,API_SIMULATION
NC-220,COLOMBO-JAFFNA,2026-05-09T07:36:35.608Z,60.12,7.87,6.9652180078654,79.83753058414113,API_SIMULATION
IC-101,COLOMBO-KANDY,2026-05-09T07:36:35.608Z,35.35,7.23,6.933701351380475,79.8927623919921,API_SIMULATION
CS-305,COLOMBO-GALLE,2026-05-09T07:36:35.608Z,59.71,9.29,6.906774813719789,79.84919267966893,API_SIMULATION
MC-520,COLOMBO-KANDY,2026-05-09T07:36:35.608Z,33.51,18.67,6.875016508152732,79.80691780106622,API_SIMULATION
CS-410,COLOMBO-MATARA,2026-05-09T07:36:35.608Z,80.69,22.73,6.943761009865092,79.80864672883098,API_SIMULATION
NC-640,COLOMBO-JAFFNA,2026-05-09T07:36:35.608Z,50.15,0.88,6.9358052167620485,79.86262947887495,API_SIMULATION
NC-710,COLOMBO-JAFFNA,2026-05-09T07:36:35.608Z,46.43,5.53,6.904488224424713,79.86469748263451,API_SIMULATION
WB-115,RAGAMA-COLOMBO,2026-05-09T07:36:35.608Z,55.78,8.22,6.895855046078647,79.83030879469962,API_SIMULATION
CC-222,GAMPAHA-COLOMBO,2026-05-09T07:36:35.608Z,53.72,6.78,6.883127324282671,79.8076402554021,API_SIMULATION
SL-909,MATARA-COLOMBO,2026-05-09T07:36:35.608Z,44.27,8.05,6.977532031606013,79.90047864774284,API_SIMULATION
HS-808,KANDY-COLOMBO,2026-05-09T07:36:35.608Z,25.64,6.73,6.959237441200777,79.92088061560685,API_SIMULATION
NC-220,COLOMBO-JAFFNA,2026-05-09T07:37:05.613Z,32.82,14.13,6.933495710254149,79.82510985456831,API_SIMULATION
IC-101,COLOMBO-KANDY,2026-05-09T07:37:05.613Z,54.16,20.57,6.967182523678255,79.81744529463322,API_SIMULATION
CS-305,COLOMBO-GALLE,2026-05-09T07:37:05.613Z,31.3,6.56,6.969688671874157,79.88216575705133,API_SIMULATION
MC-520,COLOMBO-KANDY,2026-05-09T07:37:05.613Z,48.26,4.28,6.96293554421896,79.84512232165872,API_SIMULATION
CS-410,COLOMBO-MATARA,2026-05-09T07:37:05.613Z,63.24,0.51,6.976313832443609,79.8189186284337,API_SIMULATION
NC-640,COLOMBO-JAFFNA,2026-05-09T07:37:05.613Z,28.28,7.41,6.984454763571923,79.91458636002754,API_SIMULATION
NC-710,COLOMBO-JAFFNA,2026-05-09T07:37:05.613Z,81.69,2.23,6.921939774975009,79.85501671863499,API_SIMULATION
WB-115,RAGAMA-COLOMBO,2026-05-09T07:37:05.613Z,65.13,21.55,6.945426499729873,79.92013297146008,API_SIMULATION
CC-222,GAMPAHA-COLOMBO,2026-05-09T07:37:05.613Z,52.37,22.23,6.8959179709970915,79.8436591359826,API_SIMULATION
SL-909,MATARA-COLOMBO,2026-05-09T07:37:05.613Z,77.95,24.83,6.922576445322332,79.90422910288085,API_SIMULATION
HS-808,KANDY-COLOMBO,2026-05-09T07:37:05.613Z,78.16,11.47,6.917831938597151,79.86603733313142,API_SIMULATION
NC-220,COLOMBO-JAFFNA,2026-05-09T07:37:35.628Z,70.17,9.86,6.96812824981623,79.88635617501214,API_SIMULATION
IC-101,COLOMBO-KANDY,2026-05-09T07:37:35.628Z,32.97,17.68,6.896595357680683,79.88518481239225,API_SIMULATION
CS-305,COLOMBO-GALLE,2026-05-09T07:37:35.628Z,39.56,9.19,6.927563946227875,79.82743576652513,API_SIMULATION
MC-520,COLOMBO-KANDY,2026-05-09T07:37:35.628Z,42.43,6.66,6.937636138171915,79.83123578471758,API_SIMULATION
CS-410,COLOMBO-MATARA,2026-05-09T07:37:35.628Z,42.74,9.81,6.889219994162025,79.8844830741984,API_SIMULATION
NC-640,COLOMBO-JAFFNA,2026-05-09T07:37:35.628Z,27.86,3.06,6.953748298974759,79.82678129188497,API_SIMULATION
NC-710,COLOMBO-JAFFNA,2026-05-09T07:37:35.628Z,83.49,22.74,6.949851763966235,79.85025967396552,API_SIMULATION
WB-115,RAGAMA-COLOMBO,2026-05-09T07:37:35.628Z,68.8,6.63,6.891609885767034,79.83835831628919,API_SIMULATION
CC-222,GAMPAHA-COLOMBO,2026-05-09T07:37:35.628Z,69.12,2.23,6.915066129151959,79.86962037255839,API_SIMULATION
SL-909,MATARA-COLOMBO,2026-05-09T07:37:35.628Z,27.27,21.74,6.926449242333671,79.82538238675832,API_SIMULATION
HS-808,KANDY-COLOMBO,2026-05-09T07:37:35.628Z,62.96,20.73,6.945039681435453,79.83774907046768,API_SIMULATION
NC-220,COLOMBO-JAFFNA,2026-05-09T07:38:05.628Z,45.01,14.89,6.962796895650472,79.85816305822078,API_SIMULATION
IC-101,COLOMBO-KANDY,2026-05-09T07:38:05.628Z,77.37,14.9,6.9020927461771615,79.83955951583633,API_SIMULATION
CS-305,COLOMBO-GALLE,2026-05-09T07:38:05.628Z,48,18.26,6.948587881546588,79.896959596439,API_SIMULATION
MC-520,COLOMBO-KANDY,2026-05-09T07:38:05.628Z,83.56,10.2,6.882321979367125,79.85367839868367,API_SIMULATION
CS-410,COLOMBO-MATARA,2026-05-09T07:38:05.628Z,34.64,20.79,6.9208148284318876,79.87228139351227,API_SIMULATION
NC-640,COLOMBO-JAFFNA,2026-05-09T07:38:05.628Z,58.5,6.73,6.902654834359526,79.9133013513245,API_SIMULATION
NC-710,COLOMBO-JAFFNA,2026-05-09T07:38:05.628Z,25.36,8.51,6.933291956288198,79.89550127625822,API_SIMULATION
WB-115,RAGAMA-COLOMBO,2026-05-09T07:38:05.628Z,57.12,14.21,6.901407377846967,79.89066361009755,API_SIMULATION
CC-222,GAMPAHA-COLOMBO,2026-05-09T07:38:05.628Z,39.17,0.47,6.942001799545637,79.91312237201349,API_SIMULATION
SL-909,MATARA-COLOMBO,2026-05-09T07:38:05.628Z,57.94,14.95,6.984605071617934,79.8612441669531,API_SIMULATION
HS-808,KANDY-COLOMBO,2026-05-09T07:38:05.628Z,44.06,12.33,6.876309687669625,79.87558644045272,API_SIMULATION
NC-220,COLOMBO-JAFFNA,2026-05-09T07:38:35.633Z,22.83,12.79,6.972612296871643,79.85037438937756,API_SIMULATION
IC-101,COLOMBO-KANDY,2026-05-09T07:38:35.633Z,55.2,24.79,6.913264865556228,79.88434699630656,API_SIMULATION
CS-305,COLOMBO-GALLE,2026-05-09T07:38:35.633Z,52.32,9.02,6.954808812777828,79.83034597709621,API_SIMULATION
MC-520,COLOMBO-KANDY,2026-05-09T07:38:35.633Z,40.52,20.95,6.957855700927444,79.83481367016088,API_SIMULATION
CS-410,COLOMBO-MATARA,2026-05-09T07:38:35.633Z,57.84,6.17,6.978763463171987,79.8068165056271,API_SIMULATION
NC-640,COLOMBO-JAFFNA,2026-05-09T07:38:35.633Z,74,2.24,6.9006953273436356,79.83050836592314,API_SIMULATION
NC-710,COLOMBO-JAFFNA,2026-05-09T07:38:35.633Z,42.38,17.5,6.946029294734637,79.91060118804143,API_SIMULATION
WB-115,RAGAMA-COLOMBO,2026-05-09T07:38:35.633Z,58.61,21.55,6.892235440001357,79.82729302556348,API_SIMULATION
CC-222,GAMPAHA-COLOMBO,2026-05-09T07:38:35.633Z,31.62,13.93,6.966230589538503,79.84006130853444,API_SIMULATION
SL-909,MATARA-COLOMBO,2026-05-09T07:38:35.633Z,81.99,24.31,6.890482841223639,79.86494935943944,API_SIMULATION
HS-808,KANDY-COLOMBO,2026-05-09T07:38:35.633Z,26.24,6.64,6.970624869255692,79.87434467982327,API_SIMULATION
NC-220,COLOMBO-JAFFNA,2026-05-09T07:39:05.642Z,34.02,20.32,6.930954605222187,79.89707576870136,API_SIMULATION
IC-101,COLOMBO-KANDY,2026-05-09T07:39:05.642Z,26.46,7.37,6.890699689208425,79.92077337330635,API_SIMULATION
CS-305,COLOMBO-GALLE,2026-05-09T07:39:05.642Z,35.49,8.99,6.9495433718797655,79.82411224236381,API_SIMULATION
MC-520,COLOMBO-KANDY,2026-05-09T07:39:05.642Z,43.28,22.12,6.926320781811984,79.84722526547661,API_SIMULATION
CS-410,COLOMBO-MATARA,2026-05-09T07:39:05.642Z,22.31,14.54,6.927232837663559,79.90618820888515,API_SIMULATION
NC-640,COLOMBO-JAFFNA,2026-05-09T07:39:05.642Z,74.65,19.87,6.932421867328742,79.8612203794101,API_SIMULATION
NC-710,COLOMBO-JAFFNA,2026-05-09T07:39:05.642Z,63.55,2.29,6.919276769839721,79.88762535368885,API_SIMULATION
WB-115,RAGAMA-COLOMBO,2026-05-09T07:39:05.642Z,46.57,11.09,6.963943297595229,79.87555736100903,API_SIMULATION
CC-222,GAMPAHA-COLOMBO,2026-05-09T07:39:05.642Z,61.53,16.35,6.92628100899557,79.84345039008761,API_SIMULATION
SL-909,MATARA-COLOMBO,2026-05-09T07:39:05.642Z,27.06,8.35,6.913014552643746,79.82120793346304,API_SIMULATION
HS-808,KANDY-COLOMBO,2026-05-09T07:39:05.642Z,83.8,16.73,6.913552844807,79.80966420969554,API_SIMULATION
NC-220,COLOMBO-JAFFNA,2026-05-09T07:39:35.647Z,39.18,8.24,6.888763001678493,79.88298932430233,API_SIMULATION
IC-101,COLOMBO-KANDY,2026-05-09T07:39:35.647Z,26.06,0.09,6.9533736716018675,79.83506781178887,API_SIMULATION
CS-305,COLOMBO-GALLE,2026-05-09T07:39:35.647Z,45.31,6.34,6.926953228772244,79.80763826650215,API_SIMULATION
MC-520,COLOMBO-KANDY,2026-05-09T07:39:35.647Z,44.09,22.6,6.9062451320026,79.90374876202306,API_SIMULATION
CS-410,COLOMBO-MATARA,2026-05-09T07:39:35.647Z,24.64,12.34,6.964811087869128,79.86556943640768,API_SIMULATION
NC-640,COLOMBO-JAFFNA,2026-05-09T07:39:35.647Z,31.65,14.86,6.976466272403558,79.88597248392246,API_SIMULATION
NC-710,COLOMBO-JAFFNA,2026-05-09T07:39:35.647Z,76.57,3.22,6.956150074535088,79.9038723717961,API_SIMULATION
WB-115,RAGAMA-COLOMBO,2026-05-09T07:39:35.647Z,28.92,2.15,6.981145473105865,79.86606649061672,API_SIMULATION
CC-222,GAMPAHA-COLOMBO,2026-05-09T07:39:35.647Z,33.72,2.49,6.967897963743021,79.91926603751158,API_SIMULATION
SL-909,MATARA-COLOMBO,2026-05-09T07:39:35.647Z,63.7,15.5,6.906413165908625,79.82431200829794,API_SIMULATION
HS-808,KANDY-COLOMBO,2026-05-09T07:39:35.647Z,25.46,3.75,6.977941651894113,79.90730266064851,API_SIMULATION
NC-220,COLOMBO-JAFFNA,2026-05-09T07:40:05.651Z,70.71,10.19,6.97560292598326,79.9133871497281,API_SIMULATION
IC-101,COLOMBO-KANDY,2026-05-09T07:40:05.651Z,38.95,3.59,6.955338662548043,79.80521763243291,API_SIMULATION
CS-305,COLOMBO-GALLE,2026-05-09T07:40:05.651Z,67.68,8.23,6.982627231926508,79.88778948060327,API_SIMULATION
MC-520,COLOMBO-KANDY,2026-05-09T07:40:05.651Z,32.11,21.53,6.953488997475647,79.89281832597698,API_SIMULATION
CS-410,COLOMBO-MATARA,2026-05-09T07:40:05.651Z,60.83,9.34,6.9161817247206905,79.91650105954764,API_SIMULATION
NC-640,COLOMBO-JAFFNA,2026-05-09T07:40:05.651Z,55.27,20.6,6.918760958192742,79.83104881003614,API_SIMULATION
NC-710,COLOMBO-JAFFNA,2026-05-09T07:40:05.651Z,73.77,21.04,6.951831927074377,79.80578044677829,API_SIMULATION
WB-115,RAGAMA-COLOMBO,2026-05-09T07:40:05.651Z,47.51,12.39,6.91676905940591,79.88690358799963,API_SIMULATION
CC-222,GAMPAHA-COLOMBO,2026-05-09T07:40:05.651Z,37.4,8.48,6.98686636257041,79.8842854967446,API_SIMULATION
SL-909,MATARA-COLOMBO,2026-05-09T07:40:05.651Z,52.6,11.6,6.966292754702908,79.81697082602061,API_SIMULATION
HS-808,KANDY-COLOMBO,2026-05-09T07:40:05.651Z,31.2,13.02,6.969858479933599,79.91380145711585,API_SIMULATION
NC-220,COLOMBO-JAFFNA,2026-05-09T07:40:35.661Z,52.46,9.44,6.968402001571976,79.82766196453652,API_SIMULATION
IC-101,COLOMBO-KANDY,2026-05-09T07:40:35.661Z,69.57,22.95,6.946206995788472,79.89427557189241,API_SIMULATION
CS-305,COLOMBO-GALLE,2026-05-09T07:40:35.661Z,44.61,2.24,6.868349446030552,79.88777814955776,API_SIMULATION
MC-520,COLOMBO-KANDY,2026-05-09T07:40:35.661Z,77.63,13.95,6.91499074436857,79.88075634855224,API_SIMULATION
CS-410,COLOMBO-MATARA,2026-05-09T07:40:35.661Z,57.47,18.65,6.952111491316347,79.891110085442,API_SIMULATION
NC-640,COLOMBO-JAFFNA,2026-05-09T07:40:35.661Z,38.11,6.73,6.96828368158029,79.81582023441312,API_SIMULATION
NC-710,COLOMBO-JAFFNA,2026-05-09T07:40:35.661Z,53.26,13.95,6.883890474769192,79.90551315029462,API_SIMULATION
WB-115,RAGAMA-COLOMBO,2026-05-09T07:40:35.661Z,37.38,16.58,6.949653999589899,79.88006316189447,API_SIMULATION
CC-222,GAMPAHA-COLOMBO,2026-05-09T07:40:35.661Z,84.67,19.95,6.894776806883259,79.88893849242972,API_SIMULATION
SL-909,MATARA-COLOMBO,2026-05-09T07:40:35.661Z,55.74,5.82,6.960401582403642,79.84596435654619,API_SIMULATION
HS-808,KANDY-COLOMBO,2026-05-09T07:40:35.661Z,38.16,4.24,6.95950011710148,79.84692646553037,API_SIMULATION
NC-220,COLOMBO-JAFFNA,2026-05-09T07:41:05.669Z,47.48,0.96,6.873229777889421,79.83509139791207,API_SIMULATION
IC-101,COLOMBO-KANDY,2026-05-09T07:41:05.669Z,73.29,7.61,6.94473769873069,79.83950011355397,API_SIMULATION
CS-305,COLOMBO-GALLE,2026-05-09T07:41:05.669Z,49.94,0.07,6.878069888843576,79.85486209259024,API_SIMULATION
MC-520,COLOMBO-KANDY,2026-05-09T07:41:05.669Z,76.62,12.66,6.966562997652282,79.81055159367334,API_SIMULATION
CS-410,COLOMBO-MATARA,2026-05-09T07:41:05.669Z,22.81,10.46,6.984873927233539,79.80137288415702,API_SIMULATION
NC-640,COLOMBO-JAFFNA,2026-05-09T07:41:05.669Z,75.32,1.88,6.962747679992969,79.85968032273,API_SIMULATION
NC-710,COLOMBO-JAFFNA,2026-05-09T07:41:05.669Z,84.9,24.44,6.8786573167349285,79.91859556710547,API_SIMULATION
WB-115,RAGAMA-COLOMBO,2026-05-09T07:41:05.669Z,43.32,0.19,6.874628782610639,79.82883656352001,API_SIMULATION
CC-222,GAMPAHA-COLOMBO,2026-05-09T07:41:05.669Z,59.91,16.69,6.926280618330125,79.8651362807475,API_SIMULATION
SL-909,MATARA-COLOMBO,2026-05-09T07:41:05.669Z,71.23,16.67,6.952340210935362,79.8566934226723,API_SIMULATION
HS-808,KANDY-COLOMBO,2026-05-09T07:41:05.669Z,73.29,9.03,6.9274161036383735,79.81847894866009,API_SIMULATION
NC-220,COLOMBO-JAFFNA,2026-05-09T07:41:35.683Z,36.73,22.25,6.885896151869019,79.850781071605,API_SIMULATION
IC-101,COLOMBO-KANDY,2026-05-09T07:41:35.683Z,49.73,16.13,6.910093558486282,79.91550425113155,API_SIMULATION
CS-305,COLOMBO-GALLE,2026-05-09T07:41:35.683Z,44.18,22.51,6.973322399069154,79.87681301568118,API_SIMULATION
MC-520,COLOMBO-KANDY,2026-05-09T07:41:35.683Z,58.74,22.93,6.968312830149689,79.87075606905792,API_SIMULATION
CS-410,COLOMBO-MATARA,2026-05-09T07:41:35.683Z,47.61,24.77,6.904029689497028,79.8614059384669,API_SIMULATION
NC-640,COLOMBO-JAFFNA,2026-05-09T07:41:35.683Z,25.01,23.04,6.899624917025108,79.82109162787819,API_SIMULATION
NC-710,COLOMBO-JAFFNA,2026-05-09T07:41:35.683Z,54.8,16.76,6.9432596646399665,79.80711103463015,API_SIMULATION
WB-115,RAGAMA-COLOMBO,2026-05-09T07:41:35.683Z,51.33,10.22,6.981887695999686,79.88120957909399,API_SIMULATION
CC-222,GAMPAHA-COLOMBO,2026-05-09T07:41:35.683Z,82.63,16.81,6.871599425718813,79.89995545551534,API_SIMULATION
SL-909,MATARA-COLOMBO,2026-05-09T07:41:35.683Z,58.76,3.19,6.970290775829484,79.86192526851794,API_SIMULATION
HS-808,KANDY-COLOMBO,2026-05-09T07:41:35.683Z,59.44,10.76,6.960936961725727,79.84919008037004,API_SIMULATION
NC-220,COLOMBO-JAFFNA,2026-05-09T07:42:05.700Z,46.14,4.33,6.933623970481421,79.88709725491961,API_SIMULATION
IC-101,COLOMBO-KANDY,2026-05-09T07:42:05.700Z,61.86,2.96,6.962987821511266,79.85413804497574,API_SIMULATION
CS-305,COLOMBO-GALLE,2026-05-09T07:42:05.700Z,41.5,1,6.960368045005279,79.80989227108425,API_SIMULATION
MC-520,COLOMBO-KANDY,2026-05-09T07:42:05.700Z,26.11,17.64,6.944165691266424,79.8897183201642,API_SIMULATION
CS-410,COLOMBO-MATARA,2026-05-09T07:42:05.700Z,56.87,16.34,6.877198096438846,79.81339912621272,API_SIMULATION
NC-640,COLOMBO-JAFFNA,2026-05-09T07:42:05.700Z,66.69,8.29,6.884043891873901,79.83045471408374,API_SIMULATION
NC-710,COLOMBO-JAFFNA,2026-05-09T07:42:05.700Z,36.3,14.48,6.875678413102018,79.84166869848417,API_SIMULATION
WB-115,RAGAMA-COLOMBO,2026-05-09T07:42:05.700Z,48.64,21.08,6.939827292545271,79.83881463221148,API_SIMULATION
CC-222,GAMPAHA-COLOMBO,2026-05-09T07:42:05.700Z,82.22,11.26,6.936072572443686,79.81668122975647,API_SIMULATION
SL-909,MATARA-COLOMBO,2026-05-09T07:42:05.700Z,50.92,13.32,6.880226854192077,79.87177343925191,API_SIMULATION
HS-808,KANDY-COLOMBO,2026-05-09T07:42:05.700Z,84.37,13.72,6.9761777573653845,79.89939742718258,API_SIMULATION
NC-220,COLOMBO-JAFFNA,2026-05-09T07:42:35.713Z,61.08,11.9,6.9638306985512735,79.85401275554676,API_SIMULATION
IC-101,COLOMBO-KANDY,2026-05-09T07:42:35.713Z,53.5,19.6,6.922055086708335,79.8154721623344,API_SIMULATION
CS-305,COLOMBO-GALLE,2026-05-09T07:42:35.713Z,36.62,4.43,6.8743398627537635,79.90256235415285,API_SIMULATION
MC-520,COLOMBO-KANDY,2026-05-09T07:42:35.713Z,83.98,18.57,6.924427766966309,79.82334317992736,API_SIMULATION
CS-410,COLOMBO-MATARA,2026-05-09T07:42:35.713Z,30.77,4.06,6.940766839810179,79.83093256746577,API_SIMULATION
NC-640,COLOMBO-JAFFNA,2026-05-09T07:42:35.713Z,24.2,9.75,6.91849914679709,79.82212290985629,API_SIMULATION
NC-710,COLOMBO-JAFFNA,2026-05-09T07:42:35.713Z,34.58,13.38,6.884364274912363,79.84664062837487,API_SIMULATION
WB-115,RAGAMA-COLOMBO,2026-05-09T07:42:35.713Z,76.36,11.5,6.902706139747178,79.89618571919432,API_SIMULATION
CC-222,GAMPAHA-COLOMBO,2026-05-09T07:42:35.713Z,40.28,0.68,6.916541425213719,79.8095433015721,API_SIMULATION
SL-909,MATARA-COLOMBO,2026-05-09T07:42:35.713Z,20.16,24.49,6.8897787730333695,79.80651582700729,API_SIMULATION
HS-808,KANDY-COLOMBO,2026-05-09T07:42:35.713Z,72.29,20,6.982102177897754,79.83756659516908,API_SIMULATION
NC-220,COLOMBO-JAFFNA,2026-05-09T07:43:05.719Z,58.93,14.39,6.974134105392126,79.83299120663158,API_SIMULATION
IC-101,COLOMBO-KANDY,2026-05-09T07:43:05.719Z,25.75,9.33,6.942598896191393,79.91607753551622,API_SIMULATION
CS-305,COLOMBO-GALLE,2026-05-09T07:43:05.719Z,33.31,17.14,6.876210937361657,79.85095479343067,API_SIMULATION
MC-520,COLOMBO-KANDY,2026-05-09T07:43:05.719Z,71.86,23.95,6.983866573578592,79.80730773121513,API_SIMULATION
CS-410,COLOMBO-MATARA,2026-05-09T07:43:05.719Z,41.4,12.26,6.959484081631328,79.89462010925052,API_SIMULATION
NC-640,COLOMBO-JAFFNA,2026-05-09T07:43:05.719Z,84.35,1.76,6.919076153896467,79.85775946857486,API_SIMULATION
NC-710,COLOMBO-JAFFNA,2026-05-09T07:43:05.719Z,63.89,9.52,6.915862638106706,79.8460523733217,API_SIMULATION
WB-115,RAGAMA-COLOMBO,2026-05-09T07:43:05.719Z,81.46,12.26,6.888218708048025,79.88208030164915,API_SIMULATION
CC-222,GAMPAHA-COLOMBO,2026-05-09T07:43:05.719Z,72.58,17.56,6.977756494875669,79.81207169445855,API_SIMULATION
SL-909,MATARA-COLOMBO,2026-05-09T07:43:05.719Z,46.89,11.61,6.884439019141678,79.82678602283208,API_SIMULATION
HS-808,KANDY-COLOMBO,2026-05-09T07:43:05.719Z,20.79,7.41,6.9000164443840175,79.84297988166595,API_SIMULATION
NC-220,COLOMBO-JAFFNA,2026-05-09T07:43:35.732Z,56.84,5.72,6.880812681876487,79.86724991703079,API_SIMULATION
IC-101,COLOMBO-KANDY,2026-05-09T07:43:35.732Z,39.83,9.61,6.970021904472365,79.85206912469566,API_SIMULATION
CS-305,COLOMBO-GALLE,2026-05-09T07:43:35.732Z,79.01,8.06,6.909545829901561,79.87432452274034,API_SIMULATION
MC-520,COLOMBO-KANDY,2026-05-09T07:43:35.732Z,45.32,11.7,6.884824555096242,79.88396522799175,API_SIMULATION
CS-410,COLOMBO-MATARA,2026-05-09T07:43:35.732Z,27.82,6.16,6.9724412694390265,79.85178986644684,API_SIMULATION
NC-640,COLOMBO-JAFFNA,2026-05-09T07:43:35.732Z,32.8,7.66,6.908655866903389,79.85811540413633,API_SIMULATION
NC-710,COLOMBO-JAFFNA,2026-05-09T07:43:35.732Z,28.57,2.7,6.974197456986171,79.87361378101326,API_SIMULATION
WB-115,RAGAMA-COLOMBO,2026-05-09T07:43:35.732Z,74.16,9.29,6.888166247686318,79.85853217193636,API_SIMULATION
CC-222,GAMPAHA-COLOMBO,2026-05-09T07:43:35.732Z,83,11.35,6.901758935954518,79.85335509617218,API_SIMULATION
SL-909,MATARA-COLOMBO,2026-05-09T07:43:35.732Z,72.88,3.36,6.888898441595061,79.8060311850984,API_SIMULATION
HS-808,KANDY-COLOMBO,2026-05-09T07:43:35.732Z,37.15,11.28,6.883152078205467,79.84874870503047,API_SIMULATION
NC-220,COLOMBO-JAFFNA,2026-05-09T07:44:05.737Z,52.81,16.58,6.874174082721225,79.83638409086002,API_SIMULATION
IC-101,COLOMBO-KANDY,2026-05-09T07:44:05.737Z,80.83,22.87,6.963088815311392,79.85389611001862,API_SIMULATION
CS-305,COLOMBO-GALLE,2026-05-09T07:44:05.737Z,60.37,2.47,6.91185621695373,79.8531360331233,API_SIMULATION
MC-520,COLOMBO-KANDY,2026-05-09T07:44:05.737Z,24.6,3.52,6.951965760025322,79.80657392596909,API_SIMULATION
CS-410,COLOMBO-MATARA,2026-05-09T07:44:05.737Z,73.54,8.84,6.929233511318995,79.83183547442877,API_SIMULATION
NC-640,COLOMBO-JAFFNA,2026-05-09T07:44:05.737Z,78.93,21.77,6.9273861028711705,79.86940962373477,API_SIMULATION
NC-710,COLOMBO-JAFFNA,2026-05-09T07:44:05.737Z,54.14,0.31,6.88401135975609,79.83628052856719,API_SIMULATION
WB-115,RAGAMA-COLOMBO,2026-05-09T07:44:05.737Z,72.36,6.77,6.876123432571464,79.84256956619103,API_SIMULATION
CC-222,GAMPAHA-COLOMBO,2026-05-09T07:44:05.737Z,34.56,1.38,6.884304848097055,79.91435059039033,API_SIMULATION
SL-909,MATARA-COLOMBO,2026-05-09T07:44:05.737Z,41.1,2.42,6.896893536265782,79.91338754582702,API_SIMULATION
HS-808,KANDY-COLOMBO,2026-05-09T07:44:05.737Z,53.62,14.95,6.905681442173949,79.89525030025177,API_SIMULATION
NC-220,COLOMBO-JAFFNA,2026-05-09T07:44:35.742Z,23.29,21.95,6.891251207251201,79.90150429598638,API_SIMULATION
IC-101,COLOMBO-KANDY,2026-05-09T07:44:35.742Z,76.12,23.84,6.924386867677724,79.82406487577232,API_SIMULATION
CS-305,COLOMBO-GALLE,2026-05-09T07:44:35.742Z,67.01,7.24,6.916898011090567,79.91972735117632,API_SIMULATION
MC-520,COLOMBO-KANDY,2026-05-09T07:44:35.742Z,52.87,22.7,6.932684845870637,79.80763202016756,API_SIMULATION
CS-410,COLOMBO-MATARA,2026-05-09T07:44:35.742Z,43.02,0.72,6.8898959594497375,79.83317045249817,API_SIMULATION
NC-640,COLOMBO-JAFFNA,2026-05-09T07:44:35.742Z,41.02,8.44,6.983180746035532,79.82477895985497,API_SIMULATION
NC-710,COLOMBO-JAFFNA,2026-05-09T07:44:35.742Z,68.68,16.12,6.969990320605092,79.81894211396016,API_SIMULATION
WB-115,RAGAMA-COLOMBO,2026-05-09T07:44:35.742Z,51.83,13.89,6.869592710402062,79.86107801849295,API_SIMULATION
CC-222,GAMPAHA-COLOMBO,2026-05-09T07:44:35.742Z,23.01,19.7,6.937820513913185,79.82458667931851,API_SIMULATION
SL-909,MATARA-COLOMBO,2026-05-09T07:44:35.742Z,57.51,17.76,6.964011476508609,79.83932875752392,API_SIMULATION
HS-808,KANDY-COLOMBO,2026-05-09T07:44:35.742Z,70.82,14.25,6.9160195489725504,79.90918915720553,API_SIMULATION
NC-220,COLOMBO-JAFFNA,2026-05-09T07:45:05.753Z,67.16,0.42,6.94895151076894,79.8787072660789,API_SIMULATION
IC-101,COLOMBO-KANDY,2026-05-09T07:45:05.753Z,35.93,4.09,6.8909018845806385,79.85124002609994,API_SIMULATION
CS-305,COLOMBO-GALLE,2026-05-09T07:45:05.753Z,73.22,4.09,6.981862619434051,79.87829317409279,API_SIMULATION
MC-520,COLOMBO-KANDY,2026-05-09T07:45:05.753Z,53.79,8.69,6.869336014418105,79.84225249613802,API_SIMULATION
CS-410,COLOMBO-MATARA,2026-05-09T07:45:05.753Z,24.06,8.42,6.943865092361171,79.83655919221293,API_SIMULATION
NC-640,COLOMBO-JAFFNA,2026-05-09T07:45:05.753Z,46.67,8.47,6.8765795889257655,79.91518030317768,API_SIMULATION
NC-710,COLOMBO-JAFFNA,2026-05-09T07:45:05.753Z,38.05,6.67,6.902775676349597,79.82986042837459,API_SIMULATION
WB-115,RAGAMA-COLOMBO,2026-05-09T07:45:05.753Z,39.67,21.16,6.955789854662246,79.83740266491372,API_SIMULATION
CC-222,GAMPAHA-COLOMBO,2026-05-09T07:45:05.753Z,75.99,22.47,6.986155690173199,79.91957319160637,API_SIMULATION
SL-909,MATARA-COLOMBO,2026-05-09T07:45:05.753Z,23.65,24.24,6.88247693515154,79.91677814867717,API_SIMULATION
HS-808,KANDY-COLOMBO,2026-05-09T07:45:05.753Z,42.8,24.34,6.933296576715877,79.88126961459137,API_SIMULATION
NC-220,COLOMBO-JAFFNA,2026-05-09T07:45:35.785Z,21.21,10.56,6.940142721577645,79.82970596477894,API_SIMULATION
IC-101,COLOMBO-KANDY,2026-05-09T07:45:35.785Z,82.96,14.77,6.894543966065274,79.83700970914808,API_SIMULATION
CS-305,COLOMBO-GALLE,2026-05-09T07:45:35.785Z,72.26,15.3,6.951382555985177,79.80592482466594,API_SIMULATION
MC-520,COLOMBO-KANDY,2026-05-09T07:45:35.785Z,41.38,20.79,6.95281451876922,79.89736521697692,API_SIMULATION
CS-410,COLOMBO-MATARA,2026-05-09T07:45:35.785Z,81.09,21.1,6.935353486222003,79.85988789510654,API_SIMULATION
NC-640,COLOMBO-JAFFNA,2026-05-09T07:45:35.785Z,39.22,3.01,6.972978356862404,79.91154544691598,API_SIMULATION
NC-710,COLOMBO-JAFFNA,2026-05-09T07:45:35.785Z,75.31,21.62,6.932646187703418,79.84964079417817,API_SIMULATION
WB-115,RAGAMA-COLOMBO,2026-05-09T07:45:35.785Z,83.59,10.96,6.927449102010442,79.88248290567819,API_SIMULATION
CC-222,GAMPAHA-COLOMBO,2026-05-09T07:45:35.785Z,76.76,20.31,6.895137637735379,79.87696404926955,API_SIMULATION
SL-909,MATARA-COLOMBO,2026-05-09T07:45:35.785Z,21.8,8.19,6.920956188023296,79.80245702975698,API_SIMULATION
HS-808,KANDY-COLOMBO,2026-05-09T07:45:35.785Z,27.34,4.71,6.945849490924389,79.84014986133506,API_SIMULATION
NC-220,COLOMBO-JAFFNA,2026-05-09T07:46:05.788Z,48.53,3.67,6.920882900288957,79.81530008470918,API_SIMULATION
IC-101,COLOMBO-KANDY,2026-05-09T07:46:05.788Z,75.48,15.12,6.923174625600448,79.82188840731341,API_SIMULATION
CS-305,COLOMBO-GALLE,2026-05-09T07:46:05.788Z,31.91,9.94,6.895197663593845,79.84838819291637,API_SIMULATION
MC-520,COLOMBO-KANDY,2026-05-09T07:46:05.788Z,40.91,16.96,6.9219889943266875,79.89367518302167,API_SIMULATION
CS-410,COLOMBO-MATARA,2026-05-09T07:46:05.788Z,77.47,20.03,6.8735022393215806,79.91766641271984,API_SIMULATION
NC-640,COLOMBO-JAFFNA,2026-05-09T07:46:05.788Z,27.4,14.89,6.889701512175481,79.86702183041508,API_SIMULATION
NC-710,COLOMBO-JAFFNA,2026-05-09T07:46:05.788Z,66.15,22.12,6.916911490946448,79.85837117136994,API_SIMULATION
WB-115,RAGAMA-COLOMBO,2026-05-09T07:46:05.788Z,73.61,12.77,6.971101806636535,79.88072905068077,API_SIMULATION
CC-222,GAMPAHA-COLOMBO,2026-05-09T07:46:05.788Z,81.34,9.44,6.934171829295018,79.89724277736693,API_SIMULATION
SL-909,MATARA-COLOMBO,2026-05-09T07:46:05.788Z,38.82,21.14,6.872969539019085,79.89374971020071,API_SIMULATION
HS-808,KANDY-COLOMBO,2026-05-09T07:46:05.788Z,80.28,19.21,6.893402124232249,79.89815826788988,API_SIMULATION
NC-220,COLOMBO-JAFFNA,2026-05-09T07:46:35.793Z,64.93,4.03,6.880347579459563,79.84636406137533,API_SIMULATION
IC-101,COLOMBO-KANDY,2026-05-09T07:46:35.793Z,56.88,11.21,6.920210843331278,79.88962333164497,API_SIMULATION
CS-305,COLOMBO-GALLE,2026-05-09T07:46:35.793Z,58.86,7.28,6.885418863629867,79.80865965031033,API_SIMULATION
MC-520,COLOMBO-KANDY,2026-05-09T07:46:35.793Z,54.25,9.46,6.985944253679321,79.85140993508465,API_SIMULATION
CS-410,COLOMBO-MATARA,2026-05-09T07:46:35.793Z,38.76,5.54,6.947741758779061,79.87656809095036,API_SIMULATION
NC-640,COLOMBO-JAFFNA,2026-05-09T07:46:35.793Z,49.62,0.84,6.938237201728255,79.83641375501983,API_SIMULATION
NC-710,COLOMBO-JAFFNA,2026-05-09T07:46:35.793Z,68.93,12.86,6.974646231767132,79.80778171020305,API_SIMULATION
WB-115,RAGAMA-COLOMBO,2026-05-09T07:46:35.793Z,57.35,21.72,6.914888423115358,79.83427623807945,API_SIMULATION
CC-222,GAMPAHA-COLOMBO,2026-05-09T07:46:35.793Z,78.08,1.25,6.9654993694511464,79.87909778226587,API_SIMULATION
SL-909,MATARA-COLOMBO,2026-05-09T07:46:35.793Z,20.92,8.75,6.938171113005422,79.8101546089026,API_SIMULATION
HS-808,KANDY-COLOMBO,2026-05-09T07:46:35.793Z,55.94,15.49,6.919262608277197,79.89277878340522,API_SIMULATION
NC-220,COLOMBO-JAFFNA,2026-05-09T07:47:05.804Z,68.49,5.3,6.940465356115576,79.88090228658045,API_SIMULATION
IC-101,COLOMBO-KANDY,2026-05-09T07:47:05.804Z,65.42,19.68,6.961402294869815,79.85809408099152,API_SIMULATION
CS-305,COLOMBO-GALLE,2026-05-09T07:47:05.804Z,61.13,10.66,6.957827749585993,79.84146970430012,API_SIMULATION
MC-520,COLOMBO-KANDY,2026-05-09T07:47:05.804Z,50.01,7.88,6.956574414279495,79.80173623901298,API_SIMULATION
CS-410,COLOMBO-MATARA,2026-05-09T07:47:05.804Z,23.26,22.2,6.961681793166544,79.81757566184295,API_SIMULATION
NC-640,COLOMBO-JAFFNA,2026-05-09T07:47:05.805Z,25.48,10.88,6.951497692899226,79.91497456638379,API_SIMULATION
NC-710,COLOMBO-JAFFNA,2026-05-09T07:47:05.805Z,31.02,10.55,6.9407291453591355,79.80354738302346,API_SIMULATION
WB-115,RAGAMA-COLOMBO,2026-05-09T07:47:05.805Z,62.26,9.75,6.872073183823161,79.89722878568702,API_SIMULATION
CC-222,GAMPAHA-COLOMBO,2026-05-09T07:47:05.805Z,53.41,21.53,6.910378146435131,79.87454947071932,API_SIMULATION
SL-909,MATARA-COLOMBO,2026-05-09T07:47:05.805Z,78.21,5.57,6.923427035419891,79.90022846524906,API_SIMULATION
HS-808,KANDY-COLOMBO,2026-05-09T07:47:05.805Z,30.63,10.52,6.929150176111721,79.84275478332057,API_SIMULATION
NC-220,COLOMBO-JAFFNA,2026-05-09T07:47:35.807Z,75.37,1.15,6.949996886470092,79.81308654554525,API_SIMULATION
IC-101,COLOMBO-KANDY,2026-05-09T07:47:35.807Z,45.98,0.69,6.9640632682419925,79.83057187647648,API_SIMULATION
CS-305,COLOMBO-GALLE,2026-05-09T07:47:35.807Z,58.11,8.21,6.9114260861551635,79.84756629913763,API_SIMULATION
MC-520,COLOMBO-KANDY,2026-05-09T07:47:35.807Z,80.18,17.89,6.969366053395064,79.90178370132129,API_SIMULATION
CS-410,COLOMBO-MATARA,2026-05-09T07:47:35.807Z,47.06,18.73,6.918463139596599,79.85245675275736,API_SIMULATION
NC-640,COLOMBO-JAFFNA,2026-05-09T07:47:35.807Z,61.8,8.14,6.867296937517302,79.92095544338274,API_SIMULATION
NC-710,COLOMBO-JAFFNA,2026-05-09T07:47:35.807Z,72.42,7.09,6.980329535844811,79.83917847301794,API_SIMULATION
WB-115,RAGAMA-COLOMBO,2026-05-09T07:47:35.807Z,71.5,19.03,6.915914556072307,79.83633672945815,API_SIMULATION
CC-222,GAMPAHA-COLOMBO,2026-05-09T07:47:35.807Z,36.54,24.38,6.930290102703457,79.86841668426828,API_SIMULATION
SL-909,MATARA-COLOMBO,2026-05-09T07:47:35.807Z,66.42,22.55,6.907548704916784,79.84286298817132,API_SIMULATION
HS-808,KANDY-COLOMBO,2026-05-09T07:47:35.807Z,40.51,4.31,6.969915883272568,79.85890157254663,API_SIMULATION
NC-220,COLOMBO-JAFFNA,2026-05-09T07:48:05.820Z,41.78,1.85,6.985828550785233,79.8881525872259,API_SIMULATION
IC-101,COLOMBO-KANDY,2026-05-09T07:48:05.820Z,53.62,0.97,6.934393646094259,79.89582660785567,API_SIMULATION
CS-305,COLOMBO-GALLE,2026-05-09T07:48:05.820Z,41.53,5.64,6.986916734369215,79.90247829811473,API_SIMULATION
MC-520,COLOMBO-KANDY,2026-05-09T07:48:05.820Z,26.84,0.25,6.912886052887031,79.90107339807828,API_SIMULATION
CS-410,COLOMBO-MATARA,2026-05-09T07:48:05.820Z,32.59,10.77,6.969035708516385,79.83010651559104,API_SIMULATION
NC-640,COLOMBO-JAFFNA,2026-05-09T07:48:05.820Z,79.15,6.15,6.920378793023602,79.83091727553115,API_SIMULATION
NC-710,COLOMBO-JAFFNA,2026-05-09T07:48:05.820Z,43.75,22.38,6.9657858233913625,79.84440075551115,API_SIMULATION
WB-115,RAGAMA-COLOMBO,2026-05-09T07:48:05.820Z,61.29,14.87,6.916069313906674,79.85263001859474,API_SIMULATION
CC-222,GAMPAHA-COLOMBO,2026-05-09T07:48:05.820Z,81.66,11.5,6.958895698896598,79.90209756427066,API_SIMULATION
SL-909,MATARA-COLOMBO,2026-05-09T07:48:05.820Z,54.55,6.43,6.9564167328404425,79.89873735218313,API_SIMULATION
HS-808,KANDY-COLOMBO,2026-05-09T07:48:05.820Z,51.31,17.38,6.951224062339913,79.81911854138971,API_SIMULATION
NC-220,COLOMBO-JAFFNA,2026-05-09T07:48:35.828Z,40.37,18.49,6.980894567099108,79.87777009902163,API_SIMULATION
IC-101,COLOMBO-KANDY,2026-05-09T07:48:35.828Z,70.9,24.85,6.986165778918093,79.84627683475311,API_SIMULATION
CS-305,COLOMBO-GALLE,2026-05-09T07:48:35.828Z,33.19,2.4,6.937606558342815,79.87675155924867,API_SIMULATION
MC-520,COLOMBO-KANDY,2026-05-09T07:48:35.828Z,74.62,24.49,6.876781400663925,79.86876193556135,API_SIMULATION
CS-410,COLOMBO-MATARA,2026-05-09T07:48:35.828Z,75.22,7.19,6.980234102706131,79.84496434334184,API_SIMULATION
NC-640,COLOMBO-JAFFNA,2026-05-09T07:48:35.828Z,60.95,15.61,6.979436755338915,79.9176032416646,API_SIMULATION
NC-710,COLOMBO-JAFFNA,2026-05-09T07:48:35.828Z,33.3,9.39,6.969284661802795,79.88947611892281,API_SIMULATION
WB-115,RAGAMA-COLOMBO,2026-05-09T07:48:35.828Z,24.45,7.44,6.981681813258525,79.84374996023763,API_SIMULATION
CC-222,GAMPAHA-COLOMBO,2026-05-09T07:48:35.828Z,48.26,0.34,6.978038674516298,79.80970985095193,API_SIMULATION
SL-909,MATARA-COLOMBO,2026-05-09T07:48:35.828Z,73.64,10.88,6.971266227758306,79.9000515767089,API_SIMULATION
HS-808,KANDY-COLOMBO,2026-05-09T07:48:35.828Z,51.31,9.86,6.951280233053359,79.9071460865835,API_SIMULATION
NC-220,COLOMBO-JAFFNA,2026-05-09T07:49:05.840Z,33.2,16.3,6.893312238905944,79.88527356085405,API_SIMULATION
IC-101,COLOMBO-KANDY,2026-05-09T07:49:05.841Z,81.18,16.6,6.883110685086395,79.82110547679802,API_SIMULATION
CS-305,COLOMBO-GALLE,2026-05-09T07:49:05.841Z,77.54,14.14,6.97324444462772,79.8255323917903,API_SIMULATION
MC-520,COLOMBO-KANDY,2026-05-09T07:49:05.841Z,43.1,13.27,6.931417416579701,79.82970154131017,API_SIMULATION
CS-410,COLOMBO-MATARA,2026-05-09T07:49:05.841Z,80.94,24.48,6.8674238053128365,79.817274552228,API_SIMULATION
NC-640,COLOMBO-JAFFNA,2026-05-09T07:49:05.841Z,20.21,13.04,6.964542754580799,79.83395542888708,API_SIMULATION
NC-710,COLOMBO-JAFFNA,2026-05-09T07:49:05.841Z,42.12,4.88,6.9699678108024115,79.91854576668625,API_SIMULATION
WB-115,RAGAMA-COLOMBO,2026-05-09T07:49:05.841Z,50.5,17.66,6.938793101065698,79.89196778996767,API_SIMULATION
CC-222,GAMPAHA-COLOMBO,2026-05-09T07:49:05.841Z,47.33,6.71,6.936456091130315,79.80722265603491,API_SIMULATION
SL-909,MATARA-COLOMBO,2026-05-09T07:49:05.841Z,26.22,17.2,6.917726377866325,79.90501400528143,API_SIMULATION
HS-808,KANDY-COLOMBO,2026-05-09T07:49:05.841Z,37.83,1.73,6.949231575817072,79.9042911937155,API_SIMULATION
NC-220,COLOMBO-JAFFNA,2026-05-09T07:49:35.855Z,76.9,23.09,6.941257800701835,79.8390332215141,API_SIMULATION
IC-101,COLOMBO-KANDY,2026-05-09T07:49:35.855Z,39.12,10.15,6.909155089596808,79.87665391678082,API_SIMULATION
CS-305,COLOMBO-GALLE,2026-05-09T07:49:35.855Z,24.92,24.87,6.945758951732728,79.88707524125704,API_SIMULATION
MC-520,COLOMBO-KANDY,2026-05-09T07:49:35.855Z,43.94,22.98,6.87690922928587,79.8555706455295,API_SIMULATION
CS-410,COLOMBO-MATARA,2026-05-09T07:49:35.855Z,74.62,24.52,6.91694879859452,79.85199325571881,API_SIMULATION
NC-640,COLOMBO-JAFFNA,2026-05-09T07:49:35.855Z,77.6,16.63,6.972143668345721,79.80525278315714,API_SIMULATION
NC-710,COLOMBO-JAFFNA,2026-05-09T07:49:35.855Z,36.7,16.09,6.922475252908679,79.85028054408211,API_SIMULATION
WB-115,RAGAMA-COLOMBO,2026-05-09T07:49:35.855Z,26.95,23.74,6.9181580168635195,79.82902311846337,API_SIMULATION
CC-222,GAMPAHA-COLOMBO,2026-05-09T07:49:35.855Z,81.92,6.49,6.92431076032014,79.8289418474582,API_SIMULATION
SL-909,MATARA-COLOMBO,2026-05-09T07:49:35.855Z,75.26,1.44,6.942297330028058,79.81735662219681,API_SIMULATION
HS-808,KANDY-COLOMBO,2026-05-09T07:49:35.855Z,61.2,10.57,6.907483513444601,79.87322374584679,API_SIMULATION
NC-220,COLOMBO-JAFFNA,2026-05-09T07:50:05.857Z,50.1,14.73,6.8926560083165365,79.85136350547302,API_SIMULATION
IC-101,COLOMBO-KANDY,2026-05-09T07:50:05.857Z,73.6,18.62,6.892940393815881,79.8113152854677,API_SIMULATION
CS-305,COLOMBO-GALLE,2026-05-09T07:50:05.857Z,52.54,19.82,6.902334606611754,79.80933019600384,API_SIMULATION
MC-520,COLOMBO-KANDY,2026-05-09T07:50:05.857Z,63.6,4.89,6.883037941251157,79.9178227492807,API_SIMULATION
CS-410,COLOMBO-MATARA,2026-05-09T07:50:05.857Z,28,12.12,6.982029514656021,79.82956090540785,API_SIMULATION
NC-640,COLOMBO-JAFFNA,2026-05-09T07:50:05.857Z,51.87,7.36,6.869083016558291,79.87747069264175,API_SIMULATION
NC-710,COLOMBO-JAFFNA,2026-05-09T07:50:05.857Z,45.71,5.3,6.915891494266216,79.89545896046943,API_SIMULATION
WB-115,RAGAMA-COLOMBO,2026-05-09T07:50:05.857Z,81.63,11.15,6.881706668956163,79.81780790976319,API_SIMULATION
CC-222,GAMPAHA-COLOMBO,2026-05-09T07:50:05.857Z,69.02,5.36,6.959136934511788,79.89442495135725,API_SIMULATION
SL-909,MATARA-COLOMBO,2026-05-09T07:50:05.857Z,79.39,16.76,6.972226209398042,79.84202109699251,API_SIMULATION
HS-808,KANDY-COLOMBO,2026-05-09T07:50:05.857Z,52.06,23.59,6.926772718535913,79.82997449386947,API_SIMULATION
NC-220,COLOMBO-JAFFNA,2026-05-09T07:50:35.868Z,22.59,18.98,6.874395251270622,79.84715344462113,API_SIMULATION
IC-101,COLOMBO-KANDY,2026-05-09T07:50:35.868Z,29.47,6.57,6.976691936461023,79.87297739665038,API_SIMULATION
CS-305,COLOMBO-GALLE,2026-05-09T07:50:35.868Z,46.34,2.36,6.9365571399585875,79.82465791191201,API_SIMULATION
MC-520,COLOMBO-KANDY,2026-05-09T07:50:35.868Z,41.5,4.71,6.926481472917288,79.90530481053784,API_SIMULATION
CS-410,COLOMBO-MATARA,2026-05-09T07:50:35.868Z,75.79,14.09,6.906238276897471,79.85914303310727,API_SIMULATION
NC-640,COLOMBO-JAFFNA,2026-05-09T07:50:35.868Z,37.96,12.16,6.898318926202662,79.88807551145688,API_SIMULATION
NC-710,COLOMBO-JAFFNA,2026-05-09T07:50:35.868Z,43.71,0.69,6.90197510715548,79.90134106592569,API_SIMULATION
WB-115,RAGAMA-COLOMBO,2026-05-09T07:50:35.868Z,61.02,17.26,6.952155243879823,79.87905644645599,API_SIMULATION
CC-222,GAMPAHA-COLOMBO,2026-05-09T07:50:35.868Z,36.33,1.62,6.94018680966965,79.88845883340687,API_SIMULATION
SL-909,MATARA-COLOMBO,2026-05-09T07:50:35.868Z,58.27,24.84,6.8766664564178575,79.89507728404071,API_SIMULATION
HS-808,KANDY-COLOMBO,2026-05-09T07:50:35.868Z,21.4,5.8,6.913850798092083,79.91084416199604,API_SIMULATION
NC-220,COLOMBO-JAFFNA,2026-05-09T07:51:05.877Z,29.86,16.3,6.986853027999125,79.86962251303885,API_SIMULATION
IC-101,COLOMBO-KANDY,2026-05-09T07:51:05.877Z,34.54,5.98,6.976751157293593,79.80371611647821,API_SIMULATION
CS-305,COLOMBO-GALLE,2026-05-09T07:51:05.877Z,62.11,4.61,6.9595624301127925,79.88838338378979,API_SIMULATION
MC-520,COLOMBO-KANDY,2026-05-09T07:51:05.877Z,40.71,23.78,6.977191920502479,79.88771938662654,API_SIMULATION
CS-410,COLOMBO-MATARA,2026-05-09T07:51:05.877Z,75.22,2.1,6.944781011680503,79.89752139596895,API_SIMULATION
NC-640,COLOMBO-JAFFNA,2026-05-09T07:51:05.877Z,41.89,6.62,6.917515636168725,79.80931040546298,API_SIMULATION
NC-710,COLOMBO-JAFFNA,2026-05-09T07:51:05.877Z,40.56,16.63,6.867975747369168,79.80209209937154,API_SIMULATION
WB-115,RAGAMA-COLOMBO,2026-05-09T07:51:05.877Z,84.75,5.97,6.932972531210563,79.81601151900041,API_SIMULATION
CC-222,GAMPAHA-COLOMBO,2026-05-09T07:51:05.877Z,27.97,20.18,6.904843636105632,79.89140751970871,API_SIMULATION
SL-909,MATARA-COLOMBO,2026-05-09T07:51:05.877Z,31.49,16.18,6.910146785141574,79.8700819031168,API_SIMULATION
HS-808,KANDY-COLOMBO,2026-05-09T07:51:05.877Z,76.88,3.59,6.893134073463329,79.85701681101379,API_SIMULATION
NC-220,COLOMBO-JAFFNA,2026-05-09T07:51:35.883Z,46.71,22.69,6.944966713692374,79.86154506809486,API_SIMULATION
IC-101,COLOMBO-KANDY,2026-05-09T07:51:35.883Z,56.41,17.5,6.8713076898922365,79.8732448418613,API_SIMULATION
CS-305,COLOMBO-GALLE,2026-05-09T07:51:35.883Z,43.34,8.5,6.961597729083511,79.86224124027538,API_SIMULATION
MC-520,COLOMBO-KANDY,2026-05-09T07:51:35.883Z,32.42,5.47,6.975501966159325,79.80640618532067,API_SIMULATION
CS-410,COLOMBO-MATARA,2026-05-09T07:51:35.883Z,53.61,1.42,6.965406883238307,79.84635132721002,API_SIMULATION
NC-640,COLOMBO-JAFFNA,2026-05-09T07:51:35.883Z,63,14.72,6.875195657533673,79.86761453607525,API_SIMULATION
NC-710,COLOMBO-JAFFNA,2026-05-09T07:51:35.883Z,59.62,8.81,6.87759392762283,79.83235128652167,API_SIMULATION
WB-115,RAGAMA-COLOMBO,2026-05-09T07:51:35.883Z,50.74,8.61,6.95649853888203,79.91098225789993,API_SIMULATION
CC-222,GAMPAHA-COLOMBO,2026-05-09T07:51:35.883Z,30.92,2.64,6.8722479831846774,79.83142233113911,API_SIMULATION
SL-909,MATARA-COLOMBO,2026-05-09T07:51:35.883Z,20.1,20.94,6.873200550596195,79.89644037643158,API_SIMULATION
HS-808,KANDY-COLOMBO,2026-05-09T07:51:35.883Z,77.69,9.87,6.963186181557509,79.84421542647158,API_SIMULATION
NC-220,COLOMBO-JAFFNA,2026-05-09T07:52:05.891Z,42.43,20.2,6.935046634432222,79.89651466834391,API_SIMULATION
IC-101,COLOMBO-KANDY,2026-05-09T07:52:05.891Z,40.07,19.94,6.944924681442491,79.895271130179,API_SIMULATION
CS-305,COLOMBO-GALLE,2026-05-09T07:52:05.891Z,22.02,9.14,6.916667321252929,79.88968271511472,API_SIMULATION
MC-520,COLOMBO-KANDY,2026-05-09T07:52:05.891Z,39.13,22.18,6.980326657271073,79.90355706513873,API_SIMULATION
CS-410,COLOMBO-MATARA,2026-05-09T07:52:05.891Z,25.03,6.37,6.930557042569875,79.86015146513628,API_SIMULATION
NC-640,COLOMBO-JAFFNA,2026-05-09T07:52:05.891Z,24.09,19.72,6.936548269562427,79.91551102969548,API_SIMULATION
NC-710,COLOMBO-JAFFNA,2026-05-09T07:52:05.891Z,27.68,22.98,6.911706708617427,79.90729705145984,API_SIMULATION
WB-115,RAGAMA-COLOMBO,2026-05-09T07:52:05.891Z,40.14,8.75,6.887064215996181,79.83770850602322,API_SIMULATION
CC-222,GAMPAHA-COLOMBO,2026-05-09T07:52:05.891Z,79.23,6.65,6.916336143128868,79.86850793591023,API_SIMULATION
SL-909,MATARA-COLOMBO,2026-05-09T07:52:05.891Z,37.3,6.38,6.931338238018291,79.85011859502286,API_SIMULATION
HS-808,KANDY-COLOMBO,2026-05-09T07:52:05.891Z,84.73,10.69,6.983207072029194,79.88961974315929,API_SIMULATION
NC-220,COLOMBO-JAFFNA,2026-05-09T07:52:35.897Z,73.82,18.83,6.879771641514438,79.9154633274419,API_SIMULATION
IC-101,COLOMBO-KANDY,2026-05-09T07:52:35.897Z,26.12,11.33,6.926927121693454,79.91731266066121,API_SIMULATION
CS-305,COLOMBO-GALLE,2026-05-09T07:52:35.897Z,76.57,17.83,6.9497104154989255,79.85308424602631,API_SIMULATION
MC-520,COLOMBO-KANDY,2026-05-09T07:52:35.897Z,21.83,18.28,6.973171526854554,79.90555105619653,API_SIMULATION
CS-410,COLOMBO-MATARA,2026-05-09T07:52:35.897Z,84.06,4.92,6.880247426466217,79.80795665847688,API_SIMULATION
NC-640,COLOMBO-JAFFNA,2026-05-09T07:52:35.897Z,68.71,22.08,6.870958855439092,79.81658997322663,API_SIMULATION
NC-710,COLOMBO-JAFFNA,2026-05-09T07:52:35.897Z,20.12,23.31,6.93474593995244,79.83956415966291,API_SIMULATION
WB-115,RAGAMA-COLOMBO,2026-05-09T07:52:35.897Z,44.17,20.05,6.927954842754705,79.91670419708771,API_SIMULATION
CC-222,GAMPAHA-COLOMBO,2026-05-09T07:52:35.897Z,36.79,15.86,6.971778411668327,79.81284134562736,API_SIMULATION
SL-909,MATARA-COLOMBO,2026-05-09T07:52:35.897Z,60.69,24.53,6.960072125283398,79.88137391407943,API_SIMULATION
HS-808,KANDY-COLOMBO,2026-05-09T07:52:35.897Z,37.6,9.18,6.937476247655194,79.90029877887642,API_SIMULATION
NC-220,COLOMBO-JAFFNA,2026-05-09T07:53:05.906Z,82.62,21.84,6.933734181172934,79.83558768773433,API_SIMULATION
IC-101,COLOMBO-KANDY,2026-05-09T07:53:05.906Z,67.54,2.9,6.8980236226282035,79.88449910069139,API_SIMULATION
CS-305,COLOMBO-GALLE,2026-05-09T07:53:05.906Z,41.12,9.19,6.930616884043409,79.90633345925977,API_SIMULATION
MC-520,COLOMBO-KANDY,2026-05-09T07:53:05.906Z,75.56,13.89,6.976587151606683,79.90361716044697,API_SIMULATION
CS-410,COLOMBO-MATARA,2026-05-09T07:53:05.906Z,49.69,6.24,6.877692816411517,79.883879130925,API_SIMULATION
NC-640,COLOMBO-JAFFNA,2026-05-09T07:53:05.906Z,73.96,0.64,6.961043696404933,79.80296981383619,API_SIMULATION
NC-710,COLOMBO-JAFFNA,2026-05-09T07:53:05.906Z,58.5,2.5,6.958137988574351,79.82991744598648,API_SIMULATION
WB-115,RAGAMA-COLOMBO,2026-05-09T07:53:05.906Z,51.09,16.82,6.951517426893208,79.87823952367309,API_SIMULATION
CC-222,GAMPAHA-COLOMBO,2026-05-09T07:53:05.906Z,78.34,13.7,6.896652616813549,79.85686178653336,API_SIMULATION
SL-909,MATARA-COLOMBO,2026-05-09T07:53:05.906Z,79.74,23.25,6.942845060806104,79.91736782930066,API_SIMULATION
HS-808,KANDY-COLOMBO,2026-05-09T07:53:05.906Z,48.33,0.16,6.944666381803111,79.91485437587878,API_SIMULATION
NC-220,COLOMBO-JAFFNA,2026-05-09T07:53:35.917Z,71.75,21.59,6.976387732207809,79.81151760685547,API_SIMULATION
IC-101,COLOMBO-KANDY,2026-05-09T07:53:35.917Z,43.5,0.35,6.904682891169254,79.81182858020216,API_SIMULATION
CS-305,COLOMBO-GALLE,2026-05-09T07:53:35.917Z,54.95,3.61,6.923002658204247,79.82606867589728,API_SIMULATION
MC-520,COLOMBO-KANDY,2026-05-09T07:53:35.917Z,28.39,24.98,6.8975603215780765,79.90666658305398,API_SIMULATION
CS-410,COLOMBO-MATARA,2026-05-09T07:53:35.917Z,40.74,3.31,6.921259920283848,79.85308806848218,API_SIMULATION
NC-640,COLOMBO-JAFFNA,2026-05-09T07:53:35.917Z,55.47,16.45,6.949631756692782,79.87092476034995,API_SIMULATION
NC-710,COLOMBO-JAFFNA,2026-05-09T07:53:35.917Z,41.1,13.05,6.892114837897864,79.86216373732067,API_SIMULATION
WB-115,RAGAMA-COLOMBO,2026-05-09T07:53:35.917Z,84.35,10.42,6.89742158048253,79.85739812534204,API_SIMULATION
CC-222,GAMPAHA-COLOMBO,2026-05-09T07:53:35.917Z,49.55,21.52,6.93995807224368,79.81617294803418,API_SIMULATION
SL-909,MATARA-COLOMBO,2026-05-09T07:53:35.917Z,59.71,13.46,6.946848258104547,79.87535674077945,API_SIMULATION
HS-808,KANDY-COLOMBO,2026-05-09T07:53:35.917Z,84.17,10.75,6.932383815813557,79.91602512420474,API_SIMULATION
NC-220,COLOMBO-JAFFNA,2026-05-09T07:54:05.915Z,43.58,22.77,6.8979783094916085,79.88527268445196,API_SIMULATION
IC-101,COLOMBO-KANDY,2026-05-09T07:54:05.915Z,41.21,11.74,6.8690379937128725,79.86695970239771,API_SIMULATION
CS-305,COLOMBO-GALLE,2026-05-09T07:54:05.915Z,77.96,5.29,6.911817158580222,79.8962833644339,API_SIMULATION
MC-520,COLOMBO-KANDY,2026-05-09T07:54:05.915Z,42.47,19.69,6.945238374015073,79.80596459890899,API_SIMULATION
CS-410,COLOMBO-MATARA,2026-05-09T07:54:05.915Z,32.92,13.42,6.983381321947091,79.84165986354618,API_SIMULATION
NC-640,COLOMBO-JAFFNA,2026-05-09T07:54:05.915Z,75.49,13.24,6.9171328845713855,79.88725780119162,API_SIMULATION
NC-710,COLOMBO-JAFFNA,2026-05-09T07:54:05.915Z,74.76,8.8,6.951997309331913,79.89490450914606,API_SIMULATION
WB-115,RAGAMA-COLOMBO,2026-05-09T07:54:05.915Z,51.29,17.96,6.942250760617839,79.81656881237359,API_SIMULATION
CC-222,GAMPAHA-COLOMBO,2026-05-09T07:54:05.915Z,81.51,20.84,6.934594516697203,79.8492281977964,API_SIMULATION
SL-909,MATARA-COLOMBO,2026-05-09T07:54:05.915Z,31.91,8.19,6.970418305334488,79.80487781722029,API_SIMULATION
HS-808,KANDY-COLOMBO,2026-05-09T07:54:05.915Z,28.85,6.45,6.948471735937369,79.84187897785768,API_SIMULATION
NC-220,COLOMBO-JAFFNA,2026-05-09T07:54:30.620Z,70.48,10.28,6.875481447721393,79.86653473065202,API_SIMULATION
NC-220,COLOMBO-JAFFNA,2026-05-09T07:54:30.634Z,74.84,1.98,6.912195284682438,79.89328206368707,API_SIMULATION
CS-305,COLOMBO-GALLE,2026-05-09T07:54:33.420Z,51.03,7.76,6.9438514557087725,79.80976389494793,API_SIMULATION
CS-305,COLOMBO-GALLE,2026-05-09T07:54:34.321Z,70.85,1.92,6.9626341962422105,79.89948253744562,API_SIMULATION
CS-305,COLOMBO-GALLE,2026-05-09T07:54:34.496Z,43.57,12.05,6.868612133723827,79.91854549880627,API_SIMULATION
CS-305,COLOMBO-GALLE,2026-05-09T07:54:34.678Z,75.51,12.32,6.97571740969016,79.83870498962789,API_SIMULATION
CS-305,COLOMBO-GALLE,2026-05-09T07:54:34.895Z,61.3,17.03,6.881267614664206,79.90465821957878,API_SIMULATION
CS-305,COLOMBO-GALLE,2026-05-09T07:54:35.566Z,33.82,3.18,6.951867560285877,79.86016978002516,API_SIMULATION
NC-220,COLOMBO-JAFFNA,2026-05-09T07:55:00.577Z,36.99,0.88,6.897384727903776,79.82040985629601,API_SIMULATION
IC-101,COLOMBO-KANDY,2026-05-09T07:55:00.577Z,26.87,9.87,6.973223271243027,79.87557819176538,API_SIMULATION
CS-305,COLOMBO-GALLE,2026-05-09T07:55:00.577Z,47.82,24.58,6.882932625347121,79.8733350411972,API_SIMULATION
MC-520,COLOMBO-KANDY,2026-05-09T07:55:00.577Z,38.15,8.37,6.934773753362272,79.87202623941347,API_SIMULATION
CS-410,COLOMBO-MATARA,2026-05-09T07:55:00.577Z,38.98,19.85,6.950795553911938,79.81075304075057,API_SIMULATION
NC-640,COLOMBO-JAFFNA,2026-05-09T07:55:00.577Z,59.72,21.28,6.9197478902259535,79.80388463724213,API_SIMULATION
NC-710,COLOMBO-JAFFNA,2026-05-09T07:55:00.577Z,83.28,20.55,6.885078190340294,79.89507677505391,API_SIMULATION
WB-115,RAGAMA-COLOMBO,2026-05-09T07:55:00.577Z,20.72,11.22,6.936605037549588,79.9027044253327,API_SIMULATION
CC-222,GAMPAHA-COLOMBO,2026-05-09T07:55:00.577Z,29.22,5.34,6.919413259857972,79.83932150426885,API_SIMULATION
SL-909,MATARA-COLOMBO,2026-05-09T07:55:00.577Z,32.46,8.26,6.895595398665579,79.84270014387096,API_SIMULATION
HS-808,KANDY-COLOMBO,2026-05-09T07:55:00.577Z,46.17,7.96,6.943562677177409,79.88482321290866,API_SIMULATION
NC-220,COLOMBO-JAFFNA,2026-05-09T07:56:29.611Z,35.88,15.9,6.870809231914012,79.8362395279292,API_SIMULATION
IC-101,COLOMBO-KANDY,2026-05-09T07:56:29.611Z,23.76,5.27,6.928401009956562,79.82092227629857,API_SIMULATION
CS-305,COLOMBO-GALLE,2026-05-09T07:56:29.611Z,57.49,17.19,6.966951303212391,79.86974018852979,API_SIMULATION
MC-520,COLOMBO-KANDY,2026-05-09T07:56:29.611Z,53.49,11.36,6.901508434087351,79.90916569521961,API_SIMULATION
CS-410,COLOMBO-MATARA,2026-05-09T07:56:29.611Z,73.27,7.64,6.877871334943981,79.82057752671383,API_SIMULATION
NC-640,COLOMBO-JAFFNA,2026-05-09T07:56:29.611Z,27.35,10.32,6.871303891889982,79.8463526091367,API_SIMULATION
NC-710,COLOMBO-JAFFNA,2026-05-09T07:56:29.611Z,36.49,20.99,6.907881741656863,79.8736905773301,API_SIMULATION
WB-115,RAGAMA-COLOMBO,2026-05-09T07:56:29.611Z,54.11,17.23,6.910164025467101,79.9173453220397,API_SIMULATION
CC-222,GAMPAHA-COLOMBO,2026-05-09T07:56:29.611Z,75.62,1.96,6.955416896950675,79.85844185172488,API_SIMULATION
SL-909,MATARA-COLOMBO,2026-05-09T07:56:29.611Z,21.53,0.81,6.867137596831689,79.875469703021,API_SIMULATION
HS-808,KANDY-COLOMBO,2026-05-09T07:56:29.611Z,55.62,15.16,6.959634688764066,79.82661418049724,API_SIMULATION
NC-220,COLOMBO-JAFFNA,2026-05-09T07:56:59.618Z,23.43,4.01,6.956470362438046,79.82800235069529,API_SIMULATION
IC-101,COLOMBO-KANDY,2026-05-09T07:56:59.618Z,64.75,22.29,6.881265118985138,79.85675564770355,API_SIMULATION
CS-305,COLOMBO-GALLE,2026-05-09T07:56:59.618Z,84.44,1.09,6.9867971692410435,79.83242784161142,API_SIMULATION
MC-520,COLOMBO-KANDY,2026-05-09T07:56:59.618Z,47.54,2.94,6.955025224279626,79.82843425686174,API_SIMULATION
CS-410,COLOMBO-MATARA,2026-05-09T07:56:59.618Z,76.05,23.57,6.8673981885443895,79.82487898711454,API_SIMULATION
NC-640,COLOMBO-JAFFNA,2026-05-09T07:56:59.618Z,22.62,7.95,6.983975215726356,79.82150156332632,API_SIMULATION
NC-710,COLOMBO-JAFFNA,2026-05-09T07:56:59.618Z,67.15,18.95,6.961410252166379,79.8525123029359,API_SIMULATION
WB-115,RAGAMA-COLOMBO,2026-05-09T07:56:59.618Z,67.2,5.31,6.949217848076273,79.87979631716445,API_SIMULATION
CC-222,GAMPAHA-COLOMBO,2026-05-09T07:56:59.618Z,35.83,2.2,6.968880659924118,79.83870720617242,API_SIMULATION
SL-909,MATARA-COLOMBO,2026-05-09T07:56:59.618Z,33.05,4.32,6.944971891392688,79.89763231614194,API_SIMULATION
HS-808,KANDY-COLOMBO,2026-05-09T07:56:59.618Z,77.1,8.12,6.974542970847446,79.83004347374856,API_SIMULATION
NC-220,COLOMBO-JAFFNA,2026-05-09T07:57:29.632Z,59.37,8.12,6.910112365824825,79.9140626914437,API_SIMULATION
IC-101,COLOMBO-KANDY,2026-05-09T07:57:29.632Z,68.33,24.86,6.887470049866751,79.86706385188135,API_SIMULATION
CS-305,COLOMBO-GALLE,2026-05-09T07:57:29.632Z,77.82,11.8,6.937427858236664,79.81962240302578,API_SIMULATION
MC-520,COLOMBO-KANDY,2026-05-09T07:57:29.632Z,25.86,6.28,6.868590500716622,79.90303749154558,API_SIMULATION
CS-410,COLOMBO-MATARA,2026-05-09T07:57:29.632Z,32.96,22.92,6.977268388499204,79.86092130530793,API_SIMULATION
NC-640,COLOMBO-JAFFNA,2026-05-09T07:57:29.632Z,27.04,10.16,6.885719321926963,79.91159137101862,API_SIMULATION
NC-710,COLOMBO-JAFFNA,2026-05-09T07:57:29.632Z,56.99,22.78,6.898578245476005,79.89308195134494,API_SIMULATION
WB-115,RAGAMA-COLOMBO,2026-05-09T07:57:29.632Z,71.73,2.25,6.934350263045782,79.88521309250223,API_SIMULATION
CC-222,GAMPAHA-COLOMBO,2026-05-09T07:57:29.632Z,21.41,17.96,6.942919416930687,79.87846872070243,API_SIMULATION
SL-909,MATARA-COLOMBO,2026-05-09T07:57:29.632Z,69.66,7.78,6.88109798710074,79.89520120332777,API_SIMULATION
HS-808,KANDY-COLOMBO,2026-05-09T07:57:29.632Z,35.28,6.51,6.9420654044484476,79.853289081967,API_SIMULATION
NC-220,COLOMBO-JAFFNA,2026-05-09T07:57:59.644Z,58.04,9.81,6.939206521201472,79.85401982905351,API_SIMULATION
IC-101,COLOMBO-KANDY,2026-05-09T07:57:59.644Z,45.53,16.49,6.9851837416467335,79.85390939732562,API_SIMULATION
CS-305,COLOMBO-GALLE,2026-05-09T07:57:59.644Z,32.71,9.43,6.909017754500258,79.88913875154974,API_SIMULATION
MC-520,COLOMBO-KANDY,2026-05-09T07:57:59.644Z,73.16,3.46,6.968159069933988,79.86529564374086,API_SIMULATION
CS-410,COLOMBO-MATARA,2026-05-09T07:57:59.644Z,72.73,7.25,6.9073777331927175,79.87673955806763,API_SIMULATION
NC-640,COLOMBO-JAFFNA,2026-05-09T07:57:59.644Z,29.32,6.28,6.897551895880599,79.83844509043998,API_SIMULATION
NC-710,COLOMBO-JAFFNA,2026-05-09T07:57:59.644Z,22.09,24.36,6.9537151154860695,79.82903405921905,API_SIMULATION
WB-115,RAGAMA-COLOMBO,2026-05-09T07:57:59.644Z,33.23,13.94,6.876268066046095,79.9108783448985,API_SIMULATION
CC-222,GAMPAHA-COLOMBO,2026-05-09T07:57:59.644Z,60.05,21.58,6.871222604465426,79.90997817291804,API_SIMULATION
SL-909,MATARA-COLOMBO,2026-05-09T07:57:59.644Z,49.62,5.15,6.9453317968465065,79.86266221121895,API_SIMULATION
HS-808,KANDY-COLOMBO,2026-05-09T07:57:59.644Z,24.85,5.21,6.9312923109468905,79.89170207361661,API_SIMULATION
NC-220,COLOMBO-JAFFNA,2026-05-09T07:58:29.657Z,79.66,12.69,6.881083267701206,79.87190093741748,API_SIMULATION
IC-101,COLOMBO-KANDY,2026-05-09T07:58:29.657Z,30.08,14.92,6.873021745475374,79.82083585343494,API_SIMULATION
CS-305,COLOMBO-GALLE,2026-05-09T07:58:29.657Z,68.54,19.25,6.9244642976169475,79.84972229863594,API_SIMULATION
MC-520,COLOMBO-KANDY,2026-05-09T07:58:29.657Z,72.41,20.6,6.942549567790767,79.8848548067436,API_SIMULATION
CS-410,COLOMBO-MATARA,2026-05-09T07:58:29.657Z,71.68,7.09,6.963831591403882,79.90627701854629,API_SIMULATION
NC-640,COLOMBO-JAFFNA,2026-05-09T07:58:29.657Z,27.31,13.82,6.887025059345404,79.86565366745197,API_SIMULATION
NC-710,COLOMBO-JAFFNA,2026-05-09T07:58:29.657Z,75.27,8.02,6.917654791478768,79.86390899374297,API_SIMULATION
WB-115,RAGAMA-COLOMBO,2026-05-09T07:58:29.657Z,84.53,24.16,6.922502364414986,79.85088951201051,API_SIMULATION
CC-222,GAMPAHA-COLOMBO,2026-05-09T07:58:29.657Z,71.04,10.43,6.981415673989324,79.89598381357759,API_SIMULATION
SL-909,MATARA-COLOMBO,2026-05-09T07:58:29.657Z,32.18,22,6.874177439496539,79.84094921024122,API_SIMULATION
HS-808,KANDY-COLOMBO,2026-05-09T07:58:29.657Z,75.75,15.65,6.922062806773606,79.8673362948118,API_SIMULATION
NC-220,COLOMBO-JAFFNA,2026-05-09T07:58:59.656Z,69.36,22.99,6.940904955185424,79.86756117969804,API_SIMULATION
IC-101,COLOMBO-KANDY,2026-05-09T07:58:59.656Z,66.52,5.02,6.9226622942408,79.9192101785537,API_SIMULATION
CS-305,COLOMBO-GALLE,2026-05-09T07:58:59.656Z,79.32,14.27,6.901806563425352,79.86528641259501,API_SIMULATION
MC-520,COLOMBO-KANDY,2026-05-09T07:58:59.656Z,62.28,8.57,6.903468446104584,79.81910418112021,API_SIMULATION
CS-410,COLOMBO-MATARA,2026-05-09T07:58:59.656Z,79.11,0.7,6.8818683536377065,79.80457901557192,API_SIMULATION
NC-640,COLOMBO-JAFFNA,2026-05-09T07:58:59.656Z,32.4,14.82,6.88866669880292,79.84872508589923,API_SIMULATION
NC-710,COLOMBO-JAFFNA,2026-05-09T07:58:59.656Z,68.8,4.75,6.900528008258781,79.83707501921249,API_SIMULATION
WB-115,RAGAMA-COLOMBO,2026-05-09T07:58:59.656Z,45.14,17.34,6.870863237596848,79.87232207914315,API_SIMULATION
CC-222,GAMPAHA-COLOMBO,2026-05-09T07:58:59.656Z,60.47,15.67,6.897904998362979,79.86066276510006,API_SIMULATION
SL-909,MATARA-COLOMBO,2026-05-09T07:58:59.656Z,44.75,3.49,6.941728661566918,79.89143304457929,API_SIMULATION
HS-808,KANDY-COLOMBO,2026-05-09T07:58:59.656Z,78.86,14.51,6.906145770451708,79.84323950159225,API_SIMULATION
NC-220,COLOMBO-JAFFNA,2026-05-09T07:59:29.661Z,69.13,1.48,6.935864472526778,79.81058075166551,API_SIMULATION
IC-101,COLOMBO-KANDY,2026-05-09T07:59:29.661Z,34.87,21.27,6.901241366806611,79.9056053878654,API_SIMULATION
CS-305,COLOMBO-GALLE,2026-05-09T07:59:29.661Z,42.41,18.98,6.884316528383229,79.82021751759939,API_SIMULATION
MC-520,COLOMBO-KANDY,2026-05-09T07:59:29.661Z,39.17,3.14,6.907189453658185,79.85592424347519,API_SIMULATION
CS-410,COLOMBO-MATARA,2026-05-09T07:59:29.661Z,78.36,20.89,6.899848647923004,79.82465685973717,API_SIMULATION
NC-640,COLOMBO-JAFFNA,2026-05-09T07:59:29.661Z,23.81,20.91,6.875196295874071,79.92046001400551,API_SIMULATION
NC-710,COLOMBO-JAFFNA,2026-05-09T07:59:29.661Z,34.26,1.74,6.921781394170657,79.8357684373704,API_SIMULATION
WB-115,RAGAMA-COLOMBO,2026-05-09T07:59:29.661Z,44.18,14.35,6.875361787643412,79.86166468022866,API_SIMULATION
CC-222,GAMPAHA-COLOMBO,2026-05-09T07:59:29.661Z,54.7,15.94,6.979031624485917,79.90531967230346,API_SIMULATION
SL-909,MATARA-COLOMBO,2026-05-09T07:59:29.661Z,36.35,7.22,6.925898956317282,79.8891918679697,API_SIMULATION
HS-808,KANDY-COLOMBO,2026-05-09T07:59:29.661Z,67.33,20.5,6.953343095535344,79.82653557102161,API_SIMULATION
NC-220,COLOMBO-JAFFNA,2026-05-09T07:59:59.660Z,28.52,3.9,6.931698801854158,79.89816682819482,API_SIMULATION
IC-101,COLOMBO-KANDY,2026-05-09T07:59:59.660Z,61.6,11.81,6.898795373391661,79.84952284946272,API_SIMULATION
CS-305,COLOMBO-GALLE,2026-05-09T07:59:59.660Z,73.94,11.53,6.871909217156722,79.8231018796851,API_SIMULATION
MC-520,COLOMBO-KANDY,2026-05-09T07:59:59.660Z,77.66,22.66,6.915999989743965,79.82299490358504,API_SIMULATION
CS-410,COLOMBO-MATARA,2026-05-09T07:59:59.660Z,63.28,10.82,6.957927586190649,79.88996348886934,API_SIMULATION
NC-640,COLOMBO-JAFFNA,2026-05-09T07:59:59.660Z,23.36,5.3,6.957341967604108,79.90653171140875,API_SIMULATION
NC-710,COLOMBO-JAFFNA,2026-05-09T07:59:59.660Z,42.02,18.68,6.969654870576264,79.87725705224189,API_SIMULATION
WB-115,RAGAMA-COLOMBO,2026-05-09T07:59:59.660Z,83.99,3.56,6.8946235186997145,79.84700580556553,API_SIMULATION
CC-222,GAMPAHA-COLOMBO,2026-05-09T07:59:59.660Z,69.57,19.31,6.966189823378577,79.90743147132247,API_SIMULATION
SL-909,MATARA-COLOMBO,2026-05-09T07:59:59.660Z,30.5,21.79,6.8894297716159585,79.80756816364872,API_SIMULATION
HS-808,KANDY-COLOMBO,2026-05-09T07:59:59.660Z,40.18,12.56,6.91096838857079,79.84698441935652,API_SIMULATION
NC-220,COLOMBO-JAFFNA,2026-05-09T08:00:29.671Z,50.28,18.27,6.898553416435416,79.90347656508145,API_SIMULATION
IC-101,COLOMBO-KANDY,2026-05-09T08:00:29.671Z,79.19,12.59,6.910252044091938,79.88401228555524,API_SIMULATION
CS-305,COLOMBO-GALLE,2026-05-09T08:00:29.671Z,61.07,15.8,6.8844355191346445,79.81617687912862,API_SIMULATION
MC-520,COLOMBO-KANDY,2026-05-09T08:00:29.671Z,63.45,13.63,6.867209889280135,79.85202923130828,API_SIMULATION
CS-410,COLOMBO-MATARA,2026-05-09T08:00:29.671Z,31.38,8.33,6.876946582605902,79.84480653539796,API_SIMULATION
NC-640,COLOMBO-JAFFNA,2026-05-09T08:00:29.671Z,25.06,21.43,6.870705987923648,79.88983986879015,API_SIMULATION
NC-710,COLOMBO-JAFFNA,2026-05-09T08:00:29.671Z,48.98,24.8,6.9603300671779,79.88097902008049,API_SIMULATION
WB-115,RAGAMA-COLOMBO,2026-05-09T08:00:29.671Z,49.29,18.22,6.919150074175806,79.82434571341034,API_SIMULATION
CC-222,GAMPAHA-COLOMBO,2026-05-09T08:00:29.671Z,37.63,24.94,6.882622201871027,79.85749265626112,API_SIMULATION
SL-909,MATARA-COLOMBO,2026-05-09T08:00:29.671Z,28.12,19.56,6.9184443570334535,79.84480526292992,API_SIMULATION
HS-808,KANDY-COLOMBO,2026-05-09T08:00:29.671Z,73.7,1.24,6.963735872801239,79.81358062061376,API_SIMULATION
NC-220,COLOMBO-JAFFNA,2026-05-09T08:00:59.680Z,32.93,20.01,6.923943844632538,79.89641908872736,API_SIMULATION
IC-101,COLOMBO-KANDY,2026-05-09T08:00:59.680Z,42.8,22.54,6.91277931149319,79.89618709778144,API_SIMULATION
CS-305,COLOMBO-GALLE,2026-05-09T08:00:59.680Z,27.62,5.84,6.91612910376957,79.91042337632439,API_SIMULATION
MC-520,COLOMBO-KANDY,2026-05-09T08:00:59.680Z,32.4,6.26,6.899139316301812,79.83501000375898,API_SIMULATION
CS-410,COLOMBO-MATARA,2026-05-09T08:00:59.680Z,52.93,6.01,6.97729502883989,79.8240693953792,API_SIMULATION
NC-640,COLOMBO-JAFFNA,2026-05-09T08:00:59.680Z,78.57,4.27,6.98231954246167,79.85968838861187,API_SIMULATION
NC-710,COLOMBO-JAFFNA,2026-05-09T08:00:59.680Z,76.92,16.25,6.940575989635314,79.84336867351317,API_SIMULATION
WB-115,RAGAMA-COLOMBO,2026-05-09T08:00:59.680Z,47.84,16.05,6.899713729997771,79.85298518133442,API_SIMULATION
CC-222,GAMPAHA-COLOMBO,2026-05-09T08:00:59.680Z,51.5,14.3,6.90781967341609,79.85888146330609,API_SIMULATION
SL-909,MATARA-COLOMBO,2026-05-09T08:00:59.680Z,65.45,10.63,6.868537849309483,79.82332329974412,API_SIMULATION
HS-808,KANDY-COLOMBO,2026-05-09T08:00:59.680Z,32.71,5.12,6.877469772011779,79.91268786435455,API_SIMULATION
NC-220,COLOMBO-JAFFNA,2026-05-09T08:01:29.684Z,56,8.93,6.879006671383495,79.83778270435869,API_SIMULATION
IC-101,COLOMBO-KANDY,2026-05-09T08:01:29.684Z,54.71,4.06,6.933095152461309,79.82222388356183,API_SIMULATION
CS-305,COLOMBO-GALLE,2026-05-09T08:01:29.684Z,69.85,19.17,6.882580609614557,79.90346105436609,API_SIMULATION
MC-520,COLOMBO-KANDY,2026-05-09T08:01:29.684Z,41.41,15.1,6.872782004008842,79.91786794095388,API_SIMULATION
CS-410,COLOMBO-MATARA,2026-05-09T08:01:29.684Z,55.56,6.68,6.89426997848157,79.81848494924738,API_SIMULATION
NC-640,COLOMBO-JAFFNA,2026-05-09T08:01:29.684Z,51.07,4.42,6.980846587308879,79.84843847603369,API_SIMULATION
NC-710,COLOMBO-JAFFNA,2026-05-09T08:01:29.684Z,49.11,6.47,6.868891499021119,79.8330522323526,API_SIMULATION
WB-115,RAGAMA-COLOMBO,2026-05-09T08:01:29.684Z,64.26,24.49,6.954971425017284,79.84194870138528,API_SIMULATION
CC-222,GAMPAHA-COLOMBO,2026-05-09T08:01:29.684Z,76.03,23.17,6.961466575939117,79.80770592675722,API_SIMULATION
SL-909,MATARA-COLOMBO,2026-05-09T08:01:29.684Z,78.3,11.8,6.977397861962325,79.81869448495847,API_SIMULATION
HS-808,KANDY-COLOMBO,2026-05-09T08:01:29.684Z,38.19,17.86,6.939610018170951,79.8345000418603,API_SIMULATION
NC-220,COLOMBO-JAFFNA,2026-05-09T08:01:59.684Z,24.79,11.47,6.904316704235175,79.81509063679597,API_SIMULATION
IC-101,COLOMBO-KANDY,2026-05-09T08:01:59.684Z,78.39,9,6.885177751468637,79.85713476023624,API_SIMULATION
CS-305,COLOMBO-GALLE,2026-05-09T08:01:59.684Z,32.25,1.93,6.889153952450691,79.82571945703987,API_SIMULATION
MC-520,COLOMBO-KANDY,2026-05-09T08:01:59.684Z,73.57,22.82,6.963661356484308,79.88806561208737,API_SIMULATION
CS-410,COLOMBO-MATARA,2026-05-09T08:01:59.684Z,37.93,4.51,6.951415325363607,79.88510912406849,API_SIMULATION
NC-640,COLOMBO-JAFFNA,2026-05-09T08:01:59.684Z,83.36,23.76,6.974233199995623,79.91328316536557,API_SIMULATION
NC-710,COLOMBO-JAFFNA,2026-05-09T08:01:59.684Z,79.24,22.08,6.965607822099829,79.8932853122926,API_SIMULATION
WB-115,RAGAMA-COLOMBO,2026-05-09T08:01:59.684Z,46.93,9.05,6.912430358673349,79.85117377262692,API_SIMULATION
CC-222,GAMPAHA-COLOMBO,2026-05-09T08:01:59.684Z,82.09,7.4,6.965983151515629,79.91658490491618,API_SIMULATION
SL-909,MATARA-COLOMBO,2026-05-09T08:01:59.684Z,54.23,9.76,6.975251242073166,79.89294671792373,API_SIMULATION
HS-808,KANDY-COLOMBO,2026-05-09T08:01:59.684Z,40.23,2.12,6.893087314046914,79.90144631745994,API_SIMULATION
NC-220,COLOMBO-JAFFNA,2026-05-09T08:02:29.693Z,50.75,12.03,6.936043914634052,79.90292384796574,API_SIMULATION
IC-101,COLOMBO-KANDY,2026-05-09T08:02:29.693Z,46.65,13.92,6.956528468614036,79.84199295979498,API_SIMULATION
CS-305,COLOMBO-GALLE,2026-05-09T08:02:29.693Z,23.32,16.25,6.976310721239154,79.92048688422209,API_SIMULATION
MC-520,COLOMBO-KANDY,2026-05-09T08:02:29.693Z,24.81,15.07,6.98557310213784,79.91466734990065,API_SIMULATION
CS-410,COLOMBO-MATARA,2026-05-09T08:02:29.693Z,29.67,7.3,6.883880197851485,79.82222294802345,API_SIMULATION
NC-640,COLOMBO-JAFFNA,2026-05-09T08:02:29.693Z,58.42,12.7,6.942333424286411,79.8411783718573,API_SIMULATION
NC-710,COLOMBO-JAFFNA,2026-05-09T08:02:29.693Z,84.68,12.56,6.867260039035606,79.82037551517669,API_SIMULATION
WB-115,RAGAMA-COLOMBO,2026-05-09T08:02:29.693Z,49.05,21.31,6.886785217252374,79.86503835025025,API_SIMULATION
CC-222,GAMPAHA-COLOMBO,2026-05-09T08:02:29.693Z,37.92,8.03,6.899034441825943,79.85411653535401,API_SIMULATION
SL-909,MATARA-COLOMBO,2026-05-09T08:02:29.693Z,48.29,12.97,6.934188751294264,79.85623248678088,API_SIMULATION
HS-808,KANDY-COLOMBO,2026-05-09T08:02:29.693Z,81.62,14.93,6.874848807374285,79.90076211448994,API_SIMULATION
NC-220,COLOMBO-JAFFNA,2026-05-09T08:02:59.702Z,43.75,9.26,6.868573033315511,79.8318753137648,API_SIMULATION
IC-101,COLOMBO-KANDY,2026-05-09T08:02:59.702Z,51.72,17.73,6.906898863029754,79.87761970626372,API_SIMULATION
CS-305,COLOMBO-GALLE,2026-05-09T08:02:59.702Z,21.25,2.32,6.868021844152387,79.81056276418322,API_SIMULATION
MC-520,COLOMBO-KANDY,2026-05-09T08:02:59.702Z,41.17,2.18,6.98669607523864,79.83721071798848,API_SIMULATION
CS-410,COLOMBO-MATARA,2026-05-09T08:02:59.702Z,47.42,7.43,6.920190067755835,79.9061601562877,API_SIMULATION
NC-640,COLOMBO-JAFFNA,2026-05-09T08:02:59.702Z,83.41,16.31,6.946973096328953,79.89718727941977,API_SIMULATION
NC-710,COLOMBO-JAFFNA,2026-05-09T08:02:59.702Z,56.82,14.44,6.952231205208152,79.80470330941964,API_SIMULATION
WB-115,RAGAMA-COLOMBO,2026-05-09T08:02:59.702Z,55.34,9.07,6.882737302154267,79.85698901441002,API_SIMULATION
CC-222,GAMPAHA-COLOMBO,2026-05-09T08:02:59.702Z,79.89,10.11,6.911302256346524,79.86496841843022,API_SIMULATION
SL-909,MATARA-COLOMBO,2026-05-09T08:02:59.702Z,40.75,3.46,6.978223227539049,79.89654728418586,API_SIMULATION
HS-808,KANDY-COLOMBO,2026-05-09T08:02:59.702Z,30.33,5.53,6.922676693769201,79.82936182728234,API_SIMULATION
NC-220,COLOMBO-JAFFNA,2026-05-09T08:03:29.717Z,53.66,10.96,6.89520929928763,79.87795697749112,API_SIMULATION
IC-101,COLOMBO-KANDY,2026-05-09T08:03:29.717Z,34.08,23.37,6.890978579797596,79.80259468074698,API_SIMULATION
CS-305,COLOMBO-GALLE,2026-05-09T08:03:29.717Z,37.51,9.1,6.872870413556233,79.86179778762819,API_SIMULATION
MC-520,COLOMBO-KANDY,2026-05-09T08:03:29.717Z,25.11,13.44,6.982076290153574,79.90575099773271,API_SIMULATION
CS-410,COLOMBO-MATARA,2026-05-09T08:03:29.717Z,27.47,10.06,6.92608711471539,79.85443049817141,API_SIMULATION
NC-640,COLOMBO-JAFFNA,2026-05-09T08:03:29.717Z,37.03,2.9,6.92727167664046,79.86546145693396,API_SIMULATION
NC-710,COLOMBO-JAFFNA,2026-05-09T08:03:29.717Z,36.54,6.78,6.9241842215159615,79.82798434416559,API_SIMULATION
WB-115,RAGAMA-COLOMBO,2026-05-09T08:03:29.717Z,44.22,2.01,6.935045598253333,79.87715265579965,API_SIMULATION
CC-222,GAMPAHA-COLOMBO,2026-05-09T08:03:29.717Z,59.07,11.04,6.918611322236936,79.83546089557767,API_SIMULATION
SL-909,MATARA-COLOMBO,2026-05-09T08:03:29.717Z,84.4,0.72,6.877295906657888,79.89157643395815,API_SIMULATION
HS-808,KANDY-COLOMBO,2026-05-09T08:03:29.717Z,41,1.6,6.908475732101913,79.88912748775458,API_SIMULATION
NC-220,COLOMBO-JAFFNA,2026-05-09T08:03:59.730Z,72.06,2.11,6.982266285574356,79.90537152262752,API_SIMULATION
IC-101,COLOMBO-KANDY,2026-05-09T08:03:59.730Z,53.71,17.22,6.907463778565473,79.81330541419617,API_SIMULATION
CS-305,COLOMBO-GALLE,2026-05-09T08:03:59.730Z,27.19,3.54,6.878295110155182,79.91101736618748,API_SIMULATION
MC-520,COLOMBO-KANDY,2026-05-09T08:03:59.730Z,47.45,8.41,6.934353429230097,79.87237704730121,API_SIMULATION
CS-410,COLOMBO-MATARA,2026-05-09T08:03:59.730Z,66.32,16.72,6.935166345362828,79.84807372175618,API_SIMULATION
NC-640,COLOMBO-JAFFNA,2026-05-09T08:03:59.730Z,74.44,24.33,6.919752585392153,79.81925211055649,API_SIMULATION
NC-710,COLOMBO-JAFFNA,2026-05-09T08:03:59.730Z,22.37,0.69,6.986903303130043,79.91686878231923,API_SIMULATION
WB-115,RAGAMA-COLOMBO,2026-05-09T08:03:59.730Z,47.98,13.62,6.913943562844853,79.85597890582135,API_SIMULATION
CC-222,GAMPAHA-COLOMBO,2026-05-09T08:03:59.730Z,26.33,6.01,6.90841002078231,79.801317828719,API_SIMULATION
SL-909,MATARA-COLOMBO,2026-05-09T08:03:59.730Z,80.48,13.19,6.9097189765217,79.83441185777234,API_SIMULATION
HS-808,KANDY-COLOMBO,2026-05-09T08:03:59.730Z,24.6,11.1,6.910493164074986,79.86947275213826,API_SIMULATION
NC-220,COLOMBO-JAFFNA,2026-05-09T08:04:29.734Z,63.5,13.06,6.9728854925383486,79.81033625498023,API_SIMULATION
IC-101,COLOMBO-KANDY,2026-05-09T08:04:29.734Z,53.83,19.02,6.9658744431892,79.84679578245253,API_SIMULATION
CS-305,COLOMBO-GALLE,2026-05-09T08:04:29.734Z,38.87,0.04,6.983847653018984,79.89825767091621,API_SIMULATION
MC-520,COLOMBO-KANDY,2026-05-09T08:04:29.734Z,53.91,21.52,6.976105342593574,79.8846705960929,API_SIMULATION
CS-410,COLOMBO-MATARA,2026-05-09T08:04:29.734Z,47.83,2.74,6.955270278366164,79.8467166722118,API_SIMULATION
NC-640,COLOMBO-JAFFNA,2026-05-09T08:04:29.734Z,68.72,23.2,6.8814650812601394,79.81943142731195,API_SIMULATION
NC-710,COLOMBO-JAFFNA,2026-05-09T08:04:29.734Z,81.37,17.27,6.891281953640448,79.87869108526695,API_SIMULATION
WB-115,RAGAMA-COLOMBO,2026-05-09T08:04:29.734Z,55.11,13.29,6.9567615486465275,79.91869344288617,API_SIMULATION
CC-222,GAMPAHA-COLOMBO,2026-05-09T08:04:29.734Z,30.81,20.56,6.903478237745093,79.85316884635658,API_SIMULATION
SL-909,MATARA-COLOMBO,2026-05-09T08:04:29.734Z,63.74,1.56,6.971430731819577,79.81431392918057,API_SIMULATION
HS-808,KANDY-COLOMBO,2026-05-09T08:04:29.734Z,33.97,2.57,6.898867791669181,79.89546978378357,API_SIMULATION
NC-220,COLOMBO-JAFFNA,2026-05-09T08:04:59.743Z,66.37,0.76,6.897608105473639,79.89598578426806,API_SIMULATION
IC-101,COLOMBO-KANDY,2026-05-09T08:04:59.743Z,75.83,17.14,6.893094744880427,79.83377497014695,API_SIMULATION
CS-305,COLOMBO-GALLE,2026-05-09T08:04:59.743Z,24.68,17.85,6.885563128852454,79.90802153346073,API_SIMULATION
MC-520,COLOMBO-KANDY,2026-05-09T08:04:59.743Z,23.42,9.17,6.965852618873093,79.8610732725455,API_SIMULATION
CS-410,COLOMBO-MATARA,2026-05-09T08:04:59.743Z,76.37,12.15,6.942235194169365,79.89845375459463,API_SIMULATION
NC-640,COLOMBO-JAFFNA,2026-05-09T08:04:59.743Z,73.11,9.23,6.943513515556039,79.8447313298276,API_SIMULATION
NC-710,COLOMBO-JAFFNA,2026-05-09T08:04:59.743Z,25.71,19.48,6.9727484043672945,79.81903313657466,API_SIMULATION
WB-115,RAGAMA-COLOMBO,2026-05-09T08:04:59.743Z,22.91,12.61,6.959025932833431,79.80659980937978,API_SIMULATION
CC-222,GAMPAHA-COLOMBO,2026-05-09T08:04:59.743Z,43.48,4.86,6.918230856534846,79.90969744383979,API_SIMULATION
SL-909,MATARA-COLOMBO,2026-05-09T08:04:59.743Z,47.82,10.52,6.868882113852284,79.84684403522893,API_SIMULATION
HS-808,KANDY-COLOMBO,2026-05-09T08:04:59.743Z,39.78,9.03,6.881611955282808,79.80426700876804,API_SIMULATION
NC-220,COLOMBO-JAFFNA,2026-05-09T08:05:29.747Z,44.04,22.53,6.9334860486821075,79.82447758135369,API_SIMULATION
IC-101,COLOMBO-KANDY,2026-05-09T08:05:29.747Z,53.48,15.28,6.922457449060282,79.82800487626855,API_SIMULATION
CS-305,COLOMBO-GALLE,2026-05-09T08:05:29.747Z,49.23,17.89,6.896685222984506,79.89848286870192,API_SIMULATION
MC-520,COLOMBO-KANDY,2026-05-09T08:05:29.747Z,50.71,7.76,6.950738991041688,79.86081408345925,API_SIMULATION
CS-410,COLOMBO-MATARA,2026-05-09T08:05:29.747Z,26.11,6.17,6.9430559231343265,79.87157370416861,API_SIMULATION
NC-640,COLOMBO-JAFFNA,2026-05-09T08:05:29.747Z,68.7,0.3,6.929756000398395,79.8503948006915,API_SIMULATION
NC-710,COLOMBO-JAFFNA,2026-05-09T08:05:29.747Z,72.62,23.99,6.972077800888293,79.87339997802331,API_SIMULATION
WB-115,RAGAMA-COLOMBO,2026-05-09T08:05:29.747Z,71.94,1.54,6.892762714137767,79.84352149026938,API_SIMULATION
CC-222,GAMPAHA-COLOMBO,2026-05-09T08:05:29.747Z,60.91,8.61,6.939426765115678,79.80315843558009,API_SIMULATION
SL-909,MATARA-COLOMBO,2026-05-09T08:05:29.747Z,68.67,14.7,6.981021995442096,79.83923355183482,API_SIMULATION
HS-808,KANDY-COLOMBO,2026-05-09T08:05:29.747Z,52.8,18.67,6.884423734291179,79.83971177038515,API_SIMULATION
NC-220,COLOMBO-JAFFNA,2026-05-09T08:05:59.760Z,40.57,2.29,6.904300572875702,79.82943543259513,API_SIMULATION
IC-101,COLOMBO-KANDY,2026-05-09T08:05:59.760Z,83.43,20.83,6.89157708114607,79.83730457083371,API_SIMULATION
CS-305,COLOMBO-GALLE,2026-05-09T08:05:59.760Z,41.14,7.84,6.947627001645083,79.88835865772978,API_SIMULATION
MC-520,COLOMBO-KANDY,2026-05-09T08:05:59.760Z,76.19,5.54,6.887903095009433,79.8200957881407,API_SIMULATION
CS-410,COLOMBO-MATARA,2026-05-09T08:05:59.760Z,44.95,18.37,6.911989193451513,79.80727015256835,API_SIMULATION
NC-640,COLOMBO-JAFFNA,2026-05-09T08:05:59.760Z,56.43,15.52,6.94363908954798,79.8881714448683,API_SIMULATION
NC-710,COLOMBO-JAFFNA,2026-05-09T08:05:59.760Z,66.44,16.89,6.908360534269359,79.80947961217386,API_SIMULATION
WB-115,RAGAMA-COLOMBO,2026-05-09T08:05:59.760Z,74.27,24.35,6.902604767138339,79.85033683263212,API_SIMULATION
CC-222,GAMPAHA-COLOMBO,2026-05-09T08:05:59.760Z,80.47,21.02,6.930888879960705,79.82811974089324,API_SIMULATION
SL-909,MATARA-COLOMBO,2026-05-09T08:05:59.760Z,82.3,6.29,6.947570653476596,79.89900834206917,API_SIMULATION
HS-808,KANDY-COLOMBO,2026-05-09T08:05:59.760Z,30.7,7.31,6.9447624346784185,79.81623430041392,API_SIMULATION
NC-220,COLOMBO-JAFFNA,2026-05-09T08:06:29.761Z,38.66,13.16,6.868227509991825,79.82967077541322,API_SIMULATION
IC-101,COLOMBO-KANDY,2026-05-09T08:06:29.761Z,59.15,18.51,6.979942689782047,79.83517216192185,API_SIMULATION
CS-305,COLOMBO-GALLE,2026-05-09T08:06:29.761Z,62.17,12.26,6.877558693039129,79.8131392161115,API_SIMULATION
MC-520,COLOMBO-KANDY,2026-05-09T08:06:29.761Z,71.43,4.6,6.964543844111347,79.91071454198747,API_SIMULATION
CS-410,COLOMBO-MATARA,2026-05-09T08:06:29.761Z,55.21,7.37,6.886783251987681,79.86296203994794,API_SIMULATION
NC-640,COLOMBO-JAFFNA,2026-05-09T08:06:29.761Z,78.44,0.32,6.9653973676991985,79.8469502171762,API_SIMULATION
NC-710,COLOMBO-JAFFNA,2026-05-09T08:06:29.761Z,70.31,7.79,6.974993170000067,79.83228671168928,API_SIMULATION
WB-115,RAGAMA-COLOMBO,2026-05-09T08:06:29.761Z,35.53,11.66,6.881229775638529,79.91644671995205,API_SIMULATION
CC-222,GAMPAHA-COLOMBO,2026-05-09T08:06:29.761Z,74.3,22.3,6.971752581034837,79.84706844619063,API_SIMULATION
SL-909,MATARA-COLOMBO,2026-05-09T08:06:29.761Z,80.67,0.71,6.869035678699702,79.81428573221325,API_SIMULATION
HS-808,KANDY-COLOMBO,2026-05-09T08:06:29.761Z,75.25,6.6,6.876419114393026,79.85267209147217,API_SIMULATION
NC-220,COLOMBO-JAFFNA,2026-05-09T08:06:59.767Z,77.9,16.43,6.980740816787528,79.82146878268023,API_SIMULATION
IC-101,COLOMBO-KANDY,2026-05-09T08:06:59.767Z,74.85,12.34,6.887367268140702,79.88697218357328,API_SIMULATION
CS-305,COLOMBO-GALLE,2026-05-09T08:06:59.767Z,76.76,8.54,6.886578895927009,79.80726494459095,API_SIMULATION
MC-520,COLOMBO-KANDY,2026-05-09T08:06:59.767Z,35.7,22.52,6.949781155766397,79.90098606037608,API_SIMULATION
CS-410,COLOMBO-MATARA,2026-05-09T08:06:59.767Z,39.41,4.67,6.870919610641091,79.91911302798525,API_SIMULATION
NC-640,COLOMBO-JAFFNA,2026-05-09T08:06:59.767Z,24.46,11.7,6.9856556003797285,79.92048481832322,API_SIMULATION
NC-710,COLOMBO-JAFFNA,2026-05-09T08:06:59.767Z,64.45,14.8,6.934746709534242,79.90334015355938,API_SIMULATION
WB-115,RAGAMA-COLOMBO,2026-05-09T08:06:59.767Z,80.16,13.74,6.906549085509778,79.90157222505923,API_SIMULATION
CC-222,GAMPAHA-COLOMBO,2026-05-09T08:06:59.767Z,71.7,19.47,6.923719056267173,79.89215428294065,API_SIMULATION
SL-909,MATARA-COLOMBO,2026-05-09T08:06:59.767Z,49.69,0.4,6.897075342984102,79.81248789248887,API_SIMULATION
HS-808,KANDY-COLOMBO,2026-05-09T08:06:59.767Z,37.68,24.44,6.952393019716741,79.91628213425855,API_SIMULATION
NC-220,COLOMBO-JAFFNA,2026-05-09T08:07:29.779Z,20.72,22.57,6.902052444119084,79.81763868795208,API_SIMULATION
IC-101,COLOMBO-KANDY,2026-05-09T08:07:29.779Z,57.31,15.92,6.979214347259617,79.81573719442707,API_SIMULATION
CS-305,COLOMBO-GALLE,2026-05-09T08:07:29.779Z,25.17,2.92,6.905381681738047,79.81536060339245,API_SIMULATION
MC-520,COLOMBO-KANDY,2026-05-09T08:07:29.779Z,21.25,0.94,6.90180347591036,79.88091377837706,API_SIMULATION
CS-410,COLOMBO-MATARA,2026-05-09T08:07:29.779Z,71.55,1.29,6.944958876841121,79.82399041702924,API_SIMULATION
NC-640,COLOMBO-JAFFNA,2026-05-09T08:07:29.779Z,22.07,15.76,6.96179697986777,79.82713944939755,API_SIMULATION
NC-710,COLOMBO-JAFFNA,2026-05-09T08:07:29.779Z,31.43,14.52,6.962234282184055,79.83516203241251,API_SIMULATION
WB-115,RAGAMA-COLOMBO,2026-05-09T08:07:29.779Z,25.1,4.54,6.9187226126406305,79.87690717843785,API_SIMULATION
CC-222,GAMPAHA-COLOMBO,2026-05-09T08:07:29.780Z,35.9,10.78,6.9390634305593455,79.88212796955402,API_SIMULATION
SL-909,MATARA-COLOMBO,2026-05-09T08:07:29.780Z,81.57,10.95,6.925428192415168,79.85665233810082,API_SIMULATION
HS-808,KANDY-COLOMBO,2026-05-09T08:07:29.780Z,76.15,0.06,6.960413590472574,79.8189465330167,API_SIMULATION
NC-220,COLOMBO-JAFFNA,2026-05-09T08:07:59.784Z,25.54,5.89,6.899629967977415,79.80803154050272,API_SIMULATION
IC-101,COLOMBO-KANDY,2026-05-09T08:07:59.784Z,28.14,13.28,6.932292245694625,79.91818012315537,API_SIMULATION
CS-305,COLOMBO-GALLE,2026-05-09T08:07:59.784Z,58.87,9.32,6.92790416102656,79.91934446894162,API_SIMULATION
MC-520,COLOMBO-KANDY,2026-05-09T08:07:59.784Z,63.14,4.7,6.931222747771117,79.90945538910645,API_SIMULATION
CS-410,COLOMBO-MATARA,2026-05-09T08:07:59.784Z,60,15.83,6.887185727257516,79.86123853232486,API_SIMULATION
NC-640,COLOMBO-JAFFNA,2026-05-09T08:07:59.784Z,53.23,14.98,6.924763596338442,79.9157049215872,API_SIMULATION
NC-710,COLOMBO-JAFFNA,2026-05-09T08:07:59.784Z,30.38,9.69,6.938965084083306,79.86786214306576,API_SIMULATION
WB-115,RAGAMA-COLOMBO,2026-05-09T08:07:59.784Z,63.53,18.48,6.889554072323573,79.80913468036808,API_SIMULATION
CC-222,GAMPAHA-COLOMBO,2026-05-09T08:07:59.784Z,80.67,15.62,6.943438827402839,79.83066788019767,API_SIMULATION
SL-909,MATARA-COLOMBO,2026-05-09T08:07:59.784Z,32.82,1.28,6.896382949429741,79.81902868665844,API_SIMULATION
HS-808,KANDY-COLOMBO,2026-05-09T08:07:59.784Z,49.88,3.42,6.925890072585296,79.91480909712364,API_SIMULATION
NC-220,COLOMBO-JAFFNA,2026-05-09T08:08:29.796Z,58.83,15.25,6.905818272799211,79.89836590040422,API_SIMULATION
IC-101,COLOMBO-KANDY,2026-05-09T08:08:29.796Z,20.89,8.63,6.9418559762738825,79.85809352240878,API_SIMULATION
CS-305,COLOMBO-GALLE,2026-05-09T08:08:29.796Z,45.21,16.64,6.985623270817803,79.83066805862839,API_SIMULATION
MC-520,COLOMBO-KANDY,2026-05-09T08:08:29.796Z,66.59,2.44,6.927934519356622,79.80765940518262,API_SIMULATION
CS-410,COLOMBO-MATARA,2026-05-09T08:08:29.796Z,51.36,23.02,6.876886636418519,79.86110386179668,API_SIMULATION
NC-640,COLOMBO-JAFFNA,2026-05-09T08:08:29.796Z,69.18,3.95,6.943005209474896,79.83794597764182,API_SIMULATION
NC-710,COLOMBO-JAFFNA,2026-05-09T08:08:29.796Z,37.76,21.96,6.942159960333901,79.84873073110238,API_SIMULATION
WB-115,RAGAMA-COLOMBO,2026-05-09T08:08:29.796Z,26.58,15.66,6.8960312914006225,79.87373066941527,API_SIMULATION
CC-222,GAMPAHA-COLOMBO,2026-05-09T08:08:29.796Z,30.45,18.74,6.953255127922652,79.84052042980406,API_SIMULATION
SL-909,MATARA-COLOMBO,2026-05-09T08:08:29.796Z,78.67,4.18,6.954180339444004,79.87831553528818,API_SIMULATION
HS-808,KANDY-COLOMBO,2026-05-09T08:08:29.796Z,61.18,24.73,6.897550500492993,79.88675591385945,API_SIMULATION
NC-220,COLOMBO-JAFFNA,2026-05-09T08:08:59.809Z,54.63,12.37,6.874612089865996,79.88829533689342,API_SIMULATION
IC-101,COLOMBO-KANDY,2026-05-09T08:08:59.809Z,81.95,15.29,6.930623800971813,79.8814524135735,API_SIMULATION
CS-305,COLOMBO-GALLE,2026-05-09T08:08:59.809Z,53.33,17.83,6.92669858955352,79.84031532912947,API_SIMULATION
MC-520,COLOMBO-KANDY,2026-05-09T08:08:59.809Z,45.56,24.4,6.93992556619551,79.82269327755412,API_SIMULATION
CS-410,COLOMBO-MATARA,2026-05-09T08:08:59.809Z,80.6,17.05,6.918154015568671,79.81062052609116,API_SIMULATION
NC-640,COLOMBO-JAFFNA,2026-05-09T08:08:59.809Z,24.32,24.38,6.884296675372665,79.84084008621582,API_SIMULATION
NC-710,COLOMBO-JAFFNA,2026-05-09T08:08:59.809Z,36.2,10.2,6.924357007152219,79.81738744796257,API_SIMULATION
WB-115,RAGAMA-COLOMBO,2026-05-09T08:08:59.809Z,81.74,18.52,6.912562715675749,79.82369438029544,API_SIMULATION
CC-222,GAMPAHA-COLOMBO,2026-05-09T08:08:59.809Z,73.63,2.28,6.889955812648758,79.87708588963551,API_SIMULATION
SL-909,MATARA-COLOMBO,2026-05-09T08:08:59.809Z,23.75,19.05,6.9088988554183945,79.86172731241948,API_SIMULATION
HS-808,KANDY-COLOMBO,2026-05-09T08:08:59.809Z,84.78,15.62,6.966367195732744,79.8109584059143,API_SIMULATION
NC-220,COLOMBO-JAFFNA,2026-05-09T08:09:29.816Z,29.67,13.12,6.8766510870640865,79.91945795842908,API_SIMULATION
IC-101,COLOMBO-KANDY,2026-05-09T08:09:29.816Z,39.7,21.75,6.953687480752122,79.81479436712392,API_SIMULATION
CS-305,COLOMBO-GALLE,2026-05-09T08:09:29.816Z,56.42,14.56,6.930656466010859,79.90759022446439,API_SIMULATION
MC-520,COLOMBO-KANDY,2026-05-09T08:09:29.816Z,40.48,12.87,6.872131816490543,79.88449666872258,API_SIMULATION
CS-410,COLOMBO-MATARA,2026-05-09T08:09:29.816Z,22.96,4.87,6.958234008180887,79.84400930192665,API_SIMULATION
NC-640,COLOMBO-JAFFNA,2026-05-09T08:09:29.816Z,56.47,4.39,6.884327561284873,79.81197834627845,API_SIMULATION
NC-710,COLOMBO-JAFFNA,2026-05-09T08:09:29.816Z,59.99,3.49,6.886126351155367,79.89279598985851,API_SIMULATION
WB-115,RAGAMA-COLOMBO,2026-05-09T08:09:29.816Z,59.68,9.41,6.90313393701877,79.90709350545677,API_SIMULATION
CC-222,GAMPAHA-COLOMBO,2026-05-09T08:09:29.816Z,82.83,0.67,6.937717495518305,79.86545350608192,API_SIMULATION
SL-909,MATARA-COLOMBO,2026-05-09T08:09:29.816Z,45.18,8.85,6.973061418447798,79.80366492693287,API_SIMULATION
HS-808,KANDY-COLOMBO,2026-05-09T08:09:29.816Z,32.03,3.37,6.964370726673456,79.80270921229757,API_SIMULATION
NC-220,COLOMBO-JAFFNA,2026-05-09T08:09:59.832Z,30.7,0.07,6.86839478325587,79.89590319149795,API_SIMULATION
IC-101,COLOMBO-KANDY,2026-05-09T08:09:59.832Z,45.91,2.72,6.962822413473932,79.89509644172874,API_SIMULATION
CS-305,COLOMBO-GALLE,2026-05-09T08:09:59.832Z,49.12,12.31,6.9154385691706866,79.84160288211518,API_SIMULATION
MC-520,COLOMBO-KANDY,2026-05-09T08:09:59.832Z,25.68,11.02,6.87916177945164,79.88737556783151,API_SIMULATION
CS-410,COLOMBO-MATARA,2026-05-09T08:09:59.832Z,67.3,3.65,6.9040452086309845,79.83687166965834,API_SIMULATION
NC-640,COLOMBO-JAFFNA,2026-05-09T08:09:59.832Z,41.03,14.67,6.928101926112158,79.85072464782682,API_SIMULATION
NC-710,COLOMBO-JAFFNA,2026-05-09T08:09:59.832Z,22.77,17.56,6.875787484669067,79.8236851322497,API_SIMULATION
WB-115,RAGAMA-COLOMBO,2026-05-09T08:09:59.832Z,49.36,11.99,6.88486178777891,79.8035489795907,API_SIMULATION
CC-222,GAMPAHA-COLOMBO,2026-05-09T08:09:59.832Z,63.3,19.91,6.939803911779208,79.88372100447715,API_SIMULATION
SL-909,MATARA-COLOMBO,2026-05-09T08:09:59.832Z,32.64,1.89,6.966105541904686,79.90436892769821,API_SIMULATION
HS-808,KANDY-COLOMBO,2026-05-09T08:09:59.832Z,41.45,23.74,6.906273667576455,79.88912448509765,API_SIMULATION
NC-220,COLOMBO-JAFFNA,2026-05-09T08:10:29.828Z,65.93,17.44,6.919328164621234,79.82900866603347,API_SIMULATION
IC-101,COLOMBO-KANDY,2026-05-09T08:10:29.828Z,43,15.19,6.903310823823011,79.82183502540919,API_SIMULATION
CS-305,COLOMBO-GALLE,2026-05-09T08:10:29.828Z,66.62,20.14,6.963091203927057,79.86295705192093,API_SIMULATION
MC-520,COLOMBO-KANDY,2026-05-09T08:10:29.828Z,42.78,12.95,6.95091350827771,79.89539983439462,API_SIMULATION
CS-410,COLOMBO-MATARA,2026-05-09T08:10:29.828Z,57.78,4.07,6.879945759289618,79.82499495158125,API_SIMULATION
NC-640,COLOMBO-JAFFNA,2026-05-09T08:10:29.828Z,32.03,4.56,6.9778163619238125,79.8958170766076,API_SIMULATION
NC-710,COLOMBO-JAFFNA,2026-05-09T08:10:29.828Z,77.3,12.19,6.927454578819686,79.83831225815037,API_SIMULATION
WB-115,RAGAMA-COLOMBO,2026-05-09T08:10:29.828Z,72.76,3.59,6.8768251943912135,79.80436701553646,API_SIMULATION
CC-222,GAMPAHA-COLOMBO,2026-05-09T08:10:29.828Z,38.41,1.04,6.930482326324154,79.86273615657525,API_SIMULATION
SL-909,MATARA-COLOMBO,2026-05-09T08:10:29.828Z,63.93,22.94,6.909540020240259,79.90235101619993,API_SIMULATION
HS-808,KANDY-COLOMBO,2026-05-09T08:10:29.828Z,37.23,20.35,6.889577347386162,79.84198550677786,API_SIMULATION
NC-220,COLOMBO-JAFFNA,2026-05-09T08:10:59.830Z,51.88,12.99,6.94030684304741,79.87122824089451,API_SIMULATION
IC-101,COLOMBO-KANDY,2026-05-09T08:10:59.830Z,29.65,24.76,6.927062710224376,79.87608330450774,API_SIMULATION
CS-305,COLOMBO-GALLE,2026-05-09T08:10:59.830Z,22.23,4.69,6.8711636854092975,79.9070772909402,API_SIMULATION
MC-520,COLOMBO-KANDY,2026-05-09T08:10:59.830Z,24.44,13.94,6.952132740603944,79.87642794098844,API_SIMULATION
CS-410,COLOMBO-MATARA,2026-05-09T08:10:59.830Z,38.65,11.17,6.918140046190193,79.91228130537078,API_SIMULATION
NC-640,COLOMBO-JAFFNA,2026-05-09T08:10:59.830Z,55.02,17.28,6.947925088190591,79.86751506908519,API_SIMULATION
NC-710,COLOMBO-JAFFNA,2026-05-09T08:10:59.830Z,72.92,4.85,6.964975823463009,79.8566506028307,API_SIMULATION
WB-115,RAGAMA-COLOMBO,2026-05-09T08:10:59.830Z,45.53,18.35,6.922750740752994,79.80794264841435,API_SIMULATION
CC-222,GAMPAHA-COLOMBO,2026-05-09T08:10:59.830Z,31.94,22.13,6.9664192163011265,79.847902595406,API_SIMULATION
SL-909,MATARA-COLOMBO,2026-05-09T08:10:59.830Z,75.25,15.21,6.938390933312001,79.82043966874673,API_SIMULATION
HS-808,KANDY-COLOMBO,2026-05-09T08:10:59.830Z,34,10.66,6.95066336480497,79.83812970375702,API_SIMULATION
NC-220,COLOMBO-JAFFNA,2026-05-09T08:11:29.837Z,42.1,16.68,6.98198690953951,79.88973178230464,API_SIMULATION
IC-101,COLOMBO-KANDY,2026-05-09T08:11:29.837Z,75.71,21.56,6.9398494540562625,79.87132724364777,API_SIMULATION
CS-305,COLOMBO-GALLE,2026-05-09T08:11:29.837Z,25.6,9.59,6.894109424045136,79.86984023874305,API_SIMULATION
MC-520,COLOMBO-KANDY,2026-05-09T08:11:29.837Z,73.96,24.37,6.9356502696164934,79.81128597703022,API_SIMULATION
CS-410,COLOMBO-MATARA,2026-05-09T08:11:29.837Z,36.21,16.12,6.981301962998924,79.88873513846207,API_SIMULATION
NC-640,COLOMBO-JAFFNA,2026-05-09T08:11:29.837Z,39.37,20.19,6.947191507347292,79.8164863624315,API_SIMULATION
NC-710,COLOMBO-JAFFNA,2026-05-09T08:11:29.837Z,43.37,20.94,6.913126673929543,79.82185376046145,API_SIMULATION
WB-115,RAGAMA-COLOMBO,2026-05-09T08:11:29.837Z,61.54,10.99,6.976697534174489,79.84301730367005,API_SIMULATION
CC-222,GAMPAHA-COLOMBO,2026-05-09T08:11:29.837Z,59.88,19.4,6.973086401021973,79.83618488680774,API_SIMULATION
SL-909,MATARA-COLOMBO,2026-05-09T08:11:29.837Z,37.83,20.18,6.967590125044662,79.87223198330437,API_SIMULATION
HS-808,KANDY-COLOMBO,2026-05-09T08:11:29.837Z,83.75,0.81,6.881783427294691,79.86896800997644,API_SIMULATION
NC-220,COLOMBO-JAFFNA,2026-05-09T08:11:59.841Z,52.07,6.53,6.907123323242918,79.80527083989782,API_SIMULATION
IC-101,COLOMBO-KANDY,2026-05-09T08:11:59.841Z,57.96,11.69,6.8885939820887,79.91054115206605,API_SIMULATION
CS-305,COLOMBO-GALLE,2026-05-09T08:11:59.841Z,23.45,5.78,6.9165233573715925,79.81284922748011,API_SIMULATION
MC-520,COLOMBO-KANDY,2026-05-09T08:11:59.841Z,41.4,18.73,6.8963970580539815,79.84668161592762,API_SIMULATION
CS-410,COLOMBO-MATARA,2026-05-09T08:11:59.841Z,23.32,14.62,6.929679657506479,79.88858294363934,API_SIMULATION
NC-640,COLOMBO-JAFFNA,2026-05-09T08:11:59.841Z,25,5.62,6.913139516687717,79.8202397053466,API_SIMULATION
NC-710,COLOMBO-JAFFNA,2026-05-09T08:11:59.841Z,51.8,12.88,6.92043846788299,79.87431795940788,API_SIMULATION
WB-115,RAGAMA-COLOMBO,2026-05-09T08:11:59.841Z,73.53,24.84,6.976251390688162,79.81499392808439,API_SIMULATION
CC-222,GAMPAHA-COLOMBO,2026-05-09T08:11:59.841Z,41.36,5.18,6.8914514208684965,79.89138502313413,API_SIMULATION
SL-909,MATARA-COLOMBO,2026-05-09T08:11:59.841Z,30.67,15.52,6.894453908691861,79.86321867403016,API_SIMULATION
HS-808,KANDY-COLOMBO,2026-05-09T08:11:59.841Z,56.83,20.12,6.984460274194474,79.86318511901615,API_SIMULATION
NC-220,COLOMBO-JAFFNA,2026-05-09T08:12:29.843Z,58.49,3.18,6.87765146468059,79.8341098121802,API_SIMULATION
IC-101,COLOMBO-KANDY,2026-05-09T08:12:29.843Z,29.12,5.85,6.965639905765417,79.82908100893536,API_SIMULATION
CS-305,COLOMBO-GALLE,2026-05-09T08:12:29.843Z,76.36,11.4,6.876441385851555,79.80611794301049,API_SIMULATION
MC-520,COLOMBO-KANDY,2026-05-09T08:12:29.843Z,47.02,7.71,6.95709643729994,79.8354826153202,API_SIMULATION
CS-410,COLOMBO-MATARA,2026-05-09T08:12:29.843Z,40.04,10.77,6.8805771307742685,79.84611997796382,API_SIMULATION
NC-640,COLOMBO-JAFFNA,2026-05-09T08:12:29.843Z,71.16,0.37,6.971455271246175,79.80976735661334,API_SIMULATION
NC-710,COLOMBO-JAFFNA,2026-05-09T08:12:29.843Z,53.44,23.98,6.876946569942144,79.81452312113689,API_SIMULATION
WB-115,RAGAMA-COLOMBO,2026-05-09T08:12:29.843Z,72.34,11.42,6.8979099083375255,79.81663280956501,API_SIMULATION
CC-222,GAMPAHA-COLOMBO,2026-05-09T08:12:29.843Z,84.46,10.77,6.91614673986692,79.84658099508259,API_SIMULATION
SL-909,MATARA-COLOMBO,2026-05-09T08:12:29.843Z,73.79,16.8,6.974897688209332,79.82018298225432,API_SIMULATION
HS-808,KANDY-COLOMBO,2026-05-09T08:12:29.843Z,32.31,17.72,6.899624341360489,79.81200325118219,API_SIMULATION
NC-220,COLOMBO-JAFFNA,2026-05-09T08:12:59.852Z,30.9,15.26,6.88792100241148,79.85220231113432,API_SIMULATION
IC-101,COLOMBO-KANDY,2026-05-09T08:12:59.852Z,59.48,0.55,6.902615910476286,79.9034398861065,API_SIMULATION
CS-305,COLOMBO-GALLE,2026-05-09T08:12:59.852Z,33.36,10.28,6.9410860627733015,79.87605607667477,API_SIMULATION
MC-520,COLOMBO-KANDY,2026-05-09T08:12:59.852Z,60.91,23.75,6.936241117211876,79.81680900961125,API_SIMULATION
CS-410,COLOMBO-MATARA,2026-05-09T08:12:59.852Z,50.79,15.5,6.91044992739242,79.85567982583676,API_SIMULATION
NC-640,COLOMBO-JAFFNA,2026-05-09T08:12:59.852Z,22.33,17.76,6.913930198277985,79.86855983060565,API_SIMULATION
NC-710,COLOMBO-JAFFNA,2026-05-09T08:12:59.852Z,38.78,14.39,6.869489512909511,79.82082011715752,API_SIMULATION
WB-115,RAGAMA-COLOMBO,2026-05-09T08:12:59.852Z,78.74,2.85,6.9433299398799795,79.89387751629263,API_SIMULATION
CC-222,GAMPAHA-COLOMBO,2026-05-09T08:12:59.852Z,55.99,7.69,6.867325622779315,79.91323163640511,API_SIMULATION
SL-909,MATARA-COLOMBO,2026-05-09T08:12:59.852Z,50.68,5,6.925510671572599,79.84681147678953,API_SIMULATION
HS-808,KANDY-COLOMBO,2026-05-09T08:12:59.852Z,50.74,19.37,6.937205100811171,79.86656958473398,API_SIMULATION
NC-220,COLOMBO-JAFFNA,2026-05-09T08:13:29.862Z,23.01,14.59,6.9231457234232465,79.81178645229718,API_SIMULATION
IC-101,COLOMBO-KANDY,2026-05-09T08:13:29.862Z,40.09,10.23,6.9508558508053255,79.85355879826257,API_SIMULATION
CS-305,COLOMBO-GALLE,2026-05-09T08:13:29.862Z,45.62,19.15,6.87824477251358,79.86747765577745,API_SIMULATION
MC-520,COLOMBO-KANDY,2026-05-09T08:13:29.862Z,36.6,17.8,6.909428363452556,79.9005030639091,API_SIMULATION
CS-410,COLOMBO-MATARA,2026-05-09T08:13:29.862Z,73.02,8.42,6.917346954684963,79.90061502623787,API_SIMULATION
NC-640,COLOMBO-JAFFNA,2026-05-09T08:13:29.862Z,25.57,17.72,6.972650585986057,79.8669863507007,API_SIMULATION
NC-710,COLOMBO-JAFFNA,2026-05-09T08:13:29.862Z,45.91,22.5,6.90103347368651,79.88696102681106,API_SIMULATION
WB-115,RAGAMA-COLOMBO,2026-05-09T08:13:29.862Z,59.65,22.96,6.921392205539619,79.84319184604756,API_SIMULATION
CC-222,GAMPAHA-COLOMBO,2026-05-09T08:13:29.862Z,58.97,13.36,6.900346831372889,79.88895528558406,API_SIMULATION
SL-909,MATARA-COLOMBO,2026-05-09T08:13:29.862Z,71.32,20.85,6.934893798934914,79.86334686316839,API_SIMULATION
HS-808,KANDY-COLOMBO,2026-05-09T08:13:29.862Z,48.2,11.88,6.950022189121996,79.83029829651254,API_SIMULATION
NC-220,COLOMBO-JAFFNA,2026-05-09T08:13:59.867Z,28.65,3.54,6.875485783908285,79.85474258685139,API_SIMULATION
IC-101,COLOMBO-KANDY,2026-05-09T08:13:59.867Z,31.97,3.06,6.92190222501637,79.90964140601477,API_SIMULATION
CS-305,COLOMBO-GALLE,2026-05-09T08:13:59.867Z,80.62,22.14,6.932228464881967,79.87672693184598,API_SIMULATION
MC-520,COLOMBO-KANDY,2026-05-09T08:13:59.867Z,58.36,4.87,6.88824185042759,79.80306805913227,API_SIMULATION
CS-410,COLOMBO-MATARA,2026-05-09T08:13:59.867Z,50.21,23.86,6.964567221847875,79.9086242320917,API_SIMULATION
NC-640,COLOMBO-JAFFNA,2026-05-09T08:13:59.867Z,24.92,8.87,6.9117613522144135,79.86733854143816,API_SIMULATION
NC-710,COLOMBO-JAFFNA,2026-05-09T08:13:59.867Z,72.41,8.95,6.945270593503179,79.8741699097403,API_SIMULATION
WB-115,RAGAMA-COLOMBO,2026-05-09T08:13:59.867Z,64.84,14.47,6.873868505651384,79.83507434171177,API_SIMULATION
CC-222,GAMPAHA-COLOMBO,2026-05-09T08:13:59.867Z,53.02,18.77,6.927866126358393,79.84426758365271,API_SIMULATION
SL-909,MATARA-COLOMBO,2026-05-09T08:13:59.867Z,37.16,21.67,6.9104855751841265,79.80191250363643,API_SIMULATION
HS-808,KANDY-COLOMBO,2026-05-09T08:13:59.867Z,77.27,3.62,6.903658172813158,79.8863654741366,API_SIMULATION
NC-220,COLOMBO-JAFFNA,2026-05-09T08:14:29.878Z,80.31,21.77,6.869760057204446,79.89170821611752,API_SIMULATION
IC-101,COLOMBO-KANDY,2026-05-09T08:14:29.878Z,69.94,9.87,6.986213649498605,79.85468373876513,API_SIMULATION
CS-305,COLOMBO-GALLE,2026-05-09T08:14:29.878Z,62.34,22.36,6.896414862852043,79.83866285075807,API_SIMULATION
MC-520,COLOMBO-KANDY,2026-05-09T08:14:29.878Z,31.44,12.65,6.889721184745974,79.83281422624398,API_SIMULATION
CS-410,COLOMBO-MATARA,2026-05-09T08:14:29.878Z,65.88,12.66,6.878124026165105,79.90223392490249,API_SIMULATION
NC-640,COLOMBO-JAFFNA,2026-05-09T08:14:29.878Z,55.54,10.74,6.912933825839548,79.80151422441585,API_SIMULATION
NC-710,COLOMBO-JAFFNA,2026-05-09T08:14:29.878Z,21.97,5.32,6.952442651666789,79.80121470342844,API_SIMULATION
WB-115,RAGAMA-COLOMBO,2026-05-09T08:14:29.878Z,77.59,24.46,6.878291312108824,79.83833292262956,API_SIMULATION
CC-222,GAMPAHA-COLOMBO,2026-05-09T08:14:29.878Z,49.85,5.6,6.9575641508409705,79.86084005859972,API_SIMULATION
SL-909,MATARA-COLOMBO,2026-05-09T08:14:29.878Z,53.82,8.52,6.942236299117509,79.81787120545417,API_SIMULATION
HS-808,KANDY-COLOMBO,2026-05-09T08:14:29.878Z,34.28,6.78,6.966023908381004,79.88346602799068,API_SIMULATION
NC-220,COLOMBO-JAFFNA,2026-05-09T08:14:59.877Z,66.48,2.53,6.903109484131661,79.88805593163434,API_SIMULATION
IC-101,COLOMBO-KANDY,2026-05-09T08:14:59.877Z,65.42,21.62,6.926521100206667,79.84772000450302,API_SIMULATION
CS-305,COLOMBO-GALLE,2026-05-09T08:14:59.877Z,40.19,6.72,6.895240733273051,79.83739903096921,API_SIMULATION
MC-520,COLOMBO-KANDY,2026-05-09T08:14:59.877Z,34.65,21.79,6.971460115054044,79.9011471804113,API_SIMULATION
CS-410,COLOMBO-MATARA,2026-05-09T08:14:59.877Z,81.38,20.39,6.86957280130827,79.88359210309216,API_SIMULATION
NC-640,COLOMBO-JAFFNA,2026-05-09T08:14:59.877Z,25.87,15.16,6.887908421884984,79.90241200803776,API_SIMULATION
NC-710,COLOMBO-JAFFNA,2026-05-09T08:14:59.877Z,24.38,1.57,6.960570944346949,79.9101543300238,API_SIMULATION
WB-115,RAGAMA-COLOMBO,2026-05-09T08:14:59.877Z,69.45,20.87,6.896751110026905,79.90378937300262,API_SIMULATION
CC-222,GAMPAHA-COLOMBO,2026-05-09T08:14:59.877Z,76.38,5.25,6.98471295220975,79.88805873393486,API_SIMULATION
SL-909,MATARA-COLOMBO,2026-05-09T08:14:59.877Z,69.01,1.56,6.959110467114833,79.89468085233315,API_SIMULATION
HS-808,KANDY-COLOMBO,2026-05-09T08:14:59.877Z,72.47,15.1,6.887828902337241,79.84255727964405,API_SIMULATION
NC-220,COLOMBO-JAFFNA,2026-05-09T08:15:29.886Z,34.12,2.36,6.946609889367827,79.80454177785201,API_SIMULATION
IC-101,COLOMBO-KANDY,2026-05-09T08:15:29.886Z,76.62,8.36,6.91868768073037,79.90108244014912,API_SIMULATION
CS-305,COLOMBO-GALLE,2026-05-09T08:15:29.886Z,35.75,8.56,6.893128033162289,79.88557821631085,API_SIMULATION
MC-520,COLOMBO-KANDY,2026-05-09T08:15:29.886Z,38.56,16.63,6.8746582437068104,79.8917902365741,API_SIMULATION
CS-410,COLOMBO-MATARA,2026-05-09T08:15:29.886Z,69.16,14.16,6.925387336239885,79.82372217058916,API_SIMULATION
NC-640,COLOMBO-JAFFNA,2026-05-09T08:15:29.886Z,39.59,20.6,6.930486582980673,79.8875027670895,API_SIMULATION
NC-710,COLOMBO-JAFFNA,2026-05-09T08:15:29.886Z,50.79,11.35,6.878927520362496,79.9102689059062,API_SIMULATION
WB-115,RAGAMA-COLOMBO,2026-05-09T08:15:29.886Z,82.59,6.56,6.918432208452067,79.90215252239796,API_SIMULATION
CC-222,GAMPAHA-COLOMBO,2026-05-09T08:15:29.886Z,48.48,3.88,6.869977079864366,79.9022937820369,API_SIMULATION
SL-909,MATARA-COLOMBO,2026-05-09T08:15:29.886Z,84.79,9.33,6.898998811734766,79.92091606653267,API_SIMULATION
HS-808,KANDY-COLOMBO,2026-05-09T08:15:29.886Z,44.8,24.95,6.913307060514479,79.80407762018982,API_SIMULATION
NC-220,COLOMBO-JAFFNA,2026-05-09T08:15:59.893Z,42.83,15.57,6.919118105233977,79.83222883565898,API_SIMULATION
IC-101,COLOMBO-KANDY,2026-05-09T08:15:59.893Z,50.39,6.5,6.972691296014942,79.82341983887028,API_SIMULATION
CS-305,COLOMBO-GALLE,2026-05-09T08:15:59.893Z,49.98,21.08,6.872727132682293,79.86709815270339,API_SIMULATION
MC-520,COLOMBO-KANDY,2026-05-09T08:15:59.893Z,30.82,8.57,6.877131657674295,79.85483298927471,API_SIMULATION
CS-410,COLOMBO-MATARA,2026-05-09T08:15:59.893Z,44.04,16.38,6.877790292609311,79.83985254985252,API_SIMULATION
NC-640,COLOMBO-JAFFNA,2026-05-09T08:15:59.893Z,77.71,3.23,6.898901996778879,79.82338100729332,API_SIMULATION
NC-710,COLOMBO-JAFFNA,2026-05-09T08:15:59.893Z,53.6,18.16,6.984388780720545,79.91736943538375,API_SIMULATION
WB-115,RAGAMA-COLOMBO,2026-05-09T08:15:59.893Z,58.8,9.92,6.8834682917004075,79.90109860016655,API_SIMULATION
CC-222,GAMPAHA-COLOMBO,2026-05-09T08:15:59.893Z,75.44,12.42,6.921615158825825,79.90014518510269,API_SIMULATION
SL-909,MATARA-COLOMBO,2026-05-09T08:15:59.893Z,35.48,1.44,6.920508003126711,79.8444618330357,API_SIMULATION
HS-808,KANDY-COLOMBO,2026-05-09T08:15:59.893Z,67.71,7.96,6.950362207552863,79.83651093055191,API_SIMULATION
NC-220,COLOMBO-JAFFNA,2026-05-09T08:16:29.895Z,21.11,7.1,6.8880837845059935,79.91754218962208,API_SIMULATION
IC-101,COLOMBO-KANDY,2026-05-09T08:16:29.895Z,47.6,6.66,6.954214502215913,79.87383315324949,API_SIMULATION
CS-305,COLOMBO-GALLE,2026-05-09T08:16:29.895Z,39.27,20.11,6.8929882066827,79.88254576134054,API_SIMULATION
MC-520,COLOMBO-KANDY,2026-05-09T08:16:29.895Z,78.72,2.46,6.868212376022369,79.85687774855178,API_SIMULATION
CS-410,COLOMBO-MATARA,2026-05-09T08:16:29.895Z,71.28,2.54,6.907099161194479,79.90511553740215,API_SIMULATION
NC-640,COLOMBO-JAFFNA,2026-05-09T08:16:29.895Z,21.65,5.84,6.9577698111584025,79.8444107810291,API_SIMULATION
NC-710,COLOMBO-JAFFNA,2026-05-09T08:16:29.896Z,55.51,24.78,6.931393540144236,79.8851407397426,API_SIMULATION
WB-115,RAGAMA-COLOMBO,2026-05-09T08:16:29.896Z,64.72,6.27,6.986762857660411,79.83072076770603,API_SIMULATION
CC-222,GAMPAHA-COLOMBO,2026-05-09T08:16:29.896Z,77.42,16.26,6.879215521417949,79.82009242807213,API_SIMULATION
SL-909,MATARA-COLOMBO,2026-05-09T08:16:29.896Z,57.78,15.84,6.909248647372907,79.81464906649711,API_SIMULATION
HS-808,KANDY-COLOMBO,2026-05-09T08:16:29.896Z,61.74,15.06,6.955585702642507,79.86068526442445,API_SIMULATION
NC-220,COLOMBO-JAFFNA,2026-05-09T08:16:59.898Z,57.37,8.42,6.93602799423843,79.89087878884459,API_SIMULATION
IC-101,COLOMBO-KANDY,2026-05-09T08:16:59.898Z,25.12,12.13,6.964158590951342,79.8600267501554,API_SIMULATION
CS-305,COLOMBO-GALLE,2026-05-09T08:16:59.898Z,54.93,6.45,6.870203600264351,79.80648468768456,API_SIMULATION
MC-520,COLOMBO-KANDY,2026-05-09T08:16:59.898Z,34.93,0.89,6.903276352464791,79.85437201843439,API_SIMULATION
CS-410,COLOMBO-MATARA,2026-05-09T08:16:59.898Z,27.22,8.23,6.910943194546659,79.89316252676726,API_SIMULATION
NC-640,COLOMBO-JAFFNA,2026-05-09T08:16:59.898Z,57.94,14.21,6.867819862305762,79.90003045476249,API_SIMULATION
NC-710,COLOMBO-JAFFNA,2026-05-09T08:16:59.898Z,67.41,21.55,6.986728215714364,79.90005215858028,API_SIMULATION
WB-115,RAGAMA-COLOMBO,2026-05-09T08:16:59.898Z,80.32,5.77,6.914226534226511,79.81163464681558,API_SIMULATION
CC-222,GAMPAHA-COLOMBO,2026-05-09T08:16:59.898Z,55.92,21.28,6.982789536450494,79.92088398853363,API_SIMULATION
SL-909,MATARA-COLOMBO,2026-05-09T08:16:59.898Z,31.66,2.82,6.87287135240287,79.90563499152151,API_SIMULATION
HS-808,KANDY-COLOMBO,2026-05-09T08:16:59.898Z,65.24,14.43,6.882735049686875,79.88775756740553,API_SIMULATION
NC-220,COLOMBO-JAFFNA,2026-05-09T08:17:29.914Z,33.82,13.13,6.937680146243742,79.86163336662173,API_SIMULATION
IC-101,COLOMBO-KANDY,2026-05-09T08:17:29.914Z,62.08,17.59,6.97273736427846,79.84196121131471,API_SIMULATION
CS-305,COLOMBO-GALLE,2026-05-09T08:17:29.914Z,43,0.96,6.937749768575149,79.84989890600097,API_SIMULATION
MC-520,COLOMBO-KANDY,2026-05-09T08:17:29.914Z,35.14,21.98,6.86717681033051,79.9132072446256,API_SIMULATION
CS-410,COLOMBO-MATARA,2026-05-09T08:17:29.914Z,29.18,23.09,6.9723307079257175,79.91063631515539,API_SIMULATION
NC-640,COLOMBO-JAFFNA,2026-05-09T08:17:29.914Z,21.02,9.84,6.933925063540555,79.85057526291148,API_SIMULATION
NC-710,COLOMBO-JAFFNA,2026-05-09T08:17:29.914Z,33.7,4.55,6.879570851949184,79.91496250577717,API_SIMULATION
WB-115,RAGAMA-COLOMBO,2026-05-09T08:17:29.914Z,28.27,18.04,6.9265982184001915,79.8622074208496,API_SIMULATION
CC-222,GAMPAHA-COLOMBO,2026-05-09T08:17:29.914Z,84.54,0.75,6.898764498454904,79.8912128779125,API_SIMULATION
SL-909,MATARA-COLOMBO,2026-05-09T08:17:29.915Z,26.31,10.92,6.959627358924691,79.87265830184505,API_SIMULATION
HS-808,KANDY-COLOMBO,2026-05-09T08:17:29.915Z,46.4,7.71,6.975668108617711,79.85052938404962,API_SIMULATION
NC-220,COLOMBO-JAFFNA,2026-05-09T08:17:59.924Z,34.44,8.93,6.905001020685262,79.80727469663603,API_SIMULATION
IC-101,COLOMBO-KANDY,2026-05-09T08:17:59.924Z,50.65,23.31,6.892776290033462,79.81203132475873,API_SIMULATION
CS-305,COLOMBO-GALLE,2026-05-09T08:17:59.924Z,61.87,20.4,6.925504398400682,79.91475230391046,API_SIMULATION
MC-520,COLOMBO-KANDY,2026-05-09T08:17:59.924Z,27.24,8.09,6.869263188549142,79.83727978242544,API_SIMULATION
CS-410,COLOMBO-MATARA,2026-05-09T08:17:59.924Z,48.61,15.48,6.881714815670925,79.88478554361447,API_SIMULATION
NC-640,COLOMBO-JAFFNA,2026-05-09T08:17:59.924Z,24.05,14.15,6.957966435618296,79.88518057828387,API_SIMULATION
NC-710,COLOMBO-JAFFNA,2026-05-09T08:17:59.924Z,58.1,24.12,6.9257545846392885,79.82177372723551,API_SIMULATION
WB-115,RAGAMA-COLOMBO,2026-05-09T08:17:59.924Z,69.3,6.39,6.880883120470313,79.83908938135032,API_SIMULATION
CC-222,GAMPAHA-COLOMBO,2026-05-09T08:17:59.924Z,45.6,16.61,6.886894813954665,79.91158426638724,API_SIMULATION
SL-909,MATARA-COLOMBO,2026-05-09T08:17:59.924Z,52.52,11.13,6.898186862852589,79.88018703937605,API_SIMULATION
HS-808,KANDY-COLOMBO,2026-05-09T08:17:59.924Z,21.62,8.47,6.8945147909688105,79.8033493049962,API_SIMULATION
NC-220,COLOMBO-JAFFNA,2026-05-09T08:18:29.925Z,22.49,14.47,6.871853820442079,79.84518375041505,API_SIMULATION
IC-101,COLOMBO-KANDY,2026-05-09T08:18:29.925Z,74.06,21.16,6.937393218212346,79.88381211912584,API_SIMULATION
CS-305,COLOMBO-GALLE,2026-05-09T08:18:29.925Z,22.95,9.46,6.910960773027239,79.86508522645167,API_SIMULATION
MC-520,COLOMBO-KANDY,2026-05-09T08:18:29.925Z,38.25,8.14,6.958723760885544,79.80394353003885,API_SIMULATION
CS-410,COLOMBO-MATARA,2026-05-09T08:18:29.925Z,28.39,17.94,6.907660685989385,79.85535962880405,API_SIMULATION
NC-640,COLOMBO-JAFFNA,2026-05-09T08:18:29.925Z,41.7,8.48,6.893550371765436,79.84954649431842,API_SIMULATION
NC-710,COLOMBO-JAFFNA,2026-05-09T08:18:29.925Z,70.78,9.35,6.9433028328358635,79.82018096838253,API_SIMULATION
WB-115,RAGAMA-COLOMBO,2026-05-09T08:18:29.925Z,52.15,6.77,6.970375561106763,79.82068420523461,API_SIMULATION
CC-222,GAMPAHA-COLOMBO,2026-05-09T08:18:29.925Z,25.91,8.16,6.973094315032889,79.9051717695035,API_SIMULATION
SL-909,MATARA-COLOMBO,2026-05-09T08:18:29.925Z,20.76,24.04,6.919935696408076,79.85860438483655,API_SIMULATION
HS-808,KANDY-COLOMBO,2026-05-09T08:18:29.925Z,34.46,5.89,6.89472472160066,79.84552469231902,API_SIMULATION
NC-220,COLOMBO-JAFFNA,2026-05-09T08:18:59.935Z,25.98,6.68,6.872460772705096,79.83715064853796,API_SIMULATION
IC-101,COLOMBO-KANDY,2026-05-09T08:18:59.936Z,26.7,21.82,6.876521776537929,79.86326159346574,API_SIMULATION
CS-305,COLOMBO-GALLE,2026-05-09T08:18:59.936Z,30.01,12.61,6.867984110925145,79.81907813145759,API_SIMULATION
MC-520,COLOMBO-KANDY,2026-05-09T08:18:59.936Z,47.54,22.91,6.927569856742468,79.84792442993589,API_SIMULATION
CS-410,COLOMBO-MATARA,2026-05-09T08:18:59.936Z,38.68,23.06,6.913390019951437,79.81447816834962,API_SIMULATION
NC-640,COLOMBO-JAFFNA,2026-05-09T08:18:59.936Z,30.99,16.1,6.877379974850947,79.87745646624924,API_SIMULATION
NC-710,COLOMBO-JAFFNA,2026-05-09T08:18:59.936Z,41.35,10.59,6.96776595544793,79.8365463395752,API_SIMULATION
WB-115,RAGAMA-COLOMBO,2026-05-09T08:18:59.936Z,30.25,4.06,6.878969938096408,79.83696403462014,API_SIMULATION
CC-222,GAMPAHA-COLOMBO,2026-05-09T08:18:59.936Z,79.29,23.35,6.922532018115165,79.91331580311673,API_SIMULATION
SL-909,MATARA-COLOMBO,2026-05-09T08:18:59.936Z,30.97,7.34,6.874428542121407,79.87945417434427,API_SIMULATION
HS-808,KANDY-COLOMBO,2026-05-09T08:18:59.936Z,75.73,0.73,6.868959689224085,79.84528940919506,API_SIMULATION
NC-220,COLOMBO-JAFFNA,2026-05-09T08:19:29.947Z,21.42,20.35,6.97114364346831,79.87683592649066,API_SIMULATION
IC-101,COLOMBO-KANDY,2026-05-09T08:19:29.947Z,30.27,17.79,6.90168469105105,79.88284594484642,API_SIMULATION
CS-305,COLOMBO-GALLE,2026-05-09T08:19:29.947Z,20.06,10.39,6.946778149799528,79.80400716565495,API_SIMULATION
MC-520,COLOMBO-KANDY,2026-05-09T08:19:29.947Z,21.36,22.93,6.884688447981603,79.81742024670801,API_SIMULATION
CS-410,COLOMBO-MATARA,2026-05-09T08:19:29.947Z,55.67,5.2,6.954965874028503,79.8404592574528,API_SIMULATION
NC-640,COLOMBO-JAFFNA,2026-05-09T08:19:29.947Z,27,2.54,6.943049936694877,79.84024035712524,API_SIMULATION
NC-710,COLOMBO-JAFFNA,2026-05-09T08:19:29.947Z,84.9,22.87,6.968932119165177,79.86771462509155,API_SIMULATION
WB-115,RAGAMA-COLOMBO,2026-05-09T08:19:29.947Z,61.07,14.89,6.8924895882803545,79.80232529566823,API_SIMULATION
CC-222,GAMPAHA-COLOMBO,2026-05-09T08:19:29.947Z,74.11,9.5,6.95783367098088,79.89448434878541,API_SIMULATION
SL-909,MATARA-COLOMBO,2026-05-09T08:19:29.947Z,52.53,5.4,6.943256900243555,79.81460560732846,API_SIMULATION
HS-808,KANDY-COLOMBO,2026-05-09T08:19:29.947Z,70.09,4.02,6.878376541667711,79.87883006032563,API_SIMULATION
NC-220,COLOMBO-JAFFNA,2026-05-09T08:19:59.950Z,81.85,4.37,6.876618339715797,79.89447501272404,API_SIMULATION
IC-101,COLOMBO-KANDY,2026-05-09T08:19:59.950Z,30.95,6.43,6.94791593516144,79.88778820467515,API_SIMULATION
CS-305,COLOMBO-GALLE,2026-05-09T08:19:59.950Z,21.07,8.26,6.913158152745434,79.85252924516233,API_SIMULATION
MC-520,COLOMBO-KANDY,2026-05-09T08:19:59.950Z,67.07,24.07,6.92587660295332,79.84837446759386,API_SIMULATION
CS-410,COLOMBO-MATARA,2026-05-09T08:19:59.950Z,27.24,3.11,6.913221503097467,79.8887053908718,API_SIMULATION
NC-640,COLOMBO-JAFFNA,2026-05-09T08:19:59.950Z,57.98,23.44,6.8778727310367085,79.89006630114453,API_SIMULATION
NC-710,COLOMBO-JAFFNA,2026-05-09T08:19:59.950Z,80.94,16.32,6.8762453065656555,79.8882210078075,API_SIMULATION
WB-115,RAGAMA-COLOMBO,2026-05-09T08:19:59.950Z,36.49,18.64,6.867780908622246,79.89703672162766,API_SIMULATION
CC-222,GAMPAHA-COLOMBO,2026-05-09T08:19:59.950Z,72.48,6.33,6.8919025153214415,79.80674133663841,API_SIMULATION
SL-909,MATARA-COLOMBO,2026-05-09T08:19:59.950Z,53.48,24.73,6.949724050935978,79.83325781517088,API_SIMULATION
HS-808,KANDY-COLOMBO,2026-05-09T08:19:59.950Z,32.02,24.55,6.975149051059739,79.83096605617949,API_SIMULATION
NC-220,COLOMBO-JAFFNA,2026-05-09T08:20:29.963Z,38.78,6.22,6.966695506081334,79.88972758279971,API_SIMULATION
IC-101,COLOMBO-KANDY,2026-05-09T08:20:29.963Z,79.75,1.28,6.969636883764653,79.83194029888318,API_SIMULATION
CS-305,COLOMBO-GALLE,2026-05-09T08:20:29.963Z,44.75,1.16,6.886659757660486,79.86804380528686,API_SIMULATION
MC-520,COLOMBO-KANDY,2026-05-09T08:20:29.963Z,74.7,5.79,6.869721981155821,79.90697360540238,API_SIMULATION
CS-410,COLOMBO-MATARA,2026-05-09T08:20:29.963Z,63.93,15.25,6.900140039587145,79.81026550071196,API_SIMULATION
NC-640,COLOMBO-JAFFNA,2026-05-09T08:20:29.963Z,82.72,7.42,6.872758584683047,79.87084289214148,API_SIMULATION
NC-710,COLOMBO-JAFFNA,2026-05-09T08:20:29.963Z,31.16,17.03,6.883410007264785,79.88091798079874,API_SIMULATION
WB-115,RAGAMA-COLOMBO,2026-05-09T08:20:29.963Z,34.56,13.7,6.888741787401242,79.90497912088257,API_SIMULATION
CC-222,GAMPAHA-COLOMBO,2026-05-09T08:20:29.963Z,47.38,6.25,6.9182943228455445,79.86999436186015,API_SIMULATION
SL-909,MATARA-COLOMBO,2026-05-09T08:20:29.963Z,64.72,4.53,6.879744876328151,79.90103905713822,API_SIMULATION
HS-808,KANDY-COLOMBO,2026-05-09T08:20:29.963Z,39.65,11.54,6.970266167496025,79.81393743026122,API_SIMULATION
NC-220,COLOMBO-JAFFNA,2026-05-09T08:20:59.969Z,20.38,13.24,6.940141947134173,79.84166012496472,API_SIMULATION
IC-101,COLOMBO-KANDY,2026-05-09T08:20:59.969Z,43.76,16.24,6.867994954928437,79.86698378734077,API_SIMULATION
CS-305,COLOMBO-GALLE,2026-05-09T08:20:59.969Z,56.14,11.34,6.945082847113662,79.85583491614003,API_SIMULATION
MC-520,COLOMBO-KANDY,2026-05-09T08:20:59.969Z,60.38,11.07,6.871978406644709,79.81779448190639,API_SIMULATION
CS-410,COLOMBO-MATARA,2026-05-09T08:20:59.969Z,50.21,20.66,6.904535624723042,79.8516346608981,API_SIMULATION
NC-640,COLOMBO-JAFFNA,2026-05-09T08:20:59.969Z,83.46,15.33,6.909368112196729,79.90961852807756,API_SIMULATION
NC-710,COLOMBO-JAFFNA,2026-05-09T08:20:59.969Z,63.41,16.87,6.980473318834354,79.83757973968198,API_SIMULATION
WB-115,RAGAMA-COLOMBO,2026-05-09T08:20:59.969Z,31.53,13.3,6.903023488247459,79.89210779017569,API_SIMULATION
CC-222,GAMPAHA-COLOMBO,2026-05-09T08:20:59.969Z,79.05,3.31,6.878780490291946,79.9192553686856,API_SIMULATION
SL-909,MATARA-COLOMBO,2026-05-09T08:20:59.969Z,55.24,12.33,6.883979074967673,79.85438892653553,API_SIMULATION
HS-808,KANDY-COLOMBO,2026-05-09T08:20:59.969Z,57.44,24.89,6.958941490070402,79.80385905934276,API_SIMULATION
NC-220,COLOMBO-JAFFNA,2026-05-09T08:21:29.979Z,82.64,19.04,6.931481718690686,79.85762907986964,API_SIMULATION
IC-101,COLOMBO-KANDY,2026-05-09T08:21:29.979Z,26.09,14.63,6.921084831939835,79.8638794224453,API_SIMULATION
CS-305,COLOMBO-GALLE,2026-05-09T08:21:29.979Z,20.02,15.39,6.97866766422786,79.91363642203872,API_SIMULATION
MC-520,COLOMBO-KANDY,2026-05-09T08:21:29.979Z,52.79,15.85,6.954889481863119,79.90235361130412,API_SIMULATION
CS-410,COLOMBO-MATARA,2026-05-09T08:21:29.979Z,64.12,3.67,6.895815465211761,79.80814784502054,API_SIMULATION
NC-640,COLOMBO-JAFFNA,2026-05-09T08:21:29.979Z,27.59,4.55,6.97428620089859,79.89186822053738,API_SIMULATION
NC-710,COLOMBO-JAFFNA,2026-05-09T08:21:29.979Z,38.91,6.02,6.86982366090531,79.85478543416934,API_SIMULATION
WB-115,RAGAMA-COLOMBO,2026-05-09T08:21:29.979Z,21.83,2.41,6.910849552680332,79.84571232781039,API_SIMULATION
CC-222,GAMPAHA-COLOMBO,2026-05-09T08:21:29.979Z,75.73,4.62,6.961472643147781,79.89208119596871,API_SIMULATION
SL-909,MATARA-COLOMBO,2026-05-09T08:21:29.979Z,43.28,2.06,6.954571715900329,79.83519066730929,API_SIMULATION
HS-808,KANDY-COLOMBO,2026-05-09T08:21:29.979Z,31.04,6.6,6.951662317045538,79.86583056791136,API_SIMULATION
NC-220,COLOMBO-JAFFNA,2026-05-09T08:21:59.989Z,72.25,6.1,6.897648072126721,79.80567491231453,API_SIMULATION
IC-101,COLOMBO-KANDY,2026-05-09T08:21:59.989Z,25.38,23.98,6.894767220053349,79.90416583944223,API_SIMULATION
CS-305,COLOMBO-GALLE,2026-05-09T08:21:59.989Z,41.22,12.34,6.942757203414347,79.82723679173361,API_SIMULATION
MC-520,COLOMBO-KANDY,2026-05-09T08:21:59.989Z,24.61,8.63,6.971831478928307,79.81614452112483,API_SIMULATION
CS-410,COLOMBO-MATARA,2026-05-09T08:21:59.989Z,55.05,2.46,6.971292815604392,79.83500508621638,API_SIMULATION
NC-640,COLOMBO-JAFFNA,2026-05-09T08:21:59.989Z,20.22,14.44,6.876506725694689,79.8488812421105,API_SIMULATION
NC-710,COLOMBO-JAFFNA,2026-05-09T08:21:59.989Z,76.21,3.55,6.935069581907702,79.81859922746945,API_SIMULATION
WB-115,RAGAMA-COLOMBO,2026-05-09T08:21:59.989Z,20.74,3.61,6.956729056042979,79.85320097979553,API_SIMULATION
CC-222,GAMPAHA-COLOMBO,2026-05-09T08:21:59.989Z,60.75,23.93,6.91379944982809,79.81359995046489,API_SIMULATION
SL-909,MATARA-COLOMBO,2026-05-09T08:21:59.989Z,68.15,3.44,6.984255177540062,79.83689451217313,API_SIMULATION
HS-808,KANDY-COLOMBO,2026-05-09T08:21:59.989Z,24.46,16.9,6.983161976344921,79.85550897694607,API_SIMULATION
NC-220,COLOMBO-JAFFNA,2026-05-09T08:22:29.999Z,66.8,7.1,6.896369590166579,79.86504275589151,API_SIMULATION
IC-101,COLOMBO-KANDY,2026-05-09T08:22:29.999Z,55.49,6.95,6.886762602236045,79.80570269808268,API_SIMULATION
CS-305,COLOMBO-GALLE,2026-05-09T08:22:29.999Z,36.82,19.27,6.953029235267158,79.89957048241747,API_SIMULATION
MC-520,COLOMBO-KANDY,2026-05-09T08:22:29.999Z,55.26,8,6.94414089983374,79.80329004015421,API_SIMULATION
CS-410,COLOMBO-MATARA,2026-05-09T08:22:29.999Z,22.91,1.71,6.932708129404069,79.90213923643165,API_SIMULATION
NC-640,COLOMBO-JAFFNA,2026-05-09T08:22:29.999Z,43.51,0.83,6.924149919677861,79.87335976158847,API_SIMULATION
NC-710,COLOMBO-JAFFNA,2026-05-09T08:22:29.999Z,77.82,17.16,6.969030270958232,79.83393116943482,API_SIMULATION
WB-115,RAGAMA-COLOMBO,2026-05-09T08:22:29.999Z,35.56,9.11,6.88608706686741,79.85784550780852,API_SIMULATION
CC-222,GAMPAHA-COLOMBO,2026-05-09T08:22:29.999Z,78.97,1.23,6.977613600516168,79.86418343453362,API_SIMULATION
SL-909,MATARA-COLOMBO,2026-05-09T08:22:29.999Z,57.53,14.11,6.887353016055288,79.92046294113351,API_SIMULATION
HS-808,KANDY-COLOMBO,2026-05-09T08:22:29.999Z,24.84,9.29,6.956313275647881,79.80253601440013,API_SIMULATION
NC-220,COLOMBO-JAFFNA,2026-05-09T08:23:00.002Z,43.48,14.98,6.917595474734121,79.84049558377248,API_SIMULATION
IC-101,COLOMBO-KANDY,2026-05-09T08:23:00.002Z,32.78,0.65,6.976762528603385,79.83375372348516,API_SIMULATION
CS-305,COLOMBO-GALLE,2026-05-09T08:23:00.002Z,36.32,18.37,6.982500185596135,79.91864032915957,API_SIMULATION
MC-520,COLOMBO-KANDY,2026-05-09T08:23:00.002Z,46.3,17.15,6.953927299974127,79.8077787655381,API_SIMULATION
CS-410,COLOMBO-MATARA,2026-05-09T08:23:00.002Z,31.03,2.53,6.913263439571908,79.82376691920238,API_SIMULATION
NC-640,COLOMBO-JAFFNA,2026-05-09T08:23:00.002Z,36.15,0.24,6.963089268346137,79.83486025792334,API_SIMULATION
NC-710,COLOMBO-JAFFNA,2026-05-09T08:23:00.002Z,52.21,13.85,6.886100878028331,79.92030986183194,API_SIMULATION
WB-115,RAGAMA-COLOMBO,2026-05-09T08:23:00.002Z,40.09,14.55,6.938044338489307,79.8321003261186,API_SIMULATION
CC-222,GAMPAHA-COLOMBO,2026-05-09T08:23:00.002Z,61.28,4.94,6.918445593335696,79.8665309504414,API_SIMULATION
SL-909,MATARA-COLOMBO,2026-05-09T08:23:00.002Z,33.27,21.15,6.951900783265119,79.90876848888763,API_SIMULATION
HS-808,KANDY-COLOMBO,2026-05-09T08:23:00.002Z,76.23,14.2,6.895452921775225,79.86246729583527,API_SIMULATION
NC-220,COLOMBO-JAFFNA,2026-05-09T08:23:30.002Z,67.82,24.06,6.888831687975278,79.89159801835468,API_SIMULATION
IC-101,COLOMBO-KANDY,2026-05-09T08:23:30.002Z,30.3,19.01,6.9667407636156256,79.8781618395853,API_SIMULATION
CS-305,COLOMBO-GALLE,2026-05-09T08:23:30.002Z,24.56,12.14,6.945139960627838,79.83508378392146,API_SIMULATION
MC-520,COLOMBO-KANDY,2026-05-09T08:23:30.002Z,54.67,6.16,6.907520081971914,79.90787677100221,API_SIMULATION
CS-410,COLOMBO-MATARA,2026-05-09T08:23:30.002Z,54.48,22.29,6.883696750071996,79.81130501916759,API_SIMULATION
NC-640,COLOMBO-JAFFNA,2026-05-09T08:23:30.002Z,80.58,24.75,6.971160722845146,79.83934353573572,API_SIMULATION
NC-710,COLOMBO-JAFFNA,2026-05-09T08:23:30.002Z,45.58,0.16,6.9626954628842626,79.81954015945394,API_SIMULATION
WB-115,RAGAMA-COLOMBO,2026-05-09T08:23:30.002Z,42.97,6.68,6.955313577941127,79.85506487689763,API_SIMULATION
CC-222,GAMPAHA-COLOMBO,2026-05-09T08:23:30.002Z,34.89,7.77,6.925613885690718,79.90455360851774,API_SIMULATION
SL-909,MATARA-COLOMBO,2026-05-09T08:23:30.002Z,34.51,7.45,6.951335162120942,79.81317086186996,API_SIMULATION
HS-808,KANDY-COLOMBO,2026-05-09T08:23:30.002Z,45.06,16.95,6.940609695743578,79.86966471204708,API_SIMULATION
NC-220,COLOMBO-JAFFNA,2026-05-09T08:24:00.011Z,49.69,3.33,6.913251119927325,79.80819391013264,API_SIMULATION
IC-101,COLOMBO-KANDY,2026-05-09T08:24:00.011Z,36.78,17.79,6.968069731024466,79.86054031315093,API_SIMULATION
CS-305,COLOMBO-GALLE,2026-05-09T08:24:00.011Z,51.45,4.8,6.973619794499883,79.90780141057064,API_SIMULATION
MC-520,COLOMBO-KANDY,2026-05-09T08:24:00.011Z,74.76,24.62,6.974746100991007,79.90732409898527,API_SIMULATION
CS-410,COLOMBO-MATARA,2026-05-09T08:24:00.011Z,24.4,22.31,6.889206089157857,79.8691146661521,API_SIMULATION
NC-640,COLOMBO-JAFFNA,2026-05-09T08:24:00.011Z,71.25,23.21,6.96926066680046,79.91354744769649,API_SIMULATION
NC-710,COLOMBO-JAFFNA,2026-05-09T08:24:00.011Z,58.97,24.73,6.977423259750026,79.91640572590667,API_SIMULATION
WB-115,RAGAMA-COLOMBO,2026-05-09T08:24:00.011Z,36.71,20.24,6.931605730464862,79.81226923180988,API_SIMULATION
CC-222,GAMPAHA-COLOMBO,2026-05-09T08:24:00.011Z,70.22,23.86,6.874792422496346,79.84594858047598,API_SIMULATION
SL-909,MATARA-COLOMBO,2026-05-09T08:24:00.011Z,21.03,1.34,6.903390418154997,79.86023503273805,API_SIMULATION
HS-808,KANDY-COLOMBO,2026-05-09T08:24:00.011Z,24.2,6.2,6.903957101513731,79.9106909572514,API_SIMULATION
NC-220,COLOMBO-JAFFNA,2026-05-09T08:24:30.018Z,75.47,0.94,6.967152423794657,79.87038256008749,API_SIMULATION
IC-101,COLOMBO-KANDY,2026-05-09T08:24:30.018Z,47.1,13.96,6.975518199422286,79.84923127575675,API_SIMULATION
CS-305,COLOMBO-GALLE,2026-05-09T08:24:30.018Z,77.26,3.47,6.897860384710424,79.85011436080578,API_SIMULATION
MC-520,COLOMBO-KANDY,2026-05-09T08:24:30.018Z,41.03,23.79,6.946617047939456,79.8895457595674,API_SIMULATION
CS-410,COLOMBO-MATARA,2026-05-09T08:24:30.018Z,20.71,22.21,6.952041888356345,79.87850041814742,API_SIMULATION
NC-640,COLOMBO-JAFFNA,2026-05-09T08:24:30.018Z,22.31,19.97,6.87193815161827,79.89806525565949,API_SIMULATION
NC-710,COLOMBO-JAFFNA,2026-05-09T08:24:30.018Z,36.21,4.1,6.94887269755415,79.85826782495926,API_SIMULATION
WB-115,RAGAMA-COLOMBO,2026-05-09T08:24:30.018Z,59.44,4.89,6.9813566381696335,79.91713315863612,API_SIMULATION
CC-222,GAMPAHA-COLOMBO,2026-05-09T08:24:30.018Z,80.23,3.32,6.954677425540809,79.81049674538292,API_SIMULATION
SL-909,MATARA-COLOMBO,2026-05-09T08:24:30.018Z,72.1,1.99,6.897818071143774,79.91248239953309,API_SIMULATION
HS-808,KANDY-COLOMBO,2026-05-09T08:24:30.018Z,57.72,2.1,6.887723182242904,79.87532061641261,API_SIMULATION
NC-220,COLOMBO-JAFFNA,2026-05-09T08:25:00.030Z,53.6,18.46,6.892123645181388,79.82762474055585,API_SIMULATION
IC-101,COLOMBO-KANDY,2026-05-09T08:25:00.030Z,71.66,23.19,6.952693780214487,79.81491112474191,API_SIMULATION
CS-305,COLOMBO-GALLE,2026-05-09T08:25:00.030Z,79.29,22.5,6.896839189581019,79.90389832184907,API_SIMULATION
MC-520,COLOMBO-KANDY,2026-05-09T08:25:00.030Z,63.53,21.36,6.875253757393057,79.80491978674917,API_SIMULATION
CS-410,COLOMBO-MATARA,2026-05-09T08:25:00.030Z,31.59,15.39,6.97235877239774,79.89107709791433,API_SIMULATION
NC-640,COLOMBO-JAFFNA,2026-05-09T08:25:00.030Z,42.38,10.98,6.9498945956882165,79.8204293217161,API_SIMULATION
NC-710,COLOMBO-JAFFNA,2026-05-09T08:25:00.030Z,33.32,6.33,6.884118477386554,79.87837770966813,API_SIMULATION
WB-115,RAGAMA-COLOMBO,2026-05-09T08:25:00.030Z,26.82,19.26,6.87998754620244,79.86182267096403,API_SIMULATION
CC-222,GAMPAHA-COLOMBO,2026-05-09T08:25:00.030Z,58.53,8.89,6.893095496229002,79.87232434956522,API_SIMULATION
SL-909,MATARA-COLOMBO,2026-05-09T08:25:00.030Z,79.3,3.5,6.869233862906804,79.83036608879236,API_SIMULATION
HS-808,KANDY-COLOMBO,2026-05-09T08:25:00.030Z,45.59,0.83,6.916485008501025,79.87802819240412,API_SIMULATION
NC-220,COLOMBO-JAFFNA,2026-05-09T08:25:30.042Z,31.64,9.24,6.945735626783333,79.80888815155164,API_SIMULATION
IC-101,COLOMBO-KANDY,2026-05-09T08:25:30.042Z,49.87,10.71,6.940443231349804,79.84555274521523,API_SIMULATION
CS-305,COLOMBO-GALLE,2026-05-09T08:25:30.042Z,38.81,10.91,6.934468539259692,79.91808858184659,API_SIMULATION
MC-520,COLOMBO-KANDY,2026-05-09T08:25:30.042Z,50.19,13.72,6.870188610272039,79.87695243163625,API_SIMULATION
CS-410,COLOMBO-MATARA,2026-05-09T08:25:30.042Z,63.2,1.39,6.876840989472266,79.90205898844108,API_SIMULATION
NC-640,COLOMBO-JAFFNA,2026-05-09T08:25:30.042Z,66.38,17.93,6.981744914881711,79.81817942546994,API_SIMULATION
NC-710,COLOMBO-JAFFNA,2026-05-09T08:25:30.042Z,69.01,19.23,6.891018155176313,79.85723462146974,API_SIMULATION
WB-115,RAGAMA-COLOMBO,2026-05-09T08:25:30.042Z,77.31,2.72,6.947882547462734,79.91667605925642,API_SIMULATION
CC-222,GAMPAHA-COLOMBO,2026-05-09T08:25:30.042Z,80.49,21.36,6.958559728149153,79.81486375598362,API_SIMULATION
SL-909,MATARA-COLOMBO,2026-05-09T08:25:30.042Z,77.73,7.7,6.974977768755943,79.83265917174543,API_SIMULATION
HS-808,KANDY-COLOMBO,2026-05-09T08:25:30.042Z,48.59,5.74,6.888198303580395,79.84689774642226,API_SIMULATION
NC-220,COLOMBO-JAFFNA,2026-05-09T08:26:00.056Z,81.99,18.01,6.878179869410805,79.91499061994959,API_SIMULATION
IC-101,COLOMBO-KANDY,2026-05-09T08:26:00.056Z,73.24,12.36,6.876241718339272,79.82387816458845,API_SIMULATION
CS-305,COLOMBO-GALLE,2026-05-09T08:26:00.056Z,78.47,13.42,6.867179346605423,79.90246312710129,API_SIMULATION
MC-520,COLOMBO-KANDY,2026-05-09T08:26:00.056Z,39.6,9.81,6.934516329990906,79.91275149820976,API_SIMULATION
CS-410,COLOMBO-MATARA,2026-05-09T08:26:00.056Z,35.81,13.71,6.904703014052177,79.87601071001771,API_SIMULATION
NC-640,COLOMBO-JAFFNA,2026-05-09T08:26:00.056Z,41.97,2.58,6.928851424416063,79.85217260553533,API_SIMULATION
NC-710,COLOMBO-JAFFNA,2026-05-09T08:26:00.056Z,81.13,11.79,6.886218460721236,79.88812625350194,API_SIMULATION
WB-115,RAGAMA-COLOMBO,2026-05-09T08:26:00.056Z,79.42,16.43,6.981521276811327,79.82445306042376,API_SIMULATION
CC-222,GAMPAHA-COLOMBO,2026-05-09T08:26:00.056Z,43.94,4.5,6.86915615583946,79.84897709180856,API_SIMULATION
SL-909,MATARA-COLOMBO,2026-05-09T08:26:00.056Z,67.39,22.69,6.965728851693231,79.83676171012877,API_SIMULATION
HS-808,KANDY-COLOMBO,2026-05-09T08:26:00.056Z,74.43,15.99,6.95599835805879,79.82453329283696,API_SIMULATION
NC-220,COLOMBO-JAFFNA,2026-05-09T08:26:30.073Z,29.63,6.31,6.949441422502416,79.90051199847507,API_SIMULATION
IC-101,COLOMBO-KANDY,2026-05-09T08:26:30.073Z,49.58,22.23,6.9172517669093985,79.81470254364362,API_SIMULATION
CS-305,COLOMBO-GALLE,2026-05-09T08:26:30.073Z,75.16,16.08,6.969285279050036,79.90148002647915,API_SIMULATION
MC-520,COLOMBO-KANDY,2026-05-09T08:26:30.073Z,41.43,20.3,6.966833907995551,79.86551742630964,API_SIMULATION
CS-410,COLOMBO-MATARA,2026-05-09T08:26:30.073Z,42.8,19.53,6.952770263364574,79.83148182829137,API_SIMULATION
NC-640,COLOMBO-JAFFNA,2026-05-09T08:26:30.073Z,60.82,9.92,6.941637468623698,79.90265834687509,API_SIMULATION
NC-710,COLOMBO-JAFFNA,2026-05-09T08:26:30.073Z,59.9,10.69,6.935508766626204,79.88398011230656,API_SIMULATION
WB-115,RAGAMA-COLOMBO,2026-05-09T08:26:30.073Z,73.7,13.76,6.982727202330863,79.88678514371277,API_SIMULATION
CC-222,GAMPAHA-COLOMBO,2026-05-09T08:26:30.073Z,42.01,23.14,6.88225984065383,79.84153983677912,API_SIMULATION
SL-909,MATARA-COLOMBO,2026-05-09T08:26:30.073Z,59.08,13.48,6.92876133583328,79.85051837117057,API_SIMULATION
HS-808,KANDY-COLOMBO,2026-05-09T08:26:30.073Z,39.24,2.92,6.893045882488088,79.8094603265023,API_SIMULATION
NC-220,COLOMBO-JAFFNA,2026-05-09T08:27:00.082Z,29.73,3.21,6.892722490212641,79.80531920269148,API_SIMULATION
IC-101,COLOMBO-KANDY,2026-05-09T08:27:00.082Z,84.47,20.87,6.874642497890211,79.82238959594311,API_SIMULATION
CS-305,COLOMBO-GALLE,2026-05-09T08:27:00.082Z,83.49,0.34,6.976975744461869,79.88867306615134,API_SIMULATION
MC-520,COLOMBO-KANDY,2026-05-09T08:27:00.082Z,73.7,11.73,6.929498958042972,79.87454627297245,API_SIMULATION
CS-410,COLOMBO-MATARA,2026-05-09T08:27:00.082Z,26.85,10.67,6.975412170250638,79.82899587710156,API_SIMULATION
NC-640,COLOMBO-JAFFNA,2026-05-09T08:27:00.082Z,67.79,21.78,6.8887254431843115,79.91332354192402,API_SIMULATION
NC-710,COLOMBO-JAFFNA,2026-05-09T08:27:00.082Z,63.29,6.99,6.885281057743488,79.82763052706508,API_SIMULATION
WB-115,RAGAMA-COLOMBO,2026-05-09T08:27:00.082Z,64.59,6.22,6.937022820269925,79.88519073922151,API_SIMULATION
CC-222,GAMPAHA-COLOMBO,2026-05-09T08:27:00.082Z,61.54,19.85,6.916832431993108,79.8585744705218,API_SIMULATION
SL-909,MATARA-COLOMBO,2026-05-09T08:27:00.082Z,76.56,3.9,6.934101862533963,79.8280987582306,API_SIMULATION
HS-808,KANDY-COLOMBO,2026-05-09T08:27:00.082Z,33.3,16.44,6.936360103558392,79.83948307480831,API_SIMULATION
NC-220,COLOMBO-JAFFNA,2026-05-09T08:27:30.086Z,68.57,11.68,6.952578129991622,79.86606845368883,API_SIMULATION
IC-101,COLOMBO-KANDY,2026-05-09T08:27:30.086Z,81.98,10.2,6.891070530944328,79.90239607794953,API_SIMULATION
CS-305,COLOMBO-GALLE,2026-05-09T08:27:30.086Z,40.2,20.44,6.87487232481793,79.80158192467086,API_SIMULATION
MC-520,COLOMBO-KANDY,2026-05-09T08:27:30.086Z,78.86,7.51,6.970713663502902,79.82137125826058,API_SIMULATION
CS-410,COLOMBO-MATARA,2026-05-09T08:27:30.086Z,40.76,6.51,6.95512517848865,79.80894440152157,API_SIMULATION
NC-640,COLOMBO-JAFFNA,2026-05-09T08:27:30.086Z,45.92,5.39,6.941634865359119,79.80228928978103,API_SIMULATION
NC-710,COLOMBO-JAFFNA,2026-05-09T08:27:30.086Z,80.77,10.66,6.8844850039317445,79.82292098974521,API_SIMULATION
WB-115,RAGAMA-COLOMBO,2026-05-09T08:27:30.086Z,54.75,1.01,6.912179850227202,79.82514520629654,API_SIMULATION
CC-222,GAMPAHA-COLOMBO,2026-05-09T08:27:30.086Z,77.51,6.87,6.934343213197702,79.86373432275364,API_SIMULATION
SL-909,MATARA-COLOMBO,2026-05-09T08:27:30.086Z,52.77,24.09,6.984067736806165,79.82346078166397,API_SIMULATION
HS-808,KANDY-COLOMBO,2026-05-09T08:27:30.086Z,55.84,19.99,6.974035310312834,79.90115800180538,API_SIMULATION
NC-220,COLOMBO-JAFFNA,2026-05-09T08:28:00.094Z,46.68,20.28,6.902918631426106,79.83782767136067,API_SIMULATION
IC-101,COLOMBO-KANDY,2026-05-09T08:28:00.094Z,28.41,21.44,6.880491468688629,79.89727864557817,API_SIMULATION
CS-305,COLOMBO-GALLE,2026-05-09T08:28:00.094Z,30.48,8.36,6.955394755959537,79.8215357548631,API_SIMULATION
MC-520,COLOMBO-KANDY,2026-05-09T08:28:00.094Z,29.81,23.88,6.938005437068381,79.81010410155726,API_SIMULATION
CS-410,COLOMBO-MATARA,2026-05-09T08:28:00.094Z,63.69,20.03,6.8877672301678805,79.83416382837605,API_SIMULATION
NC-640,COLOMBO-JAFFNA,2026-05-09T08:28:00.094Z,33.06,21.13,6.871849528845194,79.89926263570858,API_SIMULATION
NC-710,COLOMBO-JAFFNA,2026-05-09T08:28:00.094Z,60.16,13.86,6.966801712524067,79.84508577916333,API_SIMULATION
WB-115,RAGAMA-COLOMBO,2026-05-09T08:28:00.094Z,65.58,16.77,6.897066327906742,79.91966872769537,API_SIMULATION
CC-222,GAMPAHA-COLOMBO,2026-05-09T08:28:00.094Z,65.09,8.48,6.906067181660343,79.8250741034147,API_SIMULATION
SL-909,MATARA-COLOMBO,2026-05-09T08:28:00.094Z,47.23,8.56,6.969628303981784,79.86652975713676,API_SIMULATION
HS-808,KANDY-COLOMBO,2026-05-09T08:28:00.094Z,31.31,12.04,6.977145686536885,79.90307079035908,API_SIMULATION
NC-220,COLOMBO-JAFFNA,2026-05-09T08:28:30.096Z,79.82,0.02,6.86970201049403,79.82128338444103,API_SIMULATION
IC-101,COLOMBO-KANDY,2026-05-09T08:28:30.096Z,35.36,24.84,6.869501347976048,79.89211950084966,API_SIMULATION
CS-305,COLOMBO-GALLE,2026-05-09T08:28:30.096Z,21.94,15.46,6.947319361104153,79.81328330583166,API_SIMULATION
MC-520,COLOMBO-KANDY,2026-05-09T08:28:30.096Z,21.62,24.25,6.9494739904177365,79.84737236603499,API_SIMULATION
CS-410,COLOMBO-MATARA,2026-05-09T08:28:30.096Z,43.37,10.61,6.887611458186428,79.84414504925938,API_SIMULATION
NC-640,COLOMBO-JAFFNA,2026-05-09T08:28:30.096Z,81.4,15.67,6.967601649131828,79.85904062513897,API_SIMULATION
NC-710,COLOMBO-JAFFNA,2026-05-09T08:28:30.096Z,45.21,6.73,6.960209514928404,79.84613947824487,API_SIMULATION
WB-115,RAGAMA-COLOMBO,2026-05-09T08:28:30.096Z,74.29,3,6.973840814685525,79.85273330027837,API_SIMULATION
CC-222,GAMPAHA-COLOMBO,2026-05-09T08:28:30.096Z,27.12,17.78,6.908344731725882,79.8517663652656,API_SIMULATION
SL-909,MATARA-COLOMBO,2026-05-09T08:28:30.096Z,30.45,18.93,6.930983655012452,79.83794152047604,API_SIMULATION
HS-808,KANDY-COLOMBO,2026-05-09T08:28:30.096Z,63.91,17.82,6.952319131836173,79.82081354779827,API_SIMULATION
NC-220,COLOMBO-JAFFNA,2026-05-09T08:29:00.106Z,48.65,10.84,6.915316689350157,79.89500905288602,API_SIMULATION
IC-101,COLOMBO-KANDY,2026-05-09T08:29:00.106Z,67.7,12.43,6.8727525706299755,79.82471436589988,API_SIMULATION
CS-305,COLOMBO-GALLE,2026-05-09T08:29:00.106Z,75.2,4.05,6.981166301556511,79.91139702533351,API_SIMULATION
MC-520,COLOMBO-KANDY,2026-05-09T08:29:00.106Z,68.16,8.59,6.976985027534233,79.84586950336586,API_SIMULATION
CS-410,COLOMBO-MATARA,2026-05-09T08:29:00.106Z,59.79,2.24,6.868131958945359,79.86628752559754,API_SIMULATION
NC-640,COLOMBO-JAFFNA,2026-05-09T08:29:00.106Z,31.61,8.91,6.8936001505095446,79.88898094171893,API_SIMULATION
NC-710,COLOMBO-JAFFNA,2026-05-09T08:29:00.106Z,68.54,24.95,6.927477826197867,79.87294882309105,API_SIMULATION
WB-115,RAGAMA-COLOMBO,2026-05-09T08:29:00.106Z,50.16,11.19,6.984877442678475,79.82701836036405,API_SIMULATION
CC-222,GAMPAHA-COLOMBO,2026-05-09T08:29:00.106Z,50.19,16.31,6.953059852760495,79.87101986499555,API_SIMULATION
SL-909,MATARA-COLOMBO,2026-05-09T08:29:00.106Z,50.58,13.41,6.972901674989716,79.89275920776932,API_SIMULATION
HS-808,KANDY-COLOMBO,2026-05-09T08:29:00.106Z,25.49,5.45,6.9172925781162675,79.82625326043005,API_SIMULATION
NC-220,COLOMBO-JAFFNA,2026-05-09T08:29:30.118Z,35.51,1.48,6.97826450225096,79.8278410429532,API_SIMULATION
IC-101,COLOMBO-KANDY,2026-05-09T08:29:30.118Z,68.61,19.57,6.967801696074174,79.84705598544068,API_SIMULATION
CS-305,COLOMBO-GALLE,2026-05-09T08:29:30.118Z,25.21,10.37,6.8994292405747375,79.83208778690003,API_SIMULATION
MC-520,COLOMBO-KANDY,2026-05-09T08:29:30.118Z,60.96,1.12,6.93668281075292,79.89556364958436,API_SIMULATION
CS-410,COLOMBO-MATARA,2026-05-09T08:29:30.118Z,55.04,23.67,6.92724200659184,79.82086304734968,API_SIMULATION
NC-640,COLOMBO-JAFFNA,2026-05-09T08:29:30.118Z,57.45,14.67,6.948160097181197,79.80235130944152,API_SIMULATION
NC-710,COLOMBO-JAFFNA,2026-05-09T08:29:30.118Z,48.64,6.25,6.9744955900552075,79.91214302594366,API_SIMULATION
WB-115,RAGAMA-COLOMBO,2026-05-09T08:29:30.118Z,21.3,7.03,6.941384305019754,79.89591824770353,API_SIMULATION
CC-222,GAMPAHA-COLOMBO,2026-05-09T08:29:30.118Z,37.43,9.54,6.9686835197910355,79.80563545247065,API_SIMULATION
SL-909,MATARA-COLOMBO,2026-05-09T08:29:30.118Z,81.09,11.43,6.979847196098685,79.91107672064305,API_SIMULATION
HS-808,KANDY-COLOMBO,2026-05-09T08:29:30.118Z,59.74,15.31,6.977088165117248,79.80311756641629,API_SIMULATION
NC-220,COLOMBO-JAFFNA,2026-05-09T08:30:00.121Z,26.58,18.1,6.982552077514518,79.86541726061338,API_SIMULATION
IC-101,COLOMBO-KANDY,2026-05-09T08:30:00.121Z,49.8,10.52,6.960852075601442,79.89706758243807,API_SIMULATION
CS-305,COLOMBO-GALLE,2026-05-09T08:30:00.121Z,23.92,13.81,6.885081748696587,79.87460035655208,API_SIMULATION
MC-520,COLOMBO-KANDY,2026-05-09T08:30:00.121Z,66.91,9.3,6.9226377860479635,79.82670132469232,API_SIMULATION
CS-410,COLOMBO-MATARA,2026-05-09T08:30:00.121Z,27.59,4.92,6.934072201892672,79.83049597286126,API_SIMULATION
NC-640,COLOMBO-JAFFNA,2026-05-09T08:30:00.121Z,39.14,18.52,6.922368951146659,79.83495543081696,API_SIMULATION
NC-710,COLOMBO-JAFFNA,2026-05-09T08:30:00.121Z,68.09,3.86,6.894478787920756,79.91548893261078,API_SIMULATION
WB-115,RAGAMA-COLOMBO,2026-05-09T08:30:00.121Z,41.83,15.8,6.914905511218991,79.8256162053454,API_SIMULATION
CC-222,GAMPAHA-COLOMBO,2026-05-09T08:30:00.121Z,78.78,4.52,6.906810581881564,79.89088703684213,API_SIMULATION
SL-909,MATARA-COLOMBO,2026-05-09T08:30:00.121Z,69.67,23.03,6.890798221025913,79.9104723363939,API_SIMULATION
HS-808,KANDY-COLOMBO,2026-05-09T08:30:00.121Z,76.93,8.86,6.890443568673383,79.9183246739338,API_SIMULATION
NC-220,COLOMBO-JAFFNA,2026-05-09T08:30:30.136Z,47.28,17.57,6.920129325728583,79.90518001616057,API_SIMULATION
IC-101,COLOMBO-KANDY,2026-05-09T08:30:30.136Z,29.39,21.72,6.926426623953623,79.84921661493605,API_SIMULATION
CS-305,COLOMBO-GALLE,2026-05-09T08:30:30.136Z,31.35,14.48,6.9163766226892,79.82556849857771,API_SIMULATION
MC-520,COLOMBO-KANDY,2026-05-09T08:30:30.136Z,80.66,22.64,6.975680096418501,79.85295473378284,API_SIMULATION
CS-410,COLOMBO-MATARA,2026-05-09T08:30:30.136Z,55.46,9.58,6.955972936155221,79.88770172547554,API_SIMULATION
NC-640,COLOMBO-JAFFNA,2026-05-09T08:30:30.136Z,49.63,22.13,6.943798484052089,79.84878404218023,API_SIMULATION
NC-710,COLOMBO-JAFFNA,2026-05-09T08:30:30.136Z,57.6,23.68,6.9867191401994075,79.86302824542675,API_SIMULATION
WB-115,RAGAMA-COLOMBO,2026-05-09T08:30:30.136Z,57.37,8.21,6.870170251162795,79.86311520002475,API_SIMULATION
CC-222,GAMPAHA-COLOMBO,2026-05-09T08:30:30.136Z,53.03,13.23,6.96327425237635,79.86952069924028,API_SIMULATION
SL-909,MATARA-COLOMBO,2026-05-09T08:30:30.136Z,31.74,5.18,6.884687067975718,79.85094383046666,API_SIMULATION
HS-808,KANDY-COLOMBO,2026-05-09T08:30:30.136Z,58.77,19.28,6.942527546459628,79.88768828283773,API_SIMULATION
NC-220,COLOMBO-JAFFNA,2026-05-09T08:31:00.140Z,79.98,8.72,6.920654610294146,79.80854335501995,API_SIMULATION
IC-101,COLOMBO-KANDY,2026-05-09T08:31:00.140Z,82.13,5.36,6.893295848513213,79.89472165690437,API_SIMULATION
CS-305,COLOMBO-GALLE,2026-05-09T08:31:00.140Z,82.18,20.22,6.931634752314587,79.90373054234973,API_SIMULATION
MC-520,COLOMBO-KANDY,2026-05-09T08:31:00.140Z,23.06,11.86,6.983117572629426,79.80870130403244,API_SIMULATION
CS-410,COLOMBO-MATARA,2026-05-09T08:31:00.140Z,66.33,17.72,6.923812890222666,79.84664224806623,API_SIMULATION
NC-640,COLOMBO-JAFFNA,2026-05-09T08:31:00.140Z,35.22,19.1,6.951395706375941,79.84983789626224,API_SIMULATION
NC-710,COLOMBO-JAFFNA,2026-05-09T08:31:00.140Z,79.29,7.25,6.9378613650598275,79.88303348156468,API_SIMULATION
WB-115,RAGAMA-COLOMBO,2026-05-09T08:31:00.140Z,43.26,22.46,6.896033179078511,79.83507571691312,API_SIMULATION
CC-222,GAMPAHA-COLOMBO,2026-05-09T08:31:00.140Z,59.92,0.23,6.89703287678054,79.90997387803934,API_SIMULATION
SL-909,MATARA-COLOMBO,2026-05-09T08:31:00.140Z,42.27,17.47,6.875179015121457,79.90096236505657,API_SIMULATION
HS-808,KANDY-COLOMBO,2026-05-09T08:31:00.140Z,49.76,15,6.9778091421377635,79.88728749262877,API_SIMULATION
NC-220,COLOMBO-JAFFNA,2026-05-09T08:31:30.151Z,38.79,8.06,6.885950026680394,79.857699635495,API_SIMULATION
IC-101,COLOMBO-KANDY,2026-05-09T08:31:30.151Z,38.17,1.47,6.956585216619843,79.84806590997246,API_SIMULATION
CS-305,COLOMBO-GALLE,2026-05-09T08:31:30.151Z,78.22,10.68,6.97556608622159,79.912996517711,API_SIMULATION
MC-520,COLOMBO-KANDY,2026-05-09T08:31:30.151Z,84.72,5.15,6.871650443010169,79.86843209267633,API_SIMULATION
CS-410,COLOMBO-MATARA,2026-05-09T08:31:30.151Z,46.32,16.58,6.937458678870745,79.83658415784893,API_SIMULATION
NC-640,COLOMBO-JAFFNA,2026-05-09T08:31:30.151Z,59.5,19.19,6.8852789444879665,79.9152512535863,API_SIMULATION
NC-710,COLOMBO-JAFFNA,2026-05-09T08:31:30.151Z,72.43,12.79,6.96091197213423,79.876254483504,API_SIMULATION
WB-115,RAGAMA-COLOMBO,2026-05-09T08:31:30.151Z,25.66,10.66,6.980306135043533,79.80695431103992,API_SIMULATION
CC-222,GAMPAHA-COLOMBO,2026-05-09T08:31:30.151Z,29.15,21.11,6.910925546530429,79.82959247775419,API_SIMULATION
SL-909,MATARA-COLOMBO,2026-05-09T08:31:30.151Z,23.6,20.23,6.936870338162443,79.80189557623011,API_SIMULATION
HS-808,KANDY-COLOMBO,2026-05-09T08:31:30.151Z,64.16,8.54,6.928192523462816,79.887378559957,API_SIMULATION
NC-220,COLOMBO-JAFFNA,2026-05-09T08:32:00.159Z,40.74,17.76,6.907504141011543,79.8199451384245,API_SIMULATION
IC-101,COLOMBO-KANDY,2026-05-09T08:32:00.159Z,70.85,7.38,6.92079097156637,79.90175907826475,API_SIMULATION
CS-305,COLOMBO-GALLE,2026-05-09T08:32:00.159Z,50.2,9.48,6.928645626802174,79.8675139954415,API_SIMULATION
MC-520,COLOMBO-KANDY,2026-05-09T08:32:00.159Z,37.43,4.03,6.975942008954766,79.85673916450779,API_SIMULATION
CS-410,COLOMBO-MATARA,2026-05-09T08:32:00.160Z,29.05,23.84,6.898610195949253,79.85372260355864,API_SIMULATION
NC-640,COLOMBO-JAFFNA,2026-05-09T08:32:00.160Z,43.81,5.42,6.890641200257817,79.90549258482892,API_SIMULATION
NC-710,COLOMBO-JAFFNA,2026-05-09T08:32:00.160Z,57.83,15.95,6.87892021975037,79.88916999810792,API_SIMULATION
WB-115,RAGAMA-COLOMBO,2026-05-09T08:32:00.160Z,54.91,18.22,6.890482810924451,79.86892909656713,API_SIMULATION
CC-222,GAMPAHA-COLOMBO,2026-05-09T08:32:00.160Z,81.8,0.72,6.870399574522209,79.85225990149812,API_SIMULATION
SL-909,MATARA-COLOMBO,2026-05-09T08:32:00.160Z,33.48,10,6.955684242864786,79.84722043891696,API_SIMULATION
HS-808,KANDY-COLOMBO,2026-05-09T08:32:00.160Z,72.64,24.18,6.913455443847828,79.87102714983004,API_SIMULATION
NC-220,COLOMBO-JAFFNA,2026-05-09T08:32:30.170Z,66.86,24.88,6.950062241747182,79.91871330959593,API_SIMULATION
IC-101,COLOMBO-KANDY,2026-05-09T08:32:30.170Z,47.85,9.05,6.974010696334149,79.80322612094001,API_SIMULATION
CS-305,COLOMBO-GALLE,2026-05-09T08:32:30.170Z,53.57,6.68,6.94024093355285,79.91683102070527,API_SIMULATION
MC-520,COLOMBO-KANDY,2026-05-09T08:32:30.170Z,59.71,6.66,6.942777426274751,79.89670059102517,API_SIMULATION
CS-410,COLOMBO-MATARA,2026-05-09T08:32:30.170Z,44.14,0.24,6.913010248518216,79.88441480626403,API_SIMULATION
NC-640,COLOMBO-JAFFNA,2026-05-09T08:32:30.170Z,66.08,17.28,6.871350865750874,79.84116786643648,API_SIMULATION
NC-710,COLOMBO-JAFFNA,2026-05-09T08:32:30.170Z,30.07,0.63,6.869101305338237,79.89611169684234,API_SIMULATION
WB-115,RAGAMA-COLOMBO,2026-05-09T08:32:30.170Z,30.47,5.23,6.907474722355986,79.88139395802254,API_SIMULATION
CC-222,GAMPAHA-COLOMBO,2026-05-09T08:32:30.170Z,79.77,4.53,6.876673496512563,79.8245175382165,API_SIMULATION
SL-909,MATARA-COLOMBO,2026-05-09T08:32:30.170Z,33,0.62,6.921326402925379,79.84715866083928,API_SIMULATION
HS-808,KANDY-COLOMBO,2026-05-09T08:32:30.170Z,48.82,18.66,6.9637414736125045,79.8310371787319,API_SIMULATION
NC-220,COLOMBO-JAFFNA,2026-05-09T08:33:00.183Z,50.05,22.77,6.912069448350441,79.90560649857488,API_SIMULATION
IC-101,COLOMBO-KANDY,2026-05-09T08:33:00.183Z,46.35,17.54,6.94301778950335,79.89716187854842,API_SIMULATION
CS-305,COLOMBO-GALLE,2026-05-09T08:33:00.183Z,41.89,11.33,6.869793767157193,79.89358668607842,API_SIMULATION
MC-520,COLOMBO-KANDY,2026-05-09T08:33:00.183Z,23.28,23.7,6.8802146949121745,79.9000581252386,API_SIMULATION
CS-410,COLOMBO-MATARA,2026-05-09T08:33:00.183Z,63.81,21.06,6.958897008004852,79.80263689437467,API_SIMULATION
NC-640,COLOMBO-JAFFNA,2026-05-09T08:33:00.183Z,60.68,9.9,6.951415446488737,79.92007535478396,API_SIMULATION
NC-710,COLOMBO-JAFFNA,2026-05-09T08:33:00.183Z,60.59,9.56,6.9109335669186605,79.89761382634191,API_SIMULATION
WB-115,RAGAMA-COLOMBO,2026-05-09T08:33:00.183Z,62.4,22.38,6.955002650252738,79.8748350528598,API_SIMULATION
CC-222,GAMPAHA-COLOMBO,2026-05-09T08:33:00.183Z,64.11,21.49,6.979933840012683,79.86814495592148,API_SIMULATION
SL-909,MATARA-COLOMBO,2026-05-09T08:33:00.183Z,55.96,14.43,6.936520122008081,79.81406096085757,API_SIMULATION
HS-808,KANDY-COLOMBO,2026-05-09T08:33:00.183Z,31.28,15.2,6.916628449400464,79.88819439902852,API_SIMULATION
NC-220,COLOMBO-JAFFNA,2026-05-09T08:33:30.196Z,41.4,2.89,6.943965370546926,79.84215656539739,API_SIMULATION
IC-101,COLOMBO-KANDY,2026-05-09T08:33:30.196Z,24.8,18.52,6.922572361462453,79.80599376386569,API_SIMULATION
CS-305,COLOMBO-GALLE,2026-05-09T08:33:30.196Z,57.69,5.21,6.974692711515134,79.9065016622768,API_SIMULATION
MC-520,COLOMBO-KANDY,2026-05-09T08:33:30.196Z,57.27,12.46,6.9098386296726275,79.87219252184953,API_SIMULATION
CS-410,COLOMBO-MATARA,2026-05-09T08:33:30.196Z,28.02,22.05,6.90864190117998,79.87574801157298,API_SIMULATION
NC-640,COLOMBO-JAFFNA,2026-05-09T08:33:30.196Z,32.18,17.18,6.985796492849348,79.8823673681994,API_SIMULATION
NC-710,COLOMBO-JAFFNA,2026-05-09T08:33:30.196Z,37.57,23.17,6.903602693550603,79.87445381031908,API_SIMULATION
WB-115,RAGAMA-COLOMBO,2026-05-09T08:33:30.196Z,76.89,14.21,6.937530101759269,79.8949533573999,API_SIMULATION
CC-222,GAMPAHA-COLOMBO,2026-05-09T08:33:30.196Z,60.25,15.86,6.900818457758693,79.84125490082074,API_SIMULATION
SL-909,MATARA-COLOMBO,2026-05-09T08:33:30.196Z,82.76,9.99,6.920780342018386,79.86323134532421,API_SIMULATION
HS-808,KANDY-COLOMBO,2026-05-09T08:33:30.196Z,77.79,2.74,6.973031078961302,79.829085943472,API_SIMULATION
NC-220,COLOMBO-JAFFNA,2026-05-09T08:34:00.198Z,44.89,11.52,6.976636796605973,79.86542972898846,API_SIMULATION
IC-101,COLOMBO-KANDY,2026-05-09T08:34:00.198Z,49.06,17.2,6.966758869423707,79.91679810653135,API_SIMULATION
CS-305,COLOMBO-GALLE,2026-05-09T08:34:00.198Z,47.44,24.41,6.952317571807578,79.90279473702775,API_SIMULATION
MC-520,COLOMBO-KANDY,2026-05-09T08:34:00.198Z,65.16,24.39,6.964362382220921,79.83470553195573,API_SIMULATION
CS-410,COLOMBO-MATARA,2026-05-09T08:34:00.198Z,47.42,22.03,6.933407258300351,79.84625614872962,API_SIMULATION
NC-640,COLOMBO-JAFFNA,2026-05-09T08:34:00.198Z,25.08,17.35,6.949791563963014,79.86540397065052,API_SIMULATION
NC-710,COLOMBO-JAFFNA,2026-05-09T08:34:00.198Z,53.8,19.4,6.954875090046939,79.88417524071619,API_SIMULATION
WB-115,RAGAMA-COLOMBO,2026-05-09T08:34:00.198Z,76.95,5.14,6.910212662362813,79.82706252688186,API_SIMULATION
CC-222,GAMPAHA-COLOMBO,2026-05-09T08:34:00.198Z,76.88,7.65,6.939313322886403,79.84256691518128,API_SIMULATION
SL-909,MATARA-COLOMBO,2026-05-09T08:34:00.198Z,63.71,5.79,6.973601432079005,79.88007608556914,API_SIMULATION
HS-808,KANDY-COLOMBO,2026-05-09T08:34:00.198Z,71.53,19.83,6.934636248123235,79.89102185957223,API_SIMULATION
NC-220,COLOMBO-JAFFNA,2026-05-09T08:34:30.201Z,67.84,18.92,6.870952559750879,79.84883399578915,API_SIMULATION
IC-101,COLOMBO-KANDY,2026-05-09T08:34:30.201Z,79.6,10.97,6.945304379139792,79.82183174192305,API_SIMULATION
CS-305,COLOMBO-GALLE,2026-05-09T08:34:30.201Z,30.13,2.65,6.900986738071277,79.8855000919235,API_SIMULATION
MC-520,COLOMBO-KANDY,2026-05-09T08:34:30.201Z,29.41,15.61,6.875018697939854,79.91017119840974,API_SIMULATION
CS-410,COLOMBO-MATARA,2026-05-09T08:34:30.201Z,27.59,9.59,6.94327743816951,79.83049889223498,API_SIMULATION
NC-640,COLOMBO-JAFFNA,2026-05-09T08:34:30.201Z,21.47,12.44,6.90044572408344,79.91803609286315,API_SIMULATION
NC-710,COLOMBO-JAFFNA,2026-05-09T08:34:30.201Z,55.01,0.16,6.8910408763862385,79.84832481250884,API_SIMULATION
WB-115,RAGAMA-COLOMBO,2026-05-09T08:34:30.201Z,60.42,13.3,6.910460996308856,79.80505878084745,API_SIMULATION
CC-222,GAMPAHA-COLOMBO,2026-05-09T08:34:30.201Z,26.33,11.1,6.894875153305245,79.90397125464331,API_SIMULATION
SL-909,MATARA-COLOMBO,2026-05-09T08:34:30.201Z,65.59,15.19,6.969905201042106,79.86621111211014,API_SIMULATION
HS-808,KANDY-COLOMBO,2026-05-09T08:34:30.201Z,48.27,22.34,6.875593462275153,79.89229709209604,API_SIMULATION
NC-220,COLOMBO-JAFFNA,2026-05-09T08:35:00.203Z,70.7,21.29,6.9744958995835935,79.83242253317184,API_SIMULATION
IC-101,COLOMBO-KANDY,2026-05-09T08:35:00.203Z,70.11,0.23,6.944815834995255,79.81823746830501,API_SIMULATION
CS-305,COLOMBO-GALLE,2026-05-09T08:35:00.203Z,38.42,22.74,6.95428414985874,79.90960837043795,API_SIMULATION
MC-520,COLOMBO-KANDY,2026-05-09T08:35:00.203Z,72.32,2.53,6.9376348794203935,79.89277896626545,API_SIMULATION
CS-410,COLOMBO-MATARA,2026-05-09T08:35:00.203Z,84.18,17.85,6.927952087983041,79.87763276068458,API_SIMULATION
NC-640,COLOMBO-JAFFNA,2026-05-09T08:35:00.203Z,36.56,0.66,6.935658441569196,79.88158624137237,API_SIMULATION
NC-710,COLOMBO-JAFFNA,2026-05-09T08:35:00.203Z,62.86,8.86,6.88471351963761,79.91504628038528,API_SIMULATION
WB-115,RAGAMA-COLOMBO,2026-05-09T08:35:00.203Z,61.94,4.81,6.883978760813324,79.87471989102117,API_SIMULATION
CC-222,GAMPAHA-COLOMBO,2026-05-09T08:35:00.203Z,30.19,17.82,6.949079966348541,79.81984775734506,API_SIMULATION
SL-909,MATARA-COLOMBO,2026-05-09T08:35:00.203Z,42.29,0.65,6.913300980667833,79.89997656018433,API_SIMULATION
HS-808,KANDY-COLOMBO,2026-05-09T08:35:00.203Z,78.79,0.98,6.971814581845374,79.81068019701983,API_SIMULATION
NC-220,COLOMBO-JAFFNA,2026-05-09T08:35:30.204Z,22.21,3.15,6.904933876184549,79.85052685663064,API_SIMULATION
IC-101,COLOMBO-KANDY,2026-05-09T08:35:30.204Z,47.58,14.58,6.956109378169462,79.9117212945334,API_SIMULATION
CS-305,COLOMBO-GALLE,2026-05-09T08:35:30.204Z,44.58,16.53,6.940220613708771,79.82496079895267,API_SIMULATION
MC-520,COLOMBO-KANDY,2026-05-09T08:35:30.204Z,75.82,23.33,6.944275908212843,79.81989431253689,API_SIMULATION
CS-410,COLOMBO-MATARA,2026-05-09T08:35:30.204Z,60.42,11.91,6.8836389444754795,79.86723571779729,API_SIMULATION
NC-640,COLOMBO-JAFFNA,2026-05-09T08:35:30.204Z,29.56,11.86,6.907042081623595,79.84038407674969,API_SIMULATION
NC-710,COLOMBO-JAFFNA,2026-05-09T08:35:30.204Z,77.52,10.07,6.934836220627784,79.80212918738867,API_SIMULATION
WB-115,RAGAMA-COLOMBO,2026-05-09T08:35:30.204Z,80.92,15.35,6.9298603059012684,79.8053187989478,API_SIMULATION
CC-222,GAMPAHA-COLOMBO,2026-05-09T08:35:30.204Z,21.38,8.41,6.87237085226823,79.82244583813984,API_SIMULATION
SL-909,MATARA-COLOMBO,2026-05-09T08:35:30.204Z,56.29,16.28,6.883313861808704,79.89674216977251,API_SIMULATION
HS-808,KANDY-COLOMBO,2026-05-09T08:35:30.204Z,34.83,5.34,6.887528407060364,79.9168519672792,API_SIMULATION
NC-220,COLOMBO-JAFFNA,2026-05-09T08:36:00.218Z,65.06,15.55,6.9379924342505355,79.8928805703604,API_SIMULATION
IC-101,COLOMBO-KANDY,2026-05-09T08:36:00.218Z,43.25,21.58,6.911402800836498,79.86161681632653,API_SIMULATION
CS-305,COLOMBO-GALLE,2026-05-09T08:36:00.218Z,81.35,6.15,6.880653472543911,79.87214968329967,API_SIMULATION
MC-520,COLOMBO-KANDY,2026-05-09T08:36:00.218Z,21.53,13.42,6.877016910562428,79.87131798968377,API_SIMULATION
CS-410,COLOMBO-MATARA,2026-05-09T08:36:00.218Z,29.77,2.69,6.936928911681468,79.8297958689782,API_SIMULATION
NC-640,COLOMBO-JAFFNA,2026-05-09T08:36:00.218Z,81.08,2.68,6.967649277004588,79.88039037435092,API_SIMULATION
NC-710,COLOMBO-JAFFNA,2026-05-09T08:36:00.218Z,45.49,2.46,6.897122707489777,79.91105193288715,API_SIMULATION
WB-115,RAGAMA-COLOMBO,2026-05-09T08:36:00.218Z,53.68,2.82,6.874634217313075,79.86522302036522,API_SIMULATION
CC-222,GAMPAHA-COLOMBO,2026-05-09T08:36:00.218Z,24.66,15.25,6.889189164399414,79.88884355471475,API_SIMULATION
SL-909,MATARA-COLOMBO,2026-05-09T08:36:00.218Z,80.12,2.14,6.926112538702389,79.85042088911602,API_SIMULATION
HS-808,KANDY-COLOMBO,2026-05-09T08:36:00.218Z,44.71,1.91,6.903208252785836,79.87941082581933,API_SIMULATION
NC-220,COLOMBO-JAFFNA,2026-05-09T08:36:30.224Z,21.68,17.58,6.944644556582425,79.91577981004421,API_SIMULATION
IC-101,COLOMBO-KANDY,2026-05-09T08:36:30.224Z,81.22,21.28,6.971338874806605,79.86761788824637,API_SIMULATION
CS-305,COLOMBO-GALLE,2026-05-09T08:36:30.224Z,60.39,17.36,6.967674284546601,79.91595661729589,API_SIMULATION
MC-520,COLOMBO-KANDY,2026-05-09T08:36:30.224Z,37.92,10.41,6.888696490433607,79.90705365882307,API_SIMULATION
CS-410,COLOMBO-MATARA,2026-05-09T08:36:30.224Z,50.29,23.81,6.885420045535782,79.8308355836111,API_SIMULATION
NC-640,COLOMBO-JAFFNA,2026-05-09T08:36:30.224Z,76.53,8.7,6.895730364148418,79.90399137731933,API_SIMULATION
NC-710,COLOMBO-JAFFNA,2026-05-09T08:36:30.224Z,66.39,14.48,6.871853021831589,79.80991033081337,API_SIMULATION
WB-115,RAGAMA-COLOMBO,2026-05-09T08:36:30.224Z,65.26,21.04,6.937012530874566,79.90686867649632,API_SIMULATION
CC-222,GAMPAHA-COLOMBO,2026-05-09T08:36:30.224Z,22.64,24.27,6.9139576713907465,79.9058821892915,API_SIMULATION
SL-909,MATARA-COLOMBO,2026-05-09T08:36:30.224Z,23.83,24.04,6.95683264223899,79.9201906844206,API_SIMULATION
HS-808,KANDY-COLOMBO,2026-05-09T08:36:30.224Z,79.89,24.18,6.891345396403196,79.81184926851004,API_SIMULATION
NC-220,COLOMBO-JAFFNA,2026-05-09T08:37:00.227Z,61.94,4.41,6.916266247031878,79.84808950512236,API_SIMULATION
IC-101,COLOMBO-KANDY,2026-05-09T08:37:00.227Z,79.83,18.4,6.876852959863571,79.90568165277708,API_SIMULATION
CS-305,COLOMBO-GALLE,2026-05-09T08:37:00.227Z,60.37,1.36,6.966405982909348,79.86595835175847,API_SIMULATION
MC-520,COLOMBO-KANDY,2026-05-09T08:37:00.227Z,76.27,4.23,6.985175442177469,79.90337249661124,API_SIMULATION
CS-410,COLOMBO-MATARA,2026-05-09T08:37:00.227Z,24.01,9.4,6.878561603825537,79.84366099108914,API_SIMULATION
NC-640,COLOMBO-JAFFNA,2026-05-09T08:37:00.227Z,61.26,7.47,6.923510114125688,79.81675784544726,API_SIMULATION
NC-710,COLOMBO-JAFFNA,2026-05-09T08:37:00.227Z,38.48,14.01,6.8686176074479866,79.91106932727612,API_SIMULATION
WB-115,RAGAMA-COLOMBO,2026-05-09T08:37:00.227Z,47.47,5.83,6.934461449808722,79.80665906130683,API_SIMULATION
CC-222,GAMPAHA-COLOMBO,2026-05-09T08:37:00.227Z,23.19,19.79,6.954632117914064,79.80898596737578,API_SIMULATION
SL-909,MATARA-COLOMBO,2026-05-09T08:37:00.227Z,59.14,23.49,6.926998667467598,79.89425619410775,API_SIMULATION
HS-808,KANDY-COLOMBO,2026-05-09T08:37:00.227Z,73.05,5.55,6.912590894207117,79.83538435834674,API_SIMULATION
NC-220,COLOMBO-JAFFNA,2026-05-09T08:37:30.241Z,65.38,13,6.938505171164828,79.87795483721149,API_SIMULATION
IC-101,COLOMBO-KANDY,2026-05-09T08:37:30.241Z,78,10.96,6.910073753187669,79.90903695059879,API_SIMULATION
CS-305,COLOMBO-GALLE,2026-05-09T08:37:30.241Z,61.84,4.66,6.979902751697201,79.86867987354556,API_SIMULATION
MC-520,COLOMBO-KANDY,2026-05-09T08:37:30.241Z,20.95,23.8,6.9677655049239915,79.85079342334214,API_SIMULATION
CS-410,COLOMBO-MATARA,2026-05-09T08:37:30.241Z,28.29,14.61,6.92292388531434,79.84582763582723,API_SIMULATION
NC-640,COLOMBO-JAFFNA,2026-05-09T08:37:30.241Z,83.65,20.3,6.886892021362167,79.82439529377984,API_SIMULATION
NC-710,COLOMBO-JAFFNA,2026-05-09T08:37:30.241Z,75.97,5.55,6.967532913409889,79.91036135705593,API_SIMULATION
WB-115,RAGAMA-COLOMBO,2026-05-09T08:37:30.241Z,32.93,24.73,6.940596754937927,79.8774455181044,API_SIMULATION
CC-222,GAMPAHA-COLOMBO,2026-05-09T08:37:30.241Z,28.17,1.96,6.958178526913698,79.87725260774246,API_SIMULATION
SL-909,MATARA-COLOMBO,2026-05-09T08:37:30.241Z,40.91,10.45,6.9300818347663995,79.88277308915622,API_SIMULATION
HS-808,KANDY-COLOMBO,2026-05-09T08:37:30.241Z,59.37,17.42,6.891218293066384,79.84247680786984,API_SIMULATION
NC-220,COLOMBO-JAFFNA,2026-05-09T08:38:00.241Z,21.81,14.86,6.9654662404198895,79.87453680152599,API_SIMULATION
IC-101,COLOMBO-KANDY,2026-05-09T08:38:00.241Z,59.99,17.8,6.974569082803429,79.91839342988723,API_SIMULATION
CS-305,COLOMBO-GALLE,2026-05-09T08:38:00.241Z,50.37,21.11,6.872963853946088,79.8571038706485,API_SIMULATION
MC-520,COLOMBO-KANDY,2026-05-09T08:38:00.241Z,50.23,18.41,6.9021264918696765,79.81743518498108,API_SIMULATION
CS-410,COLOMBO-MATARA,2026-05-09T08:38:00.241Z,32.68,9.62,6.8915278215825655,79.85289566490722,API_SIMULATION
NC-640,COLOMBO-JAFFNA,2026-05-09T08:38:00.241Z,30.05,7.01,6.939880917127786,79.88219672321017,API_SIMULATION
NC-710,COLOMBO-JAFFNA,2026-05-09T08:38:00.241Z,63.46,12.45,6.917873024978932,79.86398777620191,API_SIMULATION
WB-115,RAGAMA-COLOMBO,2026-05-09T08:38:00.241Z,70.75,7.81,6.883215408995528,79.8955106686405,API_SIMULATION
CC-222,GAMPAHA-COLOMBO,2026-05-09T08:38:00.241Z,56.38,9.33,6.899530354961478,79.89961010240035,API_SIMULATION
SL-909,MATARA-COLOMBO,2026-05-09T08:38:00.241Z,47.63,19.8,6.927647663626112,79.88912705147791,API_SIMULATION
HS-808,KANDY-COLOMBO,2026-05-09T08:38:00.241Z,73.37,9.15,6.886220408883648,79.910301992256,API_SIMULATION
NC-220,COLOMBO-JAFFNA,2026-05-09T08:38:30.249Z,75.84,2.45,6.903076520224472,79.86731577428918,API_SIMULATION
IC-101,COLOMBO-KANDY,2026-05-09T08:38:30.249Z,69.32,21.66,6.925316625851287,79.88934233562564,API_SIMULATION
CS-305,COLOMBO-GALLE,2026-05-09T08:38:30.249Z,57.85,17.27,6.881616357082789,79.88716097165721,API_SIMULATION
MC-520,COLOMBO-KANDY,2026-05-09T08:38:30.249Z,66.56,6.29,6.964358249136299,79.85016108761033,API_SIMULATION
CS-410,COLOMBO-MATARA,2026-05-09T08:38:30.249Z,48.24,16.98,6.888965285565809,79.90896228251896,API_SIMULATION
NC-640,COLOMBO-JAFFNA,2026-05-09T08:38:30.249Z,31.46,17.85,6.930130329182236,79.91920819607881,API_SIMULATION
NC-710,COLOMBO-JAFFNA,2026-05-09T08:38:30.249Z,82.76,20.76,6.9003991439693095,79.86306965626432,API_SIMULATION
WB-115,RAGAMA-COLOMBO,2026-05-09T08:38:30.249Z,42.1,5.91,6.956675815845915,79.89595829074375,API_SIMULATION
CC-222,GAMPAHA-COLOMBO,2026-05-09T08:38:30.249Z,59.76,5.2,6.955875536190985,79.81554885439414,API_SIMULATION
SL-909,MATARA-COLOMBO,2026-05-09T08:38:30.249Z,74.93,0.02,6.963575323786576,79.89464111321821,API_SIMULATION
HS-808,KANDY-COLOMBO,2026-05-09T08:38:30.249Z,37.2,20.68,6.874598281746498,79.8643853012878,API_SIMULATION
NC-220,COLOMBO-JAFFNA,2026-05-09T08:39:00.264Z,22.01,19.89,6.915583323299523,79.88447437908124,API_SIMULATION
IC-101,COLOMBO-KANDY,2026-05-09T08:39:00.264Z,52.15,6.35,6.9490534284054934,79.83378846944008,API_SIMULATION
CS-305,COLOMBO-GALLE,2026-05-09T08:39:00.264Z,47.07,12.46,6.880346277251498,79.91799630727968,API_SIMULATION
MC-520,COLOMBO-KANDY,2026-05-09T08:39:00.264Z,22.39,4.75,6.8987014162188975,79.84880064624956,API_SIMULATION
CS-410,COLOMBO-MATARA,2026-05-09T08:39:00.264Z,44.17,13.41,6.878511128573194,79.89481817743436,API_SIMULATION
NC-640,COLOMBO-JAFFNA,2026-05-09T08:39:00.264Z,60.66,23.18,6.962340044553991,79.91414990583733,API_SIMULATION
NC-710,COLOMBO-JAFFNA,2026-05-09T08:39:00.264Z,78.93,15.28,6.984304162336634,79.90708372654463,API_SIMULATION
WB-115,RAGAMA-COLOMBO,2026-05-09T08:39:00.264Z,66.85,18.77,6.916213341969775,79.81310493001395,API_SIMULATION
CC-222,GAMPAHA-COLOMBO,2026-05-09T08:39:00.264Z,44.37,10.84,6.961852456710923,79.80322617725416,API_SIMULATION
SL-909,MATARA-COLOMBO,2026-05-09T08:39:00.264Z,58.26,20.86,6.971618935557684,79.80712086896199,API_SIMULATION
HS-808,KANDY-COLOMBO,2026-05-09T08:39:00.264Z,52.55,3.71,6.927579205988582,79.81758113683547,API_SIMULATION
NC-220,COLOMBO-JAFFNA,2026-05-09T08:39:30.269Z,80.88,2.05,6.964982449401128,79.84548001884589,API_SIMULATION
IC-101,COLOMBO-KANDY,2026-05-09T08:39:30.269Z,51.14,12.32,6.873598451266421,79.83811301994609,API_SIMULATION
CS-305,COLOMBO-GALLE,2026-05-09T08:39:30.269Z,48.12,20.64,6.9156334741758245,79.81628380258793,API_SIMULATION
MC-520,COLOMBO-KANDY,2026-05-09T08:39:30.269Z,65.34,10.55,6.970298791228434,79.86942743827326,API_SIMULATION
CS-410,COLOMBO-MATARA,2026-05-09T08:39:30.269Z,76.2,0.51,6.894582628295319,79.82457523561612,API_SIMULATION
NC-640,COLOMBO-JAFFNA,2026-05-09T08:39:30.269Z,44.02,1.26,6.961305366867604,79.81048982545124,API_SIMULATION
NC-710,COLOMBO-JAFFNA,2026-05-09T08:39:30.269Z,46.59,4.26,6.970077601111279,79.8597002041352,API_SIMULATION
WB-115,RAGAMA-COLOMBO,2026-05-09T08:39:30.269Z,52.32,10.16,6.86815210354135,79.90686341091728,API_SIMULATION
CC-222,GAMPAHA-COLOMBO,2026-05-09T08:39:30.269Z,80.22,17.1,6.984546646489796,79.83198855264187,API_SIMULATION
SL-909,MATARA-COLOMBO,2026-05-09T08:39:30.269Z,72.07,21.82,6.905786633339021,79.87803715394294,API_SIMULATION
HS-808,KANDY-COLOMBO,2026-05-09T08:39:30.269Z,33.98,5.19,6.970946327719242,79.85784216724228,API_SIMULATION
NC-220,COLOMBO-JAFFNA,2026-05-09T08:40:00.282Z,48.99,17.28,6.915204011553468,79.82896194203202,API_SIMULATION
IC-101,COLOMBO-KANDY,2026-05-09T08:40:00.282Z,65.96,5.5,6.88290651572826,79.80754405535374,API_SIMULATION
CS-305,COLOMBO-GALLE,2026-05-09T08:40:00.282Z,79.54,10.74,6.96981877188668,79.88103252934401,API_SIMULATION
MC-520,COLOMBO-KANDY,2026-05-09T08:40:00.282Z,35.33,24.45,6.940209350300519,79.84682127958763,API_SIMULATION
CS-410,COLOMBO-MATARA,2026-05-09T08:40:00.282Z,63.84,2.77,6.927747847675264,79.84664212974359,API_SIMULATION
NC-640,COLOMBO-JAFFNA,2026-05-09T08:40:00.282Z,62.91,7.09,6.9397026059090985,79.85003750341599,API_SIMULATION
NC-710,COLOMBO-JAFFNA,2026-05-09T08:40:00.282Z,52.56,17.86,6.897662762164078,79.87422976472573,API_SIMULATION
WB-115,RAGAMA-COLOMBO,2026-05-09T08:40:00.282Z,70.69,16.74,6.887736959044686,79.86406205452626,API_SIMULATION
CC-222,GAMPAHA-COLOMBO,2026-05-09T08:40:00.282Z,64.61,19.19,6.902194109810109,79.87465412476301,API_SIMULATION
SL-909,MATARA-COLOMBO,2026-05-09T08:40:00.282Z,57.27,22.26,6.953015824549498,79.85646287589924,API_SIMULATION
HS-808,KANDY-COLOMBO,2026-05-09T08:40:00.282Z,36.59,4.17,6.914426635512562,79.8705425857784,API_SIMULATION
NC-220,COLOMBO-JAFFNA,2026-05-09T08:40:30.282Z,65.33,9.86,6.883342373834955,79.86605587848152,API_SIMULATION
IC-101,COLOMBO-KANDY,2026-05-09T08:40:30.282Z,20.65,19.32,6.8918617515477525,79.91300622689303,API_SIMULATION
CS-305,COLOMBO-GALLE,2026-05-09T08:40:30.282Z,72.93,22.23,6.903198066891229,79.84621799454192,API_SIMULATION
MC-520,COLOMBO-KANDY,2026-05-09T08:40:30.282Z,44.83,17.29,6.927349695650463,79.83152089431863,API_SIMULATION
CS-410,COLOMBO-MATARA,2026-05-09T08:40:30.282Z,43.78,12.88,6.916734247377644,79.91897036390455,API_SIMULATION
NC-640,COLOMBO-JAFFNA,2026-05-09T08:40:30.282Z,25.57,22.29,6.94154374337453,79.8447367191862,API_SIMULATION
NC-710,COLOMBO-JAFFNA,2026-05-09T08:40:30.282Z,46.8,2.53,6.9356751676843675,79.8112428827508,API_SIMULATION
WB-115,RAGAMA-COLOMBO,2026-05-09T08:40:30.282Z,41.67,16.76,6.975607335068905,79.84401779262994,API_SIMULATION
CC-222,GAMPAHA-COLOMBO,2026-05-09T08:40:30.282Z,40.04,7.7,6.870829053896221,79.85637976070647,API_SIMULATION
SL-909,MATARA-COLOMBO,2026-05-09T08:40:30.282Z,64.15,13.61,6.966546682616503,79.9029585649294,API_SIMULATION
HS-808,KANDY-COLOMBO,2026-05-09T08:40:30.282Z,23.33,8.88,6.943846885404483,79.80192083704281,API_SIMULATION
NC-220,COLOMBO-JAFFNA,2026-05-09T08:41:00.287Z,75.68,1.33,6.956735011753823,79.85064254707338,API_SIMULATION
IC-101,COLOMBO-KANDY,2026-05-09T08:41:00.287Z,51.6,1.02,6.937818619829136,79.8414395411551,API_SIMULATION
CS-305,COLOMBO-GALLE,2026-05-09T08:41:00.287Z,72.55,9.15,6.956730079470929,79.9201197390332,API_SIMULATION
MC-520,COLOMBO-KANDY,2026-05-09T08:41:00.287Z,48.85,1.99,6.923661226281938,79.91913134979508,API_SIMULATION
CS-410,COLOMBO-MATARA,2026-05-09T08:41:00.287Z,70.74,23.41,6.899642072351256,79.88380382479356,API_SIMULATION
NC-640,COLOMBO-JAFFNA,2026-05-09T08:41:00.287Z,77.58,7.27,6.93049291893986,79.8248518815092,API_SIMULATION
NC-710,COLOMBO-JAFFNA,2026-05-09T08:41:00.287Z,38.89,13.53,6.98166894729801,79.91727458049874,API_SIMULATION
WB-115,RAGAMA-COLOMBO,2026-05-09T08:41:00.287Z,73.53,13.4,6.90724926613959,79.83065075344184,API_SIMULATION
CC-222,GAMPAHA-COLOMBO,2026-05-09T08:41:00.287Z,29.43,1.48,6.912704295274271,79.89479615116173,API_SIMULATION
SL-909,MATARA-COLOMBO,2026-05-09T08:41:00.287Z,27.66,1.84,6.944838456860638,79.90837632731362,API_SIMULATION
HS-808,KANDY-COLOMBO,2026-05-09T08:41:00.287Z,70.63,16.09,6.886088713237749,79.87475585076244,API_SIMULATION
NC-220,COLOMBO-JAFFNA,2026-05-09T08:41:30.298Z,61.41,14.18,6.8729235295731,79.81736574586387,API_SIMULATION
IC-101,COLOMBO-KANDY,2026-05-09T08:41:30.298Z,35.73,11.21,6.907328863419658,79.8697929442193,API_SIMULATION
CS-305,COLOMBO-GALLE,2026-05-09T08:41:30.298Z,73.49,18.64,6.973771014548081,79.86085666194022,API_SIMULATION
MC-520,COLOMBO-KANDY,2026-05-09T08:41:30.298Z,82.58,18.64,6.970330906885582,79.88737516755258,API_SIMULATION
CS-410,COLOMBO-MATARA,2026-05-09T08:41:30.298Z,75.56,18.77,6.885111029362337,79.85090528051681,API_SIMULATION
NC-640,COLOMBO-JAFFNA,2026-05-09T08:41:30.298Z,77.9,12.75,6.971869522939005,79.91923923930004,API_SIMULATION
NC-710,COLOMBO-JAFFNA,2026-05-09T08:41:30.298Z,26.67,13.38,6.949974082894761,79.91759233287611,API_SIMULATION
WB-115,RAGAMA-COLOMBO,2026-05-09T08:41:30.298Z,45.3,18.43,6.8724194315905835,79.82491574438313,API_SIMULATION
CC-222,GAMPAHA-COLOMBO,2026-05-09T08:41:30.298Z,68.04,7.48,6.894157292690929,79.86937955436395,API_SIMULATION
SL-909,MATARA-COLOMBO,2026-05-09T08:41:30.298Z,34.3,7.48,6.871254363411228,79.81151469329122,API_SIMULATION
HS-808,KANDY-COLOMBO,2026-05-09T08:41:30.298Z,69.51,1.27,6.982645174930716,79.90626414920985,API_SIMULATION
NC-220,COLOMBO-JAFFNA,2026-05-09T08:42:00.307Z,69.87,23.81,6.879266645539579,79.80794921184349,API_SIMULATION
IC-101,COLOMBO-KANDY,2026-05-09T08:42:00.307Z,51.57,4.05,6.974479679333554,79.820007095224,API_SIMULATION
CS-305,COLOMBO-GALLE,2026-05-09T08:42:00.307Z,71.24,16.67,6.896356965557148,79.80158269176172,API_SIMULATION
MC-520,COLOMBO-KANDY,2026-05-09T08:42:00.307Z,84.17,15.6,6.920973626218652,79.92040413707028,API_SIMULATION
CS-410,COLOMBO-MATARA,2026-05-09T08:42:00.307Z,54.07,23.26,6.97931801177265,79.87433176524958,API_SIMULATION
NC-640,COLOMBO-JAFFNA,2026-05-09T08:42:00.307Z,79.33,21.44,6.965950175716685,79.83980767982504,API_SIMULATION
NC-710,COLOMBO-JAFFNA,2026-05-09T08:42:00.307Z,79,20.21,6.8893882976188765,79.87409200452285,API_SIMULATION
WB-115,RAGAMA-COLOMBO,2026-05-09T08:42:00.307Z,66.86,16.84,6.9180853371434265,79.83471435035148,API_SIMULATION
CC-222,GAMPAHA-COLOMBO,2026-05-09T08:42:00.307Z,63.15,20.3,6.984170351293982,79.90800997914148,API_SIMULATION
SL-909,MATARA-COLOMBO,2026-05-09T08:42:00.307Z,54.83,11.35,6.906961595813597,79.91565275448833,API_SIMULATION
HS-808,KANDY-COLOMBO,2026-05-09T08:42:00.307Z,69,2.1,6.958123887652461,79.84885670080467,API_SIMULATION
NC-220,COLOMBO-JAFFNA,2026-05-09T08:42:30.315Z,58.51,0.02,6.875533766644637,79.9171042303891,API_SIMULATION
IC-101,COLOMBO-KANDY,2026-05-09T08:42:30.315Z,84.76,9.59,6.948302812666398,79.81800904709655,API_SIMULATION
CS-305,COLOMBO-GALLE,2026-05-09T08:42:30.315Z,64.23,9.16,6.899489251660477,79.80135353900273,API_SIMULATION
MC-520,COLOMBO-KANDY,2026-05-09T08:42:30.315Z,84.34,21.35,6.890271151858447,79.8514650122105,API_SIMULATION
CS-410,COLOMBO-MATARA,2026-05-09T08:42:30.315Z,46.75,24.38,6.928834052526613,79.84200644209801,API_SIMULATION
NC-640,COLOMBO-JAFFNA,2026-05-09T08:42:30.315Z,71.97,19.32,6.983349465886491,79.8597735146653,API_SIMULATION
NC-710,COLOMBO-JAFFNA,2026-05-09T08:42:30.315Z,34.38,22.22,6.935467340026054,79.82834038509193,API_SIMULATION
WB-115,RAGAMA-COLOMBO,2026-05-09T08:42:30.315Z,28.6,10.59,6.921561412263613,79.80160163886723,API_SIMULATION
CC-222,GAMPAHA-COLOMBO,2026-05-09T08:42:30.315Z,39.19,7.46,6.907774254661879,79.83987169489201,API_SIMULATION
SL-909,MATARA-COLOMBO,2026-05-09T08:42:30.315Z,46.93,8.38,6.955796142906523,79.8266481665279,API_SIMULATION
HS-808,KANDY-COLOMBO,2026-05-09T08:42:30.315Z,27.35,2.29,6.955946840802262,79.8453392428305,API_SIMULATION
NC-220,COLOMBO-JAFFNA,2026-05-09T08:43:00.320Z,65.52,1.43,6.888041953859801,79.81391723454709,API_SIMULATION
IC-101,COLOMBO-KANDY,2026-05-09T08:43:00.320Z,54.56,8.2,6.904250734689032,79.81779451081576,API_SIMULATION
CS-305,COLOMBO-GALLE,2026-05-09T08:43:00.320Z,53.22,3.24,6.947744326807256,79.88706870123514,API_SIMULATION
MC-520,COLOMBO-KANDY,2026-05-09T08:43:00.320Z,70.45,12.84,6.92847959597095,79.91789606718115,API_SIMULATION
CS-410,COLOMBO-MATARA,2026-05-09T08:43:00.320Z,25.7,5.13,6.906635320455709,79.83259597299536,API_SIMULATION
NC-640,COLOMBO-JAFFNA,2026-05-09T08:43:00.320Z,29.2,0.06,6.896852407046067,79.89149412451857,API_SIMULATION
NC-710,COLOMBO-JAFFNA,2026-05-09T08:43:00.320Z,23.71,13.98,6.9508752633811,79.89971230682004,API_SIMULATION
WB-115,RAGAMA-COLOMBO,2026-05-09T08:43:00.320Z,30.1,21.62,6.969385926923683,79.81597087914544,API_SIMULATION
CC-222,GAMPAHA-COLOMBO,2026-05-09T08:43:00.320Z,20.91,14,6.871927138533442,79.80268596995847,API_SIMULATION
SL-909,MATARA-COLOMBO,2026-05-09T08:43:00.320Z,31.7,6.89,6.942257625834691,79.9040727429627,API_SIMULATION
HS-808,KANDY-COLOMBO,2026-05-09T08:43:00.320Z,21.68,12.97,6.880630958079339,79.87964860536995,API_SIMULATION
NC-220,COLOMBO-JAFFNA,2026-05-09T08:43:30.328Z,82.99,14.85,6.874700910095926,79.84133577111992,API_SIMULATION
IC-101,COLOMBO-KANDY,2026-05-09T08:43:30.328Z,57.47,6.97,6.907661812429815,79.89296123216288,API_SIMULATION
CS-305,COLOMBO-GALLE,2026-05-09T08:43:30.328Z,52.32,2.86,6.916461874621102,79.83970434042514,API_SIMULATION
MC-520,COLOMBO-KANDY,2026-05-09T08:43:30.328Z,55.29,12.38,6.9761420027122005,79.90294095404387,API_SIMULATION
CS-410,COLOMBO-MATARA,2026-05-09T08:43:30.328Z,37.15,16.41,6.9026291469180645,79.84438091026153,API_SIMULATION
NC-640,COLOMBO-JAFFNA,2026-05-09T08:43:30.328Z,44.01,14.19,6.944408429112111,79.88419023259155,API_SIMULATION
NC-710,COLOMBO-JAFFNA,2026-05-09T08:43:30.328Z,56.38,20.65,6.942574821412315,79.9064933380497,API_SIMULATION
WB-115,RAGAMA-COLOMBO,2026-05-09T08:43:30.328Z,25.88,12.66,6.879168331041671,79.88860833435565,API_SIMULATION
CC-222,GAMPAHA-COLOMBO,2026-05-09T08:43:30.328Z,38.74,18.6,6.909727625109354,79.82147918726845,API_SIMULATION
SL-909,MATARA-COLOMBO,2026-05-09T08:43:30.328Z,21.88,21.62,6.883114739339435,79.8283934173036,API_SIMULATION
HS-808,KANDY-COLOMBO,2026-05-09T08:43:30.328Z,76.39,10.19,6.945708864116164,79.89439005109936,API_SIMULATION
NC-220,COLOMBO-JAFFNA,2026-05-09T08:44:00.333Z,71.15,12.88,6.932817864353479,79.82227143092548,API_SIMULATION
IC-101,COLOMBO-KANDY,2026-05-09T08:44:00.333Z,74.06,12.49,6.975827872084831,79.80886038114066,API_SIMULATION
CS-305,COLOMBO-GALLE,2026-05-09T08:44:00.333Z,47.58,22.23,6.979920224850929,79.88718897771395,API_SIMULATION
MC-520,COLOMBO-KANDY,2026-05-09T08:44:00.333Z,24.1,21.62,6.940791575656295,79.89806366111223,API_SIMULATION
CS-410,COLOMBO-MATARA,2026-05-09T08:44:00.333Z,57.3,2.61,6.879263349676163,79.90065768449706,API_SIMULATION
NC-640,COLOMBO-JAFFNA,2026-05-09T08:44:00.333Z,21.62,2.05,6.965374093714918,79.90729083882808,API_SIMULATION
NC-710,COLOMBO-JAFFNA,2026-05-09T08:44:00.333Z,72.72,22.48,6.935940124857193,79.91723122385248,API_SIMULATION
WB-115,RAGAMA-COLOMBO,2026-05-09T08:44:00.333Z,42.76,5.34,6.872459731892908,79.89137044796249,API_SIMULATION
CC-222,GAMPAHA-COLOMBO,2026-05-09T08:44:00.333Z,47.13,3.77,6.887134180226621,79.89131968890275,API_SIMULATION
SL-909,MATARA-COLOMBO,2026-05-09T08:44:00.333Z,65.65,21.98,6.917800459209561,79.8982221736436,API_SIMULATION
HS-808,KANDY-COLOMBO,2026-05-09T08:44:00.333Z,84.23,0.45,6.8885633323035425,79.8414836694476,API_SIMULATION
NC-220,COLOMBO-JAFFNA,2026-05-09T08:44:30.345Z,67.09,20,6.887035699841353,79.86711803505098,API_SIMULATION
IC-101,COLOMBO-KANDY,2026-05-09T08:44:30.345Z,36.32,24.54,6.9220742346917135,79.80573487427321,API_SIMULATION
CS-305,COLOMBO-GALLE,2026-05-09T08:44:30.345Z,73.72,16.09,6.9481061313894585,79.86509748393445,API_SIMULATION
MC-520,COLOMBO-KANDY,2026-05-09T08:44:30.345Z,76.24,8.37,6.918822789616887,79.83910803340687,API_SIMULATION
CS-410,COLOMBO-MATARA,2026-05-09T08:44:30.345Z,38.73,0.73,6.925246136572043,79.91137078057118,API_SIMULATION
NC-640,COLOMBO-JAFFNA,2026-05-09T08:44:30.345Z,57.58,0.83,6.972772328242572,79.81244048631254,API_SIMULATION
NC-710,COLOMBO-JAFFNA,2026-05-09T08:44:30.345Z,68.49,16.52,6.954599000827997,79.85642629524318,API_SIMULATION
WB-115,RAGAMA-COLOMBO,2026-05-09T08:44:30.345Z,55.24,19.7,6.914317447467203,79.85841896720306,API_SIMULATION
CC-222,GAMPAHA-COLOMBO,2026-05-09T08:44:30.345Z,69.92,20.51,6.898793505751519,79.826286590031,API_SIMULATION
SL-909,MATARA-COLOMBO,2026-05-09T08:44:30.345Z,78.79,19.3,6.896686645936393,79.90568161415658,API_SIMULATION
HS-808,KANDY-COLOMBO,2026-05-09T08:44:30.345Z,52.83,8.84,6.966160731952477,79.85813663743447,API_SIMULATION
NC-220,COLOMBO-JAFFNA,2026-05-09T08:45:00.352Z,62.99,5.17,6.927643243395915,79.83545982818212,API_SIMULATION
IC-101,COLOMBO-KANDY,2026-05-09T08:45:00.352Z,27.41,10.69,6.923923940482638,79.80420018733531,API_SIMULATION
CS-305,COLOMBO-GALLE,2026-05-09T08:45:00.352Z,68.79,16.99,6.892775624241047,79.82937072494136,API_SIMULATION
MC-520,COLOMBO-KANDY,2026-05-09T08:45:00.352Z,77.54,1.44,6.954824354476186,79.87112402337337,API_SIMULATION
CS-410,COLOMBO-MATARA,2026-05-09T08:45:00.352Z,84.66,3.9,6.9154809698610915,79.81115722513937,API_SIMULATION
NC-640,COLOMBO-JAFFNA,2026-05-09T08:45:00.352Z,64.78,18.52,6.983086199572885,79.90553092196232,API_SIMULATION
NC-710,COLOMBO-JAFFNA,2026-05-09T08:45:00.352Z,60.01,17.16,6.968244527990427,79.91405514742074,API_SIMULATION
WB-115,RAGAMA-COLOMBO,2026-05-09T08:45:00.352Z,68.01,19.62,6.893468812993538,79.8914002049943,API_SIMULATION
CC-222,GAMPAHA-COLOMBO,2026-05-09T08:45:00.352Z,72.93,2.64,6.897479973746406,79.81266089193132,API_SIMULATION
SL-909,MATARA-COLOMBO,2026-05-09T08:45:00.352Z,24.82,11.38,6.924510945598031,79.80573813185181,API_SIMULATION
HS-808,KANDY-COLOMBO,2026-05-09T08:45:00.352Z,44.61,9.4,6.874203632834907,79.89108865996536,API_SIMULATION
NC-220,COLOMBO-JAFFNA,2026-05-09T08:45:30.366Z,55.63,9.82,6.901445843997219,79.85332489520933,API_SIMULATION
IC-101,COLOMBO-KANDY,2026-05-09T08:45:30.366Z,80.08,20.79,6.9074919513901225,79.86228166252785,API_SIMULATION
CS-305,COLOMBO-GALLE,2026-05-09T08:45:30.366Z,27.44,20.92,6.869897150228821,79.89581789269553,API_SIMULATION
MC-520,COLOMBO-KANDY,2026-05-09T08:45:30.366Z,83.36,15.27,6.978238633059508,79.91296929235429,API_SIMULATION
CS-410,COLOMBO-MATARA,2026-05-09T08:45:30.366Z,60,6.56,6.892994354091169,79.88171826957416,API_SIMULATION
NC-640,COLOMBO-JAFFNA,2026-05-09T08:45:30.366Z,66.57,24.76,6.973790535253666,79.89289285851366,API_SIMULATION
NC-710,COLOMBO-JAFFNA,2026-05-09T08:45:30.366Z,22.88,23.3,6.900271202184145,79.90298198410916,API_SIMULATION
WB-115,RAGAMA-COLOMBO,2026-05-09T08:45:30.366Z,52.81,13.06,6.873759293010868,79.82063710024276,API_SIMULATION
CC-222,GAMPAHA-COLOMBO,2026-05-09T08:45:30.366Z,21.8,12.61,6.88581052626053,79.87653835904024,API_SIMULATION
SL-909,MATARA-COLOMBO,2026-05-09T08:45:30.366Z,29.19,2.47,6.87039842199712,79.88078017140158,API_SIMULATION
HS-808,KANDY-COLOMBO,2026-05-09T08:45:30.366Z,57.93,8.23,6.90734085728475,79.85149828771154,API_SIMULATION
NC-220,COLOMBO-JAFFNA,2026-05-09T08:46:00.376Z,72.63,8.51,6.984247182006434,79.88510851192014,API_SIMULATION
IC-101,COLOMBO-KANDY,2026-05-09T08:46:00.376Z,29.58,12.93,6.934289099879911,79.90015072524416,API_SIMULATION
CS-305,COLOMBO-GALLE,2026-05-09T08:46:00.376Z,67.95,1.94,6.944189682357361,79.85011674445695,API_SIMULATION
MC-520,COLOMBO-KANDY,2026-05-09T08:46:00.376Z,21.37,2.09,6.893674957630355,79.82981580973474,API_SIMULATION
CS-410,COLOMBO-MATARA,2026-05-09T08:46:00.376Z,29.27,19.21,6.94993700908886,79.89821885345046,API_SIMULATION
NC-640,COLOMBO-JAFFNA,2026-05-09T08:46:00.376Z,52.05,23.98,6.938545201672418,79.8985252855691,API_SIMULATION
NC-710,COLOMBO-JAFFNA,2026-05-09T08:46:00.376Z,25.29,13.77,6.949707089006371,79.90187376960806,API_SIMULATION
WB-115,RAGAMA-COLOMBO,2026-05-09T08:46:00.376Z,44.83,1.71,6.970555390062933,79.9178335295942,API_SIMULATION
CC-222,GAMPAHA-COLOMBO,2026-05-09T08:46:00.376Z,47.42,14.18,6.929389348727939,79.91103712433481,API_SIMULATION
SL-909,MATARA-COLOMBO,2026-05-09T08:46:00.376Z,26.79,5.59,6.909951873414935,79.86460153171375,API_SIMULATION
HS-808,KANDY-COLOMBO,2026-05-09T08:46:00.376Z,79.91,3.56,6.985278678535749,79.84338991215168,API_SIMULATION
NC-220,COLOMBO-JAFFNA,2026-05-09T08:46:30.388Z,32.86,15.36,6.876997530178985,79.84872309792159,API_SIMULATION
IC-101,COLOMBO-KANDY,2026-05-09T08:46:30.388Z,74.47,0.69,6.886142856629728,79.859668820385,API_SIMULATION
CS-305,COLOMBO-GALLE,2026-05-09T08:46:30.388Z,72.15,22.22,6.91676437765834,79.88694313894385,API_SIMULATION
MC-520,COLOMBO-KANDY,2026-05-09T08:46:30.388Z,68.8,23.51,6.92170927661162,79.82240740026849,API_SIMULATION
CS-410,COLOMBO-MATARA,2026-05-09T08:46:30.388Z,31.03,9.85,6.949130836507889,79.80379715592613,API_SIMULATION
NC-640,COLOMBO-JAFFNA,2026-05-09T08:46:30.388Z,47.99,6.45,6.898947833547323,79.86256654827605,API_SIMULATION
NC-710,COLOMBO-JAFFNA,2026-05-09T08:46:30.388Z,40.43,10.72,6.880637764087757,79.90107896270722,API_SIMULATION
WB-115,RAGAMA-COLOMBO,2026-05-09T08:46:30.388Z,54.98,7.18,6.897876141433418,79.87442434457043,API_SIMULATION
CC-222,GAMPAHA-COLOMBO,2026-05-09T08:46:30.388Z,44.86,3.06,6.879128258486436,79.90303876329514,API_SIMULATION
SL-909,MATARA-COLOMBO,2026-05-09T08:46:30.388Z,82.79,0.4,6.967919092648431,79.84856055388695,API_SIMULATION
HS-808,KANDY-COLOMBO,2026-05-09T08:46:30.388Z,80.48,3.74,6.950973325845623,79.81404636036635,API_SIMULATION
NC-220,COLOMBO-JAFFNA,2026-05-09T08:47:00.402Z,30.15,21.7,6.869608693616954,79.81935030129439,API_SIMULATION
IC-101,COLOMBO-KANDY,2026-05-09T08:47:00.402Z,31.13,4.71,6.869750139598353,79.85027035875328,API_SIMULATION
CS-305,COLOMBO-GALLE,2026-05-09T08:47:00.402Z,42.36,3.51,6.9833809193406795,79.86271945056929,API_SIMULATION
MC-520,COLOMBO-KANDY,2026-05-09T08:47:00.402Z,24.52,14.75,6.970937773174688,79.86426630810068,API_SIMULATION
CS-410,COLOMBO-MATARA,2026-05-09T08:47:00.402Z,69.75,19.98,6.921563831706628,79.83758797305208,API_SIMULATION
NC-640,COLOMBO-JAFFNA,2026-05-09T08:47:00.402Z,54.27,7.5,6.946001825100823,79.87862508541504,API_SIMULATION
NC-710,COLOMBO-JAFFNA,2026-05-09T08:47:00.402Z,80.54,16.55,6.93215025488155,79.831530040831,API_SIMULATION
WB-115,RAGAMA-COLOMBO,2026-05-09T08:47:00.402Z,59.99,10.91,6.890051016802976,79.8311302718559,API_SIMULATION
CC-222,GAMPAHA-COLOMBO,2026-05-09T08:47:00.402Z,40.96,18.69,6.887384108729696,79.80277406730468,API_SIMULATION
SL-909,MATARA-COLOMBO,2026-05-09T08:47:00.402Z,71.2,18.53,6.955129990099132,79.82738906308556,API_SIMULATION
HS-808,KANDY-COLOMBO,2026-05-09T08:47:00.402Z,48.88,23.56,6.944512077525987,79.8705140679926,API_SIMULATION
NC-220,COLOMBO-JAFFNA,2026-05-09T08:47:30.408Z,39.27,5.09,6.8999177560927585,79.87056764922228,API_SIMULATION
IC-101,COLOMBO-KANDY,2026-05-09T08:47:30.408Z,45.45,12,6.971041808463126,79.90229662402581,API_SIMULATION
CS-305,COLOMBO-GALLE,2026-05-09T08:47:30.408Z,56.31,22.24,6.909607844009361,79.83812330978994,API_SIMULATION
MC-520,COLOMBO-KANDY,2026-05-09T08:47:30.408Z,40.83,8.17,6.910541676036788,79.90245395397262,API_SIMULATION
CS-410,COLOMBO-MATARA,2026-05-09T08:47:30.408Z,54.47,21.34,6.927526892841152,79.83102486195403,API_SIMULATION
NC-640,COLOMBO-JAFFNA,2026-05-09T08:47:30.408Z,21.41,19.06,6.923655097899783,79.91317110129404,API_SIMULATION
NC-710,COLOMBO-JAFFNA,2026-05-09T08:47:30.408Z,50.67,23.14,6.928431335031478,79.87705139573534,API_SIMULATION
WB-115,RAGAMA-COLOMBO,2026-05-09T08:47:30.408Z,55.87,12.86,6.932865020090093,79.8598611144338,API_SIMULATION
CC-222,GAMPAHA-COLOMBO,2026-05-09T08:47:30.408Z,52.36,9.06,6.976203476805917,79.83969553905982,API_SIMULATION
SL-909,MATARA-COLOMBO,2026-05-09T08:47:30.408Z,57.69,11.97,6.937059170852096,79.86066099351162,API_SIMULATION
HS-808,KANDY-COLOMBO,2026-05-09T08:47:30.408Z,45.44,6.04,6.892508954578512,79.91448783614688,API_SIMULATION
NC-220,COLOMBO-JAFFNA,2026-05-09T08:48:00.422Z,51.75,7.29,6.947020198005143,79.91312857467128,API_SIMULATION
IC-101,COLOMBO-KANDY,2026-05-09T08:48:00.422Z,47.41,1.64,6.959835814238779,79.83451889795211,API_SIMULATION
CS-305,COLOMBO-GALLE,2026-05-09T08:48:00.422Z,39.55,13.79,6.962178463611286,79.86739792472042,API_SIMULATION
MC-520,COLOMBO-KANDY,2026-05-09T08:48:00.422Z,55.77,22.08,6.883678637988691,79.81011460046756,API_SIMULATION
CS-410,COLOMBO-MATARA,2026-05-09T08:48:00.422Z,66.25,6.34,6.880133278650397,79.89392369720575,API_SIMULATION
NC-640,COLOMBO-JAFFNA,2026-05-09T08:48:00.422Z,78.29,22.62,6.880772157491135,79.82802979194338,API_SIMULATION
NC-710,COLOMBO-JAFFNA,2026-05-09T08:48:00.422Z,81.3,0.04,6.911587923359938,79.90538536547675,API_SIMULATION
WB-115,RAGAMA-COLOMBO,2026-05-09T08:48:00.422Z,30.39,11.73,6.93116881183056,79.89283290447075,API_SIMULATION
CC-222,GAMPAHA-COLOMBO,2026-05-09T08:48:00.422Z,35.01,15.1,6.922945912917504,79.87699731962773,API_SIMULATION
SL-909,MATARA-COLOMBO,2026-05-09T08:48:00.422Z,65.48,10.43,6.933958094325756,79.91233077125625,API_SIMULATION
HS-808,KANDY-COLOMBO,2026-05-09T08:48:00.422Z,65.95,21.26,6.9649464273072805,79.83940433981347,API_SIMULATION
NC-220,COLOMBO-JAFFNA,2026-05-09T08:48:30.440Z,23.75,7.35,6.95420634696696,79.89207572524634,API_SIMULATION
IC-101,COLOMBO-KANDY,2026-05-09T08:48:30.440Z,64.99,2.73,6.940039942035571,79.87096431752315,API_SIMULATION
CS-305,COLOMBO-GALLE,2026-05-09T08:48:30.440Z,53.83,18.3,6.883469052291091,79.86631520437636,API_SIMULATION
MC-520,COLOMBO-KANDY,2026-05-09T08:48:30.440Z,26.11,17.83,6.890303618001413,79.82071686341085,API_SIMULATION
CS-410,COLOMBO-MATARA,2026-05-09T08:48:30.440Z,64.02,15.57,6.872108533800204,79.808177072214,API_SIMULATION
NC-640,COLOMBO-JAFFNA,2026-05-09T08:48:30.440Z,24.25,11.63,6.8828522401065815,79.8320657884113,API_SIMULATION
NC-710,COLOMBO-JAFFNA,2026-05-09T08:48:30.440Z,53.78,10.03,6.971315814049735,79.899543092977,API_SIMULATION
WB-115,RAGAMA-COLOMBO,2026-05-09T08:48:30.440Z,43.54,6.8,6.952401193820523,79.85019830436913,API_SIMULATION
CC-222,GAMPAHA-COLOMBO,2026-05-09T08:48:30.440Z,39.27,19.71,6.98603876007796,79.80928374396485,API_SIMULATION
SL-909,MATARA-COLOMBO,2026-05-09T08:48:30.440Z,81.81,8.55,6.901683062286502,79.82277189388245,API_SIMULATION
HS-808,KANDY-COLOMBO,2026-05-09T08:48:30.440Z,67.51,16.71,6.973781656503605,79.8959622655797,API_SIMULATION
NC-220,COLOMBO-JAFFNA,2026-05-09T08:49:00.442Z,23.21,0.17,6.947950182256825,79.83324629320093,API_SIMULATION
IC-101,COLOMBO-KANDY,2026-05-09T08:49:00.442Z,63.99,13.89,6.907411988347375,79.9074172467363,API_SIMULATION
CS-305,COLOMBO-GALLE,2026-05-09T08:49:00.442Z,83.17,20.91,6.981755829211316,79.90673513444865,API_SIMULATION
MC-520,COLOMBO-KANDY,2026-05-09T08:49:00.442Z,34.53,22.79,6.943138591570093,79.8378683754042,API_SIMULATION
CS-410,COLOMBO-MATARA,2026-05-09T08:49:00.442Z,28.67,3,6.958685746464571,79.83338187950653,API_SIMULATION
NC-640,COLOMBO-JAFFNA,2026-05-09T08:49:00.442Z,81.19,18.24,6.904250164674103,79.84201891573473,API_SIMULATION
NC-710,COLOMBO-JAFFNA,2026-05-09T08:49:00.442Z,39.35,7.68,6.940759699343936,79.91701746792401,API_SIMULATION
WB-115,RAGAMA-COLOMBO,2026-05-09T08:49:00.442Z,47.47,5.88,6.942138969570809,79.92116147729644,API_SIMULATION
CC-222,GAMPAHA-COLOMBO,2026-05-09T08:49:00.442Z,33.65,5.73,6.9830092421768795,79.85538266376447,API_SIMULATION
SL-909,MATARA-COLOMBO,2026-05-09T08:49:00.442Z,47.41,0.42,6.955464828032676,79.8061406225597,API_SIMULATION
HS-808,KANDY-COLOMBO,2026-05-09T08:49:00.442Z,73.78,18.29,6.967303363446059,79.83566539297817,API_SIMULATION
NC-220,COLOMBO-JAFFNA,2026-05-09T08:49:30.450Z,45.89,2.23,6.890732773526411,79.88957974848125,API_SIMULATION
IC-101,COLOMBO-KANDY,2026-05-09T08:49:30.450Z,32.92,3.27,6.949173460388024,79.91342850806707,API_SIMULATION
CS-305,COLOMBO-GALLE,2026-05-09T08:49:30.450Z,47.15,20.06,6.981306818747996,79.85122253609313,API_SIMULATION
MC-520,COLOMBO-KANDY,2026-05-09T08:49:30.450Z,32.8,2.07,6.945574924248084,79.844039887524,API_SIMULATION
CS-410,COLOMBO-MATARA,2026-05-09T08:49:30.450Z,55.25,6.16,6.923574943964804,79.85130568184631,API_SIMULATION
NC-640,COLOMBO-JAFFNA,2026-05-09T08:49:30.450Z,72.04,5.66,6.960651243763296,79.8960046045049,API_SIMULATION
NC-710,COLOMBO-JAFFNA,2026-05-09T08:49:30.450Z,66.53,14.98,6.946087383487049,79.8333630740501,API_SIMULATION
WB-115,RAGAMA-COLOMBO,2026-05-09T08:49:30.450Z,66.26,2.37,6.9335301913926015,79.8307179629044,API_SIMULATION
CC-222,GAMPAHA-COLOMBO,2026-05-09T08:49:30.450Z,36.33,19.94,6.940751469797738,79.8840072053537,API_SIMULATION
SL-909,MATARA-COLOMBO,2026-05-09T08:49:30.450Z,36.34,5.38,6.919841604137952,79.88811923650601,API_SIMULATION
HS-808,KANDY-COLOMBO,2026-05-09T08:49:30.450Z,73.46,3.38,6.8721133954632805,79.88364039876245,API_SIMULATION
NC-220,COLOMBO-JAFFNA,2026-05-09T08:50:00.454Z,22.23,16.26,6.908847457840175,79.8367103185948,API_SIMULATION
IC-101,COLOMBO-KANDY,2026-05-09T08:50:00.454Z,21.06,12.59,6.900565649293221,79.82877778442088,API_SIMULATION
CS-305,COLOMBO-GALLE,2026-05-09T08:50:00.454Z,28.5,21.89,6.883809250047885,79.90526216374725,API_SIMULATION
MC-520,COLOMBO-KANDY,2026-05-09T08:50:00.454Z,53.47,5.1,6.97400782373355,79.92000153141667,API_SIMULATION
CS-410,COLOMBO-MATARA,2026-05-09T08:50:00.454Z,47.47,5.69,6.968211935565595,79.82842812437737,API_SIMULATION
NC-640,COLOMBO-JAFFNA,2026-05-09T08:50:00.454Z,50.86,3.17,6.939579862971145,79.8266386366292,API_SIMULATION
NC-710,COLOMBO-JAFFNA,2026-05-09T08:50:00.454Z,22.95,10.06,6.9029241797748675,79.88969731658527,API_SIMULATION
WB-115,RAGAMA-COLOMBO,2026-05-09T08:50:00.454Z,52.31,11.79,6.963507705607155,79.89493540058892,API_SIMULATION
CC-222,GAMPAHA-COLOMBO,2026-05-09T08:50:00.454Z,65.18,14.99,6.942223248884575,79.82260890538844,API_SIMULATION
SL-909,MATARA-COLOMBO,2026-05-09T08:50:00.454Z,25.59,6.61,6.967234316624491,79.83452197727821,API_SIMULATION
HS-808,KANDY-COLOMBO,2026-05-09T08:50:00.454Z,29.08,2.58,6.87116511462457,79.9185449233896,API_SIMULATION
NC-220,COLOMBO-JAFFNA,2026-05-09T08:50:30.462Z,37.23,14.05,6.899505537185688,79.80338538321033,API_SIMULATION
IC-101,COLOMBO-KANDY,2026-05-09T08:50:30.462Z,74.21,6.53,6.937873757422944,79.80157734176312,API_SIMULATION
CS-305,COLOMBO-GALLE,2026-05-09T08:50:30.462Z,26.02,8.23,6.938972383881693,79.82185896071937,API_SIMULATION
MC-520,COLOMBO-KANDY,2026-05-09T08:50:30.462Z,79.46,8.82,6.959000339095118,79.81742060821021,API_SIMULATION
CS-410,COLOMBO-MATARA,2026-05-09T08:50:30.462Z,71.98,23.83,6.888226014013363,79.90194485251546,API_SIMULATION
NC-640,COLOMBO-JAFFNA,2026-05-09T08:50:30.462Z,49.1,12.56,6.890332213906017,79.82928175554873,API_SIMULATION
NC-710,COLOMBO-JAFFNA,2026-05-09T08:50:30.462Z,54.96,23.81,6.964980537777945,79.87963175360993,API_SIMULATION
WB-115,RAGAMA-COLOMBO,2026-05-09T08:50:30.462Z,72.13,15.5,6.95500005943269,79.85009083564321,API_SIMULATION
CC-222,GAMPAHA-COLOMBO,2026-05-09T08:50:30.462Z,64.72,9.7,6.909904446169121,79.81281917014876,API_SIMULATION
SL-909,MATARA-COLOMBO,2026-05-09T08:50:30.462Z,60.4,0.34,6.9731837732123845,79.84714809846976,API_SIMULATION
HS-808,KANDY-COLOMBO,2026-05-09T08:50:30.462Z,51.36,16.93,6.911667224915421,79.87819564889888,API_SIMULATION
NC-220,COLOMBO-JAFFNA,2026-05-09T08:51:00.467Z,64.46,18.43,6.8767820324443045,79.84987648412272,API_SIMULATION
IC-101,COLOMBO-KANDY,2026-05-09T08:51:00.467Z,69.39,9.29,6.9107975720266435,79.82502140385861,API_SIMULATION
CS-305,COLOMBO-GALLE,2026-05-09T08:51:00.467Z,51.26,6.69,6.950188019542155,79.91534930987285,API_SIMULATION
MC-520,COLOMBO-KANDY,2026-05-09T08:51:00.467Z,46.54,2.74,6.917639388208171,79.89048912974067,API_SIMULATION
CS-410,COLOMBO-MATARA,2026-05-09T08:51:00.467Z,56.69,22.13,6.969292749233263,79.90450757601688,API_SIMULATION
NC-640,COLOMBO-JAFFNA,2026-05-09T08:51:00.467Z,78.68,22.8,6.87256055018487,79.84925001585229,API_SIMULATION
NC-710,COLOMBO-JAFFNA,2026-05-09T08:51:00.467Z,36.38,23.98,6.978831566380777,79.89297078389194,API_SIMULATION
WB-115,RAGAMA-COLOMBO,2026-05-09T08:51:00.467Z,37.41,0.74,6.90932806276326,79.91026405846948,API_SIMULATION
CC-222,GAMPAHA-COLOMBO,2026-05-09T08:51:00.467Z,30.31,8.27,6.9520871558434125,79.90820349337882,API_SIMULATION
SL-909,MATARA-COLOMBO,2026-05-09T08:51:00.467Z,72.36,21.61,6.905050612985507,79.85990389186641,API_SIMULATION
HS-808,KANDY-COLOMBO,2026-05-09T08:51:00.467Z,78.66,14.27,6.920519505299151,79.82544773627978,API_SIMULATION
NC-220,COLOMBO-JAFFNA,2026-05-09T08:51:30.469Z,63.11,24.67,6.9439540778167075,79.83357451252336,API_SIMULATION
IC-101,COLOMBO-KANDY,2026-05-09T08:51:30.469Z,57.94,13.9,6.973806808509627,79.82291971596885,API_SIMULATION
CS-305,COLOMBO-GALLE,2026-05-09T08:51:30.469Z,22.24,23.06,6.899068251317395,79.88223127099839,API_SIMULATION
MC-520,COLOMBO-KANDY,2026-05-09T08:51:30.469Z,35.78,15.37,6.873946083914308,79.85318745558114,API_SIMULATION
CS-410,COLOMBO-MATARA,2026-05-09T08:51:30.469Z,63.44,16.14,6.931114957676097,79.92098187440558,API_SIMULATION
NC-640,COLOMBO-JAFFNA,2026-05-09T08:51:30.469Z,54.71,10.26,6.8733514976023145,79.83845990156063,API_SIMULATION
NC-710,COLOMBO-JAFFNA,2026-05-09T08:51:30.469Z,71.18,21.44,6.9500047855158105,79.82640552523515,API_SIMULATION
WB-115,RAGAMA-COLOMBO,2026-05-09T08:51:30.469Z,28.68,2.44,6.947401081567773,79.81185524196951,API_SIMULATION
CC-222,GAMPAHA-COLOMBO,2026-05-09T08:51:30.469Z,70.39,1.55,6.904659674967416,79.92078619182398,API_SIMULATION
SL-909,MATARA-COLOMBO,2026-05-09T08:51:30.469Z,62.57,8.36,6.872010122088513,79.88747445803973,API_SIMULATION
HS-808,KANDY-COLOMBO,2026-05-09T08:51:30.469Z,44.21,16.88,6.950789971188319,79.9068045631124,API_SIMULATION
NC-220,COLOMBO-JAFFNA,2026-05-09T08:52:00.479Z,79.69,13.29,6.883421861239627,79.90135779530321,API_SIMULATION
IC-101,COLOMBO-KANDY,2026-05-09T08:52:00.479Z,44.51,20.59,6.914755955050142,79.85475071959186,API_SIMULATION
CS-305,COLOMBO-GALLE,2026-05-09T08:52:00.479Z,75.32,6.03,6.909130740086066,79.8814744978779,API_SIMULATION
MC-520,COLOMBO-KANDY,2026-05-09T08:52:00.479Z,72.81,5.14,6.878785483147986,79.83616229319402,API_SIMULATION
CS-410,COLOMBO-MATARA,2026-05-09T08:52:00.479Z,65.68,21.96,6.970431040569815,79.8164390782768,API_SIMULATION
NC-640,COLOMBO-JAFFNA,2026-05-09T08:52:00.479Z,43.6,1.31,6.911042955465768,79.81000403546463,API_SIMULATION
NC-710,COLOMBO-JAFFNA,2026-05-09T08:52:00.479Z,62.43,16.7,6.939732090053617,79.89669272575482,API_SIMULATION
WB-115,RAGAMA-COLOMBO,2026-05-09T08:52:00.479Z,83.85,21.53,6.945938365913859,79.9004677948443,API_SIMULATION
CC-222,GAMPAHA-COLOMBO,2026-05-09T08:52:00.479Z,49.45,9.17,6.8884715075285055,79.90669903487681,API_SIMULATION
SL-909,MATARA-COLOMBO,2026-05-09T08:52:00.479Z,62.88,19.25,6.919565504532636,79.87526579978932,API_SIMULATION
HS-808,KANDY-COLOMBO,2026-05-09T08:52:00.479Z,61.05,22.49,6.8803807691679735,79.80550340500804,API_SIMULATION
NC-220,COLOMBO-JAFFNA,2026-05-09T08:52:30.481Z,38.87,1.43,6.893155771350737,79.91234058834239,API_SIMULATION
IC-101,COLOMBO-KANDY,2026-05-09T08:52:30.481Z,29.4,18.37,6.898323848861319,79.80737579346562,API_SIMULATION
CS-305,COLOMBO-GALLE,2026-05-09T08:52:30.481Z,45.07,13.47,6.968362255722923,79.91970661177814,API_SIMULATION
MC-520,COLOMBO-KANDY,2026-05-09T08:52:30.481Z,30.21,16.67,6.949300917960077,79.88656231849444,API_SIMULATION
CS-410,COLOMBO-MATARA,2026-05-09T08:52:30.481Z,40.97,23.1,6.88072393208489,79.81656699187499,API_SIMULATION
NC-640,COLOMBO-JAFFNA,2026-05-09T08:52:30.481Z,43.35,11.07,6.909471189843551,79.8462732970723,API_SIMULATION
NC-710,COLOMBO-JAFFNA,2026-05-09T08:52:30.481Z,74.49,18.55,6.935888688977424,79.83882691070885,API_SIMULATION
WB-115,RAGAMA-COLOMBO,2026-05-09T08:52:30.481Z,21.13,7.52,6.965404642608003,79.82206385612042,API_SIMULATION
CC-222,GAMPAHA-COLOMBO,2026-05-09T08:52:30.481Z,67.93,24.43,6.9337107296311515,79.83531860770432,API_SIMULATION
SL-909,MATARA-COLOMBO,2026-05-09T08:52:30.481Z,50.52,5.84,6.918364043139662,79.84207192656098,API_SIMULATION
HS-808,KANDY-COLOMBO,2026-05-09T08:52:30.481Z,53.49,19.31,6.916419242779729,79.8908317567166,API_SIMULATION
NC-220,COLOMBO-JAFFNA,2026-05-09T08:53:00.494Z,61.51,9.59,6.985121534539292,79.82980093135994,API_SIMULATION
IC-101,COLOMBO-KANDY,2026-05-09T08:53:00.494Z,65.62,6.6,6.9506497709608,79.85165409297767,API_SIMULATION
CS-305,COLOMBO-GALLE,2026-05-09T08:53:00.494Z,20.11,24.84,6.8785813795038475,79.80799733753801,API_SIMULATION
MC-520,COLOMBO-KANDY,2026-05-09T08:53:00.494Z,52.16,6.29,6.880985662658087,79.81182692582935,API_SIMULATION
CS-410,COLOMBO-MATARA,2026-05-09T08:53:00.494Z,68.14,22.93,6.918438390693701,79.80403370263404,API_SIMULATION
NC-640,COLOMBO-JAFFNA,2026-05-09T08:53:00.494Z,25.18,14.34,6.98384548070771,79.81755126388542,API_SIMULATION
NC-710,COLOMBO-JAFFNA,2026-05-09T08:53:00.494Z,52.3,6.22,6.885863236539418,79.81090002195417,API_SIMULATION
WB-115,RAGAMA-COLOMBO,2026-05-09T08:53:00.494Z,83.17,16.6,6.9592264729058195,79.88761489882742,API_SIMULATION
CC-222,GAMPAHA-COLOMBO,2026-05-09T08:53:00.494Z,83.27,18.53,6.875998908466195,79.83478792286297,API_SIMULATION
SL-909,MATARA-COLOMBO,2026-05-09T08:53:00.494Z,31.79,8.33,6.88366736941473,79.90973567323167,API_SIMULATION
HS-808,KANDY-COLOMBO,2026-05-09T08:53:00.494Z,57,2.43,6.893568214458511,79.83627570012993,API_SIMULATION
NC-220,COLOMBO-JAFFNA,2026-05-09T08:53:30.504Z,79.31,19.78,6.932369142878054,79.80742283891256,API_SIMULATION
IC-101,COLOMBO-KANDY,2026-05-09T08:53:30.504Z,41.69,5.31,6.92277579626364,79.8998863150533,API_SIMULATION
CS-305,COLOMBO-GALLE,2026-05-09T08:53:30.504Z,20.53,6.32,6.974672932533578,79.87935129460242,API_SIMULATION
MC-520,COLOMBO-KANDY,2026-05-09T08:53:30.504Z,59.62,5.57,6.960419804319472,79.86300081389861,API_SIMULATION
CS-410,COLOMBO-MATARA,2026-05-09T08:53:30.504Z,24.01,18.66,6.884917199853323,79.82483894711626,API_SIMULATION
NC-640,COLOMBO-JAFFNA,2026-05-09T08:53:30.504Z,44.9,0.99,6.981783561250562,79.83611326341934,API_SIMULATION
NC-710,COLOMBO-JAFFNA,2026-05-09T08:53:30.504Z,42.12,1.39,6.9170179516210935,79.84444849941731,API_SIMULATION
WB-115,RAGAMA-COLOMBO,2026-05-09T08:53:30.504Z,74.56,10.64,6.874450611240573,79.91859212011069,API_SIMULATION
CC-222,GAMPAHA-COLOMBO,2026-05-09T08:53:30.504Z,72,14.57,6.930138526467023,79.84972377249254,API_SIMULATION
SL-909,MATARA-COLOMBO,2026-05-09T08:53:30.504Z,35.45,20.41,6.868606879142704,79.89974467772704,API_SIMULATION
HS-808,KANDY-COLOMBO,2026-05-09T08:53:30.504Z,81.22,5.15,6.971447366724609,79.85504299975288,API_SIMULATION
NC-220,COLOMBO-JAFFNA,2026-05-09T08:54:00.518Z,37.6,14.47,6.873591822412806,79.89763461164114,API_SIMULATION
IC-101,COLOMBO-KANDY,2026-05-09T08:54:00.518Z,84.26,15.63,6.984606308634147,79.88825453167732,API_SIMULATION
CS-305,COLOMBO-GALLE,2026-05-09T08:54:00.518Z,20.93,14.68,6.932535173075905,79.82450261956164,API_SIMULATION
MC-520,COLOMBO-KANDY,2026-05-09T08:54:00.518Z,67.14,18.69,6.957195629983614,79.92080744850196,API_SIMULATION
CS-410,COLOMBO-MATARA,2026-05-09T08:54:00.518Z,80.81,24.9,6.870688622199534,79.84068075663909,API_SIMULATION
NC-640,COLOMBO-JAFFNA,2026-05-09T08:54:00.518Z,63.94,5.01,6.877907672487737,79.80276997088382,API_SIMULATION
NC-710,COLOMBO-JAFFNA,2026-05-09T08:54:00.518Z,64.92,10.03,6.967582254703766,79.86807372809548,API_SIMULATION
WB-115,RAGAMA-COLOMBO,2026-05-09T08:54:00.518Z,74.01,24.17,6.936035435208554,79.81112926422068,API_SIMULATION
CC-222,GAMPAHA-COLOMBO,2026-05-09T08:54:00.518Z,31.09,5.33,6.9756412903553855,79.83252345662424,API_SIMULATION
SL-909,MATARA-COLOMBO,2026-05-09T08:54:00.518Z,33.86,8.54,6.908591976582524,79.8842773239885,API_SIMULATION
HS-808,KANDY-COLOMBO,2026-05-09T08:54:00.518Z,55.55,3.04,6.889311509157303,79.85633308600686,API_SIMULATION
NC-220,COLOMBO-JAFFNA,2026-05-09T08:54:30.521Z,39.36,10.16,6.972567555612948,79.85843344119961,API_SIMULATION
IC-101,COLOMBO-KANDY,2026-05-09T08:54:30.521Z,66.97,9.07,6.950467807581969,79.90164782725186,API_SIMULATION
CS-305,COLOMBO-GALLE,2026-05-09T08:54:30.521Z,78.31,5.42,6.976144850323168,79.85073087138947,API_SIMULATION
MC-520,COLOMBO-KANDY,2026-05-09T08:54:30.521Z,55.34,20.65,6.986267124609533,79.92016557147574,API_SIMULATION
CS-410,COLOMBO-MATARA,2026-05-09T08:54:30.521Z,43.99,21.92,6.923911876078363,79.88243335400865,API_SIMULATION
NC-640,COLOMBO-JAFFNA,2026-05-09T08:54:30.521Z,20.47,13.62,6.9719648026243615,79.91575514138593,API_SIMULATION
NC-710,COLOMBO-JAFFNA,2026-05-09T08:54:30.521Z,81.57,11.37,6.952429444656541,79.83369941070623,API_SIMULATION
WB-115,RAGAMA-COLOMBO,2026-05-09T08:54:30.521Z,24.31,16.82,6.961479059880433,79.80349417885273,API_SIMULATION
CC-222,GAMPAHA-COLOMBO,2026-05-09T08:54:30.521Z,44.36,12.39,6.924715055687091,79.83495621729598,API_SIMULATION
SL-909,MATARA-COLOMBO,2026-05-09T08:54:30.521Z,48.37,13.56,6.975674789562458,79.84840178592674,API_SIMULATION
HS-808,KANDY-COLOMBO,2026-05-09T08:54:30.521Z,33.65,4.47,6.969198372428825,79.90299029760341,API_SIMULATION
NC-220,COLOMBO-JAFFNA,2026-05-09T08:55:00.526Z,51.88,22.2,6.915834334584735,79.87340284671605,API_SIMULATION
IC-101,COLOMBO-KANDY,2026-05-09T08:55:00.526Z,22.13,10.24,6.930912674326396,79.85687967103651,API_SIMULATION
CS-305,COLOMBO-GALLE,2026-05-09T08:55:00.526Z,34.19,8.94,6.985892740282732,79.89424962623069,API_SIMULATION
MC-520,COLOMBO-KANDY,2026-05-09T08:55:00.526Z,59.11,3.69,6.896969574473862,79.87979282632796,API_SIMULATION
CS-410,COLOMBO-MATARA,2026-05-09T08:55:00.526Z,29.12,3.01,6.878361380076524,79.85602278279374,API_SIMULATION
NC-640,COLOMBO-JAFFNA,2026-05-09T08:55:00.526Z,58.25,9.86,6.950622311486617,79.83114494782764,API_SIMULATION
NC-710,COLOMBO-JAFFNA,2026-05-09T08:55:00.526Z,72.6,1.13,6.97750380550371,79.85711513112913,API_SIMULATION
WB-115,RAGAMA-COLOMBO,2026-05-09T08:55:00.526Z,72.65,7.68,6.942627757446546,79.81783738543706,API_SIMULATION
CC-222,GAMPAHA-COLOMBO,2026-05-09T08:55:00.526Z,61.4,21.97,6.944607485837162,79.85337090394502,API_SIMULATION
SL-909,MATARA-COLOMBO,2026-05-09T08:55:00.526Z,65.79,4.82,6.867168616652438,79.84042151609539,API_SIMULATION
HS-808,KANDY-COLOMBO,2026-05-09T08:55:00.526Z,24.91,11.19,6.968298571025413,79.8540126180592,API_SIMULATION
NC-220,COLOMBO-JAFFNA,2026-05-09T08:55:30.534Z,34.63,1.76,6.889312513521786,79.9173997699393,API_SIMULATION
IC-101,COLOMBO-KANDY,2026-05-09T08:55:30.534Z,75.05,1.09,6.984684267824604,79.82036460157497,API_SIMULATION
CS-305,COLOMBO-GALLE,2026-05-09T08:55:30.534Z,59.62,0.62,6.901545390528884,79.86021214955345,API_SIMULATION
MC-520,COLOMBO-KANDY,2026-05-09T08:55:30.534Z,45.42,0.79,6.982457571544592,79.85144012957109,API_SIMULATION
CS-410,COLOMBO-MATARA,2026-05-09T08:55:30.534Z,79.9,23.5,6.965691695524409,79.89319692417469,API_SIMULATION
NC-640,COLOMBO-JAFFNA,2026-05-09T08:55:30.534Z,70.53,16.86,6.882348354702189,79.85074518878884,API_SIMULATION
NC-710,COLOMBO-JAFFNA,2026-05-09T08:55:30.534Z,25.79,18.76,6.959211066143541,79.82240653538312,API_SIMULATION
WB-115,RAGAMA-COLOMBO,2026-05-09T08:55:30.534Z,57.2,12.29,6.928419324039355,79.8416702722596,API_SIMULATION
CC-222,GAMPAHA-COLOMBO,2026-05-09T08:55:30.534Z,43.1,15.5,6.917597280125568,79.87599769046766,API_SIMULATION
SL-909,MATARA-COLOMBO,2026-05-09T08:55:30.534Z,28.92,24.24,6.908926629738625,79.88674914155024,API_SIMULATION
HS-808,KANDY-COLOMBO,2026-05-09T08:55:30.534Z,65.99,5.22,6.905619074709582,79.83999874666188,API_SIMULATION
NC-220,COLOMBO-JAFFNA,2026-05-09T08:56:00.574Z,81.49,24.72,6.8928697904424565,79.87862289520828,API_SIMULATION
IC-101,COLOMBO-KANDY,2026-05-09T08:56:00.574Z,57.4,21.98,6.896508026536767,79.91504587086565,API_SIMULATION
CS-305,COLOMBO-GALLE,2026-05-09T08:56:00.574Z,80.98,17.83,6.88341175272309,79.80445638442222,API_SIMULATION
MC-520,COLOMBO-KANDY,2026-05-09T08:56:00.574Z,57.44,10.52,6.938172033858214,79.90729275001615,API_SIMULATION
CS-410,COLOMBO-MATARA,2026-05-09T08:56:00.574Z,39.83,10.27,6.868235444977079,79.89048926242617,API_SIMULATION
NC-640,COLOMBO-JAFFNA,2026-05-09T08:56:00.574Z,34.76,9.19,6.948128039607479,79.82344941610943,API_SIMULATION
NC-710,COLOMBO-JAFFNA,2026-05-09T08:56:00.574Z,24.16,21.92,6.9137459330868,79.87688775576585,API_SIMULATION
WB-115,RAGAMA-COLOMBO,2026-05-09T08:56:00.574Z,44.99,14.66,6.9192322507447415,79.82841055566928,API_SIMULATION
CC-222,GAMPAHA-COLOMBO,2026-05-09T08:56:00.574Z,52.61,6.19,6.969380298029293,79.89259356934933,API_SIMULATION
SL-909,MATARA-COLOMBO,2026-05-09T08:56:00.574Z,24.78,10.16,6.926915048686783,79.82979089798967,API_SIMULATION
HS-808,KANDY-COLOMBO,2026-05-09T08:56:00.574Z,71.27,4.85,6.969722958911533,79.84954088566496,API_SIMULATION
NC-220,COLOMBO-JAFFNA,2026-05-09T08:56:30.561Z,60.07,11.02,6.878057905637367,79.8976274442597,API_SIMULATION
IC-101,COLOMBO-KANDY,2026-05-09T08:56:30.561Z,51.56,8.14,6.977072863727812,79.844990012999,API_SIMULATION
CS-305,COLOMBO-GALLE,2026-05-09T08:56:30.561Z,70.05,17.7,6.894033336919686,79.89106841918542,API_SIMULATION
MC-520,COLOMBO-KANDY,2026-05-09T08:56:30.561Z,42.26,2.45,6.913890086044779,79.91970912330153,API_SIMULATION
CS-410,COLOMBO-MATARA,2026-05-09T08:56:30.561Z,63.24,12.94,6.952577135199804,79.85202818645128,API_SIMULATION
NC-640,COLOMBO-JAFFNA,2026-05-09T08:56:30.561Z,24.73,19.87,6.883265600652368,79.90100863731726,API_SIMULATION
NC-710,COLOMBO-JAFFNA,2026-05-09T08:56:30.561Z,65.29,20.16,6.961055032174974,79.91073429103052,API_SIMULATION
WB-115,RAGAMA-COLOMBO,2026-05-09T08:56:30.561Z,52.54,13.56,6.976546233758592,79.8082723079155,API_SIMULATION
CC-222,GAMPAHA-COLOMBO,2026-05-09T08:56:30.561Z,61.46,13.61,6.889669357415774,79.83718957960872,API_SIMULATION
SL-909,MATARA-COLOMBO,2026-05-09T08:56:30.561Z,57.68,24,6.937840079566403,79.82455543403844,API_SIMULATION
HS-808,KANDY-COLOMBO,2026-05-09T08:56:30.561Z,52.11,7.24,6.870297482584884,79.87093713978284,API_SIMULATION
NC-220,COLOMBO-JAFFNA,2026-05-09T08:57:00.574Z,70.66,16.23,6.921001441846866,79.91492809943313,API_SIMULATION
IC-101,COLOMBO-KANDY,2026-05-09T08:57:00.574Z,74.97,18.68,6.956519136024293,79.88555797217029,API_SIMULATION
CS-305,COLOMBO-GALLE,2026-05-09T08:57:00.574Z,71.11,1.65,6.923116356632156,79.84089122330249,API_SIMULATION
MC-520,COLOMBO-KANDY,2026-05-09T08:57:00.574Z,42.15,24.88,6.871911651546641,79.8666955325174,API_SIMULATION
CS-410,COLOMBO-MATARA,2026-05-09T08:57:00.574Z,47.01,8.03,6.899497371535038,79.82745085136914,API_SIMULATION
NC-640,COLOMBO-JAFFNA,2026-05-09T08:57:00.574Z,63.08,24.73,6.942117477011717,79.82033766653564,API_SIMULATION
NC-710,COLOMBO-JAFFNA,2026-05-09T08:57:00.574Z,29.29,5.09,6.903937169431409,79.80276410252557,API_SIMULATION
WB-115,RAGAMA-COLOMBO,2026-05-09T08:57:00.574Z,59.71,11.36,6.948779905714304,79.90241396974912,API_SIMULATION
CC-222,GAMPAHA-COLOMBO,2026-05-09T08:57:00.574Z,46.5,14.8,6.885121966561872,79.83515068792217,API_SIMULATION
SL-909,MATARA-COLOMBO,2026-05-09T08:57:00.574Z,79.24,6.8,6.986446634513467,79.87969573811849,API_SIMULATION
HS-808,KANDY-COLOMBO,2026-05-09T08:57:00.574Z,37.76,22.11,6.949246920594092,79.82209426193447,API_SIMULATION
NC-220,COLOMBO-JAFFNA,2026-05-09T08:57:30.576Z,54.85,17.56,6.880114601069284,79.87891626035119,API_SIMULATION
IC-101,COLOMBO-KANDY,2026-05-09T08:57:30.576Z,23.74,11.09,6.868843258598554,79.88405545353258,API_SIMULATION
CS-305,COLOMBO-GALLE,2026-05-09T08:57:30.576Z,62.91,23.82,6.9425138768365375,79.82661548114136,API_SIMULATION
MC-520,COLOMBO-KANDY,2026-05-09T08:57:30.576Z,37.75,0.07,6.914972535913604,79.84419341878805,API_SIMULATION
CS-410,COLOMBO-MATARA,2026-05-09T08:57:30.576Z,22.5,22.41,6.95554272721016,79.9154471739561,API_SIMULATION
NC-640,COLOMBO-JAFFNA,2026-05-09T08:57:30.576Z,34.97,7.65,6.978183340215225,79.85752293382609,API_SIMULATION
NC-710,COLOMBO-JAFFNA,2026-05-09T08:57:30.576Z,76.28,6.7,6.88059123334801,79.8945519542385,API_SIMULATION
WB-115,RAGAMA-COLOMBO,2026-05-09T08:57:30.576Z,69.88,12.24,6.972870704202611,79.85340758615416,API_SIMULATION
CC-222,GAMPAHA-COLOMBO,2026-05-09T08:57:30.576Z,72.75,15.11,6.869152953060926,79.85439057987539,API_SIMULATION
SL-909,MATARA-COLOMBO,2026-05-09T08:57:30.576Z,53.62,6.05,6.910619631124769,79.85949432573963,API_SIMULATION
HS-808,KANDY-COLOMBO,2026-05-09T08:57:30.576Z,55.31,19.49,6.968681071039166,79.91013412186557,API_SIMULATION
NC-220,COLOMBO-JAFFNA,2026-05-09T08:58:00.576Z,21.67,21.08,6.953821426781667,79.83860148343265,API_SIMULATION
IC-101,COLOMBO-KANDY,2026-05-09T08:58:00.576Z,71.36,2.48,6.9824281769360885,79.90682524440746,API_SIMULATION
CS-305,COLOMBO-GALLE,2026-05-09T08:58:00.576Z,55.31,9.05,6.938528227204012,79.9053505675973,API_SIMULATION
MC-520,COLOMBO-KANDY,2026-05-09T08:58:00.576Z,76.64,18.51,6.908766233233241,79.8383729320493,API_SIMULATION
CS-410,COLOMBO-MATARA,2026-05-09T08:58:00.576Z,34.06,3.95,6.962140596317387,79.91686565760895,API_SIMULATION
NC-640,COLOMBO-JAFFNA,2026-05-09T08:58:00.576Z,77.31,9.12,6.934564358619493,79.81858864674662,API_SIMULATION
NC-710,COLOMBO-JAFFNA,2026-05-09T08:58:00.576Z,33.81,7.88,6.874979237327236,79.87532352313515,API_SIMULATION
WB-115,RAGAMA-COLOMBO,2026-05-09T08:58:00.576Z,69.12,13.01,6.885893517944072,79.82671766836306,API_SIMULATION
CC-222,GAMPAHA-COLOMBO,2026-05-09T08:58:00.576Z,79.09,20.11,6.932572190384041,79.85026411742112,API_SIMULATION
SL-909,MATARA-COLOMBO,2026-05-09T08:58:00.576Z,30.02,9.24,6.918492163326181,79.86953095827343,API_SIMULATION
HS-808,KANDY-COLOMBO,2026-05-09T08:58:00.576Z,39.76,14,6.9157377894567,79.80719205793794,API_SIMULATION
NC-220,COLOMBO-JAFFNA,2026-05-09T08:58:30.581Z,36.59,23.37,6.9264726895395805,79.85325124312797,API_SIMULATION
IC-101,COLOMBO-KANDY,2026-05-09T08:58:30.581Z,69.23,21.23,6.900645506571349,79.87246409326562,API_SIMULATION
CS-305,COLOMBO-GALLE,2026-05-09T08:58:30.581Z,75.45,16.04,6.9430632757984805,79.88254209879638,API_SIMULATION
MC-520,COLOMBO-KANDY,2026-05-09T08:58:30.581Z,47.71,9.95,6.901688710844003,79.91920390844743,API_SIMULATION
CS-410,COLOMBO-MATARA,2026-05-09T08:58:30.581Z,41.87,0.72,6.895261000370336,79.80389055405514,API_SIMULATION
NC-640,COLOMBO-JAFFNA,2026-05-09T08:58:30.581Z,48.22,6.85,6.897084888062349,79.89450026147601,API_SIMULATION
NC-710,COLOMBO-JAFFNA,2026-05-09T08:58:30.581Z,55.75,13.52,6.88256321796309,79.87809304964244,API_SIMULATION
WB-115,RAGAMA-COLOMBO,2026-05-09T08:58:30.581Z,69.56,6.66,6.905873325871762,79.89284576206232,API_SIMULATION
CC-222,GAMPAHA-COLOMBO,2026-05-09T08:58:30.581Z,72.55,1.43,6.924554354048384,79.81702359012993,API_SIMULATION
SL-909,MATARA-COLOMBO,2026-05-09T08:58:30.581Z,28.82,1.89,6.89088365390511,79.85958608625732,API_SIMULATION
HS-808,KANDY-COLOMBO,2026-05-09T08:58:30.581Z,77.77,21.83,6.960954622225367,79.82244714319954,API_SIMULATION
NC-220,COLOMBO-JAFFNA,2026-05-09T08:59:00.579Z,35.28,14.5,6.953843797431593,79.80628463034037,API_SIMULATION
IC-101,COLOMBO-KANDY,2026-05-09T08:59:00.579Z,34.07,19.81,6.923419180159325,79.82595876110693,API_SIMULATION
CS-305,COLOMBO-GALLE,2026-05-09T08:59:00.579Z,29.3,18.31,6.90175629132991,79.85108098971476,API_SIMULATION
MC-520,COLOMBO-KANDY,2026-05-09T08:59:00.579Z,40.95,2.27,6.923870045434361,79.91373515048704,API_SIMULATION
CS-410,COLOMBO-MATARA,2026-05-09T08:59:00.579Z,27,4.05,6.907754472536322,79.91290111208022,API_SIMULATION
NC-640,COLOMBO-JAFFNA,2026-05-09T08:59:00.579Z,49.23,22.35,6.965134703137953,79.90851236618178,API_SIMULATION
NC-710,COLOMBO-JAFFNA,2026-05-09T08:59:00.579Z,37.71,22.55,6.950114818529926,79.82629571137524,API_SIMULATION
WB-115,RAGAMA-COLOMBO,2026-05-09T08:59:00.579Z,54.09,24.7,6.9634618121374725,79.83873281694444,API_SIMULATION
CC-222,GAMPAHA-COLOMBO,2026-05-09T08:59:00.579Z,61.5,3.21,6.9665156308706155,79.81138304213573,API_SIMULATION
SL-909,MATARA-COLOMBO,2026-05-09T08:59:00.579Z,37.28,16.65,6.875884945578557,79.87699554430712,API_SIMULATION
HS-808,KANDY-COLOMBO,2026-05-09T08:59:00.579Z,22.63,21.53,6.920851712196439,79.81862640478839,API_SIMULATION
NC-220,COLOMBO-JAFFNA,2026-05-09T08:59:30.579Z,60.47,16.68,6.942174344698125,79.87844941986039,API_SIMULATION
IC-101,COLOMBO-KANDY,2026-05-09T08:59:30.579Z,54.88,17.32,6.971163943228137,79.8398226103475,API_SIMULATION
CS-305,COLOMBO-GALLE,2026-05-09T08:59:30.579Z,23.23,3.68,6.910039599601829,79.88978472829086,API_SIMULATION
MC-520,COLOMBO-KANDY,2026-05-09T08:59:30.580Z,69.18,2.47,6.8848375068036125,79.8656902830912,API_SIMULATION
CS-410,COLOMBO-MATARA,2026-05-09T08:59:30.580Z,52.83,8.11,6.953318084980086,79.83853663386023,API_SIMULATION
NC-640,COLOMBO-JAFFNA,2026-05-09T08:59:30.580Z,62.21,24,6.891498043978643,79.87323773967981,API_SIMULATION
NC-710,COLOMBO-JAFFNA,2026-05-09T08:59:30.580Z,42.29,8.67,6.986593346785247,79.9189197924287,API_SIMULATION
WB-115,RAGAMA-COLOMBO,2026-05-09T08:59:30.580Z,75.86,20.85,6.9678546097129015,79.88144525851895,API_SIMULATION
CC-222,GAMPAHA-COLOMBO,2026-05-09T08:59:30.580Z,44.45,21.05,6.923374867190803,79.83855166863725,API_SIMULATION
SL-909,MATARA-COLOMBO,2026-05-09T08:59:30.580Z,38.94,18.76,6.88697526498433,79.9069086637173,API_SIMULATION
HS-808,KANDY-COLOMBO,2026-05-09T08:59:30.580Z,40.86,8.2,6.952678321773365,79.88369579214232,API_SIMULATION
NC-220,COLOMBO-JAFFNA,2026-05-09T09:00:00.582Z,47.42,12.2,6.893350662428101,79.8318865193014,API_SIMULATION
IC-101,COLOMBO-KANDY,2026-05-09T09:00:00.582Z,64.79,7.57,6.896636747718062,79.88445978680146,API_SIMULATION
CS-305,COLOMBO-GALLE,2026-05-09T09:00:00.582Z,58.48,3.25,6.979141557913136,79.88170661138537,API_SIMULATION
MC-520,COLOMBO-KANDY,2026-05-09T09:00:00.582Z,83.8,20.91,6.985406956095363,79.81741622083956,API_SIMULATION
CS-410,COLOMBO-MATARA,2026-05-09T09:00:00.582Z,64.01,20.82,6.918319472668117,79.89950039144993,API_SIMULATION
NC-640,COLOMBO-JAFFNA,2026-05-09T09:00:00.582Z,68.98,23.74,6.882561111929064,79.85660969632225,API_SIMULATION
NC-710,COLOMBO-JAFFNA,2026-05-09T09:00:00.582Z,71.85,2.4,6.94295942955353,79.8571962007608,API_SIMULATION
WB-115,RAGAMA-COLOMBO,2026-05-09T09:00:00.582Z,70.76,0.8,6.894421221078713,79.92056209002912,API_SIMULATION
CC-222,GAMPAHA-COLOMBO,2026-05-09T09:00:00.582Z,31.85,24.19,6.977349308642517,79.86927974976484,API_SIMULATION
SL-909,MATARA-COLOMBO,2026-05-09T09:00:00.582Z,25.16,15.36,6.954357123726848,79.88802643827216,API_SIMULATION
HS-808,KANDY-COLOMBO,2026-05-09T09:00:00.582Z,81.21,8.69,6.899710400171926,79.827915987333,API_SIMULATION
NC-220,COLOMBO-JAFFNA,2026-05-09T09:00:30.584Z,52.93,9.92,6.9626244332329374,79.80406855575566,API_SIMULATION
IC-101,COLOMBO-KANDY,2026-05-09T09:00:30.584Z,51.11,13.31,6.986925890549117,79.9153472398714,API_SIMULATION
CS-305,COLOMBO-GALLE,2026-05-09T09:00:30.584Z,42.38,8.7,6.945606011351368,79.8053849206265,API_SIMULATION
MC-520,COLOMBO-KANDY,2026-05-09T09:00:30.584Z,56.35,3.85,6.949031721908153,79.89688937636308,API_SIMULATION
CS-410,COLOMBO-MATARA,2026-05-09T09:00:30.584Z,82.17,13.03,6.935784401821012,79.87194421602476,API_SIMULATION
NC-640,COLOMBO-JAFFNA,2026-05-09T09:00:30.584Z,78.68,6.67,6.957981798019136,79.89864616333996,API_SIMULATION
NC-710,COLOMBO-JAFFNA,2026-05-09T09:00:30.584Z,66.99,5.69,6.965203374795931,79.87334279723788,API_SIMULATION
WB-115,RAGAMA-COLOMBO,2026-05-09T09:00:30.584Z,32.67,16.21,6.881600404606051,79.84058773784595,API_SIMULATION
CC-222,GAMPAHA-COLOMBO,2026-05-09T09:00:30.584Z,66.3,13.32,6.92793005702663,79.83586591971802,API_SIMULATION
SL-909,MATARA-COLOMBO,2026-05-09T09:00:30.584Z,29.98,4.2,6.89483463363314,79.84351467119575,API_SIMULATION
HS-808,KANDY-COLOMBO,2026-05-09T09:00:30.584Z,31,2.91,6.981321453450202,79.893338630629,API_SIMULATION
NC-220,COLOMBO-JAFFNA,2026-05-09T09:01:00.587Z,29.47,12.12,6.9501046584151345,79.8582186400473,API_SIMULATION
IC-101,COLOMBO-KANDY,2026-05-09T09:01:00.587Z,78.1,17.46,6.867725608166943,79.85742313559284,API_SIMULATION
CS-305,COLOMBO-GALLE,2026-05-09T09:01:00.587Z,79.69,22.26,6.952299676931628,79.90946183628263,API_SIMULATION
MC-520,COLOMBO-KANDY,2026-05-09T09:01:00.587Z,50.7,16.43,6.975556306412895,79.80385874868864,API_SIMULATION
CS-410,COLOMBO-MATARA,2026-05-09T09:01:00.587Z,74.85,14,6.898053092699879,79.87251895704725,API_SIMULATION
NC-640,COLOMBO-JAFFNA,2026-05-09T09:01:00.587Z,66.89,24.83,6.949020240159918,79.90627338175835,API_SIMULATION
NC-710,COLOMBO-JAFFNA,2026-05-09T09:01:00.587Z,62.3,9.8,6.899143646496977,79.87915015970161,API_SIMULATION
WB-115,RAGAMA-COLOMBO,2026-05-09T09:01:00.587Z,44.49,2.66,6.960341873445447,79.84124443599984,API_SIMULATION
CC-222,GAMPAHA-COLOMBO,2026-05-09T09:01:00.587Z,75.98,22.49,6.92623036306249,79.86887114579264,API_SIMULATION
SL-909,MATARA-COLOMBO,2026-05-09T09:01:00.587Z,62.4,11.09,6.875300345366149,79.85134042305485,API_SIMULATION
HS-808,KANDY-COLOMBO,2026-05-09T09:01:00.587Z,25.42,21.99,6.9021947825778005,79.8627620715932,API_SIMULATION
NC-220,COLOMBO-JAFFNA,2026-05-09T09:01:30.594Z,76.94,9.65,6.908665286951485,79.82504617630292,API_SIMULATION
IC-101,COLOMBO-KANDY,2026-05-09T09:01:30.594Z,75.04,20.16,6.947917817524812,79.83797565340875,API_SIMULATION
CS-305,COLOMBO-GALLE,2026-05-09T09:01:30.594Z,37.34,1.69,6.8992749052130105,79.85783815420179,API_SIMULATION
MC-520,COLOMBO-KANDY,2026-05-09T09:01:30.594Z,61.67,0.45,6.897820398354053,79.83745186608378,API_SIMULATION
CS-410,COLOMBO-MATARA,2026-05-09T09:01:30.594Z,52.1,16.64,6.968924713741175,79.88977447214852,API_SIMULATION
NC-640,COLOMBO-JAFFNA,2026-05-09T09:01:30.594Z,57.64,7.8,6.982103081252504,79.80378207827941,API_SIMULATION
NC-710,COLOMBO-JAFFNA,2026-05-09T09:01:30.594Z,37.29,17.12,6.938720442537058,79.89648958956035,API_SIMULATION
WB-115,RAGAMA-COLOMBO,2026-05-09T09:01:30.594Z,47.07,18.09,6.872878335085869,79.91004520474158,API_SIMULATION
CC-222,GAMPAHA-COLOMBO,2026-05-09T09:01:30.594Z,21.57,8.15,6.95157117725746,79.82876438566569,API_SIMULATION
SL-909,MATARA-COLOMBO,2026-05-09T09:01:30.594Z,48.81,22.65,6.955829090445705,79.80198476337314,API_SIMULATION
HS-808,KANDY-COLOMBO,2026-05-09T09:01:30.594Z,25.03,12.2,6.951088126035394,79.89623392150934,API_SIMULATION
NC-220,COLOMBO-JAFFNA,2026-05-09T09:02:00.600Z,65.59,18.16,6.947424452426722,79.86514064961692,API_SIMULATION
IC-101,COLOMBO-KANDY,2026-05-09T09:02:00.600Z,41.83,16.19,6.887904760162531,79.81307341046144,API_SIMULATION
CS-305,COLOMBO-GALLE,2026-05-09T09:02:00.600Z,80.28,21.5,6.979563491767329,79.83320406155133,API_SIMULATION
MC-520,COLOMBO-KANDY,2026-05-09T09:02:00.600Z,38.88,8.92,6.928749848739741,79.88971917584396,API_SIMULATION
CS-410,COLOMBO-MATARA,2026-05-09T09:02:00.600Z,70.84,10.27,6.874585812021039,79.86722964657153,API_SIMULATION
NC-640,COLOMBO-JAFFNA,2026-05-09T09:02:00.600Z,23.15,18.82,6.966173815415351,79.88181090477478,API_SIMULATION
NC-710,COLOMBO-JAFFNA,2026-05-09T09:02:00.600Z,81.76,24.05,6.886531445719606,79.9114480603889,API_SIMULATION
WB-115,RAGAMA-COLOMBO,2026-05-09T09:02:00.600Z,46.35,23.22,6.898369657560038,79.889831945211,API_SIMULATION
CC-222,GAMPAHA-COLOMBO,2026-05-09T09:02:00.600Z,46.81,3.37,6.881238317942358,79.82919125836075,API_SIMULATION
SL-909,MATARA-COLOMBO,2026-05-09T09:02:00.600Z,57.43,2.78,6.91901820444504,79.83762045032124,API_SIMULATION
HS-808,KANDY-COLOMBO,2026-05-09T09:02:00.600Z,32.03,16.89,6.929594662463334,79.88626579646767,API_SIMULATION
NC-220,COLOMBO-JAFFNA,2026-05-09T09:02:30.610Z,49.82,17.94,6.9797800860013215,79.85134891451685,API_SIMULATION
IC-101,COLOMBO-KANDY,2026-05-09T09:02:30.610Z,71.73,22.33,6.956496957811146,79.91776757274494,API_SIMULATION
CS-305,COLOMBO-GALLE,2026-05-09T09:02:30.611Z,49.26,20.44,6.925702369642176,79.91215483957265,API_SIMULATION
MC-520,COLOMBO-KANDY,2026-05-09T09:02:30.611Z,61.52,6.25,6.9826120279095365,79.81518451180861,API_SIMULATION
CS-410,COLOMBO-MATARA,2026-05-09T09:02:30.611Z,74.86,14.61,6.918748658928966,79.82386192129593,API_SIMULATION
NC-640,COLOMBO-JAFFNA,2026-05-09T09:02:30.611Z,34.85,5.08,6.973447750158051,79.8081204779833,API_SIMULATION
NC-710,COLOMBO-JAFFNA,2026-05-09T09:02:30.611Z,49.41,20,6.896540681576411,79.83650072129247,API_SIMULATION
WB-115,RAGAMA-COLOMBO,2026-05-09T09:02:30.611Z,43.2,17,6.891899442669557,79.88075765707502,API_SIMULATION
CC-222,GAMPAHA-COLOMBO,2026-05-09T09:02:30.611Z,36.7,18.9,6.94945965496969,79.84474486033484,API_SIMULATION
SL-909,MATARA-COLOMBO,2026-05-09T09:02:30.611Z,53.53,11.52,6.923778681409235,79.89983126876305,API_SIMULATION
HS-808,KANDY-COLOMBO,2026-05-09T09:02:30.611Z,69.02,6.6,6.876368819574921,79.89773391367936,API_SIMULATION
NC-220,COLOMBO-JAFFNA,2026-05-09T09:03:00.624Z,38.72,2.22,6.908208063027179,79.87418962441481,API_SIMULATION
IC-101,COLOMBO-KANDY,2026-05-09T09:03:00.624Z,59.23,16.12,6.895074070371225,79.80249853515843,API_SIMULATION
CS-305,COLOMBO-GALLE,2026-05-09T09:03:00.624Z,22.37,14.91,6.881252937929721,79.84673209092627,API_SIMULATION
MC-520,COLOMBO-KANDY,2026-05-09T09:03:00.624Z,64.93,5.4,6.926041518586673,79.92111893441572,API_SIMULATION
CS-410,COLOMBO-MATARA,2026-05-09T09:03:00.624Z,28.21,12.72,6.900246693191827,79.88753953268473,API_SIMULATION
NC-640,COLOMBO-JAFFNA,2026-05-09T09:03:00.624Z,77.4,6.25,6.976205455300863,79.8554010655259,API_SIMULATION
NC-710,COLOMBO-JAFFNA,2026-05-09T09:03:00.624Z,55.64,17.36,6.980887212033209,79.83923641160439,API_SIMULATION
WB-115,RAGAMA-COLOMBO,2026-05-09T09:03:00.624Z,22.4,9.69,6.9376616657140655,79.90527081089758,API_SIMULATION
CC-222,GAMPAHA-COLOMBO,2026-05-09T09:03:00.624Z,46.88,11.72,6.896412591945537,79.87158837139907,API_SIMULATION
SL-909,MATARA-COLOMBO,2026-05-09T09:03:00.624Z,64.9,24.6,6.925318170676287,79.82147213757754,API_SIMULATION
HS-808,KANDY-COLOMBO,2026-05-09T09:03:00.624Z,61.46,15.39,6.910861041753633,79.90363607261567,API_SIMULATION
NC-220,COLOMBO-JAFFNA,2026-05-09T09:03:30.624Z,35.18,5.03,6.894777052225992,79.84763417031762,API_SIMULATION
IC-101,COLOMBO-KANDY,2026-05-09T09:03:30.624Z,63.54,16.1,6.879933693541616,79.89010090348584,API_SIMULATION
CS-305,COLOMBO-GALLE,2026-05-09T09:03:30.624Z,21.2,3.42,6.950219326960857,79.88934071648899,API_SIMULATION
MC-520,COLOMBO-KANDY,2026-05-09T09:03:30.624Z,59.53,13.74,6.92003785890763,79.85197855458179,API_SIMULATION
CS-410,COLOMBO-MATARA,2026-05-09T09:03:30.624Z,37.67,5.78,6.899117520587748,79.84792811035132,API_SIMULATION
NC-640,COLOMBO-JAFFNA,2026-05-09T09:03:30.624Z,62.99,15.89,6.944003613939154,79.81485597021003,API_SIMULATION
NC-710,COLOMBO-JAFFNA,2026-05-09T09:03:30.624Z,27.16,12.04,6.980949004704765,79.82733815411257,API_SIMULATION
WB-115,RAGAMA-COLOMBO,2026-05-09T09:03:30.624Z,77.31,10.22,6.924216040627094,79.87566734348238,API_SIMULATION
CC-222,GAMPAHA-COLOMBO,2026-05-09T09:03:30.624Z,24.64,11.36,6.904865904872246,79.86367556791085,API_SIMULATION
SL-909,MATARA-COLOMBO,2026-05-09T09:03:30.624Z,62.75,18.34,6.963653935720205,79.89303871475775,API_SIMULATION
HS-808,KANDY-COLOMBO,2026-05-09T09:03:30.624Z,72.57,0.29,6.898388718324797,79.83615083860364,API_SIMULATION
NC-220,COLOMBO-JAFFNA,2026-05-09T09:04:00.637Z,82.09,17.7,6.961942061016199,79.8182707358127,API_SIMULATION
IC-101,COLOMBO-KANDY,2026-05-09T09:04:00.637Z,50.55,1.01,6.882235580414406,79.82599042957816,API_SIMULATION
CS-305,COLOMBO-GALLE,2026-05-09T09:04:00.637Z,63.11,9.84,6.972476229226124,79.90137345781675,API_SIMULATION
MC-520,COLOMBO-KANDY,2026-05-09T09:04:00.637Z,24.87,12.72,6.9700606990585765,79.8930909141644,API_SIMULATION
CS-410,COLOMBO-MATARA,2026-05-09T09:04:00.637Z,42.86,14.48,6.958709412772602,79.85290089032749,API_SIMULATION
NC-640,COLOMBO-JAFFNA,2026-05-09T09:04:00.637Z,24.87,6.52,6.928782584498685,79.84372305938462,API_SIMULATION
NC-710,COLOMBO-JAFFNA,2026-05-09T09:04:00.637Z,81.09,20.81,6.912061385145325,79.80374079000548,API_SIMULATION
WB-115,RAGAMA-COLOMBO,2026-05-09T09:04:00.637Z,60.83,11,6.912910052363698,79.90529329057144,API_SIMULATION
CC-222,GAMPAHA-COLOMBO,2026-05-09T09:04:00.637Z,34.06,6.21,6.967946446303684,79.87764201304444,API_SIMULATION
SL-909,MATARA-COLOMBO,2026-05-09T09:04:00.637Z,24.04,10.59,6.968392211713959,79.8690116721939,API_SIMULATION
HS-808,KANDY-COLOMBO,2026-05-09T09:04:00.637Z,64.54,16.52,6.9061935302269015,79.80581767979648,API_SIMULATION
NC-220,COLOMBO-JAFFNA,2026-05-09T09:04:30.644Z,35.32,11.67,6.8693996964759725,79.9043348625845,API_SIMULATION
IC-101,COLOMBO-KANDY,2026-05-09T09:04:30.644Z,33.51,10.67,6.954604737218092,79.80962100419968,API_SIMULATION
CS-305,COLOMBO-GALLE,2026-05-09T09:04:30.644Z,68.57,7.82,6.867908428907995,79.89822879860051,API_SIMULATION
MC-520,COLOMBO-KANDY,2026-05-09T09:04:30.644Z,68.38,8.66,6.8793918397073375,79.89424744076432,API_SIMULATION
CS-410,COLOMBO-MATARA,2026-05-09T09:04:30.644Z,58.42,14.07,6.894614743366957,79.84722697850547,API_SIMULATION
NC-640,COLOMBO-JAFFNA,2026-05-09T09:04:30.644Z,64.22,3.47,6.912136016061774,79.83560034948749,API_SIMULATION
NC-710,COLOMBO-JAFFNA,2026-05-09T09:04:30.644Z,31.22,5.59,6.962570099565966,79.84821757262159,API_SIMULATION
WB-115,RAGAMA-COLOMBO,2026-05-09T09:04:30.644Z,21.82,17.79,6.886470874544283,79.86602599643146,API_SIMULATION
CC-222,GAMPAHA-COLOMBO,2026-05-09T09:04:30.644Z,66.85,17.77,6.89494474635706,79.85640874458396,API_SIMULATION
SL-909,MATARA-COLOMBO,2026-05-09T09:04:30.644Z,66.76,9.23,6.9288355774895525,79.83795732807032,API_SIMULATION
HS-808,KANDY-COLOMBO,2026-05-09T09:04:30.644Z,68.88,7.74,6.959684432060196,79.87256798879518,API_SIMULATION
NC-220,COLOMBO-JAFFNA,2026-05-09T09:05:00.645Z,26.75,6.03,6.873357030293881,79.87669665766519,API_SIMULATION
IC-101,COLOMBO-KANDY,2026-05-09T09:05:00.645Z,40.04,1.01,6.872300695748845,79.90411415587089,API_SIMULATION
CS-305,COLOMBO-GALLE,2026-05-09T09:05:00.645Z,30.74,10.73,6.87286581447419,79.86578049147857,API_SIMULATION
MC-520,COLOMBO-KANDY,2026-05-09T09:05:00.645Z,64.29,15.12,6.891104111454712,79.86597289493997,API_SIMULATION
CS-410,COLOMBO-MATARA,2026-05-09T09:05:00.645Z,23.22,7.58,6.9296327957330135,79.8634229662757,API_SIMULATION
NC-640,COLOMBO-JAFFNA,2026-05-09T09:05:00.645Z,45.08,2.26,6.924100231144579,79.85825302195003,API_SIMULATION
NC-710,COLOMBO-JAFFNA,2026-05-09T09:05:00.645Z,46.43,17.19,6.9282697689812265,79.85047903155495,API_SIMULATION
WB-115,RAGAMA-COLOMBO,2026-05-09T09:05:00.645Z,37.82,18.79,6.922290708524232,79.89953427543651,API_SIMULATION
CC-222,GAMPAHA-COLOMBO,2026-05-09T09:05:00.645Z,32.25,0.79,6.8811804186802705,79.9155147351065,API_SIMULATION
SL-909,MATARA-COLOMBO,2026-05-09T09:05:00.645Z,57.37,24.37,6.898190440239013,79.83983170758643,API_SIMULATION
HS-808,KANDY-COLOMBO,2026-05-09T09:05:00.645Z,23.27,13.65,6.943720178538616,79.88041030920037,API_SIMULATION
NC-220,COLOMBO-JAFFNA,2026-05-09T09:31:19.521Z,21.83,2.26,6.983940373285557,79.8552818583442,API_SIMULATION
IC-101,COLOMBO-KANDY,2026-05-09T09:31:19.521Z,78.5,15.76,6.873433014178813,79.85745229432938,API_SIMULATION
CS-305,COLOMBO-GALLE,2026-05-09T09:31:19.521Z,78.79,17.65,6.923319330885504,79.8064695159836,API_SIMULATION
MC-520,COLOMBO-KANDY,2026-05-09T09:31:19.521Z,35.17,21.32,6.868772466123423,79.85500221995822,API_SIMULATION
CS-410,COLOMBO-MATARA,2026-05-09T09:31:19.521Z,56.18,11.7,6.962894396564892,79.83951456585267,API_SIMULATION
NC-640,COLOMBO-JAFFNA,2026-05-09T09:31:19.521Z,34.23,19.26,6.974443738256746,79.84794931440211,API_SIMULATION
NC-710,COLOMBO-JAFFNA,2026-05-09T09:31:19.521Z,61.9,23.63,6.920795895760385,79.88743585225605,API_SIMULATION
WB-115,RAGAMA-COLOMBO,2026-05-09T09:31:19.521Z,76.9,2.01,6.9477470305577445,79.85684280751943,API_SIMULATION
CC-222,GAMPAHA-COLOMBO,2026-05-09T09:31:19.521Z,80.58,5.21,6.9204193622948775,79.87106954123486,API_SIMULATION
SL-909,MATARA-COLOMBO,2026-05-09T09:31:19.522Z,27.41,23.42,6.925835130318885,79.85458968123989,API_SIMULATION
HS-808,KANDY-COLOMBO,2026-05-09T09:31:19.522Z,23.89,7.36,6.962029662479262,79.83899215993996,API_SIMULATION
NC-220,COLOMBO-JAFFNA,2026-05-09T09:31:49.523Z,82.62,4.43,6.977996450096761,79.9123676401034,API_SIMULATION
IC-101,COLOMBO-KANDY,2026-05-09T09:31:49.523Z,42.88,6.03,6.90455057243401,79.89005132606573,API_SIMULATION
CS-305,COLOMBO-GALLE,2026-05-09T09:31:49.523Z,73.73,14.04,6.919328488134064,79.8818985282071,API_SIMULATION
MC-520,COLOMBO-KANDY,2026-05-09T09:31:49.523Z,41.68,16.09,6.8821599087696566,79.83522846196679,API_SIMULATION
CS-410,COLOMBO-MATARA,2026-05-09T09:31:49.523Z,26.03,5.33,6.905108105511087,79.8384195872698,API_SIMULATION
NC-640,COLOMBO-JAFFNA,2026-05-09T09:31:49.523Z,69.23,5.7,6.870451982388312,79.83512724717797,API_SIMULATION
NC-710,COLOMBO-JAFFNA,2026-05-09T09:31:49.523Z,78.98,21.9,6.909065999385226,79.87478539576429,API_SIMULATION
WB-115,RAGAMA-COLOMBO,2026-05-09T09:31:49.523Z,72.61,11.55,6.981362285159892,79.85769951579374,API_SIMULATION
CC-222,GAMPAHA-COLOMBO,2026-05-09T09:31:49.523Z,59.8,22.73,6.8711984722034725,79.89128408182444,API_SIMULATION
SL-909,MATARA-COLOMBO,2026-05-09T09:31:49.523Z,75,24.05,6.9134007169668115,79.84834703939424,API_SIMULATION
HS-808,KANDY-COLOMBO,2026-05-09T09:31:49.523Z,68.88,5.09,6.8883208887339835,79.85859161439586,API_SIMULATION
NC-220,COLOMBO-JAFFNA,2026-05-09T09:32:19.539Z,20.32,1.09,6.883080522620302,79.80337080220674,API_SIMULATION
IC-101,COLOMBO-KANDY,2026-05-09T09:32:19.539Z,20.93,23.05,6.884969452030975,79.85548205066988,API_SIMULATION
CS-305,COLOMBO-GALLE,2026-05-09T09:32:19.539Z,34.7,18.13,6.896391502500169,79.84491103133355,API_SIMULATION
MC-520,COLOMBO-KANDY,2026-05-09T09:32:19.539Z,68.12,6.59,6.931041457341133,79.86851747737352,API_SIMULATION
CS-410,COLOMBO-MATARA,2026-05-09T09:32:19.539Z,44.4,6.11,6.884170847752906,79.8196719980046,API_SIMULATION
NC-640,COLOMBO-JAFFNA,2026-05-09T09:32:19.539Z,68.39,11.96,6.895665031604953,79.85298557999553,API_SIMULATION
NC-710,COLOMBO-JAFFNA,2026-05-09T09:32:19.539Z,49.58,1.7,6.922035428408805,79.81374826189023,API_SIMULATION
WB-115,RAGAMA-COLOMBO,2026-05-09T09:32:19.539Z,57.22,24.11,6.950191274625313,79.84291826322752,API_SIMULATION
CC-222,GAMPAHA-COLOMBO,2026-05-09T09:32:19.539Z,35.37,10.52,6.9424158015356,79.87259975745665,API_SIMULATION
SL-909,MATARA-COLOMBO,2026-05-09T09:32:19.539Z,51.94,16.88,6.978929981393063,79.85340744488391,API_SIMULATION
HS-808,KANDY-COLOMBO,2026-05-09T09:32:19.539Z,65.06,14.31,6.94589382971302,79.8399361384021,API_SIMULATION
NC-220,COLOMBO-JAFFNA,2026-05-09T09:32:49.544Z,39.39,23.76,6.886448523901457,79.85532173915838,API_SIMULATION
IC-101,COLOMBO-KANDY,2026-05-09T09:32:49.544Z,47.36,16.2,6.905422486150542,79.88577337030536,API_SIMULATION
CS-305,COLOMBO-GALLE,2026-05-09T09:32:49.544Z,24.63,5.06,6.897407371940415,79.88922519849658,API_SIMULATION
MC-520,COLOMBO-KANDY,2026-05-09T09:32:49.544Z,21.53,11.23,6.91601154107341,79.88053902666859,API_SIMULATION
CS-410,COLOMBO-MATARA,2026-05-09T09:32:49.544Z,79.63,3.19,6.913988421929864,79.83123688345282,API_SIMULATION
NC-640,COLOMBO-JAFFNA,2026-05-09T09:32:49.544Z,68.9,1.67,6.910533231826808,79.84280642754888,API_SIMULATION
NC-710,COLOMBO-JAFFNA,2026-05-09T09:32:49.544Z,20.5,15.18,6.932096280519566,79.84050282759085,API_SIMULATION
WB-115,RAGAMA-COLOMBO,2026-05-09T09:32:49.544Z,77.33,8.09,6.986661072616359,79.88262867262436,API_SIMULATION
CC-222,GAMPAHA-COLOMBO,2026-05-09T09:32:49.544Z,27.22,19.17,6.924521241831495,79.84588097403402,API_SIMULATION
SL-909,MATARA-COLOMBO,2026-05-09T09:32:49.544Z,20.34,11.28,6.943164436756211,79.87249510391946,API_SIMULATION
HS-808,KANDY-COLOMBO,2026-05-09T09:32:49.544Z,81.57,14.25,6.967398513615753,79.83479656165551,API_SIMULATION
NC-220,COLOMBO-JAFFNA,2026-05-09T09:33:19.550Z,78.63,23.26,6.934033719021394,79.90291379729295,API_SIMULATION
IC-101,COLOMBO-KANDY,2026-05-09T09:33:19.550Z,53.9,19.67,6.921773437915162,79.8358872257135,API_SIMULATION
CS-305,COLOMBO-GALLE,2026-05-09T09:33:19.550Z,23.86,13.9,6.876184391977152,79.90603456166681,API_SIMULATION
MC-520,COLOMBO-KANDY,2026-05-09T09:33:19.550Z,23.63,17.29,6.922566189937887,79.864440086972,API_SIMULATION
CS-410,COLOMBO-MATARA,2026-05-09T09:33:19.550Z,50.59,3.14,6.921135102278491,79.87084085110632,API_SIMULATION
NC-640,COLOMBO-JAFFNA,2026-05-09T09:33:19.550Z,42.87,22.07,6.8955593478937045,79.80382111326784,API_SIMULATION
NC-710,COLOMBO-JAFFNA,2026-05-09T09:33:19.550Z,72.82,10.91,6.956567618711865,79.84556109074555,API_SIMULATION
WB-115,RAGAMA-COLOMBO,2026-05-09T09:33:19.550Z,78.28,17.73,6.970242161877573,79.84912622211881,API_SIMULATION
CC-222,GAMPAHA-COLOMBO,2026-05-09T09:33:19.550Z,79.4,23.67,6.974117268280839,79.88226604083877,API_SIMULATION
SL-909,MATARA-COLOMBO,2026-05-09T09:33:19.550Z,34.39,8.39,6.898532206004593,79.80392510583545,API_SIMULATION
HS-808,KANDY-COLOMBO,2026-05-09T09:33:19.550Z,61.66,18.19,6.883187575279863,79.80610849244255,API_SIMULATION
NC-220,COLOMBO-JAFFNA,2026-05-09T09:33:49.553Z,52.45,3.97,6.966341452792975,79.9123265447502,API_SIMULATION
IC-101,COLOMBO-KANDY,2026-05-09T09:33:49.553Z,65.53,16.55,6.975335458212549,79.84374453535355,API_SIMULATION
CS-305,COLOMBO-GALLE,2026-05-09T09:33:49.553Z,71.7,14.9,6.909731345519955,79.85495744110747,API_SIMULATION
MC-520,COLOMBO-KANDY,2026-05-09T09:33:49.553Z,76.35,14.89,6.921884712744467,79.91047063495073,API_SIMULATION
CS-410,COLOMBO-MATARA,2026-05-09T09:33:49.553Z,27.13,23.79,6.96503914571619,79.88672985185273,API_SIMULATION
NC-640,COLOMBO-JAFFNA,2026-05-09T09:33:49.553Z,78.69,3.58,6.928970550942999,79.84406154510864,API_SIMULATION
NC-710,COLOMBO-JAFFNA,2026-05-09T09:33:49.553Z,69.85,24.55,6.913293311845922,79.89624254652175,API_SIMULATION
WB-115,RAGAMA-COLOMBO,2026-05-09T09:33:49.553Z,80.29,1.91,6.896139093333876,79.81685201148213,API_SIMULATION
CC-222,GAMPAHA-COLOMBO,2026-05-09T09:33:49.553Z,29.54,23.68,6.930437055182993,79.8691479506089,API_SIMULATION
SL-909,MATARA-COLOMBO,2026-05-09T09:33:49.553Z,35.43,6.31,6.9049869478335175,79.89678293454023,API_SIMULATION
HS-808,KANDY-COLOMBO,2026-05-09T09:33:49.553Z,49.6,10.36,6.957967587754571,79.8768215018122,API_SIMULATION
NC-220,COLOMBO-JAFFNA,2026-05-09T09:34:19.560Z,60.21,20.72,6.9613814405056615,79.87478594297237,API_SIMULATION
IC-101,COLOMBO-KANDY,2026-05-09T09:34:19.560Z,67.35,13.61,6.899276935390925,79.81561168149382,API_SIMULATION
CS-305,COLOMBO-GALLE,2026-05-09T09:34:19.560Z,75.59,6.12,6.8837559593499895,79.86636436300148,API_SIMULATION
MC-520,COLOMBO-KANDY,2026-05-09T09:34:19.560Z,59.09,4.47,6.9479761353580844,79.8733640402705,API_SIMULATION
CS-410,COLOMBO-MATARA,2026-05-09T09:34:19.560Z,82.35,10.19,6.950871359302723,79.84745750528491,API_SIMULATION
NC-640,COLOMBO-JAFFNA,2026-05-09T09:34:19.560Z,22.97,12.1,6.86895894894945,79.88809282642586,API_SIMULATION
NC-710,COLOMBO-JAFFNA,2026-05-09T09:34:19.560Z,61.69,11.66,6.919481348976392,79.89299513228704,API_SIMULATION
WB-115,RAGAMA-COLOMBO,2026-05-09T09:34:19.560Z,21.44,20.51,6.977857790683748,79.89241332193232,API_SIMULATION
CC-222,GAMPAHA-COLOMBO,2026-05-09T09:34:19.560Z,48.28,1.34,6.964373200441216,79.90687236882951,API_SIMULATION
SL-909,MATARA-COLOMBO,2026-05-09T09:34:19.560Z,38.52,21.53,6.913495443460451,79.84045857405332,API_SIMULATION
HS-808,KANDY-COLOMBO,2026-05-09T09:34:19.560Z,51.14,6.06,6.959860685286221,79.81124133291775,API_SIMULATION
NC-220,COLOMBO-JAFFNA,2026-05-09T09:34:49.563Z,41.26,20.13,6.912867791103583,79.89355659033065,API_SIMULATION
IC-101,COLOMBO-KANDY,2026-05-09T09:34:49.563Z,30.68,24.36,6.922406956493559,79.82435246402387,API_SIMULATION
CS-305,COLOMBO-GALLE,2026-05-09T09:34:49.563Z,28.33,3.91,6.878978414388323,79.85571469773919,API_SIMULATION
MC-520,COLOMBO-KANDY,2026-05-09T09:34:49.563Z,25.97,11.05,6.9602976186912,79.87389829931236,API_SIMULATION
CS-410,COLOMBO-MATARA,2026-05-09T09:34:49.563Z,57.34,4.88,6.924985368482499,79.85711878636414,API_SIMULATION
NC-640,COLOMBO-JAFFNA,2026-05-09T09:34:49.563Z,83.55,0.69,6.888608902312213,79.85413409479459,API_SIMULATION
NC-710,COLOMBO-JAFFNA,2026-05-09T09:34:49.563Z,52.75,5.19,6.917312946571665,79.81415368863472,API_SIMULATION
WB-115,RAGAMA-COLOMBO,2026-05-09T09:34:49.563Z,23.72,7.32,6.9057500565267045,79.88152743641353,API_SIMULATION
CC-222,GAMPAHA-COLOMBO,2026-05-09T09:34:49.563Z,37.15,7.39,6.937350543997151,79.80645792830074,API_SIMULATION
SL-909,MATARA-COLOMBO,2026-05-09T09:34:49.563Z,42.64,13.24,6.94978077342271,79.90802921067797,API_SIMULATION
HS-808,KANDY-COLOMBO,2026-05-09T09:34:49.563Z,21.96,18.4,6.982681445056476,79.88353574681172,API_SIMULATION
NC-220,COLOMBO-JAFFNA,2026-05-09T09:35:19.563Z,24.77,5.76,6.869055565703204,79.82953092951655,API_SIMULATION
IC-101,COLOMBO-KANDY,2026-05-09T09:35:19.563Z,26.72,16.94,6.942801055527906,79.83101465779659,API_SIMULATION
CS-305,COLOMBO-GALLE,2026-05-09T09:35:19.563Z,84.01,23.5,6.943493756773828,79.87052531277375,API_SIMULATION
MC-520,COLOMBO-KANDY,2026-05-09T09:35:19.563Z,78.81,18.58,6.951979177440982,79.87445162675114,API_SIMULATION
CS-410,COLOMBO-MATARA,2026-05-09T09:35:19.563Z,52.22,15.89,6.926164018122426,79.897234456019,API_SIMULATION
NC-640,COLOMBO-JAFFNA,2026-05-09T09:35:19.563Z,67.87,1.45,6.925418721309897,79.87903452232356,API_SIMULATION
NC-710,COLOMBO-JAFFNA,2026-05-09T09:35:19.563Z,20.61,17.24,6.9554124182290655,79.90064887734975,API_SIMULATION
WB-115,RAGAMA-COLOMBO,2026-05-09T09:35:19.563Z,43.7,5.18,6.927030231099028,79.91063152644556,API_SIMULATION
CC-222,GAMPAHA-COLOMBO,2026-05-09T09:35:19.563Z,58.35,1.56,6.939513691430741,79.84954988282809,API_SIMULATION
SL-909,MATARA-COLOMBO,2026-05-09T09:35:19.563Z,30.9,20.11,6.881298794564517,79.87788931525992,API_SIMULATION
HS-808,KANDY-COLOMBO,2026-05-09T09:35:19.563Z,22.14,4.99,6.951344684211983,79.81713145427996,API_SIMULATION
NC-220,COLOMBO-JAFFNA,2026-05-09T09:35:49.565Z,48.63,2.97,6.942949304446174,79.91240197533553,API_SIMULATION
IC-101,COLOMBO-KANDY,2026-05-09T09:35:49.565Z,61.32,16.71,6.88324702237349,79.8504485236979,API_SIMULATION
CS-305,COLOMBO-GALLE,2026-05-09T09:35:49.565Z,80.85,1.56,6.882666443416527,79.90780086266336,API_SIMULATION
MC-520,COLOMBO-KANDY,2026-05-09T09:35:49.565Z,60.85,24.68,6.979341874613393,79.84411639583139,API_SIMULATION
CS-410,COLOMBO-MATARA,2026-05-09T09:35:49.565Z,44.46,15.06,6.923862199217369,79.90225067712694,API_SIMULATION
NC-640,COLOMBO-JAFFNA,2026-05-09T09:35:49.565Z,43.06,14.01,6.951469329284798,79.88357317836616,API_SIMULATION
NC-710,COLOMBO-JAFFNA,2026-05-09T09:35:49.565Z,44.67,13.2,6.924596092827358,79.82786546061129,API_SIMULATION
WB-115,RAGAMA-COLOMBO,2026-05-09T09:35:49.565Z,35.65,5.04,6.965568325682477,79.8761356097155,API_SIMULATION
CC-222,GAMPAHA-COLOMBO,2026-05-09T09:35:49.565Z,55.72,12.27,6.883436387043904,79.85292707314416,API_SIMULATION
SL-909,MATARA-COLOMBO,2026-05-09T09:35:49.565Z,71.38,0.25,6.906371198981017,79.82575690530429,API_SIMULATION
HS-808,KANDY-COLOMBO,2026-05-09T09:35:49.565Z,80.16,15.98,6.871769807085427,79.81459021816663,API_SIMULATION
NC-220,COLOMBO-JAFFNA,2026-05-09T09:36:19.571Z,75.57,2.95,6.957394345023438,79.83115264095785,API_SIMULATION
IC-101,COLOMBO-KANDY,2026-05-09T09:36:19.571Z,55.35,2.3,6.980509295798383,79.86659583766075,API_SIMULATION
CS-305,COLOMBO-GALLE,2026-05-09T09:36:19.571Z,76.91,13.93,6.882905202421177,79.9032702543579,API_SIMULATION
MC-520,COLOMBO-KANDY,2026-05-09T09:36:19.571Z,43.54,21.62,6.901674236636918,79.85229900949899,API_SIMULATION
CS-410,COLOMBO-MATARA,2026-05-09T09:36:19.571Z,22.97,8.72,6.928356559684287,79.89220588727207,API_SIMULATION
NC-640,COLOMBO-JAFFNA,2026-05-09T09:36:19.571Z,58.9,22.63,6.955351756326374,79.90494344144717,API_SIMULATION
NC-710,COLOMBO-JAFFNA,2026-05-09T09:36:19.571Z,52.21,16.86,6.97640485119683,79.87680105352636,API_SIMULATION
WB-115,RAGAMA-COLOMBO,2026-05-09T09:36:19.571Z,82.66,8.5,6.942694094106757,79.81293229810994,API_SIMULATION
CC-222,GAMPAHA-COLOMBO,2026-05-09T09:36:19.571Z,68.52,6.87,6.911743223484215,79.87261217085145,API_SIMULATION
SL-909,MATARA-COLOMBO,2026-05-09T09:36:19.571Z,71.6,6.45,6.890881467534173,79.8091249247276,API_SIMULATION
HS-808,KANDY-COLOMBO,2026-05-09T09:36:19.571Z,29.36,4.41,6.945960935307629,79.84906798306535,API_SIMULATION
NC-220,COLOMBO-JAFFNA,2026-05-09T09:36:49.574Z,47.02,12.84,6.931435308667712,79.86428136656488,API_SIMULATION
IC-101,COLOMBO-KANDY,2026-05-09T09:36:49.574Z,80.72,20.95,6.926799315122997,79.82843015462211,API_SIMULATION
CS-305,COLOMBO-GALLE,2026-05-09T09:36:49.574Z,50.46,14.58,6.878725616931949,79.91620836230324,API_SIMULATION
MC-520,COLOMBO-KANDY,2026-05-09T09:36:49.574Z,21.14,13.14,6.959505522820237,79.82868057485288,API_SIMULATION
CS-410,COLOMBO-MATARA,2026-05-09T09:36:49.574Z,77.93,12.89,6.891550354642329,79.81789386244802,API_SIMULATION
NC-640,COLOMBO-JAFFNA,2026-05-09T09:36:49.574Z,46.11,13.54,6.875498201829239,79.86064716346027,API_SIMULATION
NC-710,COLOMBO-JAFFNA,2026-05-09T09:36:49.574Z,39.3,22.21,6.924134888960964,79.90087530948955,API_SIMULATION
WB-115,RAGAMA-COLOMBO,2026-05-09T09:36:49.574Z,74.89,5.88,6.947510180121696,79.86020296508119,API_SIMULATION
CC-222,GAMPAHA-COLOMBO,2026-05-09T09:36:49.574Z,83.32,3.1,6.981552733997436,79.80176132963673,API_SIMULATION
SL-909,MATARA-COLOMBO,2026-05-09T09:36:49.574Z,43.07,13.5,6.918074550815541,79.80987017813723,API_SIMULATION
HS-808,KANDY-COLOMBO,2026-05-09T09:36:49.574Z,45.02,17.84,6.970818357935741,79.82586700156793,API_SIMULATION
NC-220,COLOMBO-JAFFNA,2026-05-09T09:37:19.580Z,56.32,0.61,6.984517235086554,79.89880350627499,API_SIMULATION
IC-101,COLOMBO-KANDY,2026-05-09T09:37:19.580Z,32.37,15.48,6.896797342498117,79.90658846755693,API_SIMULATION
CS-305,COLOMBO-GALLE,2026-05-09T09:37:19.580Z,48.33,5.66,6.958826505463214,79.82062134553283,API_SIMULATION
MC-520,COLOMBO-KANDY,2026-05-09T09:37:19.580Z,21.35,8.63,6.908665135992975,79.91314771615168,API_SIMULATION
CS-410,COLOMBO-MATARA,2026-05-09T09:37:19.580Z,62.72,7.47,6.951070201149967,79.80732916802889,API_SIMULATION
NC-640,COLOMBO-JAFFNA,2026-05-09T09:37:19.580Z,80.95,14.2,6.913430243609467,79.86583988764403,API_SIMULATION
NC-710,COLOMBO-JAFFNA,2026-05-09T09:37:19.580Z,49.81,3.91,6.969136861648171,79.88588500594143,API_SIMULATION
WB-115,RAGAMA-COLOMBO,2026-05-09T09:37:19.580Z,61.52,7.41,6.944063712927558,79.88899318165672,API_SIMULATION
CC-222,GAMPAHA-COLOMBO,2026-05-09T09:37:19.580Z,40.79,16.95,6.983493899522367,79.80367964450433,API_SIMULATION
SL-909,MATARA-COLOMBO,2026-05-09T09:37:19.580Z,73.62,10.66,6.917407288826201,79.87190548027782,API_SIMULATION
HS-808,KANDY-COLOMBO,2026-05-09T09:37:19.580Z,23.17,5.83,6.975491104799067,79.85318076573795,API_SIMULATION
NC-220,COLOMBO-JAFFNA,2026-05-09T09:37:49.589Z,82.22,12.35,6.9605151739545725,79.84249419771785,API_SIMULATION
IC-101,COLOMBO-KANDY,2026-05-09T09:37:49.589Z,64.74,2.9,6.910589609226675,79.81420657114322,API_SIMULATION
CS-305,COLOMBO-GALLE,2026-05-09T09:37:49.589Z,40.32,13.24,6.911598986293108,79.87035637229515,API_SIMULATION
MC-520,COLOMBO-KANDY,2026-05-09T09:37:49.589Z,58.37,17.84,6.8873244596861705,79.85675139330488,API_SIMULATION
CS-410,COLOMBO-MATARA,2026-05-09T09:37:49.589Z,31.26,12.75,6.98657715722769,79.89633072267316,API_SIMULATION
NC-640,COLOMBO-JAFFNA,2026-05-09T09:37:49.589Z,45.2,0.48,6.869107072100087,79.85813714616974,API_SIMULATION
NC-710,COLOMBO-JAFFNA,2026-05-09T09:37:49.589Z,71.3,1.02,6.942215906317185,79.81736337098079,API_SIMULATION
WB-115,RAGAMA-COLOMBO,2026-05-09T09:37:49.589Z,81.86,10.79,6.9785754780199705,79.83953637303325,API_SIMULATION
CC-222,GAMPAHA-COLOMBO,2026-05-09T09:37:49.589Z,32.46,8.64,6.910547274810458,79.83272397313445,API_SIMULATION
SL-909,MATARA-COLOMBO,2026-05-09T09:37:49.589Z,34.28,22.31,6.907025877610817,79.81219196580106,API_SIMULATION
HS-808,KANDY-COLOMBO,2026-05-09T09:37:49.589Z,26.27,18.82,6.968124824023771,79.83516870349636,API_SIMULATION
NC-220,COLOMBO-JAFFNA,2026-05-09T09:38:19.589Z,84.23,15.34,6.933323760338314,79.89212506237621,API_SIMULATION
IC-101,COLOMBO-KANDY,2026-05-09T09:38:19.589Z,50.51,19.83,6.869954696303796,79.87000105073108,API_SIMULATION
CS-305,COLOMBO-GALLE,2026-05-09T09:38:19.589Z,32.32,5.71,6.963929028590085,79.86554062314397,API_SIMULATION
MC-520,COLOMBO-KANDY,2026-05-09T09:38:19.589Z,56.7,24.86,6.884022007113536,79.82878368217911,API_SIMULATION
CS-410,COLOMBO-MATARA,2026-05-09T09:38:19.589Z,40.88,6.72,6.871854731727809,79.80540807817722,API_SIMULATION
NC-640,COLOMBO-JAFFNA,2026-05-09T09:38:19.589Z,79.6,17.02,6.924489099971325,79.8655964584078,API_SIMULATION
NC-710,COLOMBO-JAFFNA,2026-05-09T09:38:19.589Z,73.25,9.02,6.937161463556166,79.83213325824111,API_SIMULATION
WB-115,RAGAMA-COLOMBO,2026-05-09T09:38:19.589Z,69.16,22.67,6.921230092122431,79.84709726412494,API_SIMULATION
CC-222,GAMPAHA-COLOMBO,2026-05-09T09:38:19.589Z,32.02,6.22,6.9218438361038155,79.81555098423614,API_SIMULATION
SL-909,MATARA-COLOMBO,2026-05-09T09:38:19.589Z,39.23,16.32,6.880896336934849,79.88694958675691,API_SIMULATION
HS-808,KANDY-COLOMBO,2026-05-09T09:38:19.589Z,66.68,13.46,6.882307291818887,79.84089141236184,API_SIMULATION
NC-220,COLOMBO-JAFFNA,2026-05-09T09:38:49.593Z,21.03,24.79,6.867307374658247,79.8144027280487,API_SIMULATION
IC-101,COLOMBO-KANDY,2026-05-09T09:38:49.593Z,58.62,2.67,6.872151460980069,79.86516164377687,API_SIMULATION
CS-305,COLOMBO-GALLE,2026-05-09T09:38:49.593Z,70.49,20.85,6.903138779803416,79.84514193705274,API_SIMULATION
MC-520,COLOMBO-KANDY,2026-05-09T09:38:49.593Z,84.7,3.01,6.908645419762187,79.91874049971264,API_SIMULATION
CS-410,COLOMBO-MATARA,2026-05-09T09:38:49.593Z,76.54,19.44,6.920849763759288,79.81277805141639,API_SIMULATION
NC-640,COLOMBO-JAFFNA,2026-05-09T09:38:49.593Z,21.02,21.21,6.882100862146114,79.80644980434447,API_SIMULATION
NC-710,COLOMBO-JAFFNA,2026-05-09T09:38:49.593Z,80.62,15.86,6.895851105563062,79.85946351062442,API_SIMULATION
WB-115,RAGAMA-COLOMBO,2026-05-09T09:38:49.593Z,63.19,19.41,6.923264358368838,79.83006411533738,API_SIMULATION
CC-222,GAMPAHA-COLOMBO,2026-05-09T09:38:49.593Z,69.24,1.56,6.9460582794161025,79.80207173128902,API_SIMULATION
SL-909,MATARA-COLOMBO,2026-05-09T09:38:49.593Z,47.07,20.31,6.87532353024075,79.83062855540872,API_SIMULATION
HS-808,KANDY-COLOMBO,2026-05-09T09:38:49.593Z,46.27,11.32,6.888686220584802,79.84930939591486,API_SIMULATION
NC-220,COLOMBO-JAFFNA,2026-05-09T09:39:19.604Z,52.15,13.03,6.9579017012993685,79.89876595208,API_SIMULATION
IC-101,COLOMBO-KANDY,2026-05-09T09:39:19.604Z,45.71,2.38,6.924904606027048,79.82844134110684,API_SIMULATION
CS-305,COLOMBO-GALLE,2026-05-09T09:39:19.604Z,72.81,7.42,6.938681483500036,79.86739670468423,API_SIMULATION
MC-520,COLOMBO-KANDY,2026-05-09T09:39:19.604Z,70.84,1.17,6.894572645756927,79.84262705627364,API_SIMULATION
CS-410,COLOMBO-MATARA,2026-05-09T09:39:19.604Z,56.01,20.39,6.913097296042958,79.87778599078926,API_SIMULATION
NC-640,COLOMBO-JAFFNA,2026-05-09T09:39:19.604Z,35.22,3.22,6.887032181802898,79.9090472200989,API_SIMULATION
NC-710,COLOMBO-JAFFNA,2026-05-09T09:39:19.605Z,55.07,18.45,6.90352986049713,79.80544215877475,API_SIMULATION
WB-115,RAGAMA-COLOMBO,2026-05-09T09:39:19.605Z,31.38,16.57,6.899453142060608,79.83352570750807,API_SIMULATION
CC-222,GAMPAHA-COLOMBO,2026-05-09T09:39:19.605Z,70.92,10.91,6.881345617183546,79.81729772564546,API_SIMULATION
SL-909,MATARA-COLOMBO,2026-05-09T09:39:19.605Z,45.15,14.54,6.889761304429733,79.81171801139031,API_SIMULATION
HS-808,KANDY-COLOMBO,2026-05-09T09:39:19.605Z,39.6,20.53,6.896688504541521,79.87056968162712,API_SIMULATION
NC-220,COLOMBO-JAFFNA,2026-05-09T09:39:49.613Z,50.8,21.1,6.962240764327691,79.82723406693461,API_SIMULATION
IC-101,COLOMBO-KANDY,2026-05-09T09:39:49.613Z,45.4,5.09,6.937891878414123,79.81230719699725,API_SIMULATION
CS-305,COLOMBO-GALLE,2026-05-09T09:39:49.613Z,43.02,2.51,6.913711476180356,79.82294233637191,API_SIMULATION
MC-520,COLOMBO-KANDY,2026-05-09T09:39:49.613Z,60.15,16.61,6.885808373029514,79.82086199530475,API_SIMULATION
CS-410,COLOMBO-MATARA,2026-05-09T09:39:49.613Z,60.2,18.53,6.924698757358051,79.81934527934114,API_SIMULATION
NC-640,COLOMBO-JAFFNA,2026-05-09T09:39:49.613Z,31.24,5.35,6.97248369643665,79.83712748264013,API_SIMULATION
NC-710,COLOMBO-JAFFNA,2026-05-09T09:39:49.613Z,80.79,6.59,6.928793281076562,79.90218586154384,API_SIMULATION
WB-115,RAGAMA-COLOMBO,2026-05-09T09:39:49.613Z,84.3,19.35,6.936797423034401,79.91961020349495,API_SIMULATION
CC-222,GAMPAHA-COLOMBO,2026-05-09T09:39:49.613Z,20.63,11.38,6.904201279131839,79.87824436078617,API_SIMULATION
SL-909,MATARA-COLOMBO,2026-05-09T09:39:49.613Z,76.13,22.21,6.930639413804952,79.84952071178242,API_SIMULATION
HS-808,KANDY-COLOMBO,2026-05-09T09:39:49.613Z,23.34,17.35,6.868467990391374,79.92067401698982,API_SIMULATION
NC-220,COLOMBO-JAFFNA,2026-05-09T09:40:19.630Z,47.37,8.44,6.958535049718249,79.89990352686516,API_SIMULATION
IC-101,COLOMBO-KANDY,2026-05-09T09:40:19.630Z,40.19,9.57,6.924437724798943,79.87601008103005,API_SIMULATION
CS-305,COLOMBO-GALLE,2026-05-09T09:40:19.630Z,20.93,3.37,6.941198223836659,79.85956189988586,API_SIMULATION
MC-520,COLOMBO-KANDY,2026-05-09T09:40:19.630Z,57.59,22.45,6.972819243683183,79.80781708547187,API_SIMULATION
CS-410,COLOMBO-MATARA,2026-05-09T09:40:19.630Z,31.73,16.42,6.976228016565916,79.857966778766,API_SIMULATION
NC-640,COLOMBO-JAFFNA,2026-05-09T09:40:19.630Z,67.1,13.26,6.90276733473884,79.83046314143772,API_SIMULATION
NC-710,COLOMBO-JAFFNA,2026-05-09T09:40:19.630Z,37.16,12.74,6.8692213304914755,79.84390501391844,API_SIMULATION
WB-115,RAGAMA-COLOMBO,2026-05-09T09:40:19.630Z,84.07,14.41,6.91853297823637,79.8024003411375,API_SIMULATION
CC-222,GAMPAHA-COLOMBO,2026-05-09T09:40:19.630Z,68.35,14.84,6.9834251178983635,79.91178373691133,API_SIMULATION
SL-909,MATARA-COLOMBO,2026-05-09T09:40:19.630Z,36.58,16.6,6.906622722861926,79.87767815290478,API_SIMULATION
HS-808,KANDY-COLOMBO,2026-05-09T09:40:19.630Z,41.86,15.25,6.986570784867743,79.91498050298912,API_SIMULATION
NC-220,COLOMBO-JAFFNA,2026-05-09T09:40:49.641Z,79.04,3.1,6.97206664024671,79.8614648844203,API_SIMULATION
IC-101,COLOMBO-KANDY,2026-05-09T09:40:49.641Z,76.46,11.46,6.9408311028892005,79.80929404244921,API_SIMULATION
CS-305,COLOMBO-GALLE,2026-05-09T09:40:49.641Z,53.38,13.99,6.8764571042724585,79.84632764492002,API_SIMULATION
MC-520,COLOMBO-KANDY,2026-05-09T09:40:49.641Z,32.47,17.47,6.888437295639587,79.84281805598792,API_SIMULATION
CS-410,COLOMBO-MATARA,2026-05-09T09:40:49.641Z,52.14,15.41,6.888093945118415,79.83819931835676,API_SIMULATION
NC-640,COLOMBO-JAFFNA,2026-05-09T09:40:49.641Z,34.74,19.52,6.888565865007082,79.81049175338792,API_SIMULATION
NC-710,COLOMBO-JAFFNA,2026-05-09T09:40:49.641Z,37.14,7.87,6.88283753206423,79.82071240270373,API_SIMULATION
WB-115,RAGAMA-COLOMBO,2026-05-09T09:40:49.641Z,71.08,13.63,6.98347108680168,79.920909525243,API_SIMULATION
CC-222,GAMPAHA-COLOMBO,2026-05-09T09:40:49.641Z,82.14,11.24,6.9107169141940155,79.80783116235433,API_SIMULATION
SL-909,MATARA-COLOMBO,2026-05-09T09:40:49.641Z,61.18,18.25,6.929832931841065,79.9079753374411,API_SIMULATION
HS-808,KANDY-COLOMBO,2026-05-09T09:40:49.641Z,75.63,17.27,6.986856478175561,79.89235358635109,API_SIMULATION
NC-220,COLOMBO-JAFFNA,2026-05-09T09:41:19.656Z,83.55,5.72,6.984417814550492,79.87062888549912,API_SIMULATION
IC-101,COLOMBO-KANDY,2026-05-09T09:41:19.656Z,78.8,21.34,6.89129225422118,79.88060814437952,API_SIMULATION
CS-305,COLOMBO-GALLE,2026-05-09T09:41:19.656Z,51.41,23.08,6.979278946599053,79.91332866571405,API_SIMULATION
MC-520,COLOMBO-KANDY,2026-05-09T09:41:19.656Z,23.64,7.55,6.868181409810298,79.86975014541022,API_SIMULATION
CS-410,COLOMBO-MATARA,2026-05-09T09:41:19.656Z,47.54,8.07,6.894111401875248,79.83728012036597,API_SIMULATION
NC-640,COLOMBO-JAFFNA,2026-05-09T09:41:19.656Z,20.35,6.52,6.9567945541107195,79.8367137441059,API_SIMULATION
NC-710,COLOMBO-JAFFNA,2026-05-09T09:41:19.656Z,30.82,21.84,6.909093240966249,79.90287571684782,API_SIMULATION
WB-115,RAGAMA-COLOMBO,2026-05-09T09:41:19.656Z,77.76,17.17,6.9402832490113155,79.83335937177866,API_SIMULATION
CC-222,GAMPAHA-COLOMBO,2026-05-09T09:41:19.656Z,50.89,12.91,6.945606486920037,79.86504628060838,API_SIMULATION
SL-909,MATARA-COLOMBO,2026-05-09T09:41:19.656Z,65.91,12.63,6.925978746482921,79.89261424983577,API_SIMULATION
HS-808,KANDY-COLOMBO,2026-05-09T09:41:19.656Z,21.93,4.89,6.885106537241152,79.82823510067574,API_SIMULATION
NC-220,COLOMBO-JAFFNA,2026-05-09T09:41:49.671Z,64.58,16.43,6.950066762683078,79.82795822831667,API_SIMULATION
IC-101,COLOMBO-KANDY,2026-05-09T09:41:49.671Z,81.22,0.28,6.883887006513277,79.82457333766646,API_SIMULATION
CS-305,COLOMBO-GALLE,2026-05-09T09:41:49.671Z,79.91,5.33,6.891276421533249,79.80451592863744,API_SIMULATION
MC-520,COLOMBO-KANDY,2026-05-09T09:41:49.671Z,30.31,2.21,6.967667601458394,79.89904271035184,API_SIMULATION
CS-410,COLOMBO-MATARA,2026-05-09T09:41:49.671Z,82.09,6.69,6.950520840550378,79.88690298769673,API_SIMULATION
NC-640,COLOMBO-JAFFNA,2026-05-09T09:41:49.671Z,24.22,11.93,6.9443354468737395,79.91562416781635,API_SIMULATION
NC-710,COLOMBO-JAFFNA,2026-05-09T09:41:49.671Z,77.59,7.42,6.875685375037144,79.918618049393,API_SIMULATION
WB-115,RAGAMA-COLOMBO,2026-05-09T09:41:49.671Z,83.88,22.27,6.9409892746724084,79.83357181055851,API_SIMULATION
CC-222,GAMPAHA-COLOMBO,2026-05-09T09:41:49.671Z,34.12,13.69,6.9578168008961825,79.84561665861632,API_SIMULATION
SL-909,MATARA-COLOMBO,2026-05-09T09:41:49.671Z,57.96,0.84,6.962033483766731,79.90725183567139,API_SIMULATION
HS-808,KANDY-COLOMBO,2026-05-09T09:41:49.671Z,26.02,2.37,6.890590306065515,79.87851111458502,API_SIMULATION
NC-220,COLOMBO-JAFFNA,2026-05-09T09:42:19.678Z,64.12,4.18,6.943535330559613,79.87360548319513,API_SIMULATION
IC-101,COLOMBO-KANDY,2026-05-09T09:42:19.678Z,29.95,10.91,6.918842890740848,79.86292869041151,API_SIMULATION
CS-305,COLOMBO-GALLE,2026-05-09T09:42:19.678Z,37.09,11.6,6.9100273542110555,79.87412101888323,API_SIMULATION
MC-520,COLOMBO-KANDY,2026-05-09T09:42:19.678Z,31.16,3.72,6.91503291570943,79.90211873331606,API_SIMULATION
CS-410,COLOMBO-MATARA,2026-05-09T09:42:19.678Z,35.94,0.03,6.8867987153920645,79.88907625860652,API_SIMULATION
NC-640,COLOMBO-JAFFNA,2026-05-09T09:42:19.678Z,69.02,0.92,6.886880348935263,79.82338807726079,API_SIMULATION
NC-710,COLOMBO-JAFFNA,2026-05-09T09:42:19.678Z,32.99,20.56,6.960466874852982,79.82938758412122,API_SIMULATION
WB-115,RAGAMA-COLOMBO,2026-05-09T09:42:19.678Z,42.95,13.19,6.9833272859454585,79.89616231461491,API_SIMULATION
CC-222,GAMPAHA-COLOMBO,2026-05-09T09:42:19.678Z,44.35,16.8,6.904106575829374,79.8319888202549,API_SIMULATION
SL-909,MATARA-COLOMBO,2026-05-09T09:42:19.678Z,72.81,8.11,6.941694778935326,79.90057052075875,API_SIMULATION
HS-808,KANDY-COLOMBO,2026-05-09T09:42:19.678Z,54.8,1.73,6.8866081883526284,79.87903322612871,API_SIMULATION
NC-220,COLOMBO-JAFFNA,2026-05-09T09:42:49.703Z,53.43,3.94,6.954894774587289,79.89585481834702,API_SIMULATION
IC-101,COLOMBO-KANDY,2026-05-09T09:42:49.703Z,20.42,9.42,6.904666342341672,79.8666804604371,API_SIMULATION
CS-305,COLOMBO-GALLE,2026-05-09T09:42:49.703Z,22.81,18.7,6.9719847974497675,79.91390904509845,API_SIMULATION
MC-520,COLOMBO-KANDY,2026-05-09T09:42:49.703Z,61.3,24.36,6.924199546298068,79.82644005819675,API_SIMULATION
CS-410,COLOMBO-MATARA,2026-05-09T09:42:49.703Z,34.57,0.95,6.893698882603522,79.87518670234371,API_SIMULATION
NC-640,COLOMBO-JAFFNA,2026-05-09T09:42:49.703Z,20.73,20.94,6.924406971412618,79.91654533772221,API_SIMULATION
NC-710,COLOMBO-JAFFNA,2026-05-09T09:42:49.703Z,36.51,9.59,6.894959447758099,79.83849820683322,API_SIMULATION
WB-115,RAGAMA-COLOMBO,2026-05-09T09:42:49.703Z,66.49,17.49,6.950357289520871,79.80174010137306,API_SIMULATION
CC-222,GAMPAHA-COLOMBO,2026-05-09T09:42:49.703Z,27.07,2.25,6.980425185899874,79.83281969671376,API_SIMULATION
SL-909,MATARA-COLOMBO,2026-05-09T09:42:49.703Z,48.95,0.85,6.908643214478761,79.8138288890841,API_SIMULATION
HS-808,KANDY-COLOMBO,2026-05-09T09:42:49.703Z,36.08,13.1,6.984521597178644,79.81541373258948,API_SIMULATION
NC-220,COLOMBO-JAFFNA,2026-05-09T09:43:19.701Z,63.05,16.66,6.949149378720854,79.84041682088977,API_SIMULATION
IC-101,COLOMBO-KANDY,2026-05-09T09:43:19.701Z,45.65,0.48,6.8771542682015525,79.80919478077833,API_SIMULATION
CS-305,COLOMBO-GALLE,2026-05-09T09:43:19.701Z,70.82,19.01,6.9200799524534276,79.8944315211323,API_SIMULATION
MC-520,COLOMBO-KANDY,2026-05-09T09:43:19.701Z,50.46,4.19,6.934004217909945,79.86792164095733,API_SIMULATION
CS-410,COLOMBO-MATARA,2026-05-09T09:43:19.701Z,75.41,0.12,6.975614586352429,79.86790898816119,API_SIMULATION
NC-640,COLOMBO-JAFFNA,2026-05-09T09:43:19.701Z,60.39,17.98,6.972544875224645,79.91414632054325,API_SIMULATION
NC-710,COLOMBO-JAFFNA,2026-05-09T09:43:19.701Z,32.44,23.12,6.970033550608733,79.91209877928537,API_SIMULATION
WB-115,RAGAMA-COLOMBO,2026-05-09T09:43:19.701Z,73.47,21.47,6.899308632219987,79.81927450616728,API_SIMULATION
CC-222,GAMPAHA-COLOMBO,2026-05-09T09:43:19.701Z,71.22,12.81,6.976019126653906,79.84139510362428,API_SIMULATION
SL-909,MATARA-COLOMBO,2026-05-09T09:43:19.701Z,73.68,0.55,6.897282274466689,79.81616231835403,API_SIMULATION
HS-808,KANDY-COLOMBO,2026-05-09T09:43:19.701Z,76.21,8.88,6.875530279644491,79.89480810509974,API_SIMULATION
NC-220,COLOMBO-JAFFNA,2026-05-09T09:43:49.704Z,38.3,21.55,6.93034892656917,79.8737977317388,API_SIMULATION
IC-101,COLOMBO-KANDY,2026-05-09T09:43:49.704Z,64.04,21.19,6.891462035567832,79.87849372924191,API_SIMULATION
CS-305,COLOMBO-GALLE,2026-05-09T09:43:49.704Z,75.96,8.61,6.890124091431458,79.82897137505661,API_SIMULATION
MC-520,COLOMBO-KANDY,2026-05-09T09:43:49.704Z,33.41,10.82,6.900728544411989,79.83657618157913,API_SIMULATION
CS-410,COLOMBO-MATARA,2026-05-09T09:43:49.704Z,77.9,23.37,6.899461141431053,79.90679473216203,API_SIMULATION
NC-640,COLOMBO-JAFFNA,2026-05-09T09:43:49.704Z,77.78,6.43,6.983089968817114,79.87578101074193,API_SIMULATION
NC-710,COLOMBO-JAFFNA,2026-05-09T09:43:49.704Z,84.56,19.94,6.910640872688224,79.83941571778462,API_SIMULATION
WB-115,RAGAMA-COLOMBO,2026-05-09T09:43:49.704Z,27.62,1.07,6.901305923526962,79.83986490610181,API_SIMULATION
CC-222,GAMPAHA-COLOMBO,2026-05-09T09:43:49.704Z,74.45,18.21,6.979425589803236,79.88800789033851,API_SIMULATION
SL-909,MATARA-COLOMBO,2026-05-09T09:43:49.704Z,64.47,8.36,6.947237002392245,79.87964788624464,API_SIMULATION
HS-808,KANDY-COLOMBO,2026-05-09T09:43:49.704Z,38.27,5.02,6.972988857076718,79.83858926385655,API_SIMULATION
NC-220,COLOMBO-JAFFNA,2026-05-09T09:44:19.710Z,70.05,8.07,6.901970516546553,79.80255394312118,API_SIMULATION
IC-101,COLOMBO-KANDY,2026-05-09T09:44:19.710Z,37.58,23.89,6.965585561905397,79.82770362567247,API_SIMULATION
CS-305,COLOMBO-GALLE,2026-05-09T09:44:19.710Z,69.51,5.37,6.930486226539258,79.91527716041132,API_SIMULATION
MC-520,COLOMBO-KANDY,2026-05-09T09:44:19.710Z,46.52,17.22,6.892798602337654,79.8710541867633,API_SIMULATION
CS-410,COLOMBO-MATARA,2026-05-09T09:44:19.710Z,67.8,19.33,6.949260646625985,79.8113631265899,API_SIMULATION
NC-640,COLOMBO-JAFFNA,2026-05-09T09:44:19.710Z,44.97,0.45,6.965316577805476,79.88646148268349,API_SIMULATION
NC-710,COLOMBO-JAFFNA,2026-05-09T09:44:19.710Z,50.7,15.37,6.98249269764263,79.88189010786388,API_SIMULATION
WB-115,RAGAMA-COLOMBO,2026-05-09T09:44:19.710Z,76.14,16.96,6.8913379808144715,79.88002457295241,API_SIMULATION
CC-222,GAMPAHA-COLOMBO,2026-05-09T09:44:19.710Z,33.54,24.51,6.907915013475129,79.83994930367093,API_SIMULATION
SL-909,MATARA-COLOMBO,2026-05-09T09:44:19.710Z,27.79,20.95,6.900422833277546,79.84973235988521,API_SIMULATION
HS-808,KANDY-COLOMBO,2026-05-09T09:44:19.710Z,60,18.65,6.892859330671212,79.81598579515664,API_SIMULATION
NC-220,COLOMBO-JAFFNA,2026-05-09T09:44:49.716Z,72.61,6.33,6.966025047899585,79.84923308551461,API_SIMULATION
IC-101,COLOMBO-KANDY,2026-05-09T09:44:49.716Z,49.22,18.11,6.880858628928097,79.83670583963668,API_SIMULATION
CS-305,COLOMBO-GALLE,2026-05-09T09:44:49.716Z,28.58,19.37,6.895408666923606,79.81853725022242,API_SIMULATION
MC-520,COLOMBO-KANDY,2026-05-09T09:44:49.716Z,63.92,17.88,6.8922676274319405,79.8857858327847,API_SIMULATION
CS-410,COLOMBO-MATARA,2026-05-09T09:44:49.716Z,22.25,3.55,6.945590998710021,79.90446992221739,API_SIMULATION
NC-640,COLOMBO-JAFFNA,2026-05-09T09:44:49.716Z,35.98,12.88,6.9400340047710705,79.87207964286755,API_SIMULATION
NC-710,COLOMBO-JAFFNA,2026-05-09T09:44:49.716Z,27.17,1.75,6.87820463624272,79.9068064718844,API_SIMULATION
WB-115,RAGAMA-COLOMBO,2026-05-09T09:44:49.716Z,20.42,24.18,6.976995289156572,79.88091703031536,API_SIMULATION
CC-222,GAMPAHA-COLOMBO,2026-05-09T09:44:49.716Z,56.2,2.02,6.907765763528359,79.89904208457335,API_SIMULATION
SL-909,MATARA-COLOMBO,2026-05-09T09:44:49.716Z,54.23,15.85,6.917348702163472,79.91551302378106,API_SIMULATION
HS-808,KANDY-COLOMBO,2026-05-09T09:44:49.716Z,82.52,5.33,6.9754307932011175,79.9090649267337,API_SIMULATION
NC-220,COLOMBO-JAFFNA,2026-05-09T09:45:19.725Z,70.67,19.01,6.871484026046118,79.89285492990606,API_SIMULATION
IC-101,COLOMBO-KANDY,2026-05-09T09:45:19.725Z,41.66,23.97,6.897179678500653,79.84498751098769,API_SIMULATION
CS-305,COLOMBO-GALLE,2026-05-09T09:45:19.725Z,78.82,13.16,6.912869061765287,79.90163279543057,API_SIMULATION
MC-520,COLOMBO-KANDY,2026-05-09T09:45:19.725Z,62.2,19.13,6.887553147497463,79.9084178977281,API_SIMULATION
CS-410,COLOMBO-MATARA,2026-05-09T09:45:19.725Z,69.43,6.88,6.959846451903248,79.89752034007152,API_SIMULATION
NC-640,COLOMBO-JAFFNA,2026-05-09T09:45:19.725Z,72.45,15,6.876228878174753,79.87783370079059,API_SIMULATION
NC-710,COLOMBO-JAFFNA,2026-05-09T09:45:19.725Z,32.98,18.39,6.957567102190303,79.88752098026355,API_SIMULATION
WB-115,RAGAMA-COLOMBO,2026-05-09T09:45:19.725Z,63.71,20.08,6.906277160333239,79.90911024740667,API_SIMULATION
CC-222,GAMPAHA-COLOMBO,2026-05-09T09:45:19.725Z,53.47,3.62,6.964536980469217,79.81468769359634,API_SIMULATION
SL-909,MATARA-COLOMBO,2026-05-09T09:45:19.725Z,27.46,10.11,6.952309618709688,79.91926971671994,API_SIMULATION
HS-808,KANDY-COLOMBO,2026-05-09T09:45:19.725Z,29.16,13.13,6.938144469432931,79.85014658940177,API_SIMULATION
NC-220,COLOMBO-JAFFNA,2026-05-09T09:45:49.737Z,69.97,23.76,6.903507095160953,79.91989420358537,API_SIMULATION
IC-101,COLOMBO-KANDY,2026-05-09T09:45:49.737Z,65.67,7.75,6.909170579913741,79.85762400488863,API_SIMULATION
CS-305,COLOMBO-GALLE,2026-05-09T09:45:49.737Z,65.14,6.44,6.877194931021592,79.8334969024289,API_SIMULATION
MC-520,COLOMBO-KANDY,2026-05-09T09:45:49.737Z,32.7,8.03,6.899560376842293,79.80628342344836,API_SIMULATION
CS-410,COLOMBO-MATARA,2026-05-09T09:45:49.737Z,41.56,10,6.891859468876991,79.82796456031653,API_SIMULATION
NC-640,COLOMBO-JAFFNA,2026-05-09T09:45:49.737Z,39.23,17.11,6.909809975556919,79.88031211373608,API_SIMULATION
NC-710,COLOMBO-JAFFNA,2026-05-09T09:45:49.737Z,23.37,13.37,6.958924826961968,79.8887066304797,API_SIMULATION
WB-115,RAGAMA-COLOMBO,2026-05-09T09:45:49.737Z,41.49,10.7,6.8694373767374515,79.9125064295831,API_SIMULATION
CC-222,GAMPAHA-COLOMBO,2026-05-09T09:45:49.737Z,58.93,0.42,6.912017967770753,79.86246159225954,API_SIMULATION
SL-909,MATARA-COLOMBO,2026-05-09T09:45:49.737Z,67.1,10.78,6.910292216816598,79.86792633414505,API_SIMULATION
HS-808,KANDY-COLOMBO,2026-05-09T09:45:49.737Z,34.83,18.18,6.894509244160258,79.81706761179079,API_SIMULATION
NC-220,COLOMBO-JAFFNA,2026-05-09T09:46:19.743Z,22.44,16.06,6.941694239279783,79.86422804429886,API_SIMULATION
IC-101,COLOMBO-KANDY,2026-05-09T09:46:19.743Z,51.3,13.87,6.925515962267227,79.90417820109981,API_SIMULATION
CS-305,COLOMBO-GALLE,2026-05-09T09:46:19.743Z,78.39,10.56,6.890436197431147,79.83914560338637,API_SIMULATION
MC-520,COLOMBO-KANDY,2026-05-09T09:46:19.743Z,20.35,7.83,6.868915148252244,79.83545960758333,API_SIMULATION
CS-410,COLOMBO-MATARA,2026-05-09T09:46:19.743Z,45.44,20.48,6.910407091986926,79.80776018266604,API_SIMULATION
NC-640,COLOMBO-JAFFNA,2026-05-09T09:46:19.743Z,42.52,7.45,6.970076477378857,79.89904010201703,API_SIMULATION
NC-710,COLOMBO-JAFFNA,2026-05-09T09:46:19.743Z,56.42,17.75,6.921186566256169,79.88457043128146,API_SIMULATION
WB-115,RAGAMA-COLOMBO,2026-05-09T09:46:19.743Z,81.54,9.03,6.923078069990825,79.8122713124204,API_SIMULATION
CC-222,GAMPAHA-COLOMBO,2026-05-09T09:46:19.743Z,60.05,10.95,6.974704284824822,79.86150465923397,API_SIMULATION
SL-909,MATARA-COLOMBO,2026-05-09T09:46:19.743Z,47.6,12.07,6.899025807262023,79.81627598989675,API_SIMULATION
HS-808,KANDY-COLOMBO,2026-05-09T09:46:19.743Z,21.72,15.14,6.934727840895692,79.8766948610162,API_SIMULATION
NC-220,COLOMBO-JAFFNA,2026-05-09T09:46:49.755Z,37.95,20.87,6.928400144316065,79.88971698367293,API_SIMULATION
IC-101,COLOMBO-KANDY,2026-05-09T09:46:49.755Z,82.89,5.75,6.976557373476477,79.9052238745004,API_SIMULATION
CS-305,COLOMBO-GALLE,2026-05-09T09:46:49.755Z,39.07,12.52,6.886688468704408,79.86700987389695,API_SIMULATION
MC-520,COLOMBO-KANDY,2026-05-09T09:46:49.755Z,83.63,21.23,6.951381429189352,79.83892054752016,API_SIMULATION
CS-410,COLOMBO-MATARA,2026-05-09T09:46:49.755Z,28.29,12.3,6.9497814114074625,79.81389917171937,API_SIMULATION
NC-640,COLOMBO-JAFFNA,2026-05-09T09:46:49.755Z,36.53,23.19,6.873608278872394,79.9207297130351,API_SIMULATION
NC-710,COLOMBO-JAFFNA,2026-05-09T09:46:49.755Z,41.55,14.28,6.981630828381205,79.81725131479654,API_SIMULATION
WB-115,RAGAMA-COLOMBO,2026-05-09T09:46:49.755Z,43.8,8.87,6.868023638776571,79.9209616113346,API_SIMULATION
CC-222,GAMPAHA-COLOMBO,2026-05-09T09:46:49.755Z,52.18,13.09,6.918055930743147,79.83289042769532,API_SIMULATION
SL-909,MATARA-COLOMBO,2026-05-09T09:46:49.755Z,64.29,10.42,6.941348689195293,79.8956980261827,API_SIMULATION
HS-808,KANDY-COLOMBO,2026-05-09T09:46:49.755Z,59.76,0.87,6.901428158455563,79.80883881972849,API_SIMULATION
NC-220,COLOMBO-JAFFNA,2026-05-09T09:47:19.763Z,42.03,3.23,6.961241501199106,79.84274928582876,API_SIMULATION
IC-101,COLOMBO-KANDY,2026-05-09T09:47:19.763Z,61.31,15.18,6.905608884679652,79.8141902230508,API_SIMULATION
CS-305,COLOMBO-GALLE,2026-05-09T09:47:19.763Z,79.17,20.56,6.930638777300377,79.8797772619026,API_SIMULATION
MC-520,COLOMBO-KANDY,2026-05-09T09:47:19.763Z,47.81,8.11,6.90623247124209,79.87485544957055,API_SIMULATION
CS-410,COLOMBO-MATARA,2026-05-09T09:47:19.763Z,55.81,3.05,6.953906762524937,79.86577144818612,API_SIMULATION
NC-640,COLOMBO-JAFFNA,2026-05-09T09:47:19.763Z,39.1,8.79,6.875288741281587,79.8115918947551,API_SIMULATION
NC-710,COLOMBO-JAFFNA,2026-05-09T09:47:19.763Z,61.04,16.95,6.944306607296604,79.87372704518444,API_SIMULATION
WB-115,RAGAMA-COLOMBO,2026-05-09T09:47:19.763Z,63.68,11.32,6.91413941086329,79.8820098420712,API_SIMULATION
CC-222,GAMPAHA-COLOMBO,2026-05-09T09:47:19.763Z,36.71,14.24,6.9305923800572184,79.90249720936588,API_SIMULATION
SL-909,MATARA-COLOMBO,2026-05-09T09:47:19.763Z,21.14,17.33,6.9528611119294785,79.91152644937182,API_SIMULATION
HS-808,KANDY-COLOMBO,2026-05-09T09:47:19.763Z,41.33,21.1,6.954192522197811,79.91459228115932,API_SIMULATION
NC-220,COLOMBO-JAFFNA,2026-05-09T09:47:49.770Z,66.81,13.4,6.976040129102217,79.86064931470024,API_SIMULATION
IC-101,COLOMBO-KANDY,2026-05-09T09:47:49.770Z,83.02,18.2,6.881946137855613,79.83701608565495,API_SIMULATION
CS-305,COLOMBO-GALLE,2026-05-09T09:47:49.770Z,33.8,13.17,6.944196203026655,79.80995505995416,API_SIMULATION
MC-520,COLOMBO-KANDY,2026-05-09T09:47:49.770Z,61.4,17.13,6.985606755854952,79.82412745531805,API_SIMULATION
CS-410,COLOMBO-MATARA,2026-05-09T09:47:49.770Z,37.28,19.93,6.919165329765916,79.84563515710786,API_SIMULATION
NC-640,COLOMBO-JAFFNA,2026-05-09T09:47:49.770Z,45.23,24.09,6.8962614448368,79.91270588213281,API_SIMULATION
NC-710,COLOMBO-JAFFNA,2026-05-09T09:47:49.770Z,63.85,10.84,6.891345534561487,79.86086392604284,API_SIMULATION
WB-115,RAGAMA-COLOMBO,2026-05-09T09:47:49.770Z,83.16,6.88,6.9694644270672805,79.90289872896295,API_SIMULATION
CC-222,GAMPAHA-COLOMBO,2026-05-09T09:47:49.770Z,58.88,17.12,6.920564887722277,79.88672960380248,API_SIMULATION
SL-909,MATARA-COLOMBO,2026-05-09T09:47:49.770Z,51.81,23.33,6.9454846065734905,79.87984420918716,API_SIMULATION
HS-808,KANDY-COLOMBO,2026-05-09T09:47:49.770Z,73.41,16.04,6.9759563485061635,79.84422697225023,API_SIMULATION
NC-220,COLOMBO-JAFFNA,2026-05-09T09:48:19.786Z,30,8.35,6.898121193464373,79.83252635083811,API_SIMULATION
IC-101,COLOMBO-KANDY,2026-05-09T09:48:19.786Z,81.53,19.62,6.978785290951592,79.87298488445118,API_SIMULATION
CS-305,COLOMBO-GALLE,2026-05-09T09:48:19.786Z,56.74,2.26,6.925841447381125,79.8262714230989,API_SIMULATION
MC-520,COLOMBO-KANDY,2026-05-09T09:48:19.786Z,25.79,10.63,6.903013183236641,79.88070626772975,API_SIMULATION
CS-410,COLOMBO-MATARA,2026-05-09T09:48:19.786Z,47.25,1.16,6.890847289708793,79.9034359731236,API_SIMULATION
NC-640,COLOMBO-JAFFNA,2026-05-09T09:48:19.786Z,36.85,10.01,6.972511248173752,79.88148102281451,API_SIMULATION
NC-710,COLOMBO-JAFFNA,2026-05-09T09:48:19.786Z,31.74,16.55,6.971530423423343,79.835305810256,API_SIMULATION
WB-115,RAGAMA-COLOMBO,2026-05-09T09:48:19.786Z,80.65,17.34,6.978836862749655,79.82772560947683,API_SIMULATION
CC-222,GAMPAHA-COLOMBO,2026-05-09T09:48:19.786Z,74.61,15.29,6.944962400200769,79.82009402746395,API_SIMULATION
SL-909,MATARA-COLOMBO,2026-05-09T09:48:19.786Z,45.63,7.39,6.8716505577604154,79.80861270453987,API_SIMULATION
HS-808,KANDY-COLOMBO,2026-05-09T09:48:19.786Z,35.16,23.59,6.965727850643451,79.84034438424179,API_SIMULATION
NC-220,COLOMBO-JAFFNA,2026-05-09T09:48:49.798Z,22.78,3.53,6.8845330467354,79.91397620518048,API_SIMULATION
IC-101,COLOMBO-KANDY,2026-05-09T09:48:49.798Z,73.56,16.92,6.868519185105897,79.9185544673701,API_SIMULATION
CS-305,COLOMBO-GALLE,2026-05-09T09:48:49.798Z,35.62,5.91,6.868895339806557,79.83944345108968,API_SIMULATION
MC-520,COLOMBO-KANDY,2026-05-09T09:48:49.798Z,36.58,8.77,6.934780852613788,79.86312180857132,API_SIMULATION
CS-410,COLOMBO-MATARA,2026-05-09T09:48:49.798Z,52.03,6.65,6.98085596882923,79.82403863938366,API_SIMULATION
NC-640,COLOMBO-JAFFNA,2026-05-09T09:48:49.798Z,58.8,20.56,6.974175331588182,79.81982829967606,API_SIMULATION
NC-710,COLOMBO-JAFFNA,2026-05-09T09:48:49.798Z,45.37,0.71,6.891706836470828,79.88871120129242,API_SIMULATION
WB-115,RAGAMA-COLOMBO,2026-05-09T09:48:49.798Z,37.86,10.84,6.877973621731559,79.82080255945,API_SIMULATION
CC-222,GAMPAHA-COLOMBO,2026-05-09T09:48:49.798Z,52.59,9.76,6.908323565937178,79.90522029840838,API_SIMULATION
SL-909,MATARA-COLOMBO,2026-05-09T09:48:49.798Z,25.03,7.26,6.883484299752328,79.81789039800483,API_SIMULATION
HS-808,KANDY-COLOMBO,2026-05-09T09:48:49.798Z,26.92,10.91,6.922701085893493,79.81307349053067,API_SIMULATION
NC-220,COLOMBO-JAFFNA,2026-05-09T09:49:19.813Z,45.29,14.93,6.874940675406703,79.87430836164062,API_SIMULATION
IC-101,COLOMBO-KANDY,2026-05-09T09:49:19.813Z,20.04,5,6.976551714364548,79.90098423566388,API_SIMULATION
CS-305,COLOMBO-GALLE,2026-05-09T09:49:19.813Z,28.9,2.59,6.946096600634761,79.89070650423541,API_SIMULATION
MC-520,COLOMBO-KANDY,2026-05-09T09:49:19.813Z,44.99,20.94,6.911268795517301,79.82329903364716,API_SIMULATION
CS-410,COLOMBO-MATARA,2026-05-09T09:49:19.813Z,57.88,16.15,6.877500316025335,79.88359075807081,API_SIMULATION
NC-640,COLOMBO-JAFFNA,2026-05-09T09:49:19.813Z,28.4,24.3,6.985768168992033,79.85678563017457,API_SIMULATION
NC-710,COLOMBO-JAFFNA,2026-05-09T09:49:19.813Z,72.61,13.54,6.970686754285414,79.88418259138393,API_SIMULATION
WB-115,RAGAMA-COLOMBO,2026-05-09T09:49:19.813Z,44.1,6.34,6.901512237930173,79.89130863325333,API_SIMULATION
CC-222,GAMPAHA-COLOMBO,2026-05-09T09:49:19.813Z,68.93,8.33,6.882306496104531,79.91261101672622,API_SIMULATION
SL-909,MATARA-COLOMBO,2026-05-09T09:49:19.813Z,50.87,24.64,6.907384363900729,79.81786162687699,API_SIMULATION
HS-808,KANDY-COLOMBO,2026-05-09T09:49:19.813Z,38.84,18.27,6.9203985684862435,79.90926471947945,API_SIMULATION
NC-220,COLOMBO-JAFFNA,2026-05-09T09:49:49.813Z,50.19,19.8,6.940560195532356,79.90943406822669,API_SIMULATION
IC-101,COLOMBO-KANDY,2026-05-09T09:49:49.813Z,68.04,17.3,6.867166110958309,79.89053825190085,API_SIMULATION
CS-305,COLOMBO-GALLE,2026-05-09T09:49:49.813Z,74.99,4.24,6.936985736317527,79.90652426502923,API_SIMULATION
MC-520,COLOMBO-KANDY,2026-05-09T09:49:49.813Z,38.59,24.95,6.952729366080701,79.91960966291899,API_SIMULATION
CS-410,COLOMBO-MATARA,2026-05-09T09:49:49.813Z,70.45,10.14,6.972081207112421,79.81789362562189,API_SIMULATION
NC-640,COLOMBO-JAFFNA,2026-05-09T09:49:49.813Z,24.87,21.74,6.963893003818663,79.85097374215677,API_SIMULATION
NC-710,COLOMBO-JAFFNA,2026-05-09T09:49:49.813Z,29.11,15.68,6.934889150121671,79.80788728711704,API_SIMULATION
WB-115,RAGAMA-COLOMBO,2026-05-09T09:49:49.813Z,28.22,8.88,6.897586120496344,79.8662794089178,API_SIMULATION
CC-222,GAMPAHA-COLOMBO,2026-05-09T09:49:49.813Z,30.81,23.67,6.888837670863995,79.81365299477831,API_SIMULATION
SL-909,MATARA-COLOMBO,2026-05-09T09:49:49.813Z,61.3,18.37,6.9264812609448,79.88407552692065,API_SIMULATION
HS-808,KANDY-COLOMBO,2026-05-09T09:49:49.813Z,72.29,10.57,6.9523162878261155,79.8790677418708,API_SIMULATION
NC-220,COLOMBO-JAFFNA,2026-05-09T09:50:19.828Z,41.98,9.44,6.945108023139165,79.80333778221018,API_SIMULATION
IC-101,COLOMBO-KANDY,2026-05-09T09:50:19.828Z,30.09,5.42,6.949355479583063,79.90991072039878,API_SIMULATION
CS-305,COLOMBO-GALLE,2026-05-09T09:50:19.828Z,65.99,7.16,6.895120625682483,79.81288431872471,API_SIMULATION
MC-520,COLOMBO-KANDY,2026-05-09T09:50:19.828Z,37.18,23.11,6.961426805980579,79.88410681157367,API_SIMULATION
CS-410,COLOMBO-MATARA,2026-05-09T09:50:19.829Z,71.71,1.12,6.973972429783716,79.82103712428652,API_SIMULATION
NC-640,COLOMBO-JAFFNA,2026-05-09T09:50:19.829Z,62.66,4.1,6.922930445837781,79.9177309884937,API_SIMULATION
NC-710,COLOMBO-JAFFNA,2026-05-09T09:50:19.829Z,31.87,14.24,6.9203097896501955,79.91232453043713,API_SIMULATION
WB-115,RAGAMA-COLOMBO,2026-05-09T09:50:19.829Z,30.64,2.67,6.919433353429841,79.90716337953901,API_SIMULATION
CC-222,GAMPAHA-COLOMBO,2026-05-09T09:50:19.829Z,48.33,9.59,6.979043294982879,79.90826990819332,API_SIMULATION
SL-909,MATARA-COLOMBO,2026-05-09T09:50:19.829Z,72.93,0.31,6.923987988646641,79.85857680500654,API_SIMULATION
HS-808,KANDY-COLOMBO,2026-05-09T09:50:19.829Z,46.09,18,6.932103773510471,79.85323355170053,API_SIMULATION
NC-220,COLOMBO-JAFFNA,2026-05-09T09:50:49.827Z,30.7,19.42,6.9500627990981485,79.85872424877789,API_SIMULATION
IC-101,COLOMBO-KANDY,2026-05-09T09:50:49.827Z,68.99,10.25,6.887167593077857,79.87060411761793,API_SIMULATION
CS-305,COLOMBO-GALLE,2026-05-09T09:50:49.827Z,80.47,6.16,6.934515465326001,79.89969419413937,API_SIMULATION
MC-520,COLOMBO-KANDY,2026-05-09T09:50:49.827Z,36.64,5.16,6.913191177813169,79.85370878587018,API_SIMULATION
CS-410,COLOMBO-MATARA,2026-05-09T09:50:49.827Z,27.04,16.28,6.916886962209492,79.84005862894907,API_SIMULATION
NC-640,COLOMBO-JAFFNA,2026-05-09T09:50:49.827Z,70.27,16.35,6.873694832634477,79.85673115182561,API_SIMULATION
NC-710,COLOMBO-JAFFNA,2026-05-09T09:50:49.827Z,34.92,6.84,6.955702445422133,79.89925781885206,API_SIMULATION
WB-115,RAGAMA-COLOMBO,2026-05-09T09:50:49.827Z,79.79,9.59,6.940678079140293,79.8475077123552,API_SIMULATION
CC-222,GAMPAHA-COLOMBO,2026-05-09T09:50:49.827Z,32.98,12.27,6.950368082331992,79.86154192550246,API_SIMULATION
SL-909,MATARA-COLOMBO,2026-05-09T09:50:49.827Z,24.6,16.28,6.950930832464807,79.80941506791518,API_SIMULATION
HS-808,KANDY-COLOMBO,2026-05-09T09:50:49.827Z,42.4,21.2,6.915510614418579,79.91777394252453,API_SIMULATION
NC-220,COLOMBO-JAFFNA,2026-05-09T09:51:19.837Z,61.19,20.33,6.910461496819063,79.90623804297489,API_SIMULATION
IC-101,COLOMBO-KANDY,2026-05-09T09:51:19.837Z,84.41,11.2,6.982628541257511,79.86473487442241,API_SIMULATION
CS-305,COLOMBO-GALLE,2026-05-09T09:51:19.837Z,67.99,2.93,6.966495441801096,79.91829798392435,API_SIMULATION
MC-520,COLOMBO-KANDY,2026-05-09T09:51:19.837Z,68.31,18.33,6.9222700537749695,79.82807877164751,API_SIMULATION
CS-410,COLOMBO-MATARA,2026-05-09T09:51:19.837Z,71.78,4.23,6.898769840728781,79.84864695587116,API_SIMULATION
NC-640,COLOMBO-JAFFNA,2026-05-09T09:51:19.837Z,70.06,19.14,6.939746459937347,79.85920181564175,API_SIMULATION
NC-710,COLOMBO-JAFFNA,2026-05-09T09:51:19.837Z,49.81,4.97,6.94923758217282,79.88486550736302,API_SIMULATION
WB-115,RAGAMA-COLOMBO,2026-05-09T09:51:19.837Z,31.66,16.73,6.891088314957428,79.8822528184401,API_SIMULATION
CC-222,GAMPAHA-COLOMBO,2026-05-09T09:51:19.837Z,22.82,6.15,6.933426056224716,79.83283104623165,API_SIMULATION
SL-909,MATARA-COLOMBO,2026-05-09T09:51:19.837Z,45.69,16.63,6.943459786485717,79.86470898891345,API_SIMULATION
HS-808,KANDY-COLOMBO,2026-05-09T09:51:19.837Z,43.54,17.29,6.874068349143414,79.86118320374962,API_SIMULATION
NC-220,COLOMBO-JAFFNA,2026-05-09T09:51:49.846Z,80.68,20.24,6.962709911106456,79.82747189056616,API_SIMULATION
IC-101,COLOMBO-KANDY,2026-05-09T09:51:49.846Z,40.16,13.05,6.9343717150078525,79.80891476720208,API_SIMULATION
CS-305,COLOMBO-GALLE,2026-05-09T09:51:49.846Z,56.14,6.97,6.945919783329876,79.85777025336132,API_SIMULATION
MC-520,COLOMBO-KANDY,2026-05-09T09:51:49.847Z,39.83,6.49,6.982747563335325,79.84699011173764,API_SIMULATION
CS-410,COLOMBO-MATARA,2026-05-09T09:51:49.847Z,70.62,15.87,6.894741904359491,79.91563673442957,API_SIMULATION
NC-640,COLOMBO-JAFFNA,2026-05-09T09:51:49.847Z,23.1,3.35,6.983103888859219,79.80162900084119,API_SIMULATION
NC-710,COLOMBO-JAFFNA,2026-05-09T09:51:49.847Z,32.4,10.8,6.914374425471477,79.86418277025092,API_SIMULATION
WB-115,RAGAMA-COLOMBO,2026-05-09T09:51:49.847Z,48.83,7.9,6.92044358973518,79.87009535741781,API_SIMULATION
CC-222,GAMPAHA-COLOMBO,2026-05-09T09:51:49.847Z,70.09,19.03,6.962092557193977,79.89809989087763,API_SIMULATION
SL-909,MATARA-COLOMBO,2026-05-09T09:51:49.847Z,32.45,8.19,6.936151285460596,79.84181081925693,API_SIMULATION
HS-808,KANDY-COLOMBO,2026-05-09T09:51:49.847Z,30.01,21.39,6.928940641433979,79.81472604103311,API_SIMULATION
NC-220,COLOMBO-JAFFNA,2026-05-09T09:52:19.856Z,72.44,15.94,6.9300322727933175,79.85585508217703,API_SIMULATION
IC-101,COLOMBO-KANDY,2026-05-09T09:52:19.856Z,40.08,7.47,6.91668794097116,79.90147439292808,API_SIMULATION
CS-305,COLOMBO-GALLE,2026-05-09T09:52:19.856Z,63.2,4.97,6.972498080824029,79.90819033188022,API_SIMULATION
MC-520,COLOMBO-KANDY,2026-05-09T09:52:19.856Z,22.7,19.1,6.874707539828065,79.91121768755089,API_SIMULATION
CS-410,COLOMBO-MATARA,2026-05-09T09:52:19.856Z,40.7,16.23,6.91894736236349,79.8893854829841,API_SIMULATION
NC-640,COLOMBO-JAFFNA,2026-05-09T09:52:19.856Z,58.45,13.54,6.903165022341844,79.86850007737621,API_SIMULATION
NC-710,COLOMBO-JAFFNA,2026-05-09T09:52:19.856Z,63.34,5.33,6.891034847276515,79.85740738228608,API_SIMULATION
WB-115,RAGAMA-COLOMBO,2026-05-09T09:52:19.856Z,57.1,11.44,6.938302174075783,79.81168547337712,API_SIMULATION
CC-222,GAMPAHA-COLOMBO,2026-05-09T09:52:19.856Z,73.92,19.32,6.874932531679689,79.81685087226585,API_SIMULATION
SL-909,MATARA-COLOMBO,2026-05-09T09:52:19.856Z,44.13,22.41,6.935221274104189,79.83811114572042,API_SIMULATION
HS-808,KANDY-COLOMBO,2026-05-09T09:52:19.856Z,59.03,6.01,6.984984510101129,79.82347143564596,API_SIMULATION
NC-220,COLOMBO-JAFFNA,2026-05-09T09:52:49.913Z,59.2,20.73,6.958383488547432,79.83491191580688,API_SIMULATION
IC-101,COLOMBO-KANDY,2026-05-09T09:52:49.913Z,84.1,16.91,6.917548304067092,79.82538088743004,API_SIMULATION
CS-305,COLOMBO-GALLE,2026-05-09T09:52:49.913Z,64.13,20.05,6.883139206235253,79.86259612275634,API_SIMULATION
MC-520,COLOMBO-KANDY,2026-05-09T09:52:49.913Z,54.48,20.83,6.937087411431531,79.83623485783963,API_SIMULATION
CS-410,COLOMBO-MATARA,2026-05-09T09:52:49.913Z,71.09,23.55,6.923974480987733,79.85692269709459,API_SIMULATION
NC-640,COLOMBO-JAFFNA,2026-05-09T09:52:49.913Z,40.63,1.47,6.9759873163073,79.89408279350697,API_SIMULATION
NC-710,COLOMBO-JAFFNA,2026-05-09T09:52:49.913Z,84.99,19.93,6.887012886057201,79.82861820032245,API_SIMULATION
WB-115,RAGAMA-COLOMBO,2026-05-09T09:52:49.913Z,38.42,14.61,6.981532966803629,79.89927522169654,API_SIMULATION
CC-222,GAMPAHA-COLOMBO,2026-05-09T09:52:49.913Z,29.67,3.28,6.883027754836632,79.89657499660976,API_SIMULATION
SL-909,MATARA-COLOMBO,2026-05-09T09:52:49.913Z,67.11,8.41,6.925413679967643,79.84142825763128,API_SIMULATION
HS-808,KANDY-COLOMBO,2026-05-09T09:52:49.913Z,47.61,20.66,6.881824812526063,79.90406630016896,API_SIMULATION
NC-220,COLOMBO-JAFFNA,2026-05-09T09:53:19.920Z,61.54,14.59,6.967503764703822,79.81921858148145,API_SIMULATION
IC-101,COLOMBO-KANDY,2026-05-09T09:53:19.920Z,68.87,20.13,6.921427240132546,79.87473732315887,API_SIMULATION
CS-305,COLOMBO-GALLE,2026-05-09T09:53:19.920Z,58.84,17.71,6.915772982987502,79.86157176032137,API_SIMULATION
MC-520,COLOMBO-KANDY,2026-05-09T09:53:19.920Z,54.13,22.6,6.968549507675416,79.9161308766508,API_SIMULATION
CS-410,COLOMBO-MATARA,2026-05-09T09:53:19.920Z,73.72,11.08,6.94409200957639,79.8789010474316,API_SIMULATION
NC-640,COLOMBO-JAFFNA,2026-05-09T09:53:19.920Z,31.51,6.78,6.971647671079409,79.80954924815666,API_SIMULATION
NC-710,COLOMBO-JAFFNA,2026-05-09T09:53:19.920Z,44.12,24.74,6.941427469676398,79.87584231875547,API_SIMULATION
WB-115,RAGAMA-COLOMBO,2026-05-09T09:53:19.920Z,28.58,22.6,6.976029456666443,79.89449995852735,API_SIMULATION
CC-222,GAMPAHA-COLOMBO,2026-05-09T09:53:19.920Z,37.12,8.95,6.964520823014852,79.88864427067277,API_SIMULATION
SL-909,MATARA-COLOMBO,2026-05-09T09:53:19.920Z,65.82,13.17,6.957090572986555,79.85660706498514,API_SIMULATION
HS-808,KANDY-COLOMBO,2026-05-09T09:53:19.920Z,34.43,17.4,6.953963008075892,79.87257951358335,API_SIMULATION
NC-220,COLOMBO-JAFFNA,2026-05-09T09:53:49.929Z,67.93,13.63,6.908214310337324,79.89883618769767,API_SIMULATION
IC-101,COLOMBO-KANDY,2026-05-09T09:53:49.929Z,81.13,11.16,6.97531078653543,79.92009033173672,API_SIMULATION
CS-305,COLOMBO-GALLE,2026-05-09T09:53:49.929Z,58.29,0.83,6.954365285750521,79.8621847968465,API_SIMULATION
MC-520,COLOMBO-KANDY,2026-05-09T09:53:49.929Z,69.1,11.76,6.9207624767170435,79.89655824814379,API_SIMULATION
CS-410,COLOMBO-MATARA,2026-05-09T09:53:49.929Z,48.38,7.04,6.899726828498911,79.91217623216635,API_SIMULATION
NC-640,COLOMBO-JAFFNA,2026-05-09T09:53:49.929Z,31.56,24.75,6.922859981457934,79.88663364335267,API_SIMULATION
NC-710,COLOMBO-JAFFNA,2026-05-09T09:53:49.929Z,63.71,16.93,6.874081506230606,79.80157001538561,API_SIMULATION
WB-115,RAGAMA-COLOMBO,2026-05-09T09:53:49.929Z,63.28,4.81,6.876424407300201,79.82099233617963,API_SIMULATION
CC-222,GAMPAHA-COLOMBO,2026-05-09T09:53:49.929Z,70.42,15.92,6.874229058630977,79.83740818305353,API_SIMULATION
SL-909,MATARA-COLOMBO,2026-05-09T09:53:49.929Z,54.12,19.58,6.8946831911076005,79.85947374310243,API_SIMULATION
HS-808,KANDY-COLOMBO,2026-05-09T09:53:49.929Z,55.23,15.84,6.8849991532693435,79.80154901523599,API_SIMULATION
NC-220,COLOMBO-JAFFNA,2026-05-09T09:54:19.956Z,84.43,11.62,6.946593187162307,79.90715535153375,API_SIMULATION
IC-101,COLOMBO-KANDY,2026-05-09T09:54:19.956Z,64.24,23.21,6.917254566523735,79.8343868985376,API_SIMULATION
CS-305,COLOMBO-GALLE,2026-05-09T09:54:19.956Z,35.34,0.1,6.874081134682005,79.83052900237821,API_SIMULATION
MC-520,COLOMBO-KANDY,2026-05-09T09:54:19.956Z,82.31,20.23,6.895305720014392,79.91962991003436,API_SIMULATION
CS-410,COLOMBO-MATARA,2026-05-09T09:54:19.956Z,20.02,13.99,6.870223278044257,79.80801976001078,API_SIMULATION
NC-640,COLOMBO-JAFFNA,2026-05-09T09:54:19.956Z,32.12,12.39,6.910523379602202,79.8330491158108,API_SIMULATION
NC-710,COLOMBO-JAFFNA,2026-05-09T09:54:19.956Z,52.27,4.87,6.9575590544044745,79.88860033174076,API_SIMULATION
WB-115,RAGAMA-COLOMBO,2026-05-09T09:54:19.956Z,63.47,16.79,6.939800802992188,79.81132298222596,API_SIMULATION
CC-222,GAMPAHA-COLOMBO,2026-05-09T09:54:19.956Z,66.03,16,6.925504051305032,79.8898511480713,API_SIMULATION
SL-909,MATARA-COLOMBO,2026-05-09T09:54:19.956Z,77.89,4.46,6.967996252388105,79.82539335764477,API_SIMULATION
HS-808,KANDY-COLOMBO,2026-05-09T09:54:19.956Z,43.41,10.09,6.920711144176942,79.83446617381207,API_SIMULATION
NC-220,COLOMBO-JAFFNA,2026-05-09T09:54:49.962Z,31.06,3.76,6.883179678188922,79.8946450079291,API_SIMULATION
IC-101,COLOMBO-KANDY,2026-05-09T09:54:49.962Z,42.06,7.08,6.9440438443413885,79.90175476185881,API_SIMULATION
CS-305,COLOMBO-GALLE,2026-05-09T09:54:49.962Z,69.8,18.69,6.930910378954366,79.86169925217777,API_SIMULATION
MC-520,COLOMBO-KANDY,2026-05-09T09:54:49.962Z,78.6,20.74,6.9636600630224414,79.89823869925343,API_SIMULATION
CS-410,COLOMBO-MATARA,2026-05-09T09:54:49.962Z,31.36,24.3,6.88357543975337,79.82469059730657,API_SIMULATION
NC-640,COLOMBO-JAFFNA,2026-05-09T09:54:49.962Z,74.51,21.4,6.972927037945254,79.85095951838461,API_SIMULATION
NC-710,COLOMBO-JAFFNA,2026-05-09T09:54:49.962Z,76.35,16.28,6.893921078921354,79.90976984170543,API_SIMULATION
WB-115,RAGAMA-COLOMBO,2026-05-09T09:54:49.962Z,36.59,17.44,6.904938074394105,79.87426146281848,API_SIMULATION
CC-222,GAMPAHA-COLOMBO,2026-05-09T09:54:49.962Z,27.37,0.16,6.898860335763715,79.86934538062798,API_SIMULATION
SL-909,MATARA-COLOMBO,2026-05-09T09:54:49.962Z,73,6.89,6.9805837689154115,79.88887918516109,API_SIMULATION
HS-808,KANDY-COLOMBO,2026-05-09T09:54:49.962Z,56.14,9.01,6.894738741868599,79.90226050975119,API_SIMULATION
NC-220,COLOMBO-JAFFNA,2026-05-09T09:55:19.973Z,53.44,11.44,6.890606036213956,79.8399327609613,API_SIMULATION
IC-101,COLOMBO-KANDY,2026-05-09T09:55:19.973Z,75.25,16.97,6.968142246507925,79.86967293648095,API_SIMULATION
CS-305,COLOMBO-GALLE,2026-05-09T09:55:19.973Z,77.42,1.82,6.957319022975959,79.85269609567892,API_SIMULATION
MC-520,COLOMBO-KANDY,2026-05-09T09:55:19.973Z,32.6,2.21,6.986544040318896,79.89514084655266,API_SIMULATION
CS-410,COLOMBO-MATARA,2026-05-09T09:55:19.973Z,54.5,1.93,6.978455735011347,79.91351077309984,API_SIMULATION
NC-640,COLOMBO-JAFFNA,2026-05-09T09:55:19.973Z,26.1,3.86,6.927884256686439,79.85800492285503,API_SIMULATION
NC-710,COLOMBO-JAFFNA,2026-05-09T09:55:19.973Z,53.19,14.4,6.898133521311454,79.81221354283512,API_SIMULATION
WB-115,RAGAMA-COLOMBO,2026-05-09T09:55:19.973Z,52.57,5.54,6.874044848920129,79.8546071291381,API_SIMULATION
CC-222,GAMPAHA-COLOMBO,2026-05-09T09:55:19.973Z,57.4,1.53,6.948363345123546,79.87407444674875,API_SIMULATION
SL-909,MATARA-COLOMBO,2026-05-09T09:55:19.973Z,77.95,16.01,6.903159718754311,79.86336889544788,API_SIMULATION
HS-808,KANDY-COLOMBO,2026-05-09T09:55:19.973Z,41.04,14.22,6.893781507024884,79.90476294080419,API_SIMULATION
NC-220,COLOMBO-JAFFNA,2026-05-09T09:55:49.986Z,28.71,8.34,6.978037391084544,79.90069628823436,API_SIMULATION
IC-101,COLOMBO-KANDY,2026-05-09T09:55:49.986Z,42.67,7.3,6.986951071116992,79.91995206960033,API_SIMULATION
CS-305,COLOMBO-GALLE,2026-05-09T09:55:49.986Z,42.46,7.66,6.9436724984111615,79.88645758780883,API_SIMULATION
MC-520,COLOMBO-KANDY,2026-05-09T09:55:49.986Z,78.62,0.33,6.962967902327593,79.8891321702644,API_SIMULATION
CS-410,COLOMBO-MATARA,2026-05-09T09:55:49.986Z,46.03,12.77,6.9206791334484565,79.9085699366389,API_SIMULATION
NC-640,COLOMBO-JAFFNA,2026-05-09T09:55:49.986Z,73.45,4.02,6.938277303764977,79.85269882037657,API_SIMULATION
NC-710,COLOMBO-JAFFNA,2026-05-09T09:55:49.986Z,50.05,19.02,6.898759244272105,79.897609401692,API_SIMULATION
WB-115,RAGAMA-COLOMBO,2026-05-09T09:55:49.986Z,57.62,0.49,6.952084032241506,79.82167377148761,API_SIMULATION
CC-222,GAMPAHA-COLOMBO,2026-05-09T09:55:49.986Z,25.18,6.67,6.909431165891054,79.87517436280584,API_SIMULATION
SL-909,MATARA-COLOMBO,2026-05-09T09:55:49.986Z,81.84,7.24,6.979670417087929,79.88585093140766,API_SIMULATION
HS-808,KANDY-COLOMBO,2026-05-09T09:55:49.986Z,79.45,19.97,6.97549075292543,79.91662198213672,API_SIMULATION
NC-220,COLOMBO-JAFFNA,2026-05-09T09:56:19.989Z,24.7,0.05,6.8739299658042095,79.90158884851571,API_SIMULATION
IC-101,COLOMBO-KANDY,2026-05-09T09:56:19.989Z,28.82,17.83,6.943498467526399,79.82921474476599,API_SIMULATION
CS-305,COLOMBO-GALLE,2026-05-09T09:56:19.989Z,42.06,21.98,6.946321207277135,79.81821942778092,API_SIMULATION
MC-520,COLOMBO-KANDY,2026-05-09T09:56:19.989Z,64.89,9.51,6.894392403546502,79.81925118070798,API_SIMULATION
CS-410,COLOMBO-MATARA,2026-05-09T09:56:19.989Z,82,15.39,6.874506350662689,79.9044043461431,API_SIMULATION
NC-640,COLOMBO-JAFFNA,2026-05-09T09:56:19.989Z,62.47,24.13,6.905648518823351,79.9156236550315,API_SIMULATION
NC-710,COLOMBO-JAFFNA,2026-05-09T09:56:19.989Z,40.46,16.74,6.936177706099109,79.82991789476355,API_SIMULATION
WB-115,RAGAMA-COLOMBO,2026-05-09T09:56:19.989Z,24.96,5.2,6.951741881994348,79.91654703131455,API_SIMULATION
CC-222,GAMPAHA-COLOMBO,2026-05-09T09:56:19.989Z,52.73,3.81,6.903023228903952,79.8925673505379,API_SIMULATION
SL-909,MATARA-COLOMBO,2026-05-09T09:56:19.989Z,47.06,14.57,6.876302482329226,79.86073382907657,API_SIMULATION
HS-808,KANDY-COLOMBO,2026-05-09T09:56:19.989Z,41.63,24.41,6.978231659278401,79.807747343164,API_SIMULATION
NC-220,COLOMBO-JAFFNA,2026-05-09T09:56:49.989Z,82.71,6.87,6.873064413419889,79.87595122568344,API_SIMULATION
IC-101,COLOMBO-KANDY,2026-05-09T09:56:49.989Z,59.31,15.81,6.924894636166799,79.80729060566222,API_SIMULATION
CS-305,COLOMBO-GALLE,2026-05-09T09:56:49.989Z,37.3,7.56,6.906330153462787,79.9186760373197,API_SIMULATION
MC-520,COLOMBO-KANDY,2026-05-09T09:56:49.989Z,70.6,13.84,6.955562049159533,79.9148231805988,API_SIMULATION
CS-410,COLOMBO-MATARA,2026-05-09T09:56:49.989Z,25.01,6.42,6.893481037726569,79.85663198725435,API_SIMULATION
NC-640,COLOMBO-JAFFNA,2026-05-09T09:56:49.989Z,79.6,2.67,6.934723431492421,79.83820652534175,API_SIMULATION
NC-710,COLOMBO-JAFFNA,2026-05-09T09:56:49.989Z,53.57,1.84,6.938953790996097,79.83286970381191,API_SIMULATION
WB-115,RAGAMA-COLOMBO,2026-05-09T09:56:49.989Z,58.54,12.33,6.875730434305438,79.80183679228448,API_SIMULATION
CC-222,GAMPAHA-COLOMBO,2026-05-09T09:56:49.989Z,71.36,14.19,6.967009443040603,79.82698360477914,API_SIMULATION
SL-909,MATARA-COLOMBO,2026-05-09T09:56:49.989Z,37.9,20.8,6.909371638868107,79.9161257360911,API_SIMULATION
HS-808,KANDY-COLOMBO,2026-05-09T09:56:49.989Z,46.11,24.51,6.882032901918061,79.92085467745821,API_SIMULATION
NC-220,COLOMBO-JAFFNA,2026-05-09T09:57:19.997Z,42.79,2.3,6.940787385530574,79.87556681233829,API_SIMULATION
IC-101,COLOMBO-KANDY,2026-05-09T09:57:19.997Z,52.43,19.6,6.928024198530835,79.81816702046535,API_SIMULATION
CS-305,COLOMBO-GALLE,2026-05-09T09:57:19.997Z,41,24.65,6.905766524544053,79.84553658266022,API_SIMULATION
MC-520,COLOMBO-KANDY,2026-05-09T09:57:19.997Z,57.6,18.92,6.927300626548806,79.85436294268331,API_SIMULATION
CS-410,COLOMBO-MATARA,2026-05-09T09:57:19.997Z,60.13,23.15,6.897192088815497,79.81322023880757,API_SIMULATION
NC-640,COLOMBO-JAFFNA,2026-05-09T09:57:19.997Z,61.59,19.08,6.902738669506312,79.8539941534879,API_SIMULATION
NC-710,COLOMBO-JAFFNA,2026-05-09T09:57:19.997Z,65.04,18.58,6.916899635499555,79.890164482505,API_SIMULATION
WB-115,RAGAMA-COLOMBO,2026-05-09T09:57:19.997Z,23.5,23.65,6.88021821001597,79.92020202291445,API_SIMULATION
CC-222,GAMPAHA-COLOMBO,2026-05-09T09:57:19.997Z,76.92,21.91,6.947543851836417,79.80526081175793,API_SIMULATION
SL-909,MATARA-COLOMBO,2026-05-09T09:57:19.997Z,82.58,7.81,6.986837988061099,79.91317739045006,API_SIMULATION
HS-808,KANDY-COLOMBO,2026-05-09T09:57:19.997Z,48.77,10.66,6.90355068460791,79.82061396001906,API_SIMULATION
NC-220,COLOMBO-JAFFNA,2026-05-09T09:57:49.997Z,70.73,1.68,6.902585461460635,79.80551910304159,API_SIMULATION
IC-101,COLOMBO-KANDY,2026-05-09T09:57:49.997Z,26.47,6.3,6.913168421443538,79.81712135413551,API_SIMULATION
CS-305,COLOMBO-GALLE,2026-05-09T09:57:49.997Z,50.89,18.76,6.97444876667567,79.892938320373,API_SIMULATION
MC-520,COLOMBO-KANDY,2026-05-09T09:57:49.997Z,73.59,5.66,6.941202233777143,79.82068454571167,API_SIMULATION
CS-410,COLOMBO-MATARA,2026-05-09T09:57:49.997Z,50.13,18.63,6.962243271828702,79.8617549590019,API_SIMULATION
NC-640,COLOMBO-JAFFNA,2026-05-09T09:57:49.997Z,56.91,3.83,6.96830145855579,79.88971577044755,API_SIMULATION
NC-710,COLOMBO-JAFFNA,2026-05-09T09:57:49.997Z,28.88,14.33,6.961707683578599,79.8383577162467,API_SIMULATION
WB-115,RAGAMA-COLOMBO,2026-05-09T09:57:49.997Z,21.17,20.27,6.954673889164083,79.83873986075523,API_SIMULATION
CC-222,GAMPAHA-COLOMBO,2026-05-09T09:57:49.997Z,82.85,0.28,6.903023266555005,79.90880908700899,API_SIMULATION
SL-909,MATARA-COLOMBO,2026-05-09T09:57:49.997Z,48.25,7.7,6.9831899965162245,79.84813995334254,API_SIMULATION
HS-808,KANDY-COLOMBO,2026-05-09T09:57:49.997Z,69.43,23.73,6.911182448213848,79.85540367319462,API_SIMULATION
NC-220,COLOMBO-JAFFNA,2026-05-09T09:58:20.009Z,55.52,6.58,6.960167261184812,79.8459798931259,API_SIMULATION
IC-101,COLOMBO-KANDY,2026-05-09T09:58:20.009Z,82.85,3.29,6.898938579613618,79.89098454704545,API_SIMULATION
CS-305,COLOMBO-GALLE,2026-05-09T09:58:20.009Z,40,19.37,6.936355395501428,79.81051328246963,API_SIMULATION
MC-520,COLOMBO-KANDY,2026-05-09T09:58:20.009Z,47.98,7.73,6.957346175631543,79.85811347835858,API_SIMULATION
CS-410,COLOMBO-MATARA,2026-05-09T09:58:20.009Z,20.05,8.81,6.896366784342078,79.8795135486239,API_SIMULATION
NC-640,COLOMBO-JAFFNA,2026-05-09T09:58:20.009Z,50.38,18.58,6.913726295898546,79.8246032111278,API_SIMULATION
NC-710,COLOMBO-JAFFNA,2026-05-09T09:58:20.009Z,66.43,18.99,6.918517054020215,79.8549269587111,API_SIMULATION
WB-115,RAGAMA-COLOMBO,2026-05-09T09:58:20.009Z,29.69,24.07,6.8995543986357735,79.91765864720645,API_SIMULATION
CC-222,GAMPAHA-COLOMBO,2026-05-09T09:58:20.009Z,63.42,1.12,6.957061913718867,79.84709248407044,API_SIMULATION
SL-909,MATARA-COLOMBO,2026-05-09T09:58:20.009Z,49.95,16.64,6.911506921384979,79.83500466150926,API_SIMULATION
HS-808,KANDY-COLOMBO,2026-05-09T09:58:20.009Z,55.38,17.07,6.961829617766461,79.85901103285686,API_SIMULATION
NC-220,COLOMBO-JAFFNA,2026-05-09T09:58:50.011Z,55.59,6.93,6.950556007869976,79.8032124306075,API_SIMULATION
IC-101,COLOMBO-KANDY,2026-05-09T09:58:50.011Z,61.89,2.08,6.891514401261644,79.81009413893852,API_SIMULATION
CS-305,COLOMBO-GALLE,2026-05-09T09:58:50.011Z,75.06,22.95,6.923510972770306,79.88069051524973,API_SIMULATION
MC-520,COLOMBO-KANDY,2026-05-09T09:58:50.011Z,71.73,0.9,6.92838258198372,79.92001371378404,API_SIMULATION
CS-410,COLOMBO-MATARA,2026-05-09T09:58:50.011Z,71.97,2.39,6.8806397048485595,79.8209075307275,API_SIMULATION
NC-640,COLOMBO-JAFFNA,2026-05-09T09:58:50.011Z,80.99,5.47,6.888402765004222,79.85661976353903,API_SIMULATION
NC-710,COLOMBO-JAFFNA,2026-05-09T09:58:50.011Z,57.15,15.27,6.9296317382235815,79.88342029309851,API_SIMULATION
WB-115,RAGAMA-COLOMBO,2026-05-09T09:58:50.011Z,36.83,19.82,6.957368538117152,79.88150950022822,API_SIMULATION
CC-222,GAMPAHA-COLOMBO,2026-05-09T09:58:50.011Z,64.77,17.93,6.979009443214318,79.85079680990638,API_SIMULATION
SL-909,MATARA-COLOMBO,2026-05-09T09:58:50.011Z,25.93,13.54,6.936712396094406,79.86211856370068,API_SIMULATION
HS-808,KANDY-COLOMBO,2026-05-09T09:58:50.011Z,38.21,18.82,6.897337967695746,79.82780091801929,API_SIMULATION
NC-220,COLOMBO-JAFFNA,2026-05-09T09:59:20.019Z,47.74,10.65,6.9160107624222595,79.87705408739158,API_SIMULATION
IC-101,COLOMBO-KANDY,2026-05-09T09:59:20.019Z,58.99,15.86,6.920206764614706,79.81419416586306,API_SIMULATION
CS-305,COLOMBO-GALLE,2026-05-09T09:59:20.019Z,69.62,10.11,6.967115158918749,79.9035214770831,API_SIMULATION
MC-520,COLOMBO-KANDY,2026-05-09T09:59:20.019Z,30.01,23.63,6.936686009267198,79.88614902529883,API_SIMULATION
CS-410,COLOMBO-MATARA,2026-05-09T09:59:20.019Z,37.05,14.42,6.879000228778424,79.83468080187723,API_SIMULATION
NC-640,COLOMBO-JAFFNA,2026-05-09T09:59:20.019Z,32.92,9.97,6.919241869931969,79.80930373204419,API_SIMULATION
NC-710,COLOMBO-JAFFNA,2026-05-09T09:59:20.019Z,74.58,9.3,6.892418911407977,79.8298668838509,API_SIMULATION
WB-115,RAGAMA-COLOMBO,2026-05-09T09:59:20.019Z,78.24,6.7,6.928066016826651,79.871645713444,API_SIMULATION
CC-222,GAMPAHA-COLOMBO,2026-05-09T09:59:20.019Z,44.89,21.62,6.975041813211977,79.88269991596232,API_SIMULATION
SL-909,MATARA-COLOMBO,2026-05-09T09:59:20.019Z,62.91,23.68,6.926841408507038,79.84899747649395,API_SIMULATION
HS-808,KANDY-COLOMBO,2026-05-09T09:59:20.019Z,67.38,11.53,6.922729686310613,79.86815546206377,API_SIMULATION
NC-220,COLOMBO-JAFFNA,2026-05-09T09:59:50.021Z,77.51,10.74,6.870225236275764,79.91656584194473,API_SIMULATION
IC-101,COLOMBO-KANDY,2026-05-09T09:59:50.021Z,39.2,4.15,6.8912519382885975,79.84343433519311,API_SIMULATION
CS-305,COLOMBO-GALLE,2026-05-09T09:59:50.021Z,79.3,15.06,6.974594909611651,79.89913354685676,API_SIMULATION
MC-520,COLOMBO-KANDY,2026-05-09T09:59:50.021Z,23.82,1.92,6.942277949207418,79.87656167054864,API_SIMULATION
CS-410,COLOMBO-MATARA,2026-05-09T09:59:50.021Z,63.17,6.59,6.91815996787147,79.82704010529315,API_SIMULATION
NC-640,COLOMBO-JAFFNA,2026-05-09T09:59:50.021Z,74.37,13.84,6.895321539145521,79.83687771721661,API_SIMULATION
NC-710,COLOMBO-JAFFNA,2026-05-09T09:59:50.021Z,45.24,9.06,6.930044373914242,79.9195721489671,API_SIMULATION
WB-115,RAGAMA-COLOMBO,2026-05-09T09:59:50.021Z,68.77,15.43,6.945596138599599,79.80833074143081,API_SIMULATION
CC-222,GAMPAHA-COLOMBO,2026-05-09T09:59:50.021Z,60.3,11.27,6.952913051032897,79.81416322620942,API_SIMULATION
SL-909,MATARA-COLOMBO,2026-05-09T09:59:50.021Z,57.88,16.95,6.962420201934873,79.89019788412936,API_SIMULATION
HS-808,KANDY-COLOMBO,2026-05-09T09:59:50.021Z,50.61,10.02,6.868497863190256,79.82482559242366,API_SIMULATION
NC-220,COLOMBO-JAFFNA,2026-05-09T10:00:20.032Z,63.19,22.78,6.960183030161551,79.90983707943415,API_SIMULATION
IC-101,COLOMBO-KANDY,2026-05-09T10:00:20.032Z,40.49,13.41,6.964967786223052,79.88660011255136,API_SIMULATION
CS-305,COLOMBO-GALLE,2026-05-09T10:00:20.032Z,52.2,2.23,6.86759898009255,79.91273883071725,API_SIMULATION
MC-520,COLOMBO-KANDY,2026-05-09T10:00:20.032Z,68.04,18.91,6.9657112739502205,79.88301330320023,API_SIMULATION
CS-410,COLOMBO-MATARA,2026-05-09T10:00:20.032Z,66.13,12.25,6.923221115980573,79.91190462731093,API_SIMULATION
NC-640,COLOMBO-JAFFNA,2026-05-09T10:00:20.032Z,67.42,15.39,6.889645439954815,79.88393127062695,API_SIMULATION
NC-710,COLOMBO-JAFFNA,2026-05-09T10:00:20.032Z,32.93,5.95,6.931338987287099,79.84785686795766,API_SIMULATION
WB-115,RAGAMA-COLOMBO,2026-05-09T10:00:20.032Z,45.49,17.86,6.870314265389731,79.90079637066043,API_SIMULATION
CC-222,GAMPAHA-COLOMBO,2026-05-09T10:00:20.032Z,64,15.04,6.871215740668379,79.81346389847832,API_SIMULATION
SL-909,MATARA-COLOMBO,2026-05-09T10:00:20.032Z,78.17,23.21,6.9029215949339084,79.92115548485549,API_SIMULATION
HS-808,KANDY-COLOMBO,2026-05-09T10:00:20.032Z,33.98,21.37,6.9647448302420125,79.85402614663239,API_SIMULATION
NC-220,COLOMBO-JAFFNA,2026-05-09T10:00:50.039Z,66.21,14.36,6.975001272855334,79.87536881040718,API_SIMULATION
IC-101,COLOMBO-KANDY,2026-05-09T10:00:50.039Z,34.96,8.24,6.940745215678231,79.91047780012715,API_SIMULATION
CS-305,COLOMBO-GALLE,2026-05-09T10:00:50.039Z,73.86,17.96,6.913848912784511,79.8351380907764,API_SIMULATION
MC-520,COLOMBO-KANDY,2026-05-09T10:00:50.039Z,32.19,23.53,6.899783446864261,79.91414480339037,API_SIMULATION
CS-410,COLOMBO-MATARA,2026-05-09T10:00:50.039Z,32.26,20.6,6.8911864959688165,79.89046789987756,API_SIMULATION
NC-640,COLOMBO-JAFFNA,2026-05-09T10:00:50.039Z,28.01,12,6.904681319202877,79.88267843146802,API_SIMULATION
NC-710,COLOMBO-JAFFNA,2026-05-09T10:00:50.039Z,27.3,18.53,6.966525236430068,79.9203042754563,API_SIMULATION
WB-115,RAGAMA-COLOMBO,2026-05-09T10:00:50.039Z,59.75,15.36,6.927178745323657,79.8372495964499,API_SIMULATION
CC-222,GAMPAHA-COLOMBO,2026-05-09T10:00:50.039Z,82.94,3.36,6.910252925277812,79.81580207275063,API_SIMULATION
SL-909,MATARA-COLOMBO,2026-05-09T10:00:50.039Z,48.23,22.1,6.960580845840612,79.82441223493048,API_SIMULATION
HS-808,KANDY-COLOMBO,2026-05-09T10:00:50.039Z,21.6,8.05,6.920061665177258,79.80573364285267,API_SIMULATION
NC-220,COLOMBO-JAFFNA,2026-05-09T10:01:20.047Z,67,14.02,6.8725740307550796,79.86818384056966,API_SIMULATION
IC-101,COLOMBO-KANDY,2026-05-09T10:01:20.047Z,63.47,2.1,6.965521418062161,79.81146087706335,API_SIMULATION
CS-305,COLOMBO-GALLE,2026-05-09T10:01:20.047Z,41.41,20.93,6.9192887877811105,79.86459191420651,API_SIMULATION
MC-520,COLOMBO-KANDY,2026-05-09T10:01:20.047Z,38.3,5.58,6.941905543682585,79.90071846049418,API_SIMULATION
CS-410,COLOMBO-MATARA,2026-05-09T10:01:20.047Z,35.22,7.28,6.9375626061441755,79.83241418851831,API_SIMULATION
NC-640,COLOMBO-JAFFNA,2026-05-09T10:01:20.047Z,66.9,20.56,6.882605823195387,79.88594298294463,API_SIMULATION
NC-710,COLOMBO-JAFFNA,2026-05-09T10:01:20.047Z,53.27,11.74,6.945322608063989,79.81994213686252,API_SIMULATION
WB-115,RAGAMA-COLOMBO,2026-05-09T10:01:20.047Z,25.11,24.57,6.953495849128187,79.91128805990523,API_SIMULATION
CC-222,GAMPAHA-COLOMBO,2026-05-09T10:01:20.047Z,30.63,13.12,6.89116736874269,79.90798809883505,API_SIMULATION
SL-909,MATARA-COLOMBO,2026-05-09T10:01:20.047Z,78.34,18.7,6.973390939238344,79.8049635673167,API_SIMULATION
HS-808,KANDY-COLOMBO,2026-05-09T10:01:20.047Z,56.74,19.98,6.957367057233042,79.83611116346425,API_SIMULATION
NC-220,COLOMBO-JAFFNA,2026-05-09T10:09:34.236Z,27.61,9.5,6.959573668568057,79.8299921885882,API_SIMULATION
IC-101,COLOMBO-KANDY,2026-05-09T10:09:34.236Z,78.26,19.35,6.917488505026588,79.87323308452956,API_SIMULATION
CS-305,COLOMBO-GALLE,2026-05-09T10:09:34.236Z,75.81,7.15,6.869891547480591,79.85747407169785,API_SIMULATION
MC-520,COLOMBO-KANDY,2026-05-09T10:09:34.236Z,33.91,2.23,6.970207296351454,79.88572293136563,API_SIMULATION
CS-410,COLOMBO-MATARA,2026-05-09T10:09:34.236Z,52.15,10.79,6.8993504361734255,79.81430265954273,API_SIMULATION
NC-640,COLOMBO-JAFFNA,2026-05-09T10:09:34.236Z,59.15,13.23,6.8858591739111406,79.82220350497124,API_SIMULATION
NC-710,COLOMBO-JAFFNA,2026-05-09T10:09:34.236Z,33.49,18.76,6.961528586911683,79.8065864660924,API_SIMULATION
WB-115,RAGAMA-COLOMBO,2026-05-09T10:09:34.236Z,67.32,7.44,6.899645308979893,79.89590160928302,API_SIMULATION
CC-222,GAMPAHA-COLOMBO,2026-05-09T10:09:34.236Z,21.08,14.67,6.878581306413838,79.86048448913044,API_SIMULATION
SL-909,MATARA-COLOMBO,2026-05-09T10:09:34.236Z,37.1,8.12,6.920914431084655,79.82067024539737,API_SIMULATION
HS-808,KANDY-COLOMBO,2026-05-09T10:09:34.236Z,49.16,6.07,6.954575838921103,79.85625661886722,API_SIMULATION
NC-220,COLOMBO-JAFFNA,2026-05-09T10:10:04.202Z,82.13,24.47,6.982485953504058,79.88278633802167,API_SIMULATION
IC-101,COLOMBO-KANDY,2026-05-09T10:10:04.202Z,66.58,24.7,6.884483831424213,79.8883209583209,API_SIMULATION
CS-305,COLOMBO-GALLE,2026-05-09T10:10:04.202Z,69.27,0.05,6.926313694107787,79.89946834666064,API_SIMULATION
MC-520,COLOMBO-KANDY,2026-05-09T10:10:04.202Z,32.24,4.92,6.922707582306267,79.88605592025135,API_SIMULATION
CS-410,COLOMBO-MATARA,2026-05-09T10:10:04.202Z,71.98,13.62,6.958569694443586,79.84862715710706,API_SIMULATION
NC-640,COLOMBO-JAFFNA,2026-05-09T10:10:04.202Z,34.52,19.73,6.9688578319603005,79.90505737269507,API_SIMULATION
NC-710,COLOMBO-JAFFNA,2026-05-09T10:10:04.202Z,51.89,16.84,6.935162097491711,79.8989942497049,API_SIMULATION
WB-115,RAGAMA-COLOMBO,2026-05-09T10:10:04.202Z,56.55,18.94,6.9386129340624505,79.91286635305374,API_SIMULATION
CC-222,GAMPAHA-COLOMBO,2026-05-09T10:10:04.202Z,25.94,0.06,6.922693375247411,79.90470929861692,API_SIMULATION
SL-909,MATARA-COLOMBO,2026-05-09T10:10:04.202Z,75.31,13.24,6.884090860462085,79.89732354630756,API_SIMULATION
HS-808,KANDY-COLOMBO,2026-05-09T10:10:04.202Z,81.46,23.21,6.941775663330119,79.86061050624996,API_SIMULATION
NC-220,COLOMBO-JAFFNA,2026-05-09T10:10:34.220Z,26.55,21.07,6.917989955359326,79.80241661444703,API_SIMULATION
IC-101,COLOMBO-KANDY,2026-05-09T10:10:34.220Z,84.94,7.58,6.872138768373868,79.87867240261374,API_SIMULATION
CS-305,COLOMBO-GALLE,2026-05-09T10:10:34.220Z,22.55,14.1,6.92263136326115,79.81528541891113,API_SIMULATION
MC-520,COLOMBO-KANDY,2026-05-09T10:10:34.220Z,20.08,23.08,6.89074660982855,79.81193402462495,API_SIMULATION
CS-410,COLOMBO-MATARA,2026-05-09T10:10:34.220Z,64.58,11.84,6.8967087227137345,79.90231762073657,API_SIMULATION
NC-640,COLOMBO-JAFFNA,2026-05-09T10:10:34.220Z,20.17,21.92,6.914345121023427,79.81364187394318,API_SIMULATION
NC-710,COLOMBO-JAFFNA,2026-05-09T10:10:34.220Z,73.58,16.12,6.897639057742484,79.82159026078838,API_SIMULATION
WB-115,RAGAMA-COLOMBO,2026-05-09T10:10:34.220Z,82.35,23.85,6.971031243933571,79.92119415677132,API_SIMULATION
CC-222,GAMPAHA-COLOMBO,2026-05-09T10:10:34.220Z,60.39,8.32,6.94951175238248,79.91841192788131,API_SIMULATION
SL-909,MATARA-COLOMBO,2026-05-09T10:10:34.220Z,42.7,4.28,6.962165956832464,79.91022276229693,API_SIMULATION
HS-808,KANDY-COLOMBO,2026-05-09T10:10:34.220Z,25.97,7.29,6.980558041291116,79.8981109023798,API_SIMULATION
NC-220,COLOMBO-JAFFNA,2026-05-09T10:11:04.232Z,76.5,17.68,6.986971957347561,79.81156532359321,API_SIMULATION
IC-101,COLOMBO-KANDY,2026-05-09T10:11:04.232Z,78.82,16.5,6.941916033359909,79.8529703428625,API_SIMULATION
CS-305,COLOMBO-GALLE,2026-05-09T10:11:04.232Z,54.56,17.78,6.9734554692498865,79.90522932062099,API_SIMULATION
MC-520,COLOMBO-KANDY,2026-05-09T10:11:04.232Z,60.2,6.4,6.9059147782556405,79.91754907884021,API_SIMULATION
CS-410,COLOMBO-MATARA,2026-05-09T10:11:04.232Z,41.69,21.04,6.906111983709641,79.8334055960102,API_SIMULATION
NC-640,COLOMBO-JAFFNA,2026-05-09T10:11:04.232Z,70.53,22.01,6.897338365596289,79.91710356771904,API_SIMULATION
NC-710,COLOMBO-JAFFNA,2026-05-09T10:11:04.232Z,28.48,2.41,6.8684755545482785,79.85188865148419,API_SIMULATION
WB-115,RAGAMA-COLOMBO,2026-05-09T10:11:04.232Z,53.85,18.83,6.909568449389683,79.84153816450127,API_SIMULATION
CC-222,GAMPAHA-COLOMBO,2026-05-09T10:11:04.232Z,61.61,21.94,6.937997277057428,79.87460672199381,API_SIMULATION
SL-909,MATARA-COLOMBO,2026-05-09T10:11:04.232Z,65.84,14.05,6.923095272438716,79.82137328363923,API_SIMULATION
HS-808,KANDY-COLOMBO,2026-05-09T10:11:04.232Z,28.55,8.18,6.941347832163218,79.89613271621114,API_SIMULATION
NC-220,COLOMBO-JAFFNA,2026-05-09T10:11:34.241Z,40.22,19.55,6.964513763766181,79.83066060613295,API_SIMULATION
IC-101,COLOMBO-KANDY,2026-05-09T10:11:34.241Z,65.78,23.12,6.935734814122037,79.83548740133473,API_SIMULATION
CS-305,COLOMBO-GALLE,2026-05-09T10:11:34.241Z,41.98,8.77,6.937573816331877,79.87642394448228,API_SIMULATION
MC-520,COLOMBO-KANDY,2026-05-09T10:11:34.241Z,31.67,16.46,6.945667469797759,79.8955880111925,API_SIMULATION
CS-410,COLOMBO-MATARA,2026-05-09T10:11:34.241Z,29.45,7.71,6.948698241509189,79.81559938680412,API_SIMULATION
NC-640,COLOMBO-JAFFNA,2026-05-09T10:11:34.241Z,69.3,13.7,6.94185044618009,79.85575054732548,API_SIMULATION
NC-710,COLOMBO-JAFFNA,2026-05-09T10:11:34.241Z,55,17.33,6.878702112595596,79.90020098247916,API_SIMULATION
WB-115,RAGAMA-COLOMBO,2026-05-09T10:11:34.241Z,78.94,22.09,6.918666930546384,79.90972409276465,API_SIMULATION
CC-222,GAMPAHA-COLOMBO,2026-05-09T10:11:34.241Z,50.19,14.66,6.953393206066374,79.89771899232488,API_SIMULATION
SL-909,MATARA-COLOMBO,2026-05-09T10:11:34.241Z,45.23,12.24,6.956856908538934,79.85739724802855,API_SIMULATION
HS-808,KANDY-COLOMBO,2026-05-09T10:11:34.241Z,63.87,12.79,6.946142800149485,79.82239573076862,API_SIMULATION
NC-220,COLOMBO-JAFFNA,2026-05-09T10:12:04.240Z,21.86,19.28,6.941388401769577,79.82897248119627,API_SIMULATION
IC-101,COLOMBO-KANDY,2026-05-09T10:12:04.240Z,25.37,24.26,6.9334347337133035,79.8820625921103,API_SIMULATION
CS-305,COLOMBO-GALLE,2026-05-09T10:12:04.240Z,76.91,21.33,6.883438332922173,79.88150581634054,API_SIMULATION
MC-520,COLOMBO-KANDY,2026-05-09T10:12:04.240Z,25.84,13.71,6.911607045180524,79.87325127402305,API_SIMULATION
CS-410,COLOMBO-MATARA,2026-05-09T10:12:04.240Z,38.13,20.79,6.969074634063215,79.91663639143778,API_SIMULATION
NC-640,COLOMBO-JAFFNA,2026-05-09T10:12:04.240Z,82.74,12.99,6.909884471409335,79.8672790302286,API_SIMULATION
NC-710,COLOMBO-JAFFNA,2026-05-09T10:12:04.240Z,21.48,19.83,6.924864009370909,79.89635645321985,API_SIMULATION
WB-115,RAGAMA-COLOMBO,2026-05-09T10:12:04.240Z,80.64,13.87,6.910268565251379,79.82698010033671,API_SIMULATION
CC-222,GAMPAHA-COLOMBO,2026-05-09T10:12:04.240Z,32.48,5.59,6.8853020943843575,79.88838677139714,API_SIMULATION
SL-909,MATARA-COLOMBO,2026-05-09T10:12:04.240Z,69.35,22.93,6.936879272357087,79.83242018242402,API_SIMULATION
HS-808,KANDY-COLOMBO,2026-05-09T10:12:04.240Z,21.51,20.12,6.973934529038075,79.88103892876971,API_SIMULATION
NC-220,COLOMBO-JAFFNA,2026-05-09T10:12:34.246Z,60.98,17.2,6.970737293721382,79.88240313753475,API_SIMULATION
IC-101,COLOMBO-KANDY,2026-05-09T10:12:34.246Z,72.63,7.42,6.90379016996473,79.88648927271764,API_SIMULATION
CS-305,COLOMBO-GALLE,2026-05-09T10:12:34.246Z,45.68,4.73,6.92251581158647,79.8597587922581,API_SIMULATION
MC-520,COLOMBO-KANDY,2026-05-09T10:12:34.246Z,54.67,14.38,6.902781811794723,79.82022812478718,API_SIMULATION
CS-410,COLOMBO-MATARA,2026-05-09T10:12:34.246Z,52.89,22.61,6.944246203053757,79.80665664648241,API_SIMULATION
NC-640,COLOMBO-JAFFNA,2026-05-09T10:12:34.246Z,71.26,13.15,6.8674978975363,79.91379228361347,API_SIMULATION
NC-710,COLOMBO-JAFFNA,2026-05-09T10:12:34.246Z,28.2,0.42,6.944977193825611,79.87369562826865,API_SIMULATION
WB-115,RAGAMA-COLOMBO,2026-05-09T10:12:34.246Z,39.91,22.6,6.941882943752269,79.82710755950197,API_SIMULATION
CC-222,GAMPAHA-COLOMBO,2026-05-09T10:12:34.246Z,33.88,10.87,6.898719609134978,79.82986599939206,API_SIMULATION
SL-909,MATARA-COLOMBO,2026-05-09T10:12:34.246Z,47.49,4.47,6.94674464270535,79.91977828943057,API_SIMULATION
HS-808,KANDY-COLOMBO,2026-05-09T10:12:34.246Z,50.73,19.15,6.977923677259502,79.87654919327774,API_SIMULATION
NC-220,COLOMBO-JAFFNA,2026-05-09T10:13:04.271Z,48.29,15.92,6.899696667419186,79.83332020068042,API_SIMULATION
IC-101,COLOMBO-KANDY,2026-05-09T10:13:04.271Z,50.49,7.47,6.899637981119818,79.85610389690068,API_SIMULATION
CS-305,COLOMBO-GALLE,2026-05-09T10:13:04.271Z,57.12,11.36,6.885205385632215,79.84851963236389,API_SIMULATION
MC-520,COLOMBO-KANDY,2026-05-09T10:13:04.271Z,52.61,20.95,6.906682390936321,79.88384325949117,API_SIMULATION
CS-410,COLOMBO-MATARA,2026-05-09T10:13:04.271Z,81.59,23.97,6.936638402013785,79.88444294972736,API_SIMULATION
NC-640,COLOMBO-JAFFNA,2026-05-09T10:13:04.271Z,32.63,13.24,6.9698538233799185,79.8913412047828,API_SIMULATION
NC-710,COLOMBO-JAFFNA,2026-05-09T10:13:04.271Z,37.28,1.09,6.899258471305627,79.83690032442843,API_SIMULATION
WB-115,RAGAMA-COLOMBO,2026-05-09T10:13:04.271Z,35.64,23.45,6.958379593074504,79.86005099463827,API_SIMULATION
CC-222,GAMPAHA-COLOMBO,2026-05-09T10:13:04.271Z,50.35,16,6.880086124766426,79.90369649321768,API_SIMULATION
SL-909,MATARA-COLOMBO,2026-05-09T10:13:04.271Z,58.06,20.63,6.90206590784766,79.82462356462278,API_SIMULATION
HS-808,KANDY-COLOMBO,2026-05-09T10:13:04.271Z,42.34,17.14,6.9137670549779955,79.86167699252276,API_SIMULATION
NC-220,COLOMBO-JAFFNA,2026-05-09T10:13:34.272Z,75.57,11.9,6.969612888829762,79.84679951420155,API_SIMULATION
IC-101,COLOMBO-KANDY,2026-05-09T10:13:34.272Z,83.64,21.46,6.953658940433468,79.80225178017014,API_SIMULATION
CS-305,COLOMBO-GALLE,2026-05-09T10:13:34.272Z,40.35,13.62,6.9621127407444074,79.81811059411,API_SIMULATION
MC-520,COLOMBO-KANDY,2026-05-09T10:13:34.272Z,43.35,21.64,6.96329215390742,79.89417863245467,API_SIMULATION
CS-410,COLOMBO-MATARA,2026-05-09T10:13:34.272Z,68.74,22.69,6.887009825459114,79.82119770447217,API_SIMULATION
NC-640,COLOMBO-JAFFNA,2026-05-09T10:13:34.272Z,37.91,18.14,6.867321497585923,79.92055104973863,API_SIMULATION
NC-710,COLOMBO-JAFFNA,2026-05-09T10:13:34.272Z,69.74,0.31,6.96635857557073,79.8112922083584,API_SIMULATION
WB-115,RAGAMA-COLOMBO,2026-05-09T10:13:34.272Z,73.65,0.93,6.9148664964508235,79.91701456045547,API_SIMULATION
CC-222,GAMPAHA-COLOMBO,2026-05-09T10:13:34.272Z,84.45,23.16,6.880902948057983,79.81699023182506,API_SIMULATION
SL-909,MATARA-COLOMBO,2026-05-09T10:13:34.272Z,24.01,2.33,6.898219796110756,79.8429251295369,API_SIMULATION
HS-808,KANDY-COLOMBO,2026-05-09T10:13:34.272Z,27.2,0.7,6.945721444235872,79.84162994354807,API_SIMULATION
1001,SIM,2026-05-09T13:09:06.077Z,50.34710096331301,4,7.354928367734319,80.2119854367192,GPS
1001,SIM,2026-05-09T13:09:10.058Z,74.83990390142368,1,6.95295943655635,80.4125616027865,GPS
1001,MAIN_1,2026-05-09T13:13:05.195Z,42,4,6.98,79.92,SIM_PROVIDER
2002,COASTAL_1,2026-05-09T13:13:05.202Z,55,2,6.47,80.03,SIM_PROVIDER
3003,NORTHERN_1,2026-05-09T13:13:05.202Z,38,10,7.48,80.33,SIM_PROVIDER