speedKmh,observedDelayMin,targetDelayMin
50.34710096331301,4.0,4.8382425329152925
74.83990390142368,1.0,0.0
42.0,4.0,5.2922943250547725
55.0,2.0,2.851756916760471
38.0,10.0,9.09841624006383
58.36,21.61,12.507927674151045
47.34,16.92,10.87751355930188
78.08,7.42,0.8174627204646798
76.09,18.9,8.507755155764741
28.29,19.84,16.628008555857733
37.01,3.68,5.870584731552568
67.03,15.87,8.038981113399661
63.74,1.01,0.6694667615498546
34.77,2.33,4.422971891885261
44.74,20.96,17.741315951714736
35.06,19.3,15.322080795808581
24.82,6.71,11.548289943774076
46.68,16.77,9.998932917484051
60.71,24.06,12.950633412630754
38.87,6.19,9.079330895098767
56.22,17.94,11.691517359927834
75.76,1.87,2.9985612385721767
43.68,16.63,12.470545858415583
48.2,4.43,5.397757794999657
66.06,6.46,3.449510971874511
80.84,13.77,7.310680342658462
33.26,15.27,14.027028126873006
48.35,22.98,15.408604392290373
83.34,14.55,8.243680897032537
78.61,18.35,11.680891210451565
68.92,14.91,7.462067565935312
40.05,23.57,18.033006718092405
46.28,18.6,14.96412283828257
23.1,0.84,9.648003544889033
26.84,13.67,15.779161970701677
31.13,7.97,11.220719862280433
46.18,13.61,9.794331712231568
72.85,23.9,12.554863498598142
75.64,7.85,2.7147932820480216
62.88,1.28,0.0
63.65,12.34,9.717567056092081
67.95,10.59,5.170662970641455
68.79,17.08,10.653662672225808
57.44,3.35,3.4910152419564078
27.42,3.67,7.277117311081262
27.33,13.85,13.80653564272941
58.66,22.77,11.985004611199532
39.6,20.06,15.735562880056143
59.02,3.72,2.3083227286297787
67.63,18.08,10.31184820490388
61.97,10.6,2.8665652878505714
53.31,14.09,8.41074218105205
68.74,18.95,8.717873883184305
39.03,15.01,10.986576553749623
70.66,14.07,8.009040584542015
44.78,14.25,14.780264877129861
44.88,5.96,4.77517499444962
38.45,12.25,13.388799657560565
77.45,14.27,6.876706162818722
81.89,16.68,10.627813849263777
66.6,4.26,2.316878913786907
64.81,13.21,4.777825130322001
80.83,6.63,3.3718924694404784
55.28,18.4,10.770426758860703
70.86,19.64,10.812892632271094
68.7,13.74,6.6914243675467215
20.98,5.5,13.194720891683014
73.18,5.03,3.0093209588339622
49.16,14.88,11.256006925314122
26.77,1.37,7.291301414046116
42.65,5.11,6.261685386550604
56.21,7.76,5.928586384189403
48.43,11.27,7.555788554158604
59.46,0.11,0.5394543184551407
25.38,14.81,16.834357597679972
32.03,2.21,7.170306261516474
23.1,10.64,13.99144433427088
79.38,4.96,1.0160893313304853
48.64,20.33,14.199349835181103
82.2,2.05,1.8343327092727013
60.82,9.66,2.570740371803446
81.66,12.72,5.287597143393636
81.69,8.55,7.291097116522701
56.45,6.57,4.670398645954682
77.19,2.07,2.173640072242025
83.14,2.6,1.06325637914986
83.45,5.94,3.5617141947628985
50.61,15.04,9.262526824537149
65.04,19.16,13.177605069314493
42.94,2.24,5.7321916404238555
63.65,0.3,1.5562541952179223
66.89,20.95,9.113079826326507
49.03,9.11,8.27416035015642
68.25,22.41,13.488835544947662
37.3,24.72,17.014282845241134
39.28,4.77,7.335687342176798
75.45,22.39,13.812247472098147
41.07,12.29,8.589778077891292
32.79,0.23,6.575101402958414
31.68,18.59,15.038680318899443
27.29,13.46,15.173310319369401
58.38,10.36,6.970556812670471
54.68,8.98,3.6273541264178033
38.21,10.93,11.22480555349317
25.12,19.17,18.988827797115572
82.97,20.92,11.86035413432618
69.54,7.19,5.87042083464801
58.59,23.94,12.142668039042842
45.82,22.78,14.419968883421426
45.19,7.64,7.486882794862625
53.36,11.48,7.159036113436626
43.45,0.93,3.506356735807602
75.11,11.98,7.0771325388017186
69.59,5.43,1.6691868528242813
49.59,11.66,8.911770798243378
51.3,11.48,7.28406345000875
31.57,18.31,16.53693259380646
39.08,7.03,7.6943556483589814
35.36,9.34,9.463756903990435
75.92,21.23,15.024092729539152
38.13,10.92,10.718607652631352
55.48,17.83,9.87307315981852
68.93,17.59,6.937839419854627
83.11,16.94,8.764640067846582
71.05,1.81,2.6941523104360803
80.57,9.61,5.813249904479186
24.38,13.45,14.36127030462541
77.49,15.94,8.530878618896205
34.89,23.47,19.010310866313077
30.34,19.94,16.61012365770467
83.09,8.28,2.713147758392492
30.51,17.81,16.733631487766253
64.4,12.96,8.470051236189807
52.22,16.13,11.612680430672038
60.85,10.7,4.725927573733639
64.79,14.4,11.49211574336369
20.39,0.27,10.033603110764345
81.62,10.98,7.250184938200122
64.47,23.1,11.648760371462712
40.5,15.85,13.23496523164132
84.77,23.73,13.082210808701154
81.87,11.05,6.228061021919817
66.3,0.6,0.0
65.9,24.19,13.806978649256006
40.47,21.9,15.49675188310247
80.75,0.68,0.5229558420759235
82.9,23.79,12.89992265898078
71.14,10.84,6.794904713229743
48.79,5.57,6.020926306148465
71.87,5.57,1.6297053643002968
52.06,6.32,6.661311068694429
84.12,4.94,2.524240789400212
32.17,17.04,15.720741457894635
61.95,0.53,0.0
81.92,8.64,0.870346023718287
22.25,5.31,13.417229976296385
28.08,5.24,7.599723474410345
82.17,0.5,0.0
63.64,24.23,12.067409526568674
39.57,20.55,14.978233354166983
57.76,3.66,3.894171644567213
70.83,11.24,5.914510171914757
32.24,20.86,16.81116155323041
84.51,21.63,15.335754070112229
64.08,6.49,2.7160471541506532
53.91,2.18,1.391436702520078
34.94,7.33,8.089727527800157
51.64,18.21,12.137948675472707
37.28,5.52,9.037677948952497
33.97,2.64,8.886474226343077
41.03,12.96,12.650935260625372
66.19,9.42,7.380196558066411
27.12,16.89,16.94201168889179
53.72,6.78,7.157950639141982
52.37,22.23,12.96420887132213
69.12,2.23,0.3345134567399338
39.17,0.47,6.275944451516872
31.62,13.93,16.274251272431194
61.53,16.35,6.80017114186559
33.72,2.49,8.119770201565235
37.4,8.48,8.083391626002726
84.67,19.95,9.752431335044246
59.91,16.69,8.397657023369044
82.63,16.81,9.53378220341177
82.22,11.26,2.6861794609056004
40.28,0.68,0.5869004000339055
72.58,17.56,6.721796169726916
83.0,11.35,7.911732176705751
34.56,1.38,5.096058901507683
23.01,19.7,19.627728369221433
75.99,22.47,12.829653540237306
76.76,20.31,12.730530352165061
81.34,9.44,3.5744546439942573
78.08,1.25,2.5269479910405597
53.41,21.53,16.21409594558736
36.54,24.38,16.37519027249606
81.66,11.5,6.478413739594009
48.26,0.34,2.9391257047538293
47.33,6.71,6.314479865224887
81.92,6.49,6.0854629858685545
69.02,5.36,4.111801913173825
36.33,1.62,7.42510641860579
27.97,20.18,19.95622885714704
30.92,2.64,7.690023452279421
79.23,6.65,3.034317253007485
36.79,15.86,14.384255207240818
78.34,13.7,7.512891381729346
49.55,21.52,11.823105335658267
81.51,20.84,11.232567953777185
29.22,5.34,11.092240264076136
75.62,1.96,3.8659344465875574
35.83,2.2,7.572035041831579
21.41,17.96,19.802196846644186
60.05,21.58,8.795818862036946
71.04,10.43,4.581692523682187
60.47,15.67,9.283739899939409
54.7,15.94,8.709932227480735
69.57,19.31,9.351854390510152
37.63,24.94,18.087293330190523
51.5,14.3,8.258183139331665
76.03,23.17,11.395397701998483
82.09,7.4,7.582756102724218
37.92,8.03,8.660914823954347
79.89,10.11,6.866176456749042
59.07,11.04,7.761918899346655
26.33,6.01,12.765567356639423
30.81,20.56,17.38071996219589
43.48,4.86,7.514829243226732
60.91,8.61,6.419151237205085
80.47,21.02,11.938165101449398
74.3,22.3,12.757645383377676
71.7,19.47,11.465174817740607
35.9,10.78,11.479227820592387
80.67,15.62,8.761176496544444
30.45,18.74,18.203035222565504
73.63,2.28,2.362912137187981
82.83,0.67,0.6152969319608468
63.3,19.91,10.845568308006607
38.41,1.04,6.021409946717748
31.94,22.13,17.515467634690193
59.88,19.4,9.79075124932431
41.36,5.18,4.0705586613543385
84.46,10.77,5.223654004621911
55.99,7.69,4.478906531750519
58.97,13.36,8.44255229890571
53.02,18.77,13.796967541817594
49.85,5.6,5.068212835941594
76.38,5.25,4.383930540406214
48.48,3.88,4.021175012238574
75.44,12.42,8.657684505241296
77.42,16.26,5.455232471060424
55.92,21.28,12.318671391789053
84.54,0.75,1.199064737448961
45.6,16.61,10.56327862540941
25.91,8.16,11.660248152349224
79.29,23.35,12.367232128342836
74.11,9.5,4.508553876802143
72.48,6.33,4.2454971322517085
47.38,6.25,4.933044143446942
79.05,3.31,2.2079183004081107
75.73,4.62,1.84503067136813
60.75,23.93,9.690516524563206
78.97,1.23,0.11594697569430712
61.28,4.94,3.3597692466259037
34.89,7.77,10.074069371258682
70.22,23.86,14.790196319623355
80.23,3.32,1.012907054604784
58.53,8.89,3.714315967621214
80.49,21.36,13.123243967132856
43.94,4.5,5.783291999581369
42.01,23.14,17.065252585168164
61.54,19.85,9.47935034032033
77.51,6.87,1.9505542300690202
65.09,8.48,6.159089059312408
27.12,17.78,17.273723377804657
50.19,16.31,9.550786636866237
37.43,9.54,13.054932611023826
78.78,4.52,2.3860370186264084
53.03,13.23,7.078201098800179
59.92,0.23,0.44658167717327735
29.15,21.11,17.884132369950006
81.8,0.72,1.3919693805027253
79.77,4.53,5.318167794920173
64.11,21.49,11.166168483249422
60.25,15.86,8.890864207377398
76.88,7.65,6.083411721499728
26.33,11.1,14.390825712933788
30.19,17.82,17.873398363766952
21.38,8.41,11.44377551397302
24.66,15.25,15.797968373124109
22.64,24.27,20.84609593106825
23.19,19.79,20.146315697489044
28.17,1.96,9.301991235925412
56.38,9.33,9.263462770673327
59.76,5.2,2.1593445618384255
44.37,10.84,11.601420691256942
80.22,17.1,11.196029984136782
64.61,19.19,10.234793391943596
40.04,7.7,11.720007115607586
29.43,1.48,8.442489359482598
68.04,7.48,3.6655707394834365
63.15,20.3,11.314152026057515
39.19,7.46,10.151075619321235
20.91,14.0,18.69932230267899
38.74,18.6,14.184995928101657
47.13,3.77,4.205222078421645
69.92,20.51,9.074690404458533
72.93,2.64,1.0016632975415996
21.8,12.61,15.805330386652424
47.42,14.18,11.964419326204215
44.86,3.06,5.471210644743525
40.96,18.69,13.39170645117402
52.36,9.06,9.047348041900083
35.01,15.1,12.800311993230233
39.27,19.71,17.84872777508672
33.65,5.73,9.566521494548619
36.33,19.94,16.15134268792478
65.18,14.99,8.790020415132368
64.72,9.7,5.546668202837366
30.31,8.27,11.825364544628204
70.39,1.55,0.9714063078974936
49.45,9.17,3.6751314303304916
67.93,24.43,14.091207245483659
83.27,18.53,12.844216083442952
72.0,14.57,9.322516746655264
31.09,5.33,7.939730334960673
44.36,12.39,7.945565028768705
61.4,21.97,13.293914163091857
43.1,15.5,11.973991645842009
52.61,6.19,4.075201075838711
61.46,13.61,4.9059878102937144
46.5,14.8,10.71792823802194
72.75,15.11,8.621172997900832
79.09,20.11,10.293967256799759
72.55,1.43,1.7346658989914754
61.5,3.21,1.3572541201667307
44.45,21.05,15.107817092972944
31.85,24.19,19.542666894713953
66.3,13.32,5.504088845501433
75.98,22.49,12.983488972571442
21.57,8.15,13.504889357788468
46.81,3.37,3.9374731351753707
36.7,18.9,15.858865740121328
46.88,11.72,8.048678398424839
24.64,11.36,15.50901698393574
34.06,6.21,9.739084722576635
66.85,17.77,9.700619011459812
32.25,0.79,6.9580744791658775
80.58,5.21,3.6075278500995394
59.8,22.73,12.33175116636082
35.37,10.52,9.915941546175933
27.22,19.17,20.972643293444357
79.4,23.67,15.676392484144971
29.54,23.68,20.572316239133087
48.28,1.34,3.462943575955605
37.15,7.39,8.55523594431422
58.35,1.56,0.0
55.72,12.27,8.877927855048492
68.52,6.87,3.326876058968668
83.32,3.1,0.0
40.79,16.95,11.526721412633837
32.46,8.64,11.34260888628374
32.02,6.22,10.388935133276574
69.24,1.56,0.6538294333663195
70.92,10.91,3.9928818014221896
20.63,11.38,13.607406948560936
68.35,14.84,8.113715665174944
82.14,11.24,6.84328913687916
50.89,12.91,8.081318872240573
34.12,13.69,12.36460816834652
44.35,16.8,12.822187138825235
27.07,2.25,7.828575405180681
71.22,12.81,8.881508867226135
74.45,18.21,9.397993801064798
33.54,24.51,17.971696961773013
56.2,2.02,3.099089840359345
53.47,3.62,2.6752884737042963
58.93,0.42,0.0
60.05,10.95,7.094931029953647
52.18,13.09,9.120632439837483
36.71,14.24,15.457023118729316
58.88,17.12,9.600068254520828
74.61,15.29,6.9752220706875585
52.59,9.76,5.404447952040168
68.93,8.33,5.492461122016033
30.81,23.67,18.61857720775261
48.33,9.59,9.856045695178283
32.98,12.27,15.414842395608591
22.82,6.15,11.76492973744231
70.09,19.03,9.429152677938548
73.92,19.32,10.374178669219456
29.67,3.28,8.754288630210054
37.12,8.95,6.336120785814646
70.42,15.92,12.189184093376943
66.03,16.0,6.805928339837418
27.37,0.16,6.355242441119994
57.4,1.53,0.5893734267226036
25.18,6.67,10.957626675929797
52.73,3.81,4.864688299069134
71.36,14.19,8.469855352198556
76.92,21.91,14.209252272049293
82.85,0.28,1.1497497538284471
63.42,1.12,0.0
64.77,17.93,10.64205639339601
44.89,21.62,13.522616625538395
60.3,11.27,6.686034437802423
64.0,15.04,8.925879314361262
82.94,3.36,3.0183902188278693
30.63,13.12,15.93706480605957
21.08,14.67,17.11775315131038
25.94,0.06,4.749477739743458
60.39,8.32,5.393808888830364
61.61,21.94,14.594620923453519
50.19,14.66,9.799278244676746
32.48,5.59,9.45508765647088
33.88,10.87,11.693943321498839
50.35,16.0,6.505315733298488
84.45,23.16,11.991017168912949
60.63,2.4,2.1537483763652503
39.75,4.91,9.86238141201328
50.12,20.32,12.444298048514579
49.21,20.36,11.840042967669962
48.33,5.03,7.403725203124432
27.86,20.42,19.267009990374152
83.75,10.52,9.358248051905685
79.53,24.39,9.840624607664804
50.97,9.76,7.941634390132331
56.38,23.84,11.160101744113897
43.69,13.19,13.678762754687197
58.98,23.91,13.223831536653831
43.32,10.4,8.270241518343472
39.67,24.41,19.66298708908397
21.1,15.0,16.021792670385793
54.37,14.4,8.780794529465759
63.78,20.48,12.565798415445386
42.16,24.61,14.779060855804962
53.54,8.21,5.7366396764830005
67.78,21.28,13.89227642341832
68.05,17.41,10.156494084045
26.38,0.09,8.193423566071225
47.39,23.56,15.497728653096523
29.06,20.61,18.46889491958987
65.56,12.06,4.093084630019479
68.68,8.67,2.731740349124016
38.69,22.88,18.120144507816022
39.67,18.96,17.071814239376014
57.66,19.64,10.750031703274948
35.02,23.97,18.50361430849738
68.17,1.43,0.0
33.82,24.03,20.57033360239075
36.58,14.49,14.096198750850977
24.84,20.83,18.55912933797906
83.5,21.59,10.526751080976691
58.16,5.6,4.922228751082736
23.89,12.36,11.810559940463822
72.69,1.85,0.23538573735469182
27.88,5.26,10.955310549586418
24.88,7.71,12.715957258644158
47.97,9.35,8.931621424286098
58.01,7.41,4.7061335853115125
27.14,22.15,18.507470615202866
50.29,2.85,4.03630324107674
47.1,21.03,11.479064201873681
42.75,7.43,7.987227308495004
20.34,13.42,14.457950450215098
75.11,19.01,8.729169742678874
78.47,16.92,10.690681614899244
31.37,23.09,18.348859176137708
38.86,4.8,6.681526588792124
68.83,17.05,9.730041359574278
21.42,1.9,8.433761226400737
81.42,8.93,5.296648858699259
73.73,9.79,5.740618940316711
70.75,14.37,9.867059010015877
81.45,18.53,11.85915646220357
21.72,23.67,19.732275719411625
78.2,10.18,5.180124964130325
42.8,7.85,6.978262115930252
22.2,18.26,17.708500765196575
30.25,24.83,22.726775833411327
68.65,0.71,1.7303492000564298
73.97,0.47,0.5269037491701785
77.05,6.0,2.6450594851875397
59.75,15.67,9.936537836036983
25.7,3.08,7.766151104259194
41.38,21.84,14.034295535057936
61.02,4.8,0.0
42.57,23.86,17.389905237456144
33.44,2.75,6.865470003012781
78.77,20.15,11.982154769005483
41.09,17.22,12.288378953842907
25.92,0.8,9.320838335432251
31.82,9.17,11.645594106044507
42.38,19.45,14.671274789354314
49.45,17.51,12.49305196145999
74.02,0.94,0.0
44.26,4.43,6.038511557838331
67.31,8.04,2.1831524030028375
23.12,1.33,9.90549673934205
31.17,8.4,11.49030115337138
68.49,8.2,4.1273527513002914
76.42,20.77,8.779916185201316
54.03,15.51,8.399876381835718
62.94,10.28,3.5976990794718824
71.92,14.49,9.545706403369774
40.19,12.62,14.196167669586023
63.44,8.14,3.7081708805476925
55.8,8.67,6.915060201609384
38.69,4.63,6.967063000593524
48.54,11.16,9.166716095508638
71.78,19.8,10.067668027206397
35.08,0.59,5.442372511165161
61.7,20.18,12.56561979750969
71.41,20.61,13.056773260904809
37.43,23.25,14.508237276644602
77.0,11.08,6.725239837280251
40.2,12.93,13.18753135854582
69.55,18.74,13.488712201623816
53.37,23.95,15.719046457351865
41.78,14.28,13.711526165968529
68.61,5.9,2.251388686073806
64.01,19.79,8.328480980051804
24.86,1.12,8.130104786336663
81.91,20.53,11.595832482756524
61.86,3.93,1.4952564559447616
51.14,12.31,8.530889735767161
68.38,16.31,11.59593434069035
83.99,17.5,8.38277512474851
61.62,12.35,6.059316743995378
72.64,13.81,4.984414151198267
56.56,18.37,9.997716091115038
33.8,9.87,12.292413482956388
22.33,22.54,20.11304985317712
73.11,5.19,5.101178282127531
59.34,19.92,8.1443706170284
31.24,19.28,16.999539194834018
21.93,0.23,9.682018749584602
49.34,24.4,15.53057847252774
81.74,21.2,11.266450112296024
70.97,9.87,9.749625700983332
41.81,17.15,13.694986181598084
38.26,24.97,16.322240686738198
78.53,9.91,5.445776144722443
54.18,21.1,13.438437271070883
47.42,17.07,11.912272558817863
80.9,4.55,4.028294051738481
51.36,5.91,6.383599519828898
58.95,18.43,10.670358984599012
82.26,21.21,11.902432831350142
42.91,1.29,5.081599284572173
61.41,13.64,10.019648927246584
29.37,7.77,14.323928217747824
50.84,10.83,7.633671195781097
28.67,24.34,19.78112956583907
81.57,14.02,8.230245237532078
41.43,6.64,8.80364050045537
33.08,1.61,7.289016099927715
57.36,19.49,11.009360174343335
53.54,22.56,14.659716723468863
79.92,11.12,4.94100808289501
27.28,3.28,7.289673189550154
81.88,14.11,4.199909362304575
35.63,15.81,13.421761205522856
77.14,4.11,1.459620892743257
32.77,21.97,16.83787737344603
34.43,24.56,18.482495926383738
41.21,8.99,9.4118086631143
81.77,15.72,9.662384470464373
31.38,22.83,18.51598866171793
40.64,13.59,10.962242532719399
84.81,6.62,1.0838553342540487
76.83,11.6,5.541540424949911
84.38,18.16,9.022707641963585
82.53,16.2,5.851557408903983
65.2,6.14,2.142113694221801
81.44,17.4,9.039545484061932
79.41,9.53,5.396915797957621
69.79,1.58,2.4501606948129337
53.86,23.62,13.383290724902585
49.37,20.06,16.813466935422092
68.97,11.63,5.8500990957256285
65.95,6.97,2.9777359576118654
30.39,17.67,14.024467866257643
54.95,16.54,10.585376231510024
37.81,16.42,11.409933246961675
54.34,3.44,3.362543458820835
21.82,8.2,12.504261890464477
68.36,7.81,3.0428724588848137
66.7,21.77,10.87381453646567
79.83,18.43,8.529321591079357
35.11,19.2,16.40216092401161
76.38,18.33,7.369249418227161
46.88,21.17,13.60557493415067
53.81,2.18,2.9658728005425212
45.21,21.78,12.422909271156156
56.91,24.0,12.668268248321947
60.72,8.85,3.415239548388916
64.93,8.92,2.6113414364887118
34.37,19.08,15.90705512404006
79.24,23.39,14.45260121073823
49.13,13.9,10.920954195321286
29.92,14.47,15.262436014649666
34.28,19.17,16.445210223377924
30.93,19.3,17.622504987569755
59.71,9.29,4.941975643719519
31.3,6.56,14.159996039833686
39.56,9.19,6.690569717291185
48.0,18.26,13.413728605035097
52.32,9.02,6.975335502065261
35.49,8.99,10.511591684649018
45.31,6.34,10.643912153562773
67.68,8.23,3.7878495941627204
44.61,2.24,4.334837491905326
49.94,0.07,2.597343923924196
44.18,22.51,15.4245305913436
41.5,1.0,6.743020188661669
36.62,4.43,7.9914381475103236
33.31,17.14,13.899108801609966
79.01,8.06,7.751523897676165
60.37,2.47,0.4691747448755681
67.01,7.24,3.962751130237434
73.22,4.09,0.0
72.26,15.3,11.170292992577732
31.91,9.94,10.10780523637906
58.86,7.28,3.924140347822455
61.13,10.66,5.037467981324076
58.11,8.21,4.414004666882696
41.53,5.64,5.593441154831418
33.19,2.4,5.839148487292881
77.54,14.14,7.837899926625635
24.92,24.87,19.669109752740546
52.54,19.82,14.631167630382727
46.34,2.36,3.525566109956677
62.11,4.61,2.783018174607725
43.34,8.5,9.350451385949091
22.02,9.14,12.073762123325002
76.57,17.83,8.214967908247328
41.12,9.19,9.579127011203763
54.95,3.61,0.2732967398066948
77.96,5.29,4.010590816119042
51.03,7.76,8.534016422174076
70.85,1.92,0.0
43.57,12.05,13.114235695415468
75.51,12.32,4.858917959030871
61.3,17.03,10.438690211023948
33.82,3.18,7.703194974079337
47.82,24.58,17.43491082137696
57.49,17.19,7.674118330355966
84.44,1.09,3.306727974422823
77.82,11.8,7.048650013491335
32.71,9.43,12.361842165007198
68.54,19.25,11.816031359333914
79.32,14.27,7.986583517166435
42.41,18.98,14.775928675768874
73.94,11.53,5.460794859027447
61.07,15.8,7.786395338087365
27.62,5.84,12.26402928323567
69.85,19.17,9.373487808005589
32.25,1.93,6.888262958252029
23.32,16.25,17.212127487396128
21.25,2.32,7.09082373384882
37.51,9.1,11.738323697425106
27.19,3.54,9.868946103012512
38.87,0.04,6.610696689221158
24.68,17.85,15.983161724819967
49.23,17.89,12.082121950129144
41.14,7.84,7.189668293230888
62.17,12.26,5.9474135685782805
76.76,8.54,3.5989273453401425
25.17,2.92,5.152782796945994
58.87,9.32,4.98176467891012
45.21,16.64,13.525709030407787
53.33,17.83,11.542224327344314
56.42,14.56,8.17910851609881
49.12,12.31,8.540138544013534
66.62,20.14,12.700902413107421
22.23,4.69,11.129700496913618
25.6,9.59,12.792370221084074
23.45,5.78,12.126015145185454
76.36,11.4,4.696510590290453
33.36,10.28,11.569749505523108
45.62,19.15,11.774947115170086
80.62,22.14,15.14514636088762
62.34,22.36,11.850687281509398
40.19,6.72,9.932454237677405
35.75,8.56,8.92546985654684
49.98,21.08,10.63583237482289
39.27,20.11,16.101989784572435
54.93,6.45,8.120334700965902
43.0,0.96,5.446796767272598
61.87,20.4,14.844000702194922
22.95,9.46,11.218754639532975
30.01,12.61,13.732112484696612
20.06,10.39,11.732713658621336
21.07,8.26,15.59775504895941
44.75,1.16,4.941407244986371
56.14,11.34,8.640348572600281
20.02,15.39,16.324086611118062
41.22,12.34,10.799922502322977
36.82,19.27,14.61376761739684
36.32,18.37,13.973459467942796
24.56,12.14,15.613506639092892
51.45,4.8,3.338677298695411
77.26,3.47,0.29124339016539413
79.29,22.5,14.052031877361188
38.81,10.91,12.15139096122533
78.47,13.42,9.328472046261341
75.16,16.08,8.794205895829442
83.49,0.34,0.0
40.2,20.44,17.36768494255141
30.48,8.36,14.828384367572067
21.94,15.46,17.55602015454796
75.2,4.05,1.3554705874198698
25.21,10.37,12.439353004899566
23.92,13.81,15.834679375737405
31.35,14.48,15.080894491330678
82.18,20.22,11.865860393519755
78.22,10.68,3.071315266365192
50.2,9.48,6.79604055348777
53.57,6.68,4.4685276520502075
41.89,11.33,11.009915184992327
57.69,5.21,2.6514758411091175
47.44,24.41,17.498993149568093
30.13,2.65,6.239760713841971
38.42,22.74,18.577152646153035
44.58,16.53,15.247025460176447
81.35,6.15,1.0475053036439692
60.39,17.36,8.591968680952709
60.37,1.36,0.5117315028775493
61.84,4.66,2.351873619168081
50.37,21.11,15.470582403673454
57.85,17.27,8.976115493468628
47.07,12.46,11.294955811998072
48.12,20.64,13.948440485526248
79.54,10.74,7.198199884642432
72.93,22.23,11.858607653305098
72.55,9.15,6.562538615838994
73.49,18.64,11.996512902134649
71.24,16.67,9.039133660080237
64.23,9.16,6.521815674011617
53.22,3.24,3.3330640372718796
52.32,2.86,2.038489444563856
47.58,22.23,12.674528112356947
73.72,16.09,8.537678451716474
68.79,16.99,9.07958217824825
27.44,20.92,16.668026612609737
67.95,1.94,1.0265227142283249
72.15,22.22,13.743538267740472
42.36,3.51,5.869486248595015
56.31,22.24,12.99678659118971
39.55,13.79,8.61311458112193
53.83,18.3,13.340992072500494
83.17,20.91,12.919940581812215
47.15,20.06,14.881938144332358
28.5,21.89,20.5829270504206
26.02,8.23,12.648411615014453
51.26,6.69,4.009308842993351
22.24,23.06,22.10610492304594
75.32,6.03,2.594550556345314
45.07,13.47,10.42192313834003
20.11,24.84,21.32688143120888
20.53,6.32,13.250315982790712
20.93,14.68,13.651663262865103
78.31,5.42,1.5003426533548696
34.19,8.94,8.838411075731294
59.62,0.62,0.0
80.98,17.83,9.002183522034578
70.05,17.7,5.406221694424936
71.11,1.65,0.0
62.91,23.82,13.490090841083237
55.31,9.05,6.401618388309952
75.45,16.04,9.401930866514101
29.3,18.31,16.805416434601067
23.23,3.68,9.54258505618727
58.48,3.25,3.040291986739075
42.38,8.7,9.343163267460344
79.69,22.26,15.294648223430329
37.34,1.69,2.7663741852328587
80.28,21.5,13.363108043205914
49.26,20.44,14.7294568986405
22.37,14.91,16.855923716802103
21.2,3.42,9.564151047604541
63.11,9.84,7.2995716167314075
68.57,7.82,1.1700323847762943
30.74,10.73,13.133705346904112
78.79,17.65,8.023204134503423
73.73,14.04,8.078369590247297
34.7,18.13,15.137220725592861
24.63,5.06,11.786820028708927
23.86,13.9,14.585250471649038
71.7,14.9,7.899079205403208
75.59,6.12,2.410922105487293
28.33,3.91,9.770112698580258
84.01,23.5,13.348323253566104
80.85,1.56,0.0
76.91,13.93,6.608004708477763
50.46,14.58,10.533957415514886
48.33,5.66,5.566491987364646
40.32,13.24,10.45787468409852
32.32,5.71,11.381112543474027
70.49,20.85,12.933779159243224
72.81,7.42,1.1969229296258925
43.02,2.51,4.842817870427016
20.93,3.37,10.24306379366164
53.38,13.99,9.542409697148562
51.41,23.08,14.257398041792488
79.91,5.33,5.3668087891501575
37.09,11.6,11.420430306091836
22.81,18.7,17.557103493765904
70.82,19.01,10.486861844116625
75.96,8.61,3.265835452046832
69.51,5.37,2.5076663758543027
28.58,19.37,19.27260394204264
78.82,13.16,7.069276267572059
65.14,6.44,8.30166262995812
78.39,10.56,4.6388278134791445
39.07,12.52,12.292639256925986
79.17,20.56,11.736405045059902
33.8,13.17,10.32999364095214
56.74,2.26,3.2116910154662617
35.62,5.91,8.326105273526094
28.9,2.59,8.310810601854978
74.99,4.24,3.226599646706568
65.99,7.16,3.978665504112619
80.47,6.16,3.7456929521415323
67.99,2.93,3.1125607815802017
56.14,6.97,4.494719078722927
63.2,4.97,6.048640523788647
64.13,20.05,9.85841071166386
58.84,17.71,8.872154970803429
58.29,0.83,0.0
35.34,0.1,4.310393134670584
69.8,18.69,8.594667038241539
77.42,1.82,3.5312334545676665
42.46,7.66,7.874928937292772
42.06,21.98,16.753606156668994
37.3,7.56,8.414479538941716
41.0,24.65,18.663056379217963
50.89,18.76,11.518372992228642
40.0,19.37,14.568981214817896
75.06,22.95,11.780740655043672
69.62,10.11,7.252418490686216
79.3,15.06,9.17222413581528
52.2,2.23,3.7845892800169323
73.86,17.96,12.074106817680368
41.41,20.93,16.521962593218106
75.81,7.15,5.693331481977507
69.27,0.05,0.0
22.55,14.1,15.744982351923499
54.56,17.78,11.540622563077166
41.98,8.77,8.094892848470899
76.91,21.33,10.491409688842042
45.68,4.73,2.1183865156991994
57.12,11.36,9.02671643505406
40.35,13.62,12.459400123829601
21.56,10.48,15.73548936323497
77.14,10.72,4.080824730330898
65.9,0.58,1.5396490782904
60.8,8.47,1.2439126478474298
71.39,10.64,4.950527874512498
66.27,13.34,7.522586567710267
28.19,12.49,14.250234122658698
63.44,7.61,2.65845483434492
69.31,16.3,8.25686557481865
21.42,15.37,16.572148440810835
41.73,18.42,15.622548072708248
39.14,16.83,13.937259425673172
80.96,15.06,9.560737294616338
79.4,7.43,3.688405677388233
33.52,24.76,17.37994500780048
77.2,10.83,7.607470093636193
41.57,4.54,2.8595502148983325
48.6,7.88,9.373439567205637
70.73,8.65,4.478857618342795
26.78,2.89,9.425755840182555
76.02,6.26,3.9630488835198374
41.55,0.51,2.4169132715405013
31.33,6.92,9.364447082193582
50.93,21.9,12.414787137682467
73.14,8.46,1.1028884339557807
84.82,24.66,15.548629273840163
64.73,20.67,8.949451017317678
78.0,6.51,3.156114293572223
57.38,22.09,14.049650989792912
32.37,16.73,15.664397337497478
35.35,19.09,17.45672720224265
57.87,24.22,15.574244430283093
64.39,10.27,3.341976028227964
20.31,23.96,22.03947307670051
40.16,23.72,17.766289291730313
60.27,13.38,7.3785518661081655
32.34,18.52,16.68316737945521
71.62,0.47,0.29652331860838016
65.53,19.54,8.635075339348385
60.25,0.52,0.24193672738088282
69.53,23.09,11.032881652385132
40.28,10.76,9.838237048567459
71.24,18.42,11.789579056050666
79.16,12.17,7.320895913620985
76.42,9.35,3.391759175855551
52.94,2.36,3.1928184809784943
50.16,2.64,2.7084668908272063
48.04,3.68,2.4180618477282403
61.01,22.81,14.691505853506216
74.37,7.91,4.548824747790736
57.97,20.9,15.376952838917127
28.82,5.63,6.826199213700372
39.81,17.88,16.702522070727852
61.98,17.4,8.945369127131814
63.39,12.93,9.425726717304945
65.52,3.44,1.3387537584900675
70.28,3.01,0.8325074056865975
65.34,16.58,8.751305108598892
53.05,0.58,2.5821738233619507
39.18,1.24,5.1262381558968135
82.27,8.07,4.981989417583428
68.84,24.28,13.828242444947199
36.79,18.03,13.899566217211222
32.67,8.65,12.834336480767394
83.77,20.77,11.617016808754263
71.38,24.45,12.77984724797474
23.18,20.63,19.154001955984224
20.46,15.56,15.831858799788268
26.94,2.39,10.171908527747153
37.34,4.61,7.550647482756139
27.91,17.93,14.413382589356218
47.94,3.24,5.430858977630015
45.43,14.86,14.346203567881052
79.77,6.49,4.415065566123249
63.75,22.64,12.613259119822922
31.62,7.52,12.475492994037442
44.39,20.17,15.034800841651293
52.86,4.25,5.165600049125775
31.55,16.29,15.505939611843472
38.47,17.14,15.193375711181963
22.21,20.97,19.92209175559334
35.25,14.18,9.662396417621991
55.02,5.25,6.645373038107642
66.48,0.56,1.9616865088978332
54.89,19.51,13.198648199070043
44.48,9.66,8.698575170917334
52.38,1.43,3.510227378015262
23.8,23.08,19.78618928450372
64.52,4.45,5.513893870803507
61.73,22.82,15.450258896024508
70.08,11.24,7.064312240867062
79.21,10.74,6.714207852033626
62.53,19.72,12.508492059245347
33.98,24.85,21.287453014187548
57.54,0.5,1.7946172241982938
63.28,22.97,11.062060549277419
36.08,23.16,17.940698952495417
29.43,6.99,11.406006608077579
47.86,20.15,13.672710330197312
35.43,15.87,15.89333659583748
27.66,20.66,18.01354213999687
23.96,1.18,5.611922966685528
71.15,12.87,8.84129085277127
61.85,18.4,9.78249081133157
77.95,15.29,8.981874400376144
44.49,0.49,4.24230222676958
80.79,20.06,11.26234759089715
44.41,22.3,15.572794518094017
26.84,16.68,17.019310313306807
64.45,9.41,5.138047960642119
69.53,0.89,1.8069269761271038
45.4,18.69,15.221523357343372
28.68,0.43,6.594477860499511
49.58,14.56,11.412068386322707
35.09,16.99,14.247620271115327
48.03,5.15,4.697301024400723
69.04,16.65,9.344375358976473
67.79,4.38,3.377821695625408
43.08,11.83,11.486278183366348
53.98,22.51,14.062782697758578
60.43,23.66,13.563857564475596
76.1,16.36,9.768907976833498
81.85,16.21,7.126043425147538
79.38,17.76,10.44527693705431
39.15,6.87,9.290268268469578
58.02,1.9,0.0
74.72,15.69,11.0767629902092
40.36,3.83,7.763018432916294
56.46,8.62,6.339536406783579
37.31,11.66,8.387854606583673
80.44,9.79,3.8156309425606674
65.93,16.39,7.539970455764317
52.84,17.03,8.801128490135369
73.57,5.38,2.882024756234238
50.57,23.39,14.921103106094474
37.71,19.32,14.114354797567898
47.23,13.08,9.0118332645131
21.0,18.79,14.762291550011094
78.14,18.69,12.244998018155608
21.16,1.71,8.777601561651739
77.52,0.81,2.6527224010183814
81.94,0.92,0.03668276673487941
58.52,12.3,6.390233121690024
71.72,22.59,9.224999620255742
40.52,2.41,3.321231566226979
57.64,2.16,3.928008336913825
25.6,22.23,20.291693476290046
35.35,8.23,11.855812661006993
26.97,22.85,20.73643197793409
67.18,7.67,4.016280159064591
47.74,14.74,11.663908308748164
57.5,4.65,2.214802800268485
28.05,22.69,18.805564710345404
78.03,20.44,10.713044807539921
50.67,15.75,9.847102653784448
55.83,4.19,4.2437527574278935
21.94,18.96,20.04006697601582
35.08,18.01,15.444833469687902
65.92,22.32,13.174700920223545
36.95,14.58,12.784888805696616
58.59,24.28,13.046984475260052
59.08,17.07,10.314652770303635
63.01,11.88,4.595321576702693
69.98,15.59,10.053567648323899
59.87,0.68,0.0
41.79,22.85,14.61835070125915
53.58,12.47,8.50356099568722
67.49,20.95,13.250465720619605
68.23,22.59,13.895096270177524
21.47,6.27,11.323281832140342
66.66,0.47,1.2311418681236204
39.48,8.57,8.326932383977985
70.07,21.17,12.486648443077566
40.47,6.91,9.71591444481965
30.63,20.71,21.538798529513645
38.26,4.96,7.802617774012547
27.34,20.63,19.904048736501267
66.89,7.39,4.908810885198585
49.31,7.27,8.154984405920452
78.41,9.46,7.4911591826186665
44.5,5.47,4.598866107290613
69.01,21.04,10.309448244428781
32.8,20.08,17.829909849235154
55.87,3.61,4.121193749943271
44.99,8.98,6.03947468178059
24.54,9.38,11.554680071201437
80.69,22.73,11.263431397058689
63.24,0.51,1.56534727008118
42.74,9.81,10.730847436116644
34.64,20.79,17.218722459933694
57.84,6.17,2.409929770521482
22.31,14.54,18.0276720063395
24.64,12.34,15.644540013013826
60.83,9.34,6.964630010070997
57.47,18.65,9.72055492029173
22.81,10.46,15.221729971061748
47.61,24.77,15.38175329545528
56.87,16.34,8.754803922688813
30.77,4.06,4.6015330825068235
41.4,12.26,8.718760788065143
27.82,6.16,9.515563111656792
73.54,8.84,5.5034946293559415
43.02,0.72,3.91640654032137
24.06,8.42,12.082340202898965
81.09,21.1,11.380008758831126
77.47,20.03,11.230914425739279
38.76,5.54,6.92489550042286
23.26,22.2,21.611519475948143
47.06,18.73,13.993572657239435
32.59,10.77,13.16439720642137
75.22,7.19,3.090322664732632
80.94,24.48,11.511917144908617
74.62,24.52,13.442329391838483
28.0,12.12,11.7282759967649
75.79,14.09,8.222563240470265
75.22,2.1,1.5122302782364727
53.61,1.42,0.6243562178167723
25.03,6.37,12.10638202060677
84.06,4.92,0.3272951572678924
49.69,6.24,5.543971357566785
40.74,3.31,5.700387369341824
32.92,13.42,13.42956806476859
38.98,19.85,14.604872088524296
73.27,7.64,4.695611925663659
76.05,23.57,12.356449422308538
32.96,22.92,14.821875128928228
72.73,7.25,4.449355973661003
71.68,7.09,6.007898084684852
79.11,0.7,1.5755769964361699
78.36,20.89,11.839780526430705
63.28,10.82,5.778442377587583
31.38,8.33,10.06153503162804
52.93,6.01,4.680186488857854
55.56,6.68,4.036932778463332
37.93,4.51,7.487613088875251
29.67,7.3,13.542003091233791
47.42,7.43,7.041656505068086
27.47,10.06,12.934258954067255
66.32,16.72,6.8604229953353375
47.83,2.74,4.0415586356762425
76.37,12.15,4.386490709738061
26.11,6.17,8.652127489704498
44.95,18.37,11.378961373573663
55.21,7.37,4.647727794856603
39.41,4.67,7.289430175302083
71.55,1.29,1.9948453730232396
60.0,15.83,9.20117713345902
51.36,23.02,15.035858731948634
80.6,17.05,8.762668454973475
22.96,4.87,10.770866647798295
67.3,3.65,2.2053623940676284
57.78,4.07,1.566434642163766
38.65,11.17,9.198119945311634
36.21,16.12,14.843540096189972
23.32,14.62,16.467680900891118
40.04,10.77,8.466665324191267
50.79,15.5,9.200551979963919
73.02,8.42,6.257686846540731
50.21,23.86,14.953693104944207
65.88,12.66,7.687227968576659
81.38,20.39,10.033108213888267
69.16,14.16,6.364948400787825
44.04,16.38,11.469079514803823
71.28,2.54,0.0
27.22,8.23,13.620153422705645
29.18,23.09,18.902586224653575
48.61,15.48,8.706417206320893
28.39,17.94,16.699519213167367
38.68,23.06,18.017301444632405
55.67,5.2,1.7380711351649967
27.24,3.11,8.689753352266482
63.93,15.25,10.55408852650815
50.21,20.66,13.721678400902741
64.12,3.67,0.8673457243754572
55.05,2.46,2.9354476133001812
22.91,1.71,9.426212376081647
31.03,2.53,7.848111948131992
54.48,22.29,14.529257262993147
24.4,22.31,20.636001802099518
20.71,22.21,21.727212978424376
31.59,15.39,16.663480776073474
63.2,1.39,0.0
35.81,13.71,13.034531894327184
42.8,19.53,12.697194118386376
26.85,10.67,15.226913677642372
40.76,6.51,6.424359311395329
63.69,20.03,9.78429965508754
43.37,10.61,8.291304531005439
59.79,2.24,3.10506348166023
55.04,23.67,11.72908711663329
27.59,4.92,9.363181658956096
55.46,9.58,5.59971370671184
66.33,17.72,10.168781319330305
46.32,16.58,13.316495145333421
29.05,23.84,21.117879384959053
44.14,0.24,5.546558265883252
63.81,21.06,10.145044172889595
28.02,22.05,18.45963429379171
47.42,22.03,17.337080068676563
27.59,9.59,11.802460294894216
84.18,17.85,8.24691276240301
60.42,11.91,8.41260450394611
29.77,2.69,8.22104677016673
50.29,23.81,15.868220974307485
24.01,9.4,14.188088149409765
28.29,14.61,14.818483201900273
32.68,9.62,14.46237707827722
48.24,16.98,11.843083846014864
44.17,13.41,10.348117324500016
76.2,0.51,3.589461352856164
63.84,2.77,2.4865814043291206
43.78,12.88,8.764054378756345
70.74,23.41,11.711295125486902
75.56,18.77,11.065503553412853
54.07,23.26,12.766287699035189
46.75,24.38,18.11383016045893
25.7,5.13,12.319336855674848
37.15,16.41,12.810487775717831
57.3,2.61,1.9785889519517186
38.73,0.73,5.436034597157373
84.66,3.9,3.4039741818496565
60.0,6.56,3.9218788814816046
29.27,19.21,19.139810102136437
31.03,9.85,12.316534365590758
69.75,19.98,10.187514020467646
54.47,21.34,13.702156715574176
66.25,6.34,1.3338612659683746
64.02,15.57,10.280471685799142
28.67,3.0,10.445283215177435
55.25,6.16,6.696342242351363
47.47,5.69,4.503218521077473
71.98,23.83,9.665617030349924
56.69,22.13,9.512069325740246
63.44,16.14,6.51095686106229
65.68,21.96,13.036841202760222
40.97,23.1,17.554573873619095
68.14,22.93,11.473224975481644
24.01,18.66,20.255994766791247
80.81,24.9,14.567022598847645
43.99,21.92,16.839675739949936
29.12,3.01,8.574095744344437
79.9,23.5,13.97485539909139
39.83,10.27,10.65773594382902
63.24,12.94,5.982599002580221
47.01,8.03,7.017766132628091
22.5,22.41,20.966254396893444
34.06,3.95,6.969661958217877
41.87,0.72,4.046472667678484
27.0,4.05,6.153679646732317
52.83,8.11,6.08472856275741
64.01,20.82,11.558616565381707
82.17,13.03,7.10220837053153
74.85,14.0,9.345884340858928
52.1,16.64,11.270514838836359
70.84,10.27,3.3526471758960783
74.86,14.61,7.0123908501422685
28.21,12.72,15.914442421312657
37.67,5.78,8.224297753385526
42.86,14.48,11.385235508866309
58.42,14.07,9.93276246610953
23.22,7.58,12.089149920769632
56.18,11.7,7.514065896343825
26.03,5.33,10.482629406213745
44.4,6.11,5.299067419027445
79.63,3.19,3.1103352196967906
50.59,3.14,1.971456379893129
27.13,23.79,21.44489860254338
82.35,10.19,6.480237705805716
57.34,4.88,3.8614820526329385
52.22,15.89,8.928884007409774
44.46,15.06,10.925123043737765
22.97,8.72,11.825926091659928
77.93,12.89,5.364943472274083
62.72,7.47,4.254067645513015
31.26,12.75,10.678792790815853
40.88,6.72,6.531383913296874
76.54,19.44,10.467390048637522
56.01,20.39,14.095990421852925
60.2,18.53,9.698792860946092
31.73,16.42,15.593555874104668
52.14,15.41,9.040565614973307
47.54,8.07,5.451206834052141
82.09,6.69,3.9526843860914918
35.94,0.03,4.8385139020007015
34.57,0.95,6.869265958373018
75.41,0.12,2.5252195740595083
77.9,23.37,12.785089463037371
67.8,19.33,10.010047786343407
22.25,3.55,8.243262180879665
69.43,6.88,4.806418225663939
41.56,10.0,8.20295793775848
45.44,20.48,16.75622642673072
28.29,12.3,16.2858272566588
55.81,3.05,2.1102968673680356
37.28,19.93,15.090668588431413
47.25,1.16,2.2778097443755025
52.03,6.65,3.840553415680821
57.88,16.15,6.474740088232558
70.45,10.14,2.6466937258753003
71.71,1.12,0.0
27.04,16.28,14.391461496595578
71.78,4.23,0.6946408403744004
70.62,15.87,10.00604779026048
40.7,16.23,13.076451029973473
71.09,23.55,13.034651883365948
73.72,11.08,6.511043002979733
48.38,7.04,7.96450559748401
20.02,13.99,15.633293775497743
31.36,24.3,18.679946533497514
54.5,1.93,3.2587210805594875
46.03,12.77,12.872506744433977
82.0,15.39,8.08774250350825
25.01,6.42,11.327528761731582
60.13,23.15,14.345906167690284
50.13,18.63,11.641938912428607
20.05,8.81,13.300980741168097
71.97,2.39,0.33700667258319694
37.05,14.42,15.356771705013703
63.17,6.59,2.6369075471735313
66.13,12.25,5.7437462122662595
32.26,20.6,17.775463599793145
35.22,7.28,10.779250666113501
52.15,10.79,7.422813013660204
71.98,13.62,8.112196188656528
64.58,11.84,7.477695500325375
41.69,21.04,18.802705397383658
29.45,7.71,8.541933240066612
38.13,20.79,17.954013865292314
52.89,22.61,13.492774516969726
81.59,23.97,11.474018641901667
68.74,22.69,13.705129261836618
29.35,10.64,13.490810444098564
64.87,6.8,5.681645366449707
58.65,23.88,14.656550743547381
26.13,9.52,10.8687939308484
63.17,22.3,9.031724865761015
82.68,10.89,4.594125467817371
84.53,1.37,2.7498037339624335
30.01,17.61,13.61586720966421
56.48,24.34,11.271489318460524
83.93,11.2,7.869039301680178
41.69,19.58,14.509199278438215
62.4,1.51,0.0
20.89,14.61,15.335079604498507
70.52,19.63,10.333822621786547
45.87,17.48,11.40388228948767
78.28,23.62,12.518281183512425
80.86,10.72,5.7024993684698595
47.4,11.46,8.717628600707908
28.14,12.23,12.949549178962368
52.53,5.22,6.934387586864181
59.13,9.59,5.614413299440712
70.28,6.28,1.98457495637691
21.92,3.03,12.204183024092885
71.26,22.67,11.592195696232999
82.77,17.5,10.43519667838835
42.14,9.13,8.607345341765544
54.83,23.45,14.756539759649023
54.24,2.31,1.2380443427843235
24.78,0.22,7.509228237371203
56.98,0.78,2.0828906539426764
81.19,16.01,5.832009876487929
34.7,16.28,14.169582851937276
48.16,2.52,2.3827792269777968
34.75,24.05,15.899480346326392
32.94,3.55,10.008971828315175
45.31,7.15,9.158332629234703
55.59,24.04,10.870140095466422
53.22,20.81,12.010764408487669
71.63,22.47,10.189612443944585
56.92,21.81,12.357198740707961
75.7,10.52,5.870469482049864
54.78,6.62,5.5700341735623375
41.13,0.84,4.148098432295182
36.3,4.85,6.902661267811397
63.99,2.97,2.9363632880103574
49.55,19.5,12.620033413388656
53.37,16.78,9.953368895174584
79.13,19.53,12.128683499806451
78.01,16.05,10.294879663903597
50.29,15.4,10.04020953135501
71.15,2.38,1.0701303589945579
72.17,7.31,4.494529949848743
36.87,21.87,16.707963891468168
58.17,4.73,2.4877927111970237
73.92,21.59,13.237767204794185
55.01,18.23,10.859757734382066
72.83,18.05,8.66109057515328
34.62,23.24,19.57546417905166
48.93,18.35,18.0915172301257
77.7,3.96,1.9512396330186539
80.7,13.89,9.973077637473295
47.86,5.5,5.513087447687758
77.63,2.05,0.9876356441790387
63.97,18.62,9.895904697475853
74.86,16.11,8.569659771255617
76.17,4.51,4.769336215386508
73.53,23.89,12.157609572553088
31.17,22.03,16.521726150809556
56.49,18.51,10.367596668976374
42.4,23.43,13.766044339006601
75.06,3.38,3.6400290487840636
73.16,5.68,3.8899667452835773
22.64,10.41,12.825910347314545
65.93,3.62,0.0
42.58,17.45,14.710436376234176
30.56,7.94,11.096505395924762
52.1,22.68,15.727375151981516
51.21,19.9,14.267401590378869
31.93,24.81,21.515003860969905
78.43,11.9,7.175790140506074
66.0,24.15,11.795103758760602
75.7,20.94,12.512157965611197
65.84,1.84,0.5275369714097393
77.22,0.07,0.0
38.29,15.7,10.267726963645437
69.35,7.81,3.8184248034230936
34.78,5.17,8.244872691360433
22.96,17.3,17.903631204063778
40.17,16.02,13.633581153304922
76.34,21.27,12.866291520003998
23.72,11.4,14.58489609152787
21.88,9.17,13.505022953616347
61.63,9.96,6.054897512694049
84.84,23.47,13.969040879324696
30.29,23.2,21.61652775564318
33.27,17.83,16.545891122619253
51.19,14.88,9.875254864962802
64.94,2.72,3.0334151296348555
44.85,16.29,14.226148686477735
45.52,4.11,6.811629235213398
39.77,10.19,12.834838431483737
48.48,19.11,12.032087206937732
32.17,17.2,17.80149636658131
22.27,3.33,8.395434171297445
35.16,4.14,8.057330890530896
36.69,4.7,7.229554179444537
57.87,16.29,8.187676634736606
22.73,20.9,20.74533972899955
58.83,4.96,1.9865757885697275
71.81,1.73,1.0906625315392564
58.73,20.7,15.211082207972314
21.32,20.29,20.41815428453001
42.15,0.68,3.7713410975820665
55.5,1.46,0.0
29.44,14.72,16.041533388889793
26.67,22.49,15.973066950593818
61.31,22.44,11.832330498926922
36.64,19.54,15.668618811633824
33.76,16.68,17.483912711823958
51.46,17.71,9.882335869255318
65.78,13.32,3.9517296798171144
23.37,23.69,22.56980653485581
77.28,8.73,4.606508281299643
38.19,21.54,17.6827301665273
33.43,23.71,19.832205741490366
26.1,4.15,8.92136245983862
84.42,9.2,4.607005038432899
72.33,4.49,2.061373898412932
71.88,3.85,4.382804670520666
71.68,13.28,8.35882320837481
29.4,17.62,19.90726483192974
80.98,23.02,12.449097208376456
27.39,7.99,11.26294898243766
64.13,17.2,9.843086973808562
62.9,21.04,10.657451116350073
28.78,15.06,13.808428631413468
42.77,15.12,11.022844159714854
21.3,6.77,13.256548242257251
62.83,6.53,4.793504154986053
26.69,10.89,12.451683212014062
44.61,8.25,8.670307022165026
78.39,7.02,2.977810431534693
71.23,14.96,9.391071109262974
64.19,1.82,0.0
77.63,7.28,6.592178985991449
64.64,20.38,11.311038639672546
59.9,1.2,0.0
74.37,6.68,1.5494391652226112
53.87,21.37,12.924728235771301
34.54,2.78,4.942690621534593
38.89,21.28,16.715682089179573
42.51,19.16,13.595561045003004
71.64,4.89,1.821240303961878
66.59,21.49,9.920184967957443
60.48,16.34,9.305796746200961
23.55,12.75,16.964698336793887
25.8,8.82,12.876652351387804
30.02,6.38,12.600444553764714
84.79,20.64,9.90478014876071
59.55,21.79,10.463159808844464
64.76,10.85,4.591980684435178
78.73,6.53,5.17966776196511
28.09,23.21,18.425165205581994
62.22,9.96,4.801608444099149
23.64,7.91,13.617871419723059
67.69,9.88,3.717618927366509
75.92,10.74,6.304729744350341
32.1,11.41,12.214671720080858
25.64,6.73,9.886855101476973
78.16,11.47,5.1322257099029045
62.96,20.73,12.61635592360025
44.06,12.33,9.618604975316114
26.24,6.64,10.486421182496935
83.8,16.73,9.17067918937141
25.46,3.75,10.646580095629552
31.2,13.02,14.44482703418118
38.16,4.24,5.20631496394267
73.29,9.03,2.934893312340549
59.44,10.76,2.615757526537143
84.37,13.72,7.641022896957039
72.29,20.0,10.382732385872995
20.79,7.41,11.808809355571293
37.15,11.28,10.912653539954356
53.62,14.95,10.447596723617343
70.82,14.25,6.796033448494454
42.8,24.34,16.32416804344087
27.34,4.71,10.973118269960972
80.28,19.21,10.736629054683304
55.94,15.49,11.361659466905172
30.63,10.52,12.52343057416149
40.51,4.31,7.589127392781793
51.31,17.38,9.461627528225508
51.31,9.86,9.542694018688962
37.83,1.73,6.351693156239395
61.2,10.57,6.947134793082054
52.06,23.59,14.68520929718052
21.4,5.8,11.664034118880318
76.88,3.59,0.669956856157411
77.69,9.87,6.368954205427421
84.73,10.69,6.366873797655683
37.6,9.18,7.673901476686455
48.33,0.16,3.3515894887829014
84.17,10.75,5.463514022909217
28.85,6.45,8.621536565686624
46.17,7.96,7.739618688083053
55.62,15.16,9.169421021373953
77.1,8.12,3.7501791729275635
35.28,6.51,7.975130537449634
24.85,5.21,10.238401646788072
75.75,15.65,8.519499066350562
78.86,14.51,11.537191034365204
67.33,20.5,13.222250535408328
40.18,12.56,10.478777272616998
73.7,1.24,2.2325337845477327
32.71,5.12,8.766720930004858
38.19,17.86,14.990119741736947
40.23,2.12,5.430039323139257
81.62,14.93,9.580335320251812
30.33,5.53,9.19657733209037
41.0,1.6,4.525495416655554
24.6,11.1,13.124724466046402
33.97,2.57,9.777333942402915
39.78,9.03,8.961662412917105
52.8,18.67,12.063228386741791
30.7,7.31,12.089877654297014
75.25,6.6,2.930272847209058
37.68,24.44,17.945694263534875
76.15,0.06,0.6763593451466131
49.88,3.42,1.9301347343600024
61.18,24.73,13.59599582420352
84.78,15.62,6.42479147975692
32.03,3.37,8.432267817148189
41.45,23.74,15.055226332441645
37.23,20.35,16.144551079524547
34.0,10.66,11.363155957090974
83.75,0.81,0.0
56.83,20.12,8.21023712786079
32.31,17.72,15.445270580412213
50.74,19.37,12.441381298388492
48.2,11.88,7.188064840446986
77.27,3.62,2.744041177786473
34.28,6.78,11.853438699176209
72.47,15.1,8.150171545972297
44.8,24.95,17.858701919465314
67.71,7.96,6.8687492897695375
61.74,15.06,11.025581450954675
65.24,14.43,12.156703406804644
46.4,7.71,6.143087583663638
21.62,8.47,9.990556870520738
34.46,5.89,10.059483008337976
75.73,0.73,0.0
70.09,4.02,2.762736085474378
32.02,24.55,21.0865237982762
39.65,11.54,10.938654250064209
57.44,24.89,12.163515251950885
31.04,6.6,10.740947501418258
24.46,16.9,18.942447208701484
24.84,9.29,12.444100240698393
76.23,14.2,7.260050649645367
45.06,16.95,13.10126365714156
24.2,6.2,11.640340109202466
57.72,2.1,0.89859971550856
45.59,0.83,3.9866201763690348
48.59,5.74,5.132439888964376
74.43,15.99,9.558700878943366
39.24,2.92,5.063333253331436
33.3,16.44,14.476263276245167
55.84,19.99,9.062743312151921
31.31,12.04,11.527205290898525
63.91,17.82,8.567147304338192
25.49,5.45,10.32293869271873
59.74,15.31,8.876633951199917
76.93,8.86,5.303234882217195
58.77,19.28,10.18015366632764
49.76,15.0,9.477498847997003
64.16,8.54,3.176242763851713
72.64,24.18,13.975708767376638
48.82,18.66,12.554835885687567
31.28,15.2,12.8591029885599
77.79,2.74,0.0
71.53,19.83,9.49989567486316
48.27,22.34,14.295605667699794
78.79,0.98,1.8165221117308334
34.83,5.34,8.116354821720039
44.71,1.91,3.352566205452001
79.89,24.18,12.54996017789734
73.05,5.55,2.477770248968139
59.37,17.42,10.360727834389515
73.37,9.15,6.836563195014075
37.2,20.68,15.899205956527286
52.55,3.71,2.4797765738632154
33.98,5.19,6.820510620627587
36.59,4.17,9.593837313528491
23.33,8.88,9.851022760431484
70.63,16.09,9.833644873753812
69.51,1.27,0.0
69.0,2.1,3.606538910199996
27.35,2.29,6.977776740927046
21.68,12.97,16.038647354285416
76.39,10.19,3.524774006868079
84.23,0.45,0.0
52.83,8.84,8.46788600185867
44.61,9.4,11.216490771406361
57.93,8.23,4.744739267546952
79.91,3.56,0.8288985987155264
80.48,3.74,1.541873815328994
48.88,23.56,16.272337168374502
45.44,6.04,5.030558579379225
65.95,21.26,12.72394425907148
67.51,16.71,11.535772603972342
73.78,18.29,9.856787682418252
73.46,3.38,0.1482622401810545
29.08,2.58,8.654961036999085
51.36,16.93,12.417510616676102
78.66,14.27,9.24207334815891
44.21,16.88,13.54882832847424
61.05,22.49,10.621783635328423
53.49,19.31,11.942714666712341
57.0,2.43,0.2520074312414713
81.22,5.15,3.830747449584173
55.55,3.04,3.7261582806899836
33.65,4.47,5.505168122418396
24.91,11.19,14.963519187495733
65.99,5.22,2.90838885421383
71.27,4.85,4.1771973583265005
52.11,7.24,4.398711552826704
37.76,22.11,16.765098848663175
55.31,19.49,10.067130255158407
39.76,14.0,9.156168873512938
77.77,21.83,11.56287213033993
22.63,21.53,17.221690024136997
40.86,8.2,9.963670465938751
81.21,8.69,2.9632686721685433
31.0,2.91,10.274637727814735
25.42,21.99,22.446057948655525
25.03,12.2,16.261353376460956
32.03,16.89,12.856446698948577
69.02,6.6,3.083584594821633
61.46,15.39,9.651578540434548
72.57,0.29,0.0
64.54,16.52,6.508480117315551
68.88,7.74,6.226632343184115
23.27,13.65,16.815633062484356
23.89,7.36,11.507037941321894
68.88,5.09,0.7161410605345147
65.06,14.31,7.470287709606774
81.57,14.25,6.58905477525478
61.66,18.19,8.949755149038959
49.6,10.36,9.626532541593695
51.14,6.06,6.9820841021602025
21.96,18.4,16.927146326270012
22.14,4.99,13.784995401850642
80.16,15.98,8.371799435019113
29.36,4.41,7.977244010202793
45.02,17.84,9.886744118785558
23.17,5.83,11.799690936430206
26.27,18.82,17.58310683836047
66.68,13.46,8.561010687553685
46.27,11.32,9.646197150677313
39.6,20.53,15.67532396757451
23.34,17.35,14.881493373144343
41.86,15.25,10.32518707289114
75.63,17.27,8.926404970770365
21.93,4.89,11.149792720894512
26.02,2.37,10.713111137415009
54.8,1.73,0.0
36.08,13.1,11.683463601589562
76.21,8.88,8.06147038566899
38.27,5.02,8.750353164708985
60.0,18.65,9.986320330540426
82.52,5.33,4.14992382463144
29.16,13.13,14.790029136830656
34.83,18.18,16.018974973134565
21.72,15.14,17.720923615767393
59.76,0.87,0.17213934649831542
41.33,21.1,16.588748648441715
73.41,16.04,8.495077886125737
35.16,23.59,17.644284828596028
26.92,10.91,12.99938579075122
38.84,18.27,15.861512189645392
72.29,10.57,7.278526255920376
46.09,18.0,11.511045324273244
42.4,21.2,16.128078230750482
43.54,17.29,16.46142498011882
30.01,21.39,17.507431487919213
59.03,6.01,5.074457528302187
47.61,20.66,11.664952285741396
34.43,17.4,13.13573425217432
55.23,15.84,8.079489668495288
43.41,10.09,11.526268198059544
56.14,9.01,2.9869635905696224
41.04,14.22,11.739551731960104
79.45,19.97,10.87600657022306
41.63,24.41,17.560480650483303
46.11,24.51,17.44344791469933
48.77,10.66,7.735448323142525
69.43,23.73,12.903678758710578
55.38,17.07,9.68556572375063
38.21,18.82,14.954133431487993
67.38,11.53,4.976105507055246
50.61,10.02,6.940739184863337
33.98,21.37,17.621379830137567
21.6,8.05,12.675755400252443
56.74,19.98,12.755197880530526
49.16,6.07,4.9018718729373765
81.46,23.21,15.61594817360623
25.97,7.29,9.37488716915149
28.55,8.18,12.776420254657827
63.87,12.79,7.751230389076193
21.51,20.12,19.132174849768845
50.73,19.15,13.486259139565028
42.34,17.14,13.248495354948126
27.2,0.7,7.607411615259169
23.15,0.57,8.345561235253452
23.83,13.84,15.445436994380826
70.15,6.49,3.841998452565902
20.12,17.15,17.59629555644984
81.36,21.94,10.634859312224222
42.53,22.04,15.405303798144391
58.27,3.96,4.885399217170187
77.46,7.36,4.42442026952469
71.87,5.7,3.5812310387625086
77.02,3.41,3.5863898061886434
47.18,7.59,8.15512805664464
25.75,1.3,8.315613180226057
61.27,2.53,0.2971523193530501
63.92,1.99,0.20964068964329807
22.55,21.24,20.199693465822325
74.92,10.76,4.057292576259268
31.39,7.41,11.590418169730759
53.41,7.33,3.158415716268042
69.58,23.46,10.80028260345849
75.37,17.48,8.194461851463377
69.22,3.42,3.7986121316824955
43.66,13.87,13.449145012815663
41.42,18.32,10.777629910085565
42.79,20.82,14.478565938851165
45.02,15.82,11.992994919053773
72.64,3.82,2.579310704400969
83.84,10.61,6.505060389319887
72.86,20.41,12.155818383259005
57.67,11.41,8.13983936700544
69.82,11.52,5.2600762373293275
66.33,3.99,0.45114986943038105
67.51,6.51,4.232889277557179
76.64,1.16,2.8284947316474365
59.52,11.43,4.9092085093697015
35.85,10.39,10.795512995645003
52.46,23.3,17.236639657587595
58.43,9.66,5.828650851528592
43.51,4.19,6.090052194299192
45.62,1.4,5.091078874759148
58.28,16.78,9.357497165450598
84.67,2.0,1.416100585380429
22.29,20.69,19.58965684303442
43.64,0.24,4.839458401396566
36.35,14.02,12.707727664100704
80.9,15.46,7.704040632773188
35.66,1.25,6.321373301158758
57.53,14.21,9.017275289512664
54.4,11.79,9.02922624872176
33.09,14.87,14.01837918508736
33.72,5.21,7.78086237385327
59.31,6.08,5.014210579214579
35.26,18.13,16.921474028739052
60.18,6.63,2.1191434780341796
45.55,2.71,4.091586727593701
52.28,4.93,5.888559558293356
40.17,9.16,11.00027300022598
83.84,12.67,7.3833811693856495
29.16,24.46,23.01908908520625
33.97,12.83,13.175051861800181
45.36,6.18,7.064310294782685
84.84,23.19,15.022831605997725
54.85,22.69,15.591096419395553
82.62,17.84,8.517198574444299
42.47,7.65,9.096001426896272
80.43,14.51,6.348461913200938
57.72,4.59,4.007333852503716
48.7,4.69,4.709311437558709
32.52,12.2,14.13790591924457
77.62,13.7,6.405229891972005
72.38,20.18,10.744518819200167
49.5,24.44,16.81323289237863
77.2,12.8,7.281041499472321
26.09,6.56,11.035332728607177
64.75,20.13,11.915111180815128
31.14,12.07,11.063998050307625
67.55,16.18,8.192005038310194
23.14,13.16,12.904870388331828
49.94,16.92,11.87668620215097
23.54,21.5,19.312937829252668
39.25,7.62,8.692133302405763
39.7,14.47,13.326443714836737
20.87,23.8,19.568257587444712
80.91,19.53,11.880038130701593
67.47,9.87,4.513904103083127
34.7,7.9,8.392633020137199
80.89,18.18,9.511509726700945
46.64,8.86,10.022070621654297
36.8,16.05,12.309841624984655
23.72,18.94,17.20264030177512
30.44,10.22,11.726307129773817
25.41,13.46,15.831587537099976
23.2,20.56,21.91478865150174
55.66,8.04,4.110802295630396
80.52,23.28,12.304461128628413
70.42,9.23,7.82845826689002
74.54,1.73,1.9598620814657466
21.84,3.33,10.443414764988415
73.1,8.8,0.5897702454639369
27.63,21.73,21.676909810463197
71.42,14.47,7.744939517602282
83.73,10.62,7.951296555060381
23.97,16.5,18.299757054154217
35.76,1.94,7.9018635767794825
46.41,20.13,14.769149929636274
46.64,5.98,5.0390351989430044
25.46,15.52,17.7963329159803
36.15,4.36,6.165337181320137
62.36,5.84,3.2848099850365933
36.83,24.96,16.303027288457585
34.31,19.78,16.96065487952192
56.27,8.14,8.206397096103586
72.88,0.13,0.08437395893608722
68.99,2.47,0.0
34.14,15.24,14.896139929656911
73.21,19.41,10.191045821584286
22.31,15.35,16.702885768544068
38.26,20.44,17.55598698525915
22.52,21.8,21.011719929948647
44.07,13.54,10.77343700548899
33.66,6.66,9.011752176131036
71.74,11.87,6.148249734317058
67.2,24.57,13.387032205379043
42.93,22.47,17.98251391557438
62.32,22.99,13.154791246133525
44.44,15.28,13.155858886418391
78.49,10.1,2.4824361937299337
23.66,24.73,22.43940231422068
71.36,2.31,0.0
52.12,23.25,13.65811532664302
78.07,14.36,7.50503877719153
27.05,1.26,8.39369204482848
69.62,15.27,8.32026839378308
62.21,11.78,5.870126710103398
44.93,18.81,11.35623558843361
74.02,24.64,14.494794015425617
69.1,16.37,11.05392568725902
49.9,12.25,7.674646325214317
80.49,1.87,0.9949488605033712
74.08,0.65,0.5422900162006288
61.25,5.73,3.3244718305181595
33.08,0.89,6.30959739678021
63.81,12.4,8.827345952963448
53.69,20.28,14.00611003107288
61.91,5.08,2.363027584003321
75.99,19.85,13.585747195115832
82.81,1.27,2.8156336112558096
21.04,10.61,12.652316146836332
23.73,0.96,8.90290584350259
76.02,3.17,0.6729398870913337
67.41,8.71,4.7141765735339805
77.36,2.13,1.963160955778945
75.75,1.14,0.9699659251474307
76.71,12.09,7.014937026775859
48.13,16.7,11.97596486310078
39.59,15.42,13.60860679130527
48.94,14.03,8.927908108024441
57.66,21.73,11.393427287467931
73.65,13.09,9.09810570952611
28.72,2.13,6.803114354050809
77.26,17.88,9.298012915671299
79.22,4.9,2.2485357263344135
83.34,23.91,14.748959519289592
76.73,17.27,9.407167261405334
50.74,10.46,7.133064056800382
80.56,8.7,2.684640518227558
57.79,5.01,4.746733278092515
35.29,11.67,12.099191799105425
77.05,5.74,1.2271570498103843
58.97,10.8,5.6266536665698785
42.99,17.24,14.995815318199666
60.8,9.12,3.831048387535258
51.17,10.47,9.18405312988111
47.29,23.46,14.094397703489518
79.39,14.34,7.77858496805003
40.08,20.92,13.998643335319526
84.18,11.1,4.463050450805227
78.69,8.02,4.465571890933388
22.61,2.78,8.29835551070327
37.79,20.78,13.603909994962379
77.51,18.84,10.230577269121628
22.97,20.17,16.434363264184583
75.1,19.72,8.363009661673622
26.82,24.43,21.616180131185505
47.02,3.1,3.9899750187537784
77.51,3.7,0.5154168672463801
72.01,23.32,11.919393809731295
23.81,15.87,14.395084277460668
33.37,5.85,9.693998149118123
35.12,17.46,17.45428775902639
59.29,4.77,2.631237317888587
24.91,14.99,15.939614092484328
33.0,23.32,19.46124720708406
31.21,9.88,10.929427473137292
42.07,16.66,11.891640857453329
54.29,13.77,7.43350671204284
54.42,4.36,3.0540426382206185
53.69,11.02,9.160838094660384
43.85,21.11,14.49517292697447
59.67,18.59,7.047273280197626
50.9,14.34,8.64928947297235
53.41,24.06,15.128788252898124
82.96,24.47,10.915736643005973
38.42,17.29,15.615383466082383
24.01,15.7,15.660910221417273
77.34,15.87,10.10143479530041
82.13,6.24,3.556421198323726
68.49,0.69,2.471105536890888
32.85,3.65,6.1254793822127835
22.63,3.71,10.471817932086804
71.92,19.49,10.038293585654637
33.52,10.3,11.569269950349812
36.1,1.2,6.090823883553339
32.6,18.49,14.935512150611752
67.42,13.94,8.37977444930691
57.95,23.79,15.398759346409
81.2,4.44,0.5418588432680647
36.81,9.08,9.844932792254873
29.41,1.67,10.350562859766832
58.35,16.66,7.130933945983035
82.29,24.3,13.634455633751674
22.0,12.7,15.471877934381
34.99,4.19,7.878753306702944
42.09,23.36,16.1327684519924
26.42,20.0,18.41806226978263
51.84,7.5,5.343648677645723
42.54,23.12,15.141173477976277
67.84,18.71,11.819780237905048
77.0,17.77,9.10487630206285
63.88,22.6,12.706221177904448
78.56,20.8,10.540253243565747
34.8,15.34,15.157423033109971
36.83,0.04,1.4951872417957257
45.93,9.34,6.378678457455907
59.42,7.51,5.16242570203547
64.36,16.38,10.306052067490967
25.51,1.1,11.53337275603117
60.79,7.76,1.9062718919375667
23.43,4.33,9.857948202915681
63.14,23.32,10.303766206552336
50.74,21.7,15.817389198045788
57.4,2.34,3.957472240680066
82.82,7.47,7.522958632701675
33.8,1.56,6.8581381723246855
76.08,13.76,7.218541958029178
52.42,24.68,15.325513808592968
23.34,0.04,8.689851819093942
46.67,22.58,15.149577783367281
54.71,12.55,7.835973318825536
30.78,21.17,19.54806439604424
37.8,3.61,8.373756439405826
74.26,0.81,0.0
83.13,22.08,11.336616706331965
68.9,22.75,13.941885394670313
36.73,19.07,14.282955875878486
20.5,24.97,24.773099254390992
75.01,22.7,13.503542367766913
56.78,4.11,3.4177326964030925
35.36,0.2,3.7624061658110888
64.21,4.04,1.279288272857359
40.95,1.84,4.857739237122616
31.2,8.56,10.77980330100382
42.08,19.93,15.048420265702688
77.39,13.77,5.314680068560611
62.4,5.37,2.8258866476577533
26.24,13.91,13.383614637357816
57.17,21.78,11.772040071281051
69.45,1.72,0.8831993652542802
25.14,4.95,12.785757622913627
21.52,23.41,20.652158959723913
40.2,15.58,14.80819155654692
21.66,15.26,16.903881725801522
81.59,21.19,11.000581975426144
82.63,7.53,3.5280912290970114
70.62,13.73,7.042201863664349
72.62,7.22,3.98392040630782
84.15,14.38,6.162479129016619
44.47,1.52,3.266351221766209
65.85,23.38,12.385941237702841
80.3,15.29,7.720780214716796
55.95,2.79,2.357572185317694
81.69,12.27,5.767034884448499
71.91,5.69,4.0502442684082895
21.72,2.37,8.222661682539705
62.93,0.5,0.1845502898299038
75.32,9.75,4.240604384505861
26.15,2.76,8.958653494031179
35.8,15.57,15.652156047507452
45.25,17.9,12.669924429749013
47.33,21.11,16.42491822091631
35.55,0.67,5.662340696573531
70.1,24.01,12.977187964968664
60.28,13.66,5.745243047268026
81.78,1.2,0.7111154520292792
38.59,15.48,12.530205555259226
23.82,22.54,22.3446215465997
48.33,22.93,17.54442901856387
52.37,6.16,4.835894081053752
52.76,21.73,13.418311001362326
34.25,13.99,15.05000452788287
77.75,22.02,11.164346316587526
81.6,17.19,6.827729032828559
50.67,3.41,3.0186758273586864
52.07,1.01,2.3094744643618697
21.09,3.07,8.036742490231024
29.15,19.83,19.52377987098322
50.09,8.73,6.9443445499702845
82.45,18.84,8.900373593947727
28.88,6.71,8.859064967883292
28.22,11.3,13.430984968178674
53.36,19.97,10.378768365853562
38.76,1.03,4.457853327818807
21.75,9.27,14.290892474796864
49.68,22.79,14.592023557352972
36.19,9.1,11.10949824766839
41.78,6.12,6.838774723715365
66.34,19.44,9.35802163303304
50.98,4.18,7.354896581475183
31.99,16.16,16.336237188102608
54.71,23.64,14.630521179974899
24.72,5.56,9.829660015002268
64.84,21.24,11.099234855691076
46.67,8.0,8.350844963509969
38.09,1.97,4.125970812174943
25.04,24.6,19.830492775891116
83.52,24.42,13.335601904232568
75.76,14.0,8.013462760082913
23.63,16.17,18.115312597427945
48.91,8.01,8.15683746051073
41.6,18.67,13.189207981205767
31.27,22.08,17.670210614607623
30.39,4.67,9.777655800787514
25.1,24.8,21.236090638082025
74.5,12.76,6.892180969129657
56.06,16.72,7.040450738871361
73.43,7.02,5.983681654075919
29.79,21.34,18.497871845707497
51.84,9.12,6.436662419914157
20.45,7.84,12.450397415846961
76.3,21.04,12.73855414549322
48.38,6.47,5.158968578928548
70.78,23.12,13.983963320931844
69.78,5.81,4.997647412026918
51.37,6.55,7.613783563020526
70.56,6.75,2.611681179479107
61.09,20.01,12.72548417528746
31.45,21.37,20.867315710309956
28.33,23.95,21.64581862492597
80.22,13.44,7.542616866694679
60.26,14.24,8.83241166056732
65.0,9.74,3.905584401835867
44.89,0.03,5.928897731955457
68.05,10.46,8.043371403379737
27.97,5.52,11.235165545562408
44.46,4.89,4.429136597615992
30.07,17.52,16.00297678887117
73.05,17.66,10.831530063733386
45.12,11.84,10.587245532263644
31.68,21.77,17.092434650290425
67.47,19.4,8.934215484945982
84.18,11.76,8.250987497623653
70.04,9.08,5.978948439416749
59.55,14.09,7.059893322471837
34.84,7.33,9.76572043559609
71.72,16.41,7.438162337135997
79.38,8.41,4.964285529684978
58.25,7.81,5.268684795752189
27.12,13.99,15.066502338133013
29.42,1.78,5.619257631359078
31.49,9.58,14.087364805503348
26.25,22.93,21.58304254021504
46.77,2.03,2.783077626690563
81.77,7.59,2.431431367198517
43.53,20.14,13.128438566792509
25.13,12.69,14.625690727698341
70.03,10.21,5.354311493610275
50.97,11.27,8.374054926606325
72.3,12.07,6.630561122304332
48.96,20.67,12.97345748638051
35.26,13.24,14.05552231826256
74.11,16.12,9.029213696752361
45.35,7.76,8.95619056052882
79.14,18.11,12.294924120059882
71.88,24.15,13.056749728938062
22.23,5.22,13.134095411639878
50.34,12.78,10.114780295856615
20.22,14.61,14.921580030018028
32.79,12.95,14.991020375359705
75.19,8.3,5.063964158248921
75.44,9.43,6.211591105000514
64.35,15.37,8.966036221027418
24.9,23.35,20.65915056329108
59.46,21.49,14.08830934596293
57.92,11.09,6.847043936874852
72.3,8.62,3.5867918032908386
58.55,18.2,11.048832099973174
75.73,15.2,7.666786144000793
71.63,11.0,7.0749129193938405
37.79,8.49,10.914402150325714
51.45,21.56,12.917985246172357
83.99,22.41,15.004693704873144
20.54,23.57,21.006287477448563
76.75,9.09,3.9897313886893855
42.73,19.32,14.987315167140425
33.81,11.04,10.837473846758021
58.88,5.64,1.8667805897209735
37.63,7.93,8.683012860192502
53.53,6.83,7.665819953444743
78.48,19.04,12.361029495701299
53.54,9.32,4.369067041581452
82.15,23.23,12.891641260668049
58.65,21.41,11.92890534701709
27.6,0.79,8.874647639462152
36.14,16.43,14.110778167026833
74.27,6.09,3.1443855738744855
67.26,16.66,9.477779088196199
31.14,21.34,18.22323393950173
24.83,18.8,17.595882559603556
33.28,24.48,14.911441570922822
63.26,22.9,11.614964774307772
27.23,4.34,8.896897020128698
77.34,14.39,7.368517275669306
52.22,20.57,12.61005847465815
64.27,5.45,6.520782584966359
58.34,24.85,16.789934160765878
42.57,24.56,16.68704041164887
49.73,11.85,8.109139411822769
78.86,21.31,11.572206065812418
63.12,16.11,8.854986776472002
28.73,20.46,15.105192582834125
24.01,2.76,8.378887856147786
31.85,5.77,10.302060890781018
65.01,21.15,10.259635566557808
66.17,20.25,9.939873580419771
23.57,21.51,21.278357037209823
82.37,10.24,7.850251662926617
21.9,22.53,20.923993966714537
43.29,7.0,4.65163928091801
81.65,5.82,3.681036870156027
20.04,3.81,13.277275198381261
40.15,5.41,10.989228729833325
75.46,22.79,12.572751299840155
28.15,24.58,19.275292325870886
66.38,22.82,11.821123004092154
31.52,11.55,11.555979080562388
82.02,8.12,3.3015153943720064
40.85,4.72,6.879269085194924
29.85,2.51,6.761559405720717
31.18,10.62,10.180772734442177
70.46,2.35,1.436453328780353
36.53,21.03,15.094190893302049
27.21,23.92,20.375679385722812
79.85,22.27,13.671724965331402
43.18,14.64,10.90770861751794
68.33,14.33,8.59117882625805
37.04,15.21,15.084176525181281
80.49,4.13,1.5791029965396932
31.68,15.91,15.469673991120688
81.42,21.11,10.92047847010092
26.13,22.4,18.81008864429449
83.94,2.64,2.38200704016083
60.81,10.52,5.997839485345838
49.76,7.27,6.132362486552212
80.82,10.59,6.232014146166038
35.0,0.6,6.2463271753560194
35.01,11.81,9.121476526680947
52.26,12.75,8.569073671240355
63.12,10.1,5.562085613941845
79.8,24.45,11.472451049073335
25.9,13.71,15.252013497022066
60.93,0.34,0.0
48.49,3.29,4.541060148654069
53.51,0.92,1.6608401291783752
57.15,16.1,12.411305072313215
64.89,4.74,1.342744957324372
63.97,9.03,5.1130473607179185
56.3,11.71,6.7338601710582955
33.36,12.4,11.102183029571943
65.69,5.23,0.13975052659651732
46.11,18.53,13.390271928250245
22.74,18.01,17.981634294426936
84.09,2.84,4.796872815850863
82.68,20.06,10.463527958812172
29.14,10.77,13.713273420865805
47.61,4.65,7.281534355285288
78.36,2.9,5.0460845002972246
56.2,11.25,5.936294151797378
68.32,24.42,13.806798100698021
22.17,5.36,11.667763083927976
70.57,0.07,0.4202442499531661
82.7,0.83,1.6473787541396847
73.81,6.72,5.504258339658737
68.1,11.75,4.4841629174172235
59.45,6.27,2.038409081016254
25.66,24.61,21.63405858911341
82.51,11.15,4.461542157706058
40.58,15.19,13.314633949481896
80.37,9.08,4.9195138985222755
38.04,2.62,7.595710768629978
53.41,24.26,15.105738829580519
56.61,8.78,0.20536130406317366
68.02,20.33,10.46223619653647
26.89,6.5,11.320100986160186
62.91,3.12,2.888388187013881
40.57,11.28,9.54993520184524
58.62,21.56,12.21316582944859
33.62,21.04,18.65151842660198
82.39,16.32,10.52281407442224
55.41,4.48,2.566733061508052
25.67,8.68,15.06715260223879
23.7,7.59,13.325543674545113
43.89,1.17,3.4784861344796205
72.02,20.27,11.863012344285378
79.83,2.37,0.0
50.82,10.42,7.5021892821719955
55.55,6.79,6.349457700879399
35.43,3.16,5.558883984942146
50.71,16.65,9.877757691908538
68.04,5.69,4.623873895119264
84.55,24.07,12.39146866281484
77.85,18.68,11.392339162664816
46.4,1.99,5.511381319288386
45.8,19.86,11.378898220097167
38.54,13.3,11.965259003287056
34.9,12.5,13.700957794305138
30.25,15.13,12.60140498503631
50.17,14.89,11.499037042333693
28.16,14.46,12.286075046523386
22.01,20.68,21.84121453528305
60.78,18.53,9.87142862011429
54.81,11.37,7.184697462578108
35.35,7.23,7.247507410112503
54.16,20.57,13.59477489287531
32.97,17.68,13.379645252500804
77.37,14.9,9.615666926810826
55.2,24.79,15.252860846113808
26.46,7.37,11.5657748883864
26.06,0.09,6.091351798344651
38.95,3.59,5.775765930047553
69.57,22.95,11.315728223358
73.29,7.61,2.274375954585842
49.73,16.13,13.12113152314545
61.86,2.96,1.6753872845371809
53.5,19.6,7.311691420915197
25.75,9.33,12.389320409509569
39.83,9.61,12.230026277348314
80.83,22.87,14.132258247139074
76.12,23.84,13.231011644966312
35.93,4.09,7.3100867109410395
82.96,14.77,7.86224427437343
75.48,15.12,8.103598736127829
56.88,11.21,6.779479888432846
65.42,19.68,9.304711313050722
45.98,0.69,2.6291000620909677
53.62,0.97,0.7263342489296054
70.9,24.85,14.708639332621571
81.18,16.6,9.37788776885873
39.12,10.15,11.917740347516252
73.6,18.62,10.83531804353931
29.47,6.57,9.250039057435604
34.54,5.98,9.302289572853109
56.41,17.5,9.825243084041762
40.07,19.94,16.070467183453854
26.12,11.33,12.222534170881474
67.54,2.9,3.03937139843529
43.5,0.35,6.486769016855191
41.21,11.74,11.43210079594113
26.87,9.87,13.01015398815552
23.76,5.27,13.035433996148171
64.75,22.29,12.414004488696245
68.33,24.86,13.283224853992788
45.53,16.49,12.354153492474275
30.08,14.92,13.433992339766483
66.52,5.02,5.3862167634139775
34.87,21.27,15.74941366965405
61.6,11.81,7.017418617627442
79.19,12.59,8.450580610221504
42.8,22.54,16.086222770544865
54.71,4.06,2.9291306604979135
78.39,9.0,6.920401127551011
46.65,13.92,10.072338836459217
51.72,17.73,10.144574284840095
34.08,23.37,20.341830012138512
53.71,17.22,10.589413649030785
53.83,19.02,9.72293471915396
75.83,17.14,9.853891360704502
53.48,15.28,9.979778567609554
83.43,20.83,11.882335787652544
59.15,18.51,11.070038926608893
74.85,12.34,6.893149648685027
57.31,15.92,8.564320358851257
28.14,13.28,15.928580343399316
20.89,8.63,15.11425083876518
81.95,15.29,11.218978427773054
39.7,21.75,15.777607641287357
45.91,2.72,4.787528550468171
43.0,15.19,15.43091455163702
29.65,24.76,18.87834472246379
75.71,21.56,13.458297467931342
57.96,11.69,8.209931721568905
29.12,5.85,10.614032391727488
59.48,0.55,0.0
40.09,10.23,9.405102631597083
31.97,3.06,9.179275082706145
69.94,9.87,6.16859931442067
65.42,21.62,11.057899760745865
76.62,8.36,5.7366622140379135
50.39,6.5,4.348593003511356
47.6,6.66,5.6926061107422345
25.12,12.13,14.060830406724138
62.08,17.59,10.064301619830195
50.65,23.31,16.448558383135207
74.06,21.16,11.311491846149597
26.7,21.82,20.02843678850415
30.27,17.79,16.402152553928932
30.95,6.43,11.522923402290552
79.75,1.28,0.22166284832806155
43.76,16.24,12.635818417603401
26.09,14.63,13.417277604740033
25.38,23.98,21.58270796939695
55.49,6.95,6.228715047369993
32.78,0.65,5.86965546855667
30.3,19.01,15.857644285503953
36.78,17.79,14.770871333198096
47.1,13.96,12.994804002365974
71.66,23.19,11.229200371030565
49.87,10.71,9.926531624139223
73.24,12.36,6.140193842923803
49.58,22.23,15.15193485867271
84.47,20.87,12.525073752766163
81.98,10.2,3.4709000851686214
28.41,21.44,17.81577562183557
35.36,24.84,17.817033446934495
67.7,12.43,6.573371973414554
68.61,19.57,10.734466621107355
49.8,10.52,8.770396563058513
29.39,21.72,18.989273454855113
82.13,5.36,0.7274894860145666
38.17,1.47,5.843765676412105
70.85,7.38,3.667009047516209
47.85,9.05,8.270750221381773
46.35,17.54,12.065558788777427
24.8,18.52,15.546246748642906
49.06,17.2,14.05139954869421
79.6,10.97,5.669074262184815
70.11,0.23,0.5745535241170523
47.58,14.58,9.493776544380031
43.25,21.58,15.749115634326653
81.22,21.28,10.613486934619782
79.83,18.4,8.092165353339631
78.0,10.96,6.3831039945322505
59.99,17.8,10.494676662698225
69.32,21.66,10.598680699198654
52.15,6.35,7.400707840135689
51.14,12.32,8.207597318703314
65.96,5.5,3.0621896268970827
20.65,19.32,18.583200400789938
51.6,1.02,2.3545078646644946
35.73,11.21,13.513846129845813
51.57,4.05,6.051468513936674
84.76,9.59,5.572597381987146
54.56,8.2,4.266989653325748
57.47,6.97,4.720684753804859
74.06,12.49,7.6882629888276215
36.32,24.54,17.406897103277643
27.41,10.69,14.710948357645403
80.08,20.79,11.978272168872111
29.58,12.93,15.694314272043115
74.47,0.69,3.21849077966752
31.13,4.71,8.709282774358538
45.45,12.0,8.562290343775388
47.41,1.64,2.5750450115099897
64.99,2.73,0.6576538359502904
63.99,13.89,6.592391549892792
32.92,3.27,8.485242953186075
21.06,12.59,16.13898761555132
74.21,6.53,2.038552336266555
69.39,9.29,3.0262711515577627
57.94,13.9,7.901313890487851
44.51,20.59,15.633652695932371
29.4,18.37,15.957908447402735
65.62,6.6,4.606183729541187
41.69,5.31,7.310163850463962
84.26,15.63,9.319112877938446
66.97,9.07,5.6617505509839985
22.13,10.24,15.38898240730836
75.05,1.09,0.7646190069078903
57.4,21.98,11.652629949267332
51.56,8.14,4.844338937234498
74.97,18.68,7.579819340669266
23.74,11.09,14.69109337835247
71.36,2.48,3.179622182779916
69.23,21.23,10.697039153403123
34.07,19.81,18.709972839570355
54.88,17.32,12.910937493653176
64.79,7.57,3.4050373012773765
51.11,13.31,8.298411935906092
78.1,17.46,9.917683424883661
75.04,20.16,10.514135769313949
41.83,16.19,13.746809365502674
71.73,22.33,11.44660521237253
59.23,16.12,9.209417901628676
63.54,16.1,9.144078712905982
50.55,1.01,3.305766028757204
33.51,10.67,11.464332209749664
40.04,1.01,4.86197310027745
78.5,15.76,7.70365654562309
42.88,6.03,6.095473800041064
20.93,23.05,19.56319210498724
47.36,16.2,10.055444349049868
53.9,19.67,10.809028143865856
65.53,16.55,9.11846365258215
67.35,13.61,7.996697114112918
30.68,24.36,21.843038417315036
26.72,16.94,18.245273697092163
61.32,16.71,13.300929106712001
55.35,2.3,1.5163960626164867
80.72,20.95,11.796054596406048
32.37,15.48,15.319937428041563
64.74,2.9,1.3646817167180567
50.51,19.83,12.511519790011864
58.62,2.67,1.8495404505014732
45.71,2.38,4.494322793475181
45.4,5.09,6.551122216694706
40.19,9.57,10.039445342950746
76.46,11.46,7.681498349215436
78.8,21.34,12.385370694634528
81.22,0.28,0.0
29.95,10.91,13.116152615133513
20.42,9.42,14.329517780544075
45.65,0.48,5.834380412772223
64.04,21.19,9.89344867907292
37.58,23.89,16.20606654882021
49.22,18.11,13.008249486822514
41.66,23.97,15.794309471033754
65.67,7.75,4.450943423487484
51.3,13.87,8.493134346274513
82.89,5.75,3.2103738828760946
61.31,15.18,9.27627492043481
83.02,18.2,10.370505133122208
81.53,19.62,7.7251517028677545
73.56,16.92,10.868343325563814
20.04,5.0,9.979270937099315
68.04,17.3,9.274496315063402
30.09,5.42,8.08484640294527
68.99,10.25,4.24477551704422
84.41,11.2,6.059993994762065
40.16,13.05,11.43389009248125
40.08,7.47,6.87964468500463
84.1,16.91,7.541624541160381
68.87,20.13,9.847679094430683
81.13,11.16,6.437753537373066
64.24,23.21,12.480220136450344
42.06,7.08,5.608100283679738
75.25,16.97,9.755224466851983
42.67,7.3,8.342503790492636
28.82,17.83,15.000831566812233
59.31,15.81,8.285611445289994
52.43,19.6,15.47792115418196
26.47,6.3,10.811721546447087
82.85,3.29,2.1069306828314947
61.89,2.08,2.807602459815058
58.99,15.86,9.42438698719601
39.2,4.15,5.4329831717298225
40.49,13.41,9.103379068162413
34.96,8.24,9.412643622643175
63.47,2.1,2.59698496208708
78.26,19.35,12.163084990102549
66.58,24.7,13.982688723598116
84.94,7.58,6.449113159395242
78.82,16.5,7.571266678545248
65.78,23.12,14.075957239013654
25.37,24.26,21.10277238342855
72.63,7.42,6.412712703089305
50.49,7.47,5.916309558842616
83.64,21.46,12.073286197953276
41.66,0.18,1.543310334679917
66.57,12.35,6.566368595185119
78.42,1.62,0.6038398603897133
43.05,21.25,18.17740412991552
72.46,7.29,5.939456611512905
35.95,17.62,16.212824199197414
55.53,13.6,6.956536626865845
78.74,23.91,13.163827678563612
65.75,15.98,6.6814341975312725
21.53,16.52,17.35855400376449
25.66,3.37,10.091738322707885
70.41,6.83,4.169903835549516
31.87,21.86,16.77331712916967
65.89,1.75,0.330986659952071
36.97,4.15,5.387515301631112
50.15,10.07,7.4576266705335055
51.49,22.62,14.437970488435784
59.08,1.67,0.0
84.34,18.29,8.34038189261691
36.61,18.66,16.421647988840757
54.18,2.95,0.0
61.11,3.25,1.410768097422693
69.99,15.01,9.608999096647837
48.63,4.35,7.2798065658110485
46.1,8.2,11.80440574730218
45.32,16.32,13.856795010385012
64.02,18.99,11.225676311714604
43.33,8.24,9.373916336827001
61.35,19.39,7.735663145198697
76.76,12.92,5.8597782559335485
80.61,14.68,7.776547216505721
29.57,2.93,9.54116946860674
71.93,11.03,5.752554100318971
36.67,21.12,20.264097057594967
74.7,2.66,0.2672013126768611
55.04,5.58,5.985779747857656
38.35,8.76,8.13409366206857
29.05,3.74,8.548129881320559
45.26,10.81,10.626689479661982
40.54,10.22,11.167140133710578
30.01,13.83,12.37828197260831
41.72,14.88,12.54066781180531
65.42,22.81,13.647174174561414
38.03,10.65,11.356336782959838
79.02,18.24,9.55209414851183
83.02,5.87,4.364432474168023
49.21,1.73,4.797512596315321
54.63,22.99,13.355903335790508
53.99,7.85,6.795156916096673
37.04,4.43,6.873154604475736
76.76,0.52,0.03514235023212542
31.34,3.29,5.863040363490772
38.11,7.71,8.858981878315578
84.47,18.19,11.26505507660984
44.33,16.33,11.683043695879302
80.42,9.93,3.525920002383866
60.04,0.52,2.6053754249021597
25.99,13.44,15.246339006439603
48.9,24.82,15.982310517518442
84.12,16.95,9.518164934732834
74.32,22.72,10.51105370168062
66.15,23.78,12.311624090342384
57.67,2.31,3.7213209065825676
28.44,7.48,10.309624869724042
72.57,0.12,0.0
50.84,4.64,3.3504068425964744
31.87,6.84,9.804267539506887
27.65,12.19,15.732616491058797
82.81,15.03,8.86207835820543
20.71,12.17,17.506077425192508
31.12,19.22,15.654248434561667
58.75,22.3,11.659870251956095
66.31,2.43,3.4208278803385097
73.77,17.8,7.846149425570707
68.25,1.9,1.6895828028487843
82.1,24.08,14.523639219932171
22.77,24.22,22.593295619063184
75.73,20.67,12.85361657593042
83.43,8.98,2.6971036301852456
31.23,24.54,20.86746095614353
82.5,12.1,7.449625971567333
28.57,10.29,15.030254277319344
34.33,1.31,5.890869057427095
31.78,22.82,14.881290558492852
52.72,20.36,14.382340604726158
49.68,13.78,11.421769643850176
54.63,1.54,3.2282180444505055
23.38,15.28,16.178707064162072
40.68,3.05,6.669828596080481
24.3,15.64,19.426768512481008
56.01,8.89,7.628655666578636
80.22,15.85,6.11056589165739
29.02,5.18,9.282239784995864
44.21,24.82,17.27321039100601
76.27,9.85,7.857481524167447
77.24,7.02,1.8758604610854792
65.47,9.77,4.576698218826533
56.48,0.36,0.5229236008284455
74.94,8.95,4.18095363546895
65.82,8.26,3.216953356137829
36.79,22.97,17.076098078300483
43.42,23.93,21.400002095193308
51.71,24.87,17.008142507012522
31.95,0.63,8.875999526055267
37.75,24.54,20.989489479976903
69.5,4.17,3.0725293669929
68.15,9.02,2.770155808261911
22.13,17.45,16.09159032411594
62.97,4.81,2.362877122100844
71.25,17.31,7.542101719202768
31.57,15.87,11.657508612692439
74.89,2.25,2.3452196084723704
29.78,21.25,17.66942848662017
82.11,22.01,13.156926526617564
81.61,19.42,10.581822264388485
69.16,1.93,1.592453449072446
39.44,12.93,14.40166645525845
35.06,5.57,8.348687440168453
28.28,2.39,7.922612683489498
47.05,17.45,13.90676661182238
45.35,17.37,11.318176789739423
49.63,12.71,10.228375113599306
82.72,6.1,4.380307993526527
52.22,5.66,3.9366996382349786
47.65,4.51,4.788919917697839
65.51,21.26,12.202197343860067
80.12,20.5,10.860544422508507
73.7,21.47,11.64296831673862
21.12,6.06,12.291008550051284
30.23,24.19,17.47468198443181
41.32,12.89,12.233294757063707
46.49,7.57,6.7736258455266185
74.84,22.59,14.074049331896392
65.5,17.85,8.012515133350373
35.25,4.51,6.379942647520473
45.33,14.38,11.131642736905045
83.86,4.73,0.8872237763032118
58.36,11.84,5.564947832675432
57.65,15.96,7.064855681913802
45.79,7.37,7.442976810920742
46.34,20.02,14.12535682585743
25.68,23.82,20.11797031364094
69.52,22.46,11.408206852154057
77.77,5.4,5.907622936216489
20.59,0.91,10.342753460550368
22.87,22.82,18.387613471049736
46.37,24.45,16.279820308863606
77.19,6.8,2.329276015546527
68.59,6.31,3.5448122067102408
61.93,22.86,10.866581745668178
67.81,13.26,8.950819821080138
38.13,12.79,10.550188517692035
53.08,6.6,6.224323063530086
51.09,5.67,4.732920931278093
72.57,20.46,9.168806127149587
54.39,24.6,10.527926396232928
25.58,15.77,15.908734148734542
28.5,24.92,21.571393191092135
36.63,7.56,7.019146165602628
70.77,1.12,0.3404618726822374
54.43,14.89,9.86314400502214
76.56,5.41,2.11664379725614
34.41,4.16,9.922483233920603
43.9,9.88,7.058832376147905
56.1,23.69,13.581780383344432
26.88,16.34,16.473239331580192
68.67,4.51,1.2804027986760673
73.8,19.18,7.611581272840459
39.77,9.55,10.573951451930652
66.45,3.35,1.7597563853703055
59.66,1.73,1.8892644111865518
78.26,12.76,6.00168308155097
29.0,12.41,14.445227118390102
30.05,11.7,14.589412469068169
29.3,6.02,10.218760987679838
61.94,13.88,6.596168640139022
82.08,10.08,5.176361698131676
55.02,4.73,1.9071754092344226
45.1,6.61,8.211383783062743
32.36,2.19,7.9589709893321166
33.56,4.19,10.218708745680232
75.09,24.13,11.579002338978409
45.92,22.85,11.9003146052805
50.85,10.72,7.8316767316239595
50.07,13.71,7.819486745887511
46.08,11.65,11.907198213569101
33.51,18.67,15.794176122229086
48.26,4.28,3.5638863099193863
42.43,6.66,8.612582822188621
83.56,10.2,4.1883608534664285
40.52,20.95,13.361155210421861
43.28,22.12,16.92498315408913
44.09,22.6,16.233463577940515
32.11,21.53,15.57568814008152
77.63,13.95,8.817713109772386
76.62,12.66,8.150806295711252
58.74,22.93,12.764788138255854
26.11,17.64,17.338194648168166
83.98,18.57,10.412975352332591
71.86,23.95,10.49862176727174
45.32,11.7,10.396299043776029
24.6,3.52,11.119363509740019
52.87,22.7,11.887312241896026
53.79,8.69,6.442885707345539
41.38,20.79,14.614334585537009
40.91,16.96,15.868651781477071
54.25,9.46,5.1338516064248365
50.01,7.88,6.61469462249069
80.18,17.89,11.784721989249618
26.84,0.25,7.367243894325057
74.62,24.49,13.74734052933924
43.1,13.27,8.288836089773577
43.94,22.98,16.98883356168234
63.6,4.89,7.045811498211252
41.5,4.71,9.203349065557465
40.71,23.78,18.49123327261529
32.42,5.47,5.458042412872036
39.13,22.18,18.641770335502073
21.83,18.28,19.53125502240857
75.56,13.89,6.391127347017736
28.39,24.98,19.974088945220053
42.47,19.69,14.421453918258385
38.15,8.37,10.780116316558974
53.49,11.36,8.819905503098965
47.54,2.94,4.13092837614351
25.86,6.28,11.562219418400245
73.16,3.46,0.5453336774926962
72.41,20.6,11.646129222917903
62.28,8.57,2.9887252066960346
39.17,3.14,7.957673038874602
77.66,22.66,13.011959425770815
63.45,13.63,8.759667046382415
32.4,6.26,9.218144206850532
41.41,15.1,11.52693954813074
73.57,22.82,13.291834937073473
24.81,15.07,13.12742520035562
41.17,2.18,2.7087464298110886
25.11,13.44,15.802907645872112
47.45,8.41,6.832556631598804
53.91,21.52,12.83644275913028
23.42,9.17,11.242054734404265
50.71,7.76,7.384837242537849
76.19,5.54,2.7639609931200804
71.43,4.6,2.1324133340584184
35.7,22.52,18.291632806366252
21.25,0.94,5.627354052919134
63.14,4.7,3.020759356783897
66.59,2.44,2.3935965526206533
45.56,24.4,15.442309756236448
40.48,12.87,10.105633637212673
25.68,11.02,14.532076404352479
42.78,12.95,9.424847903506848
24.44,13.94,15.367893007589918
73.96,24.37,12.238388196586794
41.4,18.73,15.433140826887438
47.02,7.71,9.254272832354742
60.91,23.75,11.010252672062443
36.6,17.8,16.667985993524802
58.36,4.87,1.6756383537940036
31.44,12.65,13.75079873979777
34.65,21.79,16.36131920977858
38.56,16.63,15.486190667924177
30.82,8.57,14.73745091750423
78.72,2.46,1.9521749680372391
34.93,0.89,6.904359242816685
35.14,21.98,18.949614637951523
27.24,8.09,13.950865507998104
38.25,8.14,8.747116813414344
47.54,22.91,13.40852179996219
21.36,22.93,21.842044328369337
67.07,24.07,12.056999514988346
74.7,5.79,3.959473929192943
60.38,11.07,10.635393815252549
52.79,15.85,10.08562066016175
24.61,8.63,11.348840707724811
55.26,8.0,6.343757797834071
46.3,17.15,12.54819100791131
54.67,6.16,5.4033381729116785
74.76,24.62,12.968785267947624
41.03,23.79,16.70571809667414
63.53,21.36,11.168242518943146
50.19,13.72,10.322195412080488
39.6,9.81,9.690686951205757
41.43,20.3,15.903443593916048
73.7,11.73,6.631488470305076
78.86,7.51,6.019489413958304
29.81,23.88,20.18574563466009
21.62,24.25,23.048161400181844
68.16,8.59,6.31031517063675
60.96,1.12,0.0
66.91,9.3,5.7597677799298275
80.66,22.64,14.391304595212342
23.06,11.86,14.383995287116699
84.72,5.15,0.0
37.43,4.03,5.748875614018695
59.71,6.66,4.627418439591226
23.28,23.7,21.23299384164466
57.27,12.46,6.67389474721282
65.16,24.39,13.688337033587695
29.41,15.61,16.20872196927114
72.32,2.53,2.2126325653662287
75.82,23.33,11.839989734290944
21.53,13.42,17.617577777251757
37.92,10.41,10.575942469585085
76.27,4.23,1.9895869895759717
20.95,23.8,21.610504659883468
50.23,18.41,9.017243407844408
66.56,6.29,4.008986933199183
22.39,4.75,10.491379421070562
65.34,10.55,4.768034487550098
35.33,24.45,18.498524554306915
44.83,17.29,11.702564027216727
48.85,1.99,3.2990361803438466
82.58,18.64,9.322023443050064
84.17,15.6,10.234108213397347
84.34,21.35,9.668152018978622
70.45,12.84,9.452637707406403
55.29,12.38,8.523006906558242
24.1,21.62,19.561382568318567
76.24,8.37,5.1402377359733205
77.54,1.44,1.7271946699274128
83.36,15.27,7.910879907001259
21.37,2.09,7.771803435768483
68.8,23.51,13.41054573223604
24.52,14.75,15.99363543819132
40.83,8.17,11.26813360106551
55.77,22.08,12.197716789027362
26.11,17.83,15.062452603488195
34.53,22.79,17.15889004264226
32.8,2.07,6.4729216323982355
53.47,5.1,3.5086365153050414
79.46,8.82,2.563178710683043
46.54,2.74,3.221839976107076
35.78,15.37,13.208261966942473
72.81,5.14,2.380575194820131
30.21,16.67,18.26327666194895
52.16,6.29,4.939368268201021
59.62,5.57,3.403895126631713
67.14,18.69,11.258346571267493
55.34,20.65,11.912060579321109
59.11,3.69,2.3834588732531463
45.42,0.79,5.232658406039894
57.44,10.52,7.419881832328689
42.26,2.45,5.685900869857387
42.15,24.88,19.418588782933583
37.75,0.07,5.414733474193072
76.64,18.51,10.169705927796256
47.71,9.95,7.095870395855424
40.95,2.27,6.9424677272143995
69.18,2.47,0.0
83.8,20.91,13.419325752548211
56.35,3.85,5.51818837396287
50.7,16.43,11.97343514907322
61.67,0.45,0.0
38.88,8.92,9.347100036718565
61.52,6.25,2.508085510976264
64.93,5.4,3.7307407661624197
59.53,13.74,9.651999896306942
24.87,12.72,15.172266502654299
68.38,8.66,7.741212174949166
64.29,15.12,7.327803443930916
35.17,21.32,18.891560337371846
41.68,16.09,12.169208622846309
68.12,6.59,5.080151046409606
21.53,11.23,13.924911455635089
23.63,17.29,17.369235429577035
76.35,14.89,9.022707802487536
59.09,4.47,3.3914725285894876
25.97,11.05,12.502520340035229
78.81,18.58,9.444476768756497
60.85,24.68,16.41500964983837
43.54,21.62,15.089294127826994
21.14,13.14,15.929301779067634
21.35,8.63,13.215369622081147
58.37,17.84,11.995652619222893
56.7,24.86,16.3551772219433
84.7,3.01,2.4211592129195227
70.84,1.17,1.1098576544816257
60.15,16.61,7.045241266949728
57.59,22.45,15.201454818633877
32.47,17.47,14.107563609485279
23.64,7.55,11.058732221053349
30.31,2.21,6.720009370084197
31.16,3.72,10.68099291104064
61.3,24.36,13.161645613090963
50.46,4.19,6.008107239648677
33.41,10.82,9.744996511785645
46.52,17.22,12.278111058211563
63.92,17.88,9.260000728283647
62.2,19.13,10.261672435703373
32.7,8.03,11.476504576007946
20.35,7.83,10.223779876684207
83.63,21.23,12.289352479995998
47.81,8.11,7.745877423877546
61.4,17.13,9.94794735030588
25.79,10.63,12.83378782599643
36.58,8.77,10.994199904028948
44.99,20.94,14.660649137712769
38.59,24.95,20.21815303915811
37.18,23.11,15.941042564551275
36.64,5.16,8.018183041833643
68.31,18.33,7.907405740228038
39.83,6.49,11.671754709932632
22.7,19.1,18.9145736830907
54.48,20.83,13.222958641891296
54.13,22.6,10.731978446430194
69.1,11.76,3.8770054309684894
82.31,20.23,9.049089003515405
78.6,20.74,12.829237753335173
32.6,2.21,6.303119852004418
78.62,0.33,0.0
64.89,9.51,3.8938013098698656
70.6,13.84,5.192607862096249
57.6,18.92,9.917383354267113
73.59,5.66,1.491318547394377
47.98,7.73,8.06270889981171
71.73,0.9,0.0
30.01,23.63,18.597666039663512
23.82,1.92,7.846041093698368
68.04,18.91,10.610116711753157
32.19,23.53,21.428548752775455
38.3,5.58,7.412658606719399
33.91,2.23,5.365263583284902
32.24,4.92,12.12109454260769
20.08,23.08,21.217419821117932
60.2,6.4,3.1784254253354542
31.67,16.46,16.980690756820696
25.84,13.71,13.496320902959773
54.67,14.38,9.095485509500378
52.61,20.95,14.583608188834756
43.35,21.64,14.755284815897937
77.71,15.43,8.942256666040665
28.45,9.81,11.697691202098753
60.5,21.12,10.296015050764922
60.86,2.23,3.734192132552617
42.99,9.68,9.860731037026305
45.4,7.83,4.4659792761910495
60.27,1.86,1.7728872072706845
43.31,19.14,16.434971869480282
51.16,23.39,16.01074323254578
84.1,23.04,12.8859629055453
65.15,22.99,15.31158810622674
34.35,7.85,10.2647505539227
23.57,15.26,17.79590251286471
42.38,24.75,19.30196192313463
76.97,13.11,8.946294115366005
64.21,22.58,11.239302685719105
72.3,20.95,10.544402242437853
44.55,16.97,13.163758579753695
48.74,22.0,13.772047019874643
20.39,18.39,18.13178889202788
49.92,20.21,13.400754114359477
36.65,4.69,8.390969889152604
25.98,15.64,18.76896906965982
48.62,0.31,3.3982531769948885
72.4,12.33,4.90620686155472
25.79,21.22,20.367220777319417
42.67,22.55,17.944214134087854
56.88,20.49,12.947560618420502
43.45,8.1,7.251848242485597
39.28,10.67,10.100566518578143
73.91,1.26,0.6631517002475035
47.02,20.85,16.51172241676104
56.0,21.52,10.530757973595604
72.71,12.76,7.41046394550219
43.79,9.07,10.838876905496285
82.49,1.09,0.0
76.31,14.84,9.786871727365138
72.55,22.88,11.97083678092751
26.96,8.18,13.141476752492316
41.66,4.17,9.60546013360913
55.04,1.83,2.029203934082351
71.27,19.3,10.310402699913238
43.27,23.43,16.537097078402333
45.81,21.75,15.10113617766302
28.68,0.35,7.633859425778593
37.97,6.81,8.258856697690923
79.04,5.03,4.309307051867373
59.94,13.1,4.049338317930463
83.02,21.8,10.073409460022088
22.55,19.47,17.168545138757448
20.62,10.06,13.383018263433401
58.86,12.79,7.730226982932447
30.52,19.19,16.458391834354046
23.9,0.52,6.904165375001773
46.6,24.62,15.90451286979013
36.1,8.96,9.24669384159541
51.47,24.36,14.45522560904613
55.67,23.53,14.181941327671282
71.26,16.2,7.2744965734579985
49.21,20.24,11.875590209677455
30.92,18.99,16.123779381194286
60.66,18.17,10.689755374794752
21.32,21.2,17.461275887347405
43.6,14.12,8.166339379615685
33.01,23.63,19.584619763352464
34.92,1.5,7.635303294357661
24.37,6.87,13.34690832632295
66.02,15.89,7.1321376523606155
78.86,8.57,7.104042801647704
59.15,2.39,0.0
71.6,8.67,2.8139595068853978
65.38,6.29,2.7381512510485964
57.52,1.95,4.184130738813026
61.25,3.45,0.0
49.04,0.03,2.200998327879738
46.32,8.37,8.485357013392523
68.56,6.98,0.1920349825598482
75.49,24.83,14.527752487797752
25.51,5.04,9.204509681334352
64.92,7.57,3.98390721253509
62.39,4.49,0.0
44.62,24.93,14.930732667911766
78.18,5.99,4.1926436749703155
38.5,10.69,11.403217963047354
25.01,9.63,10.106159734018064
71.82,7.37,2.6030554282578553
29.33,0.03,3.103108820042989
59.95,16.1,9.455360850918327
74.47,8.47,5.037613624242287
28.07,23.97,20.033278527986667
62.88,20.48,11.777263049920455
46.82,10.37,9.10021625416661
57.78,7.96,6.473372117749949
20.13,19.01,20.049905808034087
23.04,1.79,8.463386351457943
72.14,19.6,9.770314740390441
41.46,5.47,6.9411046394827745
45.17,3.75,4.662951382213909
71.15,12.27,4.827980883851154
30.48,3.91,6.668921486065583
40.68,15.24,10.598082723100132
45.1,18.91,15.421066379273563
78.48,23.21,14.967719693863891
30.2,18.81,18.67639854817607
69.67,1.57,2.111132259059003
44.41,7.03,5.704560541482248
21.1,16.94,17.574939625920685
23.76,9.57,17.32064438057495
24.99,7.95,12.077423694504162
29.48,15.75,15.078037585651156
58.01,8.75,4.009780390980574
61.84,2.35,0.38723268052821114
47.09,23.2,15.644467525435482
79.26,23.7,12.245316242835733
64.05,8.58,6.624545614882341
77.66,1.49,2.0829654572006113
50.64,7.77,9.081250684985093
81.08,14.81,6.327421078551924
30.05,12.26,14.323586341544475
37.96,9.82,6.126464897849819
27.58,7.66,12.13745348342384
32.02,19.68,16.48027722864472
44.83,4.29,7.353908719601496
68.85,14.68,5.780001151315194
46.13,22.81,15.101366123230402
44.35,1.9,5.381942027945011
78.0,18.45,10.182171062977138
78.37,3.15,0.0
37.8,3.96,4.084681790677588
46.26,1.0,2.3054495906021955
46.94,19.3,13.92416040731977
32.68,18.49,16.108150004209328
82.25,23.49,14.891113156066822
40.57,7.22,9.379010291564219
61.37,17.61,10.95165427382784
80.01,24.82,13.38794311538126
58.95,21.96,16.09784793556642
22.52,15.84,17.15905689870698
61.54,12.84,6.285836869534272
24.86,15.06,14.277227221371415
25.53,2.36,6.073642210743358
36.19,1.38,6.016063257747764
21.97,2.09,9.985412152549362
31.6,20.85,16.560311480340978
73.53,14.52,6.948697994986959
23.56,4.68,9.573527368497384
70.91,23.17,14.29000156715617
63.41,10.5,6.107439622403072
72.3,14.74,6.919863120624524
69.76,1.97,2.7850705501409143
70.96,16.99,9.179420680377987
74.87,5.11,4.375724424294904
48.03,13.41,11.538796815558463
53.43,18.3,12.301877394480368
59.14,9.52,6.551520628981416
79.82,16.7,8.873428076333969
61.95,20.83,10.594584347266823
71.42,5.57,4.688402752235237
27.28,12.03,11.54589987470499
41.75,19.85,13.93376835108708
20.03,0.84,10.305751166616185
84.09,24.48,10.543637185349297
31.44,7.22,10.641047857440403
68.71,15.69,7.145049344375289
45.83,20.29,13.169245165997289
79.15,21.85,14.590540685736432
65.8,13.46,7.60571242861415
33.58,8.08,10.0754472402848
55.68,19.3,10.210952237933236
24.63,21.73,21.575314656517648
73.34,2.04,0.0
76.46,5.19,1.5635131357452332
51.55,8.44,5.310932105258118
72.35,18.56,9.807624537436281
48.19,24.23,15.697822275628855
71.16,16.5,6.584130381807782
38.64,18.76,14.749492511930628
21.27,4.58,10.027436498766708
42.14,23.47,17.61203667389752
56.95,6.42,4.406253641842723
23.61,22.92,18.87528103316905
66.47,14.64,9.099626007715026
42.02,8.92,8.782422993028062
23.48,17.49,16.28999071174622
83.41,0.38,1.1417080713265972
83.79,9.68,5.257578395426334
20.43,18.86,19.861755687587728
42.42,11.53,11.21581547352833
68.35,1.07,2.406599778657371
78.75,23.32,10.500116872617312
55.16,19.26,12.2566140395338
81.26,17.09,9.441621293788089
37.09,21.69,14.521728929213134
76.66,16.15,9.207032279671514
68.48,12.01,5.13072391541333
76.06,1.22,3.1521650519996722
83.76,12.34,4.36846785813829
53.98,7.97,5.130061241175301
48.96,1.64,4.098607230631829
27.58,9.53,11.253224449754741
43.24,1.55,2.230170690294697
50.73,18.36,11.426391284047208
57.51,20.91,10.18012295210051
62.73,23.78,13.484598449925079
78.53,0.65,1.4454790935252806
56.66,17.31,11.152502015203078
33.4,23.86,18.10791168512127
78.37,24.24,13.988172520417207
34.62,11.29,10.7473608767575
26.31,19.39,21.285712398860213
25.76,17.02,12.194830433193811
31.6,19.85,16.31026256557802
23.98,8.85,13.731244706411228
40.03,0.88,5.770072138474279
51.58,24.8,15.148313756138906
80.34,2.33,2.2385929277278755
22.94,8.36,12.344178568076652
67.61,16.34,9.598113666057904
47.53,14.92,12.908778591247767
67.89,14.65,8.00019521128488
50.71,10.9,8.196246603863958
71.67,19.97,10.926419301466694
81.74,23.66,12.324971570880578
29.64,0.7,5.807509389033891
80.49,15.73,9.097386506547906
39.66,3.77,7.026596777217188
63.93,8.88,6.200219057081342
79.62,9.46,4.1189045940717754
47.64,2.14,1.922331093174449
57.3,4.7,1.1095598501767947
52.13,13.61,8.94934048109799
54.78,6.64,2.425562074715228
57.32,14.28,9.84741522526907
57.47,16.42,9.751054401331755
30.55,1.3,6.559753947722963
70.76,6.3,2.5729333563900028
22.16,3.42,10.756045087588637
51.38,13.33,7.788166413582295
79.28,21.51,11.132322903717203
49.23,8.29,8.793967796700441
25.59,0.45,8.585661756690126
55.56,9.34,6.120714107195711
50.63,17.64,11.452704624112071
61.02,11.76,6.632811260733255
23.14,7.33,8.645482868685733
26.73,13.45,13.800835637915927
59.71,10.08,5.943226081318557
46.33,11.46,8.909275163475014
63.26,1.17,1.6652829755668743
27.98,6.89,9.511359226284819
47.12,17.86,12.856378941914333
22.73,11.0,15.178776629123696
48.56,14.9,9.79686915301861
35.78,24.22,17.8623225737414
68.85,3.75,0.0
38.6,19.88,15.61496540515924
48.39,4.79,3.618403357542529
25.3,5.14,10.305812350983048
56.09,11.39,9.605284869746246
63.8,10.16,6.945007725480439
75.47,9.52,7.13945664911922
28.43,23.81,22.170273442150393
51.97,22.3,13.520472986379195
71.72,21.06,12.214373517431085
31.11,9.0,12.260298503850011
44.92,7.38,5.6069185964265476
83.59,15.6,9.649834336162991
63.12,6.95,6.398974988880882
30.41,20.43,17.113765567088603
35.29,14.74,16.13049150089258
60.3,16.54,8.86320907628877
39.8,16.6,11.345024390864157
28.86,4.47,9.307518030520988
35.65,19.05,15.52991726748625
34.3,23.7,19.96840903874307
38.2,10.25,10.536125363283748
31.67,9.24,12.378238521050829
60.35,16.19,7.649878343743094
37.6,0.42,5.142512089430526
76.48,14.31,6.789301550696154
52.96,11.1,9.199134303324552
25.27,22.86,20.401555818513458
49.18,1.5,4.058684370905663
51.02,19.43,12.182924490120223
49.63,1.83,5.444244221090903
25.24,23.44,16.52688458140879
70.5,9.93,4.601192720099839
75.66,19.87,11.897920581739012
80.71,1.14,4.178044936454843
70.22,5.78,4.0441016367355616
81.54,4.34,4.129326164734581
45.86,15.09,13.641201791694687
79.77,10.39,3.8199065730962345
22.51,24.38,22.01765494756869
81.62,13.38,8.513299868120756
75.35,14.93,5.826293197588402
57.46,2.51,0.9743726645479206
70.88,11.17,5.951499175482782
56.73,4.85,3.148385977742363
84.03,20.08,8.677292218161973
22.65,12.48,13.580457632602897
74.99,14.17,7.223596043465655
62.65,14.66,11.951766835379374
81.76,8.27,2.7939890837161028
43.68,17.0,12.075992754473251
46.66,22.73,12.900204152092236
57.38,18.94,11.761569322885018
65.39,20.33,11.978597386856972
59.72,13.98,8.49617637493575
56.8,24.52,13.14163359836262
48.44,24.06,13.76343923412035
55.57,18.96,11.707657333042805
61.03,14.85,11.385556765116817
61.23,16.56,9.526972188353021
68.05,14.81,5.2815703914511305
36.47,1.93,5.8313026349414265
51.47,23.26,15.342145880712778
29.66,10.05,10.002489668529982
38.94,6.19,9.043542799334723
81.18,24.69,14.186962772502001
64.51,11.48,5.125330738976878
34.67,13.99,13.411885201881123
81.36,24.07,15.420076532716116
29.12,6.04,10.606869043683279
53.73,5.19,2.084778222862105
31.02,6.32,11.536963476821784
29.04,15.91,15.54530261566493
39.86,17.26,16.85130294470914
83.51,13.12,7.361315944996929
72.76,12.93,7.378867199094168
62.39,14.34,9.277165689531781
35.31,12.61,11.03145413397051
74.55,21.72,11.9767707210267
39.8,18.94,16.90356390333309
62.22,2.33,2.1807934989222684
65.35,16.39,8.937827974833706
47.67,20.59,11.353717540437078
44.09,8.6,10.528006213203946
74.3,8.32,2.9632688194014296
84.18,0.77,0.6390043123996946
74.21,16.99,9.944782176426235
23.84,16.3,15.243758183818318
63.44,23.06,10.794020928388742
35.02,5.23,10.834694869351829
51.62,9.32,8.814111489973422
68.76,10.98,6.253441031007377
72.58,24.94,12.024887639544763
55.71,17.78,11.611528623088669
45.74,16.22,11.495268047840945
25.77,20.73,18.358236144969737
44.3,15.98,12.444182254113565
79.63,11.61,6.601075703436508
77.51,8.32,5.823690178881776
51.14,2.55,2.0384202915514935
35.04,17.68,15.809758676891057
24.3,0.37,6.967229025042705
40.02,6.84,8.892217683637034
38.93,7.46,10.058196066121575
79.45,1.9,0.5194990517728533
57.45,21.51,12.272452044738406
41.75,2.47,5.720141433896448
33.24,24.35,21.20138453148661
54.98,24.0,15.08991136500339
51.78,17.81,13.026761788394188
84.77,7.02,3.9659072666743347
70.98,11.85,3.1400477441308103
57.74,19.94,11.71843655115655
61.89,21.26,11.432051304637886
60.41,9.34,6.664887329151238
53.2,24.46,15.796116620674125
51.1,14.97,7.987029788636933
61.5,6.64,4.053386002606462
42.04,17.32,15.864955972009625
54.0,3.3,4.826678697062341
58.06,23.11,13.8308162149642
24.22,21.04,19.432675084635726
53.28,2.77,1.7738295205937449
47.7,23.29,14.853182653279449
38.17,8.29,9.56256216058306
70.83,1.53,0.14204219458143497
22.1,14.89,17.291382429527115
82.2,5.99,3.097535351396261
27.5,13.59,13.779312595322217
26.76,3.69,9.022126829140332
58.51,22.89,15.427342451589567
82.86,17.13,10.257654676182081
69.94,3.17,0.0
59.24,8.31,3.889369926694161
66.56,12.6,4.515637028842194
81.48,8.55,7.407558030630748
55.4,23.47,13.367624531200745
47.58,14.91,13.598458892820048
81.46,16.51,9.105040279466579
29.83,14.34,14.375115381946701
43.58,1.82,5.930308224403047
82.27,3.6,0.5929783080546387
80.29,11.22,5.904806640400763
51.33,14.13,10.127348724821275
44.46,16.13,11.04539555390344
20.45,23.84,24.518548743864173
25.09,21.17,19.606306835679113
61.59,8.53,4.201398913108448
32.82,12.37,12.870842207875196
22.02,7.63,13.033482373624478
50.81,7.96,10.050163871306005
71.11,6.4,4.334837685975705
80.51,21.6,11.918592382118915
21.41,5.87,10.811580376355831
36.49,4.16,5.9068493104404745
54.12,10.16,5.301770466949211
51.78,21.92,14.772320020899524
65.9,17.9,7.365688787504583
24.41,6.38,12.871335835066187
80.64,10.97,5.62182300766105
20.7,8.21,11.505148966667203
20.39,12.38,14.591548177923455
77.91,20.24,11.14808496595045
22.44,18.0,17.044511486165927
33.71,20.33,17.647563022610985
21.23,24.29,21.185063485848413
44.41,0.59,1.7506615924354128
41.86,18.23,15.240285294680252
27.06,11.13,13.269922250499384
80.41,14.15,9.795443189056527
60.94,7.5,4.875377220326068
55.65,20.39,10.605694526118448
31.41,18.06,15.527246400493858
73.15,12.56,6.05371890133768
68.5,20.96,11.390668299000048
64.16,16.29,9.059720902492206
78.42,8.47,1.82355154062938
70.92,11.32,5.097403252488586
39.86,14.0,16.110735887457636
62.54,23.76,14.613141460566741
55.17,10.55,5.608571090328733
71.08,15.27,8.949363900783293
33.29,19.0,16.461287199661317
23.15,2.13,9.81923357538683
56.52,24.67,12.68417824218206
63.81,17.75,10.507695523219192
28.5,21.69,22.516863028407105
27.73,16.43,15.732908677291872
64.53,12.32,7.748582487451333
75.18,8.55,7.5109998320442655
41.21,18.17,15.428104916101079
28.78,23.23,20.92136598445311
33.98,0.97,6.0870691735914075
69.64,1.41,0.8937437507917959
41.73,17.66,11.212135839157094
64.76,13.19,6.967384086996581
37.88,4.64,7.271690824327476
61.03,8.01,0.0
56.32,19.86,9.702495099746445
51.48,9.35,6.259869073939053
62.33,0.26,3.3210958082592184
29.34,2.19,8.243972825959041
74.23,3.51,0.0
34.34,10.2,10.436880975515841
57.66,5.14,5.984581444929027
58.22,6.03,5.096270718884535
41.99,7.67,7.647662876317056
24.28,12.59,12.454101325034435
84.91,18.84,10.725214293634945
39.83,21.23,15.259706163805033
81.59,22.12,10.20500304780594
81.05,13.4,6.526923482145419
80.84,5.94,5.281245484591632
78.18,3.31,3.4939155152245887
26.18,8.47,11.308220427332097
79.68,18.0,10.329357032033712
53.78,8.92,7.414773767313973
62.24,9.93,7.434357192761028
30.72,9.28,11.220728583547364
31.11,16.07,16.385746706270837
43.77,18.19,12.973369591004115
51.61,1.49,3.1246036753533635
33.5,20.68,16.683421146706316
82.5,2.57,4.1906262238213685
81.56,15.53,7.800084280896321
79.55,15.54,7.914385480119495
57.54,21.38,12.565871881516165
31.85,4.27,6.733746668310739
79.26,10.73,5.764477996693968
79.85,19.39,11.173804373207318
25.21,10.49,11.109221806102916
30.99,9.23,11.105403202183357
59.01,24.33,12.31934903790161
37.88,9.18,9.018391130392189
67.35,1.27,0.0
30.5,22.6,16.940055346563643
73.01,7.88,3.303038770959304
22.13,17.17,17.57093964157732
75.8,19.94,10.006347921301684
59.14,7.7,3.808738756958948
68.19,1.01,0.984341559942985
65.7,3.51,3.0385553273076997
37.86,21.93,16.673306587538935
34.45,24.11,19.156058640813715
68.26,18.89,9.505862026807115
64.13,18.59,11.069698290664238
44.86,4.17,6.095027354230512
39.62,5.12,9.709461770836414
47.26,12.17,11.89642914634619
24.71,1.85,9.578996614480017
56.15,1.46,2.338852634188984
82.14,7.86,5.142822598842901
78.14,15.4,7.182695448645519
33.54,21.83,15.771488970581412
79.51,18.07,10.487770528342558
23.67,8.02,9.136420808040155
72.5,22.14,12.314397459399085
73.6,22.63,12.354505858810981
36.16,1.07,3.4916491159716734
30.25,3.02,7.056586160914803
81.09,14.58,7.1011846501888245
29.0,2.63,8.527553456416847
25.23,10.44,14.294543662352837
77.28,18.45,13.42847057265746
82.88,15.76,7.605197514764406
35.25,1.71,9.068514999049029
73.03,16.64,8.690615654415607
38.29,9.09,11.782680218438053
61.11,3.88,2.0718699873585855
66.31,13.6,7.038721935620071
59.08,24.54,12.544925616237531
32.82,13.56,13.16538897344854
24.57,12.89,16.310928573805626
27.31,2.4,9.074995785990934
35.31,24.25,22.54016057635065
40.35,24.74,19.177429065470786
52.09,2.33,3.7518319176654993
77.35,21.81,12.994099032307552
70.85,5.04,3.056085764908155
82.11,22.36,11.133731754159744
41.3,12.92,11.25590506438111
60.12,7.87,4.188202745738528
32.82,14.13,16.162522575941928
70.17,9.86,6.272374955405807
45.01,14.89,11.949523188648046
22.83,12.79,13.841099510693653
34.02,20.32,17.418473758754054
39.18,8.24,10.604896816516721
70.71,10.19,4.836829218750365
52.46,9.44,6.648992367835422
47.48,0.96,3.653659978204874
36.73,22.25,16.624576381953723
46.14,4.33,5.590167274472722
61.08,11.9,6.892830504349862
58.93,14.39,9.368576519027245
56.84,5.72,4.09546414294057
52.81,16.58,10.76272629291098
23.29,21.95,18.35991973223614
67.16,0.42,0.0
21.21,10.56,13.379956712088136
48.53,3.67,1.9928317510070288
64.93,4.03,0.0
68.49,5.3,1.1211140102709625
75.37,1.15,1.180604960350316
41.78,1.85,8.290694829979913
40.37,18.49,12.170841755929118
33.2,16.3,16.24413039850787
76.9,23.09,14.660414721445271
50.1,14.73,9.9266499233344
22.59,18.98,17.701072485586025
29.86,16.3,15.758362293131205
46.71,22.69,15.91568415246588
42.43,20.2,16.439904997624865
73.82,18.83,9.666548639906292
82.62,21.84,11.760155709633981
71.75,21.59,11.787015827869903
43.58,22.77,16.847237053149204
70.48,10.28,7.8662143417158035
74.84,1.98,0.0
36.99,0.88,3.2038351447671163
35.88,15.9,12.504829758178124
23.43,4.01,8.139432694565832
59.37,8.12,4.29371865913185
58.04,9.81,3.5558389970741855
79.66,12.69,7.184264339459804
69.36,22.99,11.144233196968404
69.13,1.48,1.099462278013152
28.52,3.9,9.13913493005
50.28,18.27,13.085102347439777
32.93,20.01,15.725846621255
56.0,8.93,8.606150397809088
24.79,11.47,16.394057528334102
50.75,12.03,9.196291389711176
43.75,9.26,8.011058212346224
53.66,10.96,5.910243720177874
72.06,2.11,1.9854855711172448
63.5,13.06,6.160484471607367
66.37,0.76,1.979664712600727
44.04,22.53,14.015792695083032
40.57,2.29,4.653656966556747
38.66,13.16,10.844295291309336
77.9,16.43,8.767475783298975
20.72,22.57,22.36989533431478
25.54,5.89,10.710051120500788
58.83,15.25,10.020006360732886
54.63,12.37,5.901491278715865
29.67,13.12,12.92521727048104
30.7,0.07,6.3688665595764915
65.93,17.44,11.453192642989672
51.88,12.99,11.103021096308117
42.1,16.68,13.271235951316541
52.07,6.53,5.672124248596781
58.49,3.18,3.11172963941804
30.9,15.26,15.281241258016522
23.01,14.59,16.740691205974237
28.65,3.54,9.153566028850058
80.31,21.77,13.233448507975986
66.48,2.53,0.1744678051449664
34.12,2.36,6.0231408845275975
42.83,15.57,11.441448675928507
21.11,7.1,11.708472408352169
57.37,8.42,6.776638599950861
33.82,13.13,13.53045495105883
34.44,8.93,11.178099938504095
22.49,14.47,15.287278925652622
25.98,6.68,10.73073194229408
21.42,20.35,22.578533648360853
81.85,4.37,2.6305470364566
38.78,6.22,9.535480225477313
20.38,13.24,16.42621475713296
82.64,19.04,10.188925935178592
72.25,6.1,4.625819415244942
66.8,7.1,6.058153104390752
43.48,14.98,14.181550169142245
67.82,24.06,10.304879016259004
49.69,3.33,4.769964900050239
75.47,0.94,0.0
53.6,18.46,12.321298810695428
31.64,9.24,10.816748947425705
81.99,18.01,9.662693067753244
29.63,6.31,10.009555535859366
29.73,3.21,9.962041117744105
68.57,11.68,5.067715374608932
46.68,20.28,12.629070446291275
79.82,0.02,2.1627122053069545
48.65,10.84,10.954853963457927
35.51,1.48,5.795587127288946
26.58,18.1,18.876259058754634
47.28,17.57,12.825912509955295
79.98,8.72,5.718945861523372
38.79,8.06,10.089157061068038
40.74,17.76,12.158190438834167
66.86,24.88,14.965589659201084
50.05,22.77,15.80279420528122
41.4,2.89,7.575475347686096
44.89,11.52,8.237066021271604
67.84,18.92,9.39923663915805
70.7,21.29,10.942046703447565
22.21,3.15,8.663202963919257
65.06,15.55,7.251239336178251
21.68,17.58,19.71949897512506
61.94,4.41,0.0
65.38,13.0,7.02792957374473
21.81,14.86,17.8519277277829
75.84,2.45,2.16079023734783
22.01,19.89,18.299688275612773
80.88,2.05,0.0
48.99,17.28,13.40045987131086
65.33,9.86,4.109904963385107
75.68,1.33,0.04543334525566223
61.41,14.18,6.337969191191318
69.87,23.81,12.144247112273462
58.51,0.02,1.1543492171393093
65.52,1.43,1.221854735822737
82.99,14.85,7.997806579796774
71.15,12.88,6.4603809978574205
67.09,20.0,10.769435747318886
62.99,5.17,3.2972786059946957
55.63,9.82,5.034483014895651
72.63,8.51,7.123725430072728
32.86,15.36,14.611146708860057
30.15,21.7,17.072594430702335
39.27,5.09,7.248273513289121
51.75,7.29,6.562857416310904
23.75,7.35,12.192347166170926
23.21,0.17,5.973808035374646
45.89,2.23,5.603083004376084
22.23,16.26,17.796538758664955
37.23,14.05,8.283022075698899
64.46,18.43,10.933875578309042
63.11,24.67,14.664464721591418
79.69,13.29,7.514109144775339
38.87,1.43,5.251806691094195
61.51,9.59,4.088071956473893
79.31,19.78,11.441029810306548
37.6,14.47,8.976017949108227
39.36,10.16,13.439014219384026
51.88,22.2,10.835540573094887
34.63,1.76,5.16336110397978
81.49,24.72,14.969332944222096
60.07,11.02,6.479722094352558
70.66,16.23,10.007951003334803
54.85,17.56,8.08693904855414
21.67,21.08,18.803632067688433
36.59,23.37,17.20084097092195
35.28,14.5,12.378475217489889
60.47,16.68,8.413902528076196
47.42,12.2,7.231625970068174
52.93,9.92,7.5270344755459035
29.47,12.12,14.46308813885082
76.94,9.65,4.422318335469708
65.59,18.16,10.38431159210467
49.82,17.94,13.442380297654326
38.72,2.22,3.8165826745562788
35.18,5.03,4.519935977969091
82.09,17.7,7.927476484745247
35.32,11.67,10.769973915738309
26.75,6.03,13.21156183693614
21.83,2.26,11.091457947696087
82.62,4.43,2.329693694253619
20.32,1.09,9.607969256695501
39.39,23.76,14.439378317259937
78.63,23.26,11.21954606605582
52.45,3.97,4.071423452858795
60.21,20.72,9.874630210256068
41.26,20.13,13.154671620258917
24.77,5.76,11.725383906606377
48.63,2.97,4.26612730551032
75.57,2.95,2.6633600128882167
47.02,12.84,7.603826797586592
56.32,0.61,1.6955127638770315
82.22,12.35,7.937936014902736
84.23,15.34,9.873677395639014
21.03,24.79,22.567841613687175
52.15,13.03,8.956816104783101
50.8,21.1,12.788782915309854
47.37,8.44,7.00104181824941
79.04,3.1,1.0490118551244123
83.55,5.72,0.21209347838576154
64.58,16.43,8.320323214363246
64.12,4.18,1.2932457979904537
53.43,3.94,5.626620979357172
63.05,16.66,9.707750372495022
38.3,21.55,17.50303222467239
70.05,8.07,5.9612271866467985
72.61,6.33,4.431025544286362
70.67,19.01,9.994004482997687
69.97,23.76,13.694720343478208
22.44,16.06,18.45026177765426
37.95,20.87,17.669961243228066
42.03,3.23,1.601725800725915
66.81,13.4,8.314956440603087
30.0,8.35,10.43080282908537
22.78,3.53,7.522302196627984
45.29,14.93,10.988976814861013
50.19,19.8,12.207655907289686
41.98,9.44,8.464842701635957
30.7,19.42,17.996760080792804
61.19,20.33,11.510216129916357
80.68,20.24,14.865544192263716
72.44,15.94,9.192454163848367
59.2,20.73,11.403568614902117
61.54,14.59,6.776877979553058
67.93,13.63,8.93351398743784
84.43,11.62,6.3606980196322676
31.06,3.76,7.907796764067193
53.44,11.44,5.609499824181164
28.71,8.34,10.810656130540718
24.7,0.05,7.2131689120506834
82.71,6.87,1.0921450001243396
42.79,2.3,4.127345036513378
70.73,1.68,1.373776915829846
55.52,6.58,5.697402266563682
55.59,6.93,1.9441512466530937
47.74,10.65,7.494910780543243
77.51,10.74,7.160976654651749
63.19,22.78,12.770449154240884
66.21,14.36,4.963142127064481
67.0,14.02,6.794363864940223
27.61,9.5,12.134365831409891
82.13,24.47,15.40888778346743
26.55,21.07,16.540159296499446
76.5,17.68,11.501414198761893
40.22,19.55,15.656200507039825
21.86,19.28,19.164235218624047
60.98,17.2,9.432891774682842
48.29,15.92,13.600496071933422
75.57,11.9,8.002846582064063
68.11,10.52,5.561215242362566
83.32,0.7,1.5325308017658663
24.64,21.69,21.973640978294902
79.78,2.22,2.7880408582121206
33.28,15.31,14.72441045989063
68.13,6.62,4.128645276149929
42.31,24.11,14.455322231408818
44.62,15.9,13.938532039886665
42.35,21.06,15.614636305560541
73.69,8.6,3.9678281181459623
28.18,8.37,14.55030098636795
42.24,7.17,7.813348821884351
53.34,16.39,8.910671742507555
62.01,10.32,7.426714018025979
70.17,18.18,8.2106967310735
22.57,22.6,21.818982680628302
79.95,11.69,10.401297612797384
80.13,8.89,5.380510074610699
63.51,23.59,13.577225342258988
28.4,20.04,15.664121767324431
67.17,6.37,3.599376546684036
78.85,21.32,12.34094902003637
78.2,14.32,8.666212431725508
52.64,23.45,14.264988040345278
83.19,15.75,9.205479708406159
32.4,4.08,7.882496367039665
79.0,15.94,8.248887946663201
35.75,21.37,17.309524277092255
78.79,22.45,14.12784167240337
71.49,8.15,5.640877130596966
40.04,24.9,19.963609240463764
29.93,7.43,10.924695063068892
53.77,2.24,1.0422212546026504
24.26,2.51,11.010023846461118
56.18,24.47,14.504388569470667
83.59,23.91,10.897046506539073
71.69,14.92,6.105006913508013
57.87,24.53,16.885796846504448
41.95,1.22,4.593424634017184
23.68,16.48,15.732684830704645
75.74,19.57,8.086217870051126
37.04,19.96,15.250620462127932
72.52,6.79,4.54467240601457
24.37,20.75,21.53012562692744
80.37,23.8,15.493291519497468
31.08,4.94,7.5106266404815445
73.05,0.47,0.0
53.58,18.42,11.406922980488488
74.59,14.32,8.137895065814995
63.52,0.63,0.0
33.2,2.97,8.734006204151045
29.45,9.07,11.119861589985998
46.33,10.9,8.421832468203649
49.05,2.82,2.262276788023182
48.68,9.7,9.580170316927559
79.89,0.11,0.0
75.63,3.31,0.0
46.62,6.89,6.568799164868888
81.91,6.54,5.253103930263484
34.1,21.11,17.727026468474474
35.56,1.16,5.723352698930846
60.24,9.5,3.8346404807668986
59.12,22.14,13.068191729287374
48.19,11.13,8.946789461027587
25.57,14.64,12.5967239116254
81.22,16.43,8.894893276058914
46.46,0.88,2.8056647078312547
77.52,23.08,13.526823153680576
45.67,0.34,4.2433527856980895
34.56,8.31,9.942564152524557
70.88,22.19,14.029587102922756
38.22,22.64,15.086219645049809
50.95,5.27,5.448214554203143
82.22,0.12,0.0
45.94,3.26,4.031592886585807
62.74,1.51,1.7642237714255389
23.51,17.2,17.29649426629468
34.67,15.0,16.320430338976784
58.06,24.73,14.968978717217757
38.5,14.96,13.128158472436782
74.69,10.1,5.027563368143987
57.59,3.51,2.0500444500605646
36.91,9.77,8.579716991094852
35.6,3.76,9.007878379442653
42.23,12.03,8.216848779966476
81.19,4.09,1.077183326922097
33.89,9.54,13.15879607221695
61.2,19.16,8.661287391874204
81.99,1.25,0.5843016412846861
51.63,21.49,12.883918552767813
45.91,21.76,15.771837293778384
75.73,10.39,3.9238160623053844
28.51,17.9,16.690054382118937
43.76,15.69,9.946243521488384
40.71,3.46,7.804019953627274
44.69,12.29,11.550946221503041
21.79,23.65,21.35542055584845
25.12,22.56,21.01592337256685
49.1,18.18,9.973113890328925
24.28,15.12,14.742000941218741
67.35,10.29,5.534309657967821
40.88,7.42,8.115372147737231
64.86,20.68,11.601970901226982
57.08,22.49,12.009360898922676
59.97,22.84,14.479949667480888
43.27,19.78,14.112083342327951
20.7,15.64,18.770380739929433
52.15,24.82,15.97163454815163
73.44,14.28,6.851502957413883
51.03,24.68,15.519771147455137
33.04,14.1,14.085017848679913
50.34,22.39,13.842733247765766
20.68,16.08,15.482651980792514
27.67,2.61,9.17637925277794
48.7,7.51,7.169757447872554
40.9,1.31,4.425561006851002
44.64,15.42,14.333925778478148
21.43,12.34,15.874024648576821
35.65,7.96,10.712313812514047
38.78,24.72,19.941458846929333
66.5,21.41,10.923975566785534
61.73,23.06,12.444204506981418
47.26,22.67,16.107348431426
29.37,16.36,15.516560843115858
79.57,5.54,4.456787773728649
76.98,5.31,2.4219708480944293
54.36,18.47,10.890970750887044
72.89,2.5,3.3822362700078465
28.74,14.97,16.583797982365393
41.38,10.52,10.188567758031017
71.42,20.85,13.031982198149024
73.16,19.74,9.580256695697537
57.54,14.73,9.01453319965779
74.65,12.83,5.439222194313494
42.36,12.5,9.455791763302319
43.35,21.26,18.375257182118425
62.88,9.5,4.5411081340261426
48.79,4.41,4.669814398111017
29.25,6.09,10.360783192178232
71.98,18.71,11.700875054079713
39.38,3.51,8.83221861816204
68.33,20.31,9.363235291526287
77.29,17.44,10.686091714718868
73.61,24.44,12.514243616708681
81.31,23.4,14.308355082957743
52.22,15.35,9.8508059422332
23.06,14.02,16.383826988439505
28.68,22.91,17.95861849907254
78.49,18.29,10.481308570007636
58.64,6.79,4.538523257173802
32.65,22.12,19.09296761556453
43.66,21.15,16.896674720722036
51.05,22.02,11.660259986174397
61.53,13.4,9.431770570804506
39.01,16.98,13.502227920198134
46.62,20.73,15.249955785063161
51.85,15.22,9.117456874175375
53.72,7.44,7.027971103655332
46.58,15.42,10.158696313259316
76.78,19.18,11.4769746783895
46.11,16.12,14.705358832674532
26.5,19.58,18.463467092648237
74.65,4.71,4.858998083363076
55.58,18.18,11.5578165445726
25.46,17.24,17.00098048937775
37.06,18.43,15.573293948303029
67.39,3.06,0.0
64.08,1.25,0.9933067977967815
50.15,0.88,4.034777681053798
28.28,7.41,11.061532343734052
27.86,3.06,6.9580209904028685
58.5,6.73,3.5037190542823433
74.0,2.24,4.713560590010168
74.65,19.87,10.5084801128365
31.65,14.86,14.497194084130545
55.27,20.6,12.88217271535969
38.11,6.73,9.960167230961542
75.32,1.88,0.27531568072279144
25.01,23.04,22.326378815793337
66.69,8.29,5.206032094669236
24.2,9.75,13.147717639210468
84.35,1.76,0.15102250858946575
32.8,7.66,7.6874070574100735
78.93,21.77,12.20149353020497
41.02,8.44,9.103064662184517
46.67,8.47,8.325878286910836
39.22,3.01,6.904081876716514
27.4,14.89,15.084487160503679
49.62,0.84,4.134794825529576
25.48,10.88,13.484713829455776
61.8,8.14,4.2811994868497525
79.15,6.15,3.42650430904362
60.95,15.61,7.93228953923803
20.21,13.04,14.319064460433804
77.6,16.63,8.540722127387603
51.87,7.36,4.778018716726228
37.96,12.16,11.7896395689106
41.89,6.62,6.978030724870949
63.0,14.72,11.327352439752719
24.09,19.72,20.898418338825998
68.71,22.08,11.061768064923935
73.96,0.64,0.0
55.47,16.45,9.91753479822407
75.49,13.24,6.6887856178868486
59.72,21.28,12.633927948786836
27.35,10.32,13.049026812095406
22.62,7.95,12.65029403373336
27.04,10.16,11.37856320636791
29.32,6.28,10.940260725260437
27.31,13.82,14.70137071688536
32.4,14.82,13.061002326128275
23.81,20.91,19.393749268571305
23.36,5.3,9.018787307143075
25.06,21.43,18.583362341354647
78.57,4.27,4.731678844998193
51.07,4.42,5.130673601743553
83.36,23.76,11.049414358790994
58.42,12.7,7.536966755506366
83.41,16.31,10.588577398555843
37.03,2.9,6.464583478254825
74.44,24.33,12.836379001615772
68.72,23.2,10.780345777070778
73.11,9.23,3.8218865537424804
68.7,0.3,0.0
56.43,15.52,5.3891961666956725
78.44,0.32,2.020234658636609
24.46,11.7,14.303233904398212
22.07,15.76,16.371177796789443
53.23,14.98,8.722239221366932
69.18,3.95,2.1871525859191006
24.32,24.38,20.294791101325735
56.47,4.39,2.3264890722400704
41.03,14.67,11.862290393313303
32.03,4.56,7.150022706279483
55.02,17.28,11.553879373701276
39.37,20.19,15.34489330610869
25.0,5.62,12.406155170621536
71.16,0.37,0.2524293779054452
22.33,17.76,18.099945799949076
25.57,17.72,15.886485968933737
24.92,8.87,11.696370368600675
55.54,10.74,6.0579911134274305
25.87,15.16,16.874495268972094
39.59,20.6,16.14296082407776
77.71,3.23,1.0414919956682
21.65,5.84,10.33687978108654
57.94,14.21,9.521936568270593
21.02,9.84,14.40670004036989
24.05,14.15,14.138539956150943
41.7,8.48,9.135609138629526
30.99,16.1,14.511870982377616
27.0,2.54,12.22362050500872
57.98,23.44,11.100238851645528
82.72,7.42,1.5433636586218933
83.46,15.33,7.508479611848493
27.59,4.55,11.379359663463536
20.22,14.44,16.390647922683847
43.51,0.83,4.966989798221027
36.15,0.24,3.8079523930002237
80.58,24.75,12.682322548240032
71.25,23.21,12.69685333498476
22.31,19.97,17.953138109809625
42.38,10.98,10.18841520421698
66.38,17.93,10.239378935420017
41.97,2.58,5.699752788091597
60.82,9.92,6.783933430488545
67.79,21.78,10.681612401311353
45.92,5.39,5.234735671773399
33.06,21.13,17.568290163678533
81.4,15.67,8.25428667115118
31.61,8.91,9.611192681466516
57.45,14.67,6.847704289875974
39.14,18.52,15.916097105644655
49.63,22.13,15.689848592627117
35.22,19.1,17.322060542474787
59.5,19.19,10.479096990813316
43.81,5.42,8.50106953719262
66.08,17.28,7.411283407416357
60.68,9.9,3.418908902531463
32.18,17.18,14.404621725904663
25.08,17.35,19.447793794600607
21.47,12.44,13.309499069881209
36.56,0.66,5.528019796580821
29.56,11.86,15.808298195807595
81.08,2.68,1.3087198575810608
76.53,8.7,3.741033305646728
61.26,7.47,4.459109277585574
83.65,20.3,14.403709456375054
30.05,7.01,11.594259881459646
31.46,17.85,15.560715613878045
60.66,23.18,13.047107023929888
44.02,1.26,5.610608655242331
62.91,7.09,3.954511292947709
25.57,22.29,18.062964020276006
77.58,7.27,2.8367630498059717
77.9,12.75,9.792832519679699
79.33,21.44,11.26517042971942
71.97,19.32,10.636609070098912
29.2,0.06,7.31677825224379
44.01,14.19,9.62867634407997
21.62,2.05,9.79624826371973
57.58,0.83,4.569443749647396
64.78,18.52,10.346960311118565
66.57,24.76,10.571253672420795
52.05,23.98,14.09882381134937
47.99,6.45,9.346107199052355
54.27,7.5,6.312612964072539
21.41,19.06,18.416566016697114
78.29,22.62,10.61320786383181
24.25,11.63,14.895785133972183
81.19,18.24,7.17163011226698
72.04,5.66,2.676170410154167
50.86,3.17,3.504970447375819
49.1,12.56,9.96511309528251
78.68,22.8,9.974456769279275
54.71,10.26,8.04279226408693
43.6,1.31,3.822866544285275
43.35,11.07,7.591023352842738
25.18,14.34,16.264019380804754
44.9,0.99,3.812420095272025
63.94,5.01,1.9125669179542797
20.47,13.62,17.298271019085252
58.25,9.86,7.034225327687194
70.53,16.86,9.968872271093748
34.76,9.19,10.943023121615818
24.73,19.87,20.019077007678746
63.08,24.73,13.425708899441982
34.97,7.65,11.51624185949082
77.31,9.12,2.070142656901355
48.22,6.85,7.8931312660439
49.23,22.35,13.84150579156146
62.21,24.0,11.322994313156794
68.98,23.74,15.241927925652664
78.68,6.67,3.8009605150516133
66.89,24.83,13.960959697834191
57.64,7.8,3.01765938175926
23.15,18.82,18.508848107489865
34.85,5.08,6.627748177188018
77.4,6.25,4.351162469597552
62.99,15.89,6.611560763270957
24.87,6.52,12.18517528482174
64.22,3.47,3.904742218615528
45.08,2.26,4.2936007973264205
34.23,19.26,17.453606252860123
69.23,5.7,3.611545778105237
68.39,11.96,2.932513995468968
68.9,1.67,0.0
42.87,22.07,14.16785686189804
78.69,3.58,0.18762861371061756
22.97,12.1,14.284836103363919
83.55,0.69,0.0
67.87,1.45,0.1694647441859658
43.06,14.01,10.736663542696835
58.9,22.63,11.99785251719104
46.11,13.54,7.988737862932283
80.95,14.2,8.838094439530614
45.2,0.48,5.571613062172817
79.6,17.02,8.071151296838842
21.02,21.21,18.53632404524435
35.22,3.22,9.431392077057712
31.24,5.35,8.75309135669865
67.1,13.26,9.652769358446218
34.74,19.52,15.086966146231896
20.35,6.52,16.249494189797694
24.22,11.93,13.361624072764846
69.02,0.92,0.0
20.73,20.94,21.474223923036078
60.39,17.98,8.877483932460667
77.78,6.43,6.365771962408697
44.97,0.45,2.9308399244504946
35.98,12.88,14.830427408746655
72.45,15.0,6.7766060652105775
39.23,17.11,13.031940200990968
42.52,7.45,9.96561052433712
36.53,23.19,18.468993719324878
39.1,8.79,10.118033523624877
45.23,24.09,15.872116292366275
36.85,10.01,11.093713076907132
58.8,20.56,10.422367802919613
28.4,24.3,23.039183874888337
24.87,21.74,21.169688886116404
62.66,4.1,0.6934940347030358
70.27,16.35,11.591088801287832
70.06,19.14,10.678926101017085
23.1,3.35,7.469683035836113
58.45,13.54,6.7498445802987055
40.63,1.47,2.180226301216474
31.51,6.78,6.632402300782825
31.56,24.75,20.525500677107743
32.12,12.39,15.660930284966371
74.51,21.4,11.295174622405513
26.1,3.86,9.668085322763133
73.45,4.02,1.76689262746106
62.47,24.13,14.946642773863871
79.6,2.67,1.1757486332126408
61.59,19.08,8.715602029770327
56.91,3.83,1.3642976697414555
50.38,18.58,12.522457341546621
80.99,5.47,2.540714733515527
32.92,9.97,8.496046769288121
74.37,13.84,7.049096679101764
67.42,15.39,8.041474547598641
28.01,12.0,14.10576266525394
66.9,20.56,10.947048442953138
59.15,13.23,8.905402374392063
34.52,19.73,16.057305987262072
20.17,21.92,20.274210024976135
70.53,22.01,11.014536249085129
69.3,13.7,8.83562396618022
82.74,12.99,8.602141658968602
71.26,13.15,8.120950455671473
32.63,13.24,14.818584867779624
37.91,18.14,13.65401793642461
72.44,20.58,12.51738577653035
83.23,16.54,8.021495655673167
56.68,12.81,6.400169689468132
36.52,11.2,9.755671858843156
62.19,7.16,0.0
82.99,3.62,1.8336120475489417
84.7,0.35,0.1566939730775065
26.18,16.04,17.048787536560713
42.03,18.82,13.684857064538395
46.81,9.79,9.400814041818581
33.06,9.03,8.780249067654466
41.96,3.97,1.8722091448436577
70.3,21.08,12.861934223949792
62.23,21.98,11.258799547224365
24.29,16.19,18.960736566059992
58.95,23.21,15.587889181653097
37.6,11.38,10.629458954046193
60.33,21.23,10.524251570222335
62.2,20.91,10.786489205219729
49.97,4.91,4.902920965070691
54.78,0.52,1.515010107181484
38.05,8.32,9.987563413990111
69.04,17.79,9.107756813946741
45.04,17.46,14.242988973062353
46.25,21.7,13.579471824515444
72.13,3.48,2.5206628064295753
30.08,13.2,13.568569595028404
42.7,1.32,4.282930846517449
26.51,3.23,9.398159791006687
41.17,10.28,8.481812795454141
24.78,10.81,13.047651266174494
70.39,18.71,12.677386778941385
40.02,10.06,11.490187237436785
43.89,0.6,3.1083662728662
28.98,19.22,18.81172578981817
39.76,16.29,12.629176044363682
26.65,12.65,17.09364808137633
61.56,8.88,6.903920370816967
65.93,16.76,9.29064936978532
20.08,22.57,19.540031532028667
40.96,8.64,8.761469723652588
62.03,9.79,6.455952117461806
68.88,17.05,8.817570937816175
73.82,9.33,3.9895561408741993
49.02,8.64,7.80393079452388
38.25,23.19,19.153994974168597
73.06,18.87,9.188696876736032
21.85,17.52,16.659230760316223
68.38,2.6,4.443787428571939
70.54,11.92,5.7639356555222125
51.15,0.81,3.780434994406985
38.54,6.06,5.129176003660059
28.3,6.55,13.622884799407524
55.42,5.22,4.221413325369493
82.55,18.72,7.458885625653885
39.45,8.21,11.04571204467846
48.84,4.9,5.649802850825818
34.9,14.63,13.048741213736868
75.42,5.79,2.1315756417584497
66.63,16.15,8.482341069136034
32.36,0.27,8.983450180990847
62.35,10.25,5.486772529541574
51.08,12.02,8.769498838905843
53.47,0.88,3.0106928286985966
29.72,0.62,7.856274985254512
77.33,1.24,0.0
21.58,17.71,19.47815079224659
46.33,23.57,15.405400374671121
42.88,23.01,17.351387616152575
55.53,9.86,4.983420509357968
81.28,21.08,10.727730131388258
73.7,1.36,0.284713153316685
29.4,7.75,12.668710177440277
49.65,11.43,10.07377208709767
20.59,18.13,18.613638853446712
33.48,5.52,9.204725644069477
48.02,19.78,14.202352518233896
34.62,13.77,8.218754276502775
64.89,7.07,0.9954747273887206
23.3,2.16,8.97343365126025
76.2,22.64,12.091837116196968
64.66,18.23,9.0838156023631
70.09,9.63,6.951704995829307
27.43,4.67,7.663148352262499
69.31,17.08,9.516823473691725
60.29,15.01,10.12169625540004
64.39,21.12,13.196013147845322
31.97,18.31,15.55131338776851
76.41,6.52,4.3376903316862645
67.55,20.36,8.955894364462038
64.2,7.63,5.551028685581601
23.0,11.16,11.364469275077052
28.85,1.51,8.038418595055342
26.17,9.11,12.923654886924488
50.89,14.31,10.689590311343773
20.35,8.36,13.96138560644248
80.49,8.8,5.227380810478654
82.1,3.0,1.5624804747007177
61.18,19.44,7.60524313231363
35.72,14.43,15.577397998504267
70.34,21.83,9.595856172791443
21.85,13.12,14.107650036051016
63.62,21.6,13.134846798080503
37.53,15.72,11.891916414294412
25.46,0.2,7.443886882068882
54.57,5.89,2.4950467744511373
73.9,24.5,11.291407956481146
26.66,3.62,9.91019186167334
47.13,9.33,4.9966830076171505
24.85,16.62,14.638116495370477
84.29,4.89,3.7410166270485523
25.57,13.11,13.173692070516724
67.74,22.76,9.859091056479434
23.77,17.68,18.982667958532343
57.24,3.61,1.4444324264874309
38.75,19.52,16.188144190238294
20.05,8.02,12.078191645253439
48.38,22.22,15.267110781052779
61.63,10.71,5.992006421935946
38.91,12.28,13.747483512023633
45.15,11.14,9.13927287525133
32.92,7.64,10.495714364551532
53.23,4.18,5.910432094503928
45.52,11.97,10.15888394806033
59.63,5.07,1.3332052280997209
25.91,5.47,10.918106818212706
78.64,22.93,10.9826993281309
23.25,4.67,11.15572013485333
48.27,23.67,12.927550461065675
43.98,24.45,17.822995606635814
72.46,2.85,0.0
22.79,24.48,22.374773369388834
45.68,10.33,6.815443176939033
51.24,16.18,8.961960236084064
27.21,8.93,14.274320258424153
80.41,12.27,6.066478886705097
49.44,4.78,5.9708959664340195
33.35,15.03,16.09408795406678
34.58,2.04,5.794090677463171
33.18,11.11,11.019027525638705
78.89,22.73,11.691985374421012
84.21,8.98,7.477869312269204
73.91,15.33,7.323538732516725
36.97,14.49,12.336872960928284
47.89,21.73,14.784504887040443
48.79,0.45,0.9207042882589067
20.58,14.41,17.81681453260085
44.05,8.46,9.18146056170736
37.56,0.37,5.58759705450003
45.17,23.83,17.050740917736164
73.57,23.46,12.822525009843728
68.38,11.97,5.512251642124797
53.5,1.75,2.660160794841795
76.99,20.74,11.597901823034551
79.87,5.83,1.924078969998203
38.79,2.27,5.082886858858161
67.22,20.48,10.885970565136125
64.8,22.9,10.009970492829499
23.05,12.52,17.121389240468083
61.2,4.8,2.2753326303001997
79.61,6.55,1.3583236006146429
75.85,15.54,7.998120835538469
57.37,10.23,4.396712815211307
77.94,21.1,11.696137149940684
62.57,4.6,1.0295986437391744
50.59,15.65,10.593662036777971
56.45,22.06,13.36925500974559
70.81,5.47,3.7428812236345297
46.43,5.53,6.492197162459214
81.69,2.23,3.8654147989889234
83.49,22.74,14.64010723905603
25.36,8.51,9.638734417508125
42.38,17.5,16.310480063878963
63.55,2.29,1.5744244417436302
76.57,3.22,1.5688344735786968
73.77,21.04,12.08437170068731
53.26,13.95,8.47880286328181
84.9,24.44,10.502650467572282
54.8,16.76,13.058870339690047
36.3,14.48,10.175227077726836
34.58,13.38,14.065749927473394
63.89,9.52,5.682013550083802
28.57,2.7,10.600040654272256
54.14,0.31,2.4522478551116063
68.68,16.12,10.302465124594411
38.05,6.67,10.005895882570602
75.31,21.62,12.836128478228195
66.15,22.12,11.863431395816336
68.93,12.86,7.938578584655584
31.02,10.55,12.992353401666815
72.42,7.09,4.001836851322687
43.75,22.38,16.0682780607707
33.3,9.39,13.399913723152505
42.12,4.88,6.513156295681165
36.7,16.09,13.078094735356848
45.71,5.3,3.787599794520942
43.71,0.69,4.721434925634391
40.56,16.63,13.92367953687425
59.62,8.81,2.5556263693455965
27.68,22.98,18.489045057001984
20.12,23.31,24.552215691243987
58.5,2.5,2.7477973165788647
41.1,13.05,11.164549191710037
74.76,8.8,6.929242900954744
83.28,20.55,11.910770922224179
36.49,20.99,17.96979759105932
67.15,18.95,11.693066433483919
56.99,22.78,14.645998486035486
22.09,24.36,22.76269942098025
75.27,8.02,5.2260460470730346
68.8,4.75,3.753204331864669
34.26,1.74,8.15878425192543
42.02,18.68,12.67331795298619
48.98,24.8,17.249960151324967
76.92,16.25,7.237786293312759
49.11,6.47,6.020553121800894
79.24,22.08,10.094943694867062
84.68,12.56,5.8279997912708765
56.82,14.44,8.653555734004252
36.54,6.78,10.325720699871741
22.37,0.69,10.978452466750639
81.37,17.27,8.20801744143545
25.71,19.48,18.333266004018345
72.62,23.99,13.287242414604185
66.44,16.89,10.02222545306196
70.31,7.79,1.6843515145591028
64.45,14.8,8.727498686366765
31.43,14.52,14.753993445869591
30.38,9.69,12.155410382615218
37.76,21.96,17.809020424580268
36.2,10.2,12.932882150088146
59.99,3.49,3.3209792141046064
22.77,17.56,20.48354625284346
77.3,12.19,4.5423547037702745
72.92,4.85,0.6852965713961705
43.37,20.94,11.643935320760093
51.8,12.88,9.338606630099216
53.44,23.98,13.25585994031822
38.78,14.39,12.99305676770435
45.91,22.5,20.138729574810654
72.41,8.95,6.233844089752008
21.97,5.32,10.360012686408227
24.38,1.57,9.197661730180153
50.79,11.35,8.695804203177552
53.6,18.16,10.314840290708402
55.51,24.78,14.747541698515732
67.41,21.55,13.453877771534682
33.7,4.55,8.984068971695875
58.1,24.12,15.001447284843133
70.78,9.35,4.521928693865188
41.35,10.59,10.399109449861864
84.9,22.87,12.369871256821268
80.94,16.32,8.05363240099706
31.16,17.03,17.261608971768613
63.41,16.87,12.303074093857347
38.91,6.02,7.821064670712552
76.21,3.55,3.428554945477916
77.82,17.16,11.99819268622582
52.21,13.85,8.260187134204086
45.58,0.16,5.402130922030963
58.97,24.73,12.689662346245196
36.21,4.1,5.387514143597309
33.32,6.33,9.519579233248432
69.01,19.23,11.822322894514693
81.13,11.79,7.692937846557031
59.9,10.69,6.772644577627335
63.29,6.99,5.670674052683444
80.77,10.66,5.210394985673802
60.16,13.86,7.430842031491779
45.21,6.73,8.595740023112716
68.54,24.95,15.352875697627587
48.64,6.25,5.902235937489716
68.09,3.86,2.212466249493268
57.6,23.68,13.457875062171759
79.29,7.25,1.9517384410304799
72.43,12.79,6.86561096807496
57.83,15.95,9.77276045681263
30.07,0.63,6.734527786763492
60.59,9.56,3.7448138575894627
37.57,23.17,16.35140799700271
53.8,19.4,9.042466938358617
55.01,0.16,0.9658537498800809
62.86,8.86,5.259775722360189
77.52,10.07,5.336363101407691
45.49,2.46,1.9994730137604333
66.39,14.48,7.53936563136624
38.48,14.01,10.236192211268945
75.97,5.55,2.5021316000941525
63.46,12.45,6.395248247766135
82.76,20.76,12.99488393126549
78.93,15.28,8.848800591905162
46.59,4.26,5.766999174082963
52.56,17.86,10.485293703336545
46.8,2.53,7.361312426901744
38.89,13.53,11.307093974005955
26.67,13.38,15.562155169837263
79.0,20.21,14.529485700535615
34.38,22.22,18.20451072436886
23.71,13.98,12.960424208994413
56.38,20.65,13.365886699144392
72.72,22.48,16.5740501028285
68.49,16.52,9.869961565425433
60.01,17.16,10.946573832027097
22.88,23.3,20.80985867323368
25.29,13.77,18.265299919604402
40.43,10.72,9.876895105976873
80.54,16.55,9.824186665241474
50.67,23.14,16.824413667000243
81.3,0.04,0.8241761170138608
53.78,10.03,6.279530710430156
39.35,7.68,8.464135623250636
66.53,14.98,10.390290274400098
22.95,10.06,14.652230496105558
54.96,23.81,17.11186415679743
36.38,23.98,17.428378826080134
71.18,21.44,8.648636782628863
62.43,16.7,11.872415807461831
74.49,18.55,10.028649806422697
52.3,6.22,4.076560779172066
42.12,1.39,4.665921236589254
64.92,10.03,4.100873568962655
81.57,11.37,6.5678254583318045
72.6,1.13,3.468252455016658
25.79,18.76,19.733373586043
24.16,21.92,19.77876833365927
65.29,20.16,12.205873672713784
29.29,5.09,10.416403638925233
76.28,6.7,4.437071396436481
33.81,7.88,11.269288401080075
55.75,13.52,8.91527569018468
37.71,22.55,17.220713444603323
42.29,8.67,7.880424310317445
71.85,2.4,2.0586953912832753
66.99,5.69,5.835721982881331
62.3,9.8,7.455336743550731
37.29,17.12,18.907669702025565
81.76,24.05,12.043821317634817
49.41,20.0,13.323762605582155
55.64,17.36,11.445978876032909
27.16,12.04,13.548592601965915
81.09,20.81,10.383658238538196
31.22,5.59,6.721350926514806
46.43,17.19,14.608825504593439
61.9,23.63,11.879380180164087
78.98,21.9,12.064107258322716
49.58,1.7,5.234157028078014
20.5,15.18,16.290739379897055
72.82,10.91,10.68102999827987
69.85,24.55,11.254388528119375
61.69,11.66,4.490349839874304
52.75,5.19,3.2522494751043514
20.61,17.24,18.12599214655313
44.67,13.2,6.654984647799859
52.21,16.86,12.055334214185244
39.3,22.21,21.220286622538165
49.81,3.91,7.089670011622682
71.3,1.02,1.9778251352313885
73.25,9.02,2.2948991766871663
80.62,15.86,8.161300318330873
55.07,18.45,10.87051351407258
80.79,6.59,2.1028553763795865
37.16,12.74,11.694816278731038
37.14,7.87,11.062151104987347
30.82,21.84,18.00534973837581
77.59,7.42,4.038988084004108
32.99,20.56,17.623898940152692
36.51,9.59,11.203995420281059
32.44,23.12,16.421030583773895
84.56,19.94,8.949261280429099
50.7,15.37,11.968882002866254
27.17,1.75,9.529056004586113
32.98,18.39,15.640882284684634
23.37,13.37,14.613451205709033
56.42,17.75,7.2806956056308465
41.55,14.28,16.14085598373572
61.04,16.95,8.95243394583151
63.85,10.84,6.177303495827716
31.74,16.55,16.717920219009397
45.37,0.71,5.5903353343424005
72.61,13.54,6.298525834753747
29.11,15.68,14.853164351560007
31.87,14.24,14.900772054728561
34.92,6.84,8.09587697291191
49.81,4.97,5.229161485117349
32.4,10.8,9.83424165663682
63.34,5.33,3.309340580091108
84.99,19.93,11.647956984022777
44.12,24.74,17.968558803421633
63.71,16.93,8.68000954095483
52.27,4.87,3.8857812637230196
76.35,16.28,9.055796083432288
53.19,14.4,9.211423165356207
50.05,19.02,11.262780404450004
40.46,16.74,15.155229189221327
53.57,1.84,2.184127471491497
65.04,18.58,9.879720755429917
28.88,14.33,14.362816319552705
66.43,18.99,13.331137200696817
57.15,15.27,6.583042134990709
74.58,9.3,4.643653401914742
45.24,9.06,8.412521771362215
32.93,5.95,7.28157926368589
27.3,18.53,16.72041611467932
53.27,11.74,8.75890364369496
33.49,18.76,17.22604352261485
51.89,16.84,11.109913617433891
73.58,16.12,6.882755721699434
28.48,2.41,7.3249818853506135
55.0,17.33,10.756949556194073
21.48,19.83,19.78439878120543
28.2,0.42,7.099845012868898
37.28,1.09,4.680964357787975
69.74,0.31,0.931454139964568
60.97,5.25,3.6835650699235876
37.22,18.71,15.105329858338603
59.22,14.93,7.720874029233076
28.06,13.99,13.989106465685557
64.25,14.32,7.454161769599064
43.96,14.01,12.054948250398795
82.28,0.13,0.0
37.07,11.05,11.76417730753008
65.95,9.89,5.384389440692737
71.57,11.63,3.2870476412904726
49.43,6.9,6.4434983691490935
76.11,15.42,11.523206573544526
65.01,12.52,7.456162676607632
67.41,23.66,13.189606709419719
37.79,7.96,9.324287876312653
47.82,17.34,12.412267536218774
42.93,0.39,4.814971518544967
37.46,23.19,17.190763572754257
57.78,3.18,2.6906035982853824
67.78,8.21,4.5786343101930855
56.78,20.62,12.856605525830602
22.87,13.56,16.31675785754486
33.73,6.22,10.255467956936965
48.04,20.23,15.068019051723677
69.37,14.66,8.583861068002632
22.87,8.27,10.98759542152224
34.44,15.42,16.32707073095288
47.15,24.25,14.41618986655777
55.51,4.46,1.0071458893802525
61.83,19.85,8.481284761859701
60.93,0.88,0.0
82.01,1.14,0.0
57.44,24.52,14.630636776750091
30.36,14.6,13.854759890471085
22.89,15.4,16.77961262516749
32.57,19.68,15.86562943134234
83.15,6.6,5.011604776094431
75.65,4.28,2.3929773616292005
24.43,12.26,12.537142652784183
58.46,15.34,6.9659453627545185
53.54,18.02,9.976902381940416
73.83,13.91,7.7262881598985675
24.52,8.79,12.175230524869741
53.62,2.06,4.089872526399207
80.72,0.36,0.0
71.76,5.61,6.208085651415678
67.65,8.33,2.600365990569019
78.63,10.09,7.071269921692053
38.47,0.06,6.396452926965878
73.32,19.56,12.22784672398145
41.1,23.3,18.809741673882733
80.05,22.16,12.365682999188396
42.05,6.83,6.2632802189391406
72.51,4.78,3.9007458654062193
35.65,8.46,9.286768439134324
73.18,7.1,4.084083387835801
48.43,6.9,6.048585370692376
83.89,13.49,6.609025931436132
55.64,23.79,14.610197887009765
49.01,7.4,4.070469900162561
26.05,5.12,11.482120996699447
31.22,3.82,7.668770149268758
82.61,11.75,5.500052813094902
79.75,22.94,13.300284185307065
80.44,3.35,2.019105515341622
68.02,6.48,4.7639732807721415
35.64,14.23,12.305189030527464
23.95,11.73,12.511199881877095
83.96,21.85,12.8375838768013
76.32,1.48,0.0
60.5,4.32,3.305265281600304
43.17,11.45,9.391692142373147
36.86,12.68,12.014871191903968
40.21,11.74,11.592209919667491
26.55,14.95,16.234802478009044
77.91,24.49,11.63566863282136
44.38,3.07,4.723030519092179
33.9,13.14,12.53744534770363
84.26,19.81,9.062305959207182
67.24,8.93,5.411652511286457
49.8,11.88,9.891046708039
21.07,4.98,12.969546185119823
32.15,17.38,17.83188511856182
34.4,22.51,18.852939715951873
59.38,4.1,4.434750976518124
62.71,10.44,6.2985750765355
68.26,10.87,4.373420729570949
51.78,0.02,1.8146009516396369
39.21,24.26,19.227323580969646
40.84,5.57,8.211925187827998
71.25,12.27,6.126950147142234
81.56,1.87,1.4746687516942765
63.97,21.26,12.08802799321581
55.59,8.62,3.7083973219544912
81.87,4.16,1.979658560806958
77.21,15.47,10.014765341393456
78.54,10.27,7.633437268053715
45.43,17.78,11.091129832387281
70.56,5.79,2.9333751612339176
41.71,6.74,6.526065148163628
59.4,22.77,10.469777763800518
37.97,2.57,6.993539192413498
75.08,16.97,9.06039622954705
71.19,14.63,7.228808349910414
46.61,9.92,8.640773293334876
50.55,23.16,14.638567272739737
67.46,16.55,8.570203973060261
53.46,16.56,9.183001810046948
71.82,19.09,12.374962579622599
49.04,1.47,6.302448314567593
33.99,16.21,14.685860820518547
82.38,14.4,6.805460609876889
71.61,19.75,11.062930147886448
67.12,20.36,11.502588318964829
78.47,18.34,9.385751339705273
26.75,17.41,17.468257341356335
77.24,15.21,7.217507948915303
67.08,19.67,11.33275890200254
35.58,6.39,6.596309281263236
50.43,8.51,7.670543770544029
38.0,20.32,15.18564983053105
27.86,4.08,7.291321844567856
59.22,24.61,15.352568014462452
43.58,22.0,16.453432735718113
54.12,0.17,4.664038434374708
35.61,22.28,19.28185677630719
83.71,4.64,3.0483863919556677
48.65,13.74,10.3405385656062
39.37,8.66,9.444179359701192
80.7,24.63,15.818029596060086
50.17,7.28,5.161700343872237
65.1,9.54,3.7160314669977863
77.42,17.75,8.113442155791411
27.23,2.96,8.769013338582402
46.27,2.8,6.788480070156211
23.11,17.9,20.659522496431414
57.57,17.75,8.855328026181123
75.62,14.52,8.147341708096118
32.88,6.21,5.176163225324354
60.34,3.72,1.9211221563447292
81.58,13.02,6.189831137070231
73.55,24.84,12.371673842582728
64.47,2.91,0.0
48.09,5.33,8.49230555357233
69.83,21.7,11.063317139171465
56.35,17.12,7.401423953683214
21.82,9.09,15.38227265703598
23.43,10.77,12.721241529574268
24.72,13.34,16.574911831958993
23.79,11.92,12.5407380645207
47.52,20.12,14.016046396100867
22.93,7.71,13.179771257036672
79.06,17.66,7.659446099566442
81.44,20.43,9.874444191940468
39.84,21.43,14.714664134997347
39.04,20.53,16.337871369837647
65.85,3.3,3.9118362048378152
70.84,15.76,10.162809881917518
58.75,11.58,5.887459072582308
75.16,5.67,3.2518184671450348
23.35,15.77,16.439952430049086
65.98,20.82,8.970890569048496
20.23,24.11,20.745279529700447
45.47,18.12,13.872182977621197
76.03,1.87,2.7098205417797674
24.41,17.12,17.489115209657562
33.99,9.84,12.029501087279982
77.96,9.27,3.49253087859972
44.27,8.05,5.432245820846365
77.95,24.83,14.070679591294251
27.27,21.74,20.854994298737438
57.94,14.95,5.315029038701436
81.99,24.31,12.679786381847617
27.06,8.35,14.7956322256579
63.7,15.5,11.232889058090471
52.6,11.6,8.325064227516743
55.74,5.82,2.5767755934037604
71.23,16.67,8.55375113646524
58.76,3.19,3.2664310192805273
50.92,13.32,7.16185960826745
20.16,24.49,23.123085870429858
46.89,11.61,9.898689797902874
72.88,3.36,4.062213495372653
41.1,2.42,8.518151532096544
57.51,17.76,10.959103958432788
23.65,24.24,21.201854345895423
21.8,8.19,10.478210135801547
38.82,21.14,18.139217590141683
20.92,8.75,12.013238544899151
78.21,5.57,1.4668269649615846
66.42,22.55,11.166282480231272
54.55,6.43,2.51405558890501
73.64,10.88,4.514558671724307
26.22,17.2,17.19828620704094
75.26,1.44,4.10119795531004
79.39,16.76,10.950540158662012
58.27,24.84,13.190224280753812
31.49,16.18,14.959434380907986
20.1,20.94,23.051844008208956
37.3,6.38,7.201317459071149
60.69,24.53,13.97373785121292
79.74,23.25,10.840002921678257
59.71,13.46,7.7099655028438425
31.91,8.19,10.716443461147602
32.46,8.26,11.852969909652622
21.53,0.81,8.543959133776127
33.05,4.32,7.257900150666231
69.66,7.78,5.33139033783546
49.62,5.15,4.815852972996141
32.18,22.0,17.41249002388797
44.75,3.49,5.042755082282844
36.35,7.22,8.247074248959324
30.5,21.79,16.79183478429774
28.12,19.56,15.321883706973255
65.45,10.63,7.242163733317833
78.3,11.8,5.068440799649691
54.23,9.76,4.653551160318195
48.29,12.97,9.674578409338096
40.75,3.46,5.657982838472022
84.4,0.72,1.4881011784394418
80.48,13.19,5.991505181477047
63.74,1.56,1.318883224803853
47.82,10.52,9.008927468465767
68.67,14.7,10.862640259763431
82.3,6.29,4.0048324628107
80.67,0.71,1.576331672645376
49.69,0.4,4.612951711476628
81.57,10.95,6.4613445122668525
32.82,1.28,7.50386692929297
78.67,4.18,1.9357896282815847
23.75,19.05,17.686751047518726
45.18,8.85,7.993892818231022
32.64,1.89,5.7284461356140115
63.93,22.94,8.882890941416383
75.25,15.21,8.731487437534204
37.83,20.18,14.820953133085585
30.67,15.52,14.712964107297106
73.79,16.8,13.229523103090873
50.68,5.0,4.912112931772076
71.32,20.85,14.905014393151307
37.16,21.67,18.088065261188017
53.82,8.52,4.467936225177593
69.01,1.56,0.140700430255272
84.79,9.33,2.8943266859391943
35.48,1.44,7.159588952248953
57.78,15.84,9.14047909557689
31.66,2.82,8.388574175674934
26.31,10.92,12.157062212890795
52.52,11.13,6.270931488937905
20.76,24.04,20.92416894517177
30.97,7.34,9.328560621563554
52.53,5.4,4.503628913919065
53.48,24.73,13.96831820375588
64.72,4.53,3.349566715169141
55.24,12.33,7.762910803380855
43.28,2.06,4.220882943605225
68.15,3.44,3.748320267751941
57.53,14.11,9.381097131819558
33.27,21.15,18.637174251808716
34.51,7.45,9.084140292023227
21.03,1.34,9.311079437395174
72.1,1.99,1.5454142695029907
79.3,3.5,0.8095069133325126
77.73,7.7,3.568385219983344
67.39,22.69,12.278895371813707
59.08,13.48,8.375786848642772
76.56,3.9,3.5174651487094253
52.77,24.09,13.311066774881176
47.23,8.56,7.384050531531832
30.45,18.93,15.175641328544483
50.58,13.41,8.522095914956717
81.09,11.43,5.279643498030918
69.67,23.03,12.494703096835426
31.74,5.18,8.393796163018393
42.27,17.47,12.850946069947781
23.6,20.23,20.300938305385746
33.48,10.0,13.294740416928564
33.0,0.62,5.2036606895208894
55.96,14.43,9.324957970236
82.76,9.99,5.821832124295358
63.71,5.79,3.5394474178600857
65.59,15.19,7.883044919071432
42.29,0.65,5.0858725538620755
56.29,16.28,9.804461997814903
80.12,2.14,0.5694846590455876
23.83,24.04,19.18579654560679
59.14,23.49,13.441272918695416
40.91,10.45,8.940468261681875
47.63,19.8,14.88659883686191
74.93,0.02,0.0
58.26,20.86,12.744472418777457
72.07,21.82,14.057888736139613
57.27,22.26,12.98707225642512
64.15,13.61,6.86793101785898
27.66,1.84,8.310323374318408
34.3,7.48,8.46427542880388
54.83,11.35,8.505939557087055
46.93,8.38,7.474346097053571
31.7,6.89,13.732175314201621
21.88,21.62,18.752307385194204
65.65,21.98,9.768523800618826
78.79,19.3,10.417925877167994
24.82,11.38,12.28353234256595
29.19,2.47,10.288291706050332
26.79,5.59,10.190620563037495
82.79,0.4,1.1201722255064184
71.2,18.53,8.719154819643236
57.69,11.97,8.516757839548811
65.48,10.43,5.728718301634878
81.81,8.55,6.300278149240835
47.41,0.42,0.21932339348844998
36.34,5.38,8.210582387404354
25.59,6.61,14.338766229679397
60.4,0.34,0.0
72.36,21.61,10.947384198784773
62.57,8.36,6.772504348442747
62.88,19.25,10.75622916810167
50.52,5.84,6.919496095525311
31.79,8.33,10.95277603436888
35.45,20.41,18.956783492970562
33.86,8.54,12.001222896423629
48.37,13.56,10.652747587411405
65.79,4.82,0.0
28.92,24.24,21.700985895486493
24.78,10.16,11.943658107792967
57.68,24.0,13.321915790478815
79.24,6.8,4.680845700203605
53.62,6.05,5.096242806362198
30.02,9.24,12.710896102839873
28.82,1.89,9.954983014584432
37.28,16.65,14.766093568955256
38.94,18.76,15.001245683448763
25.16,15.36,15.36717116492245
29.98,4.2,8.242050813992092
62.4,11.09,6.043889544246599
48.81,22.65,16.86384603310119
57.43,2.78,3.5018846731265647
53.53,11.52,8.996402095841022
64.9,24.6,16.107197091959332
62.75,18.34,10.064528369038984
24.04,10.59,15.900116606415834
66.76,9.23,4.935457078249223
57.37,24.37,13.176759605732485
27.41,23.42,19.400768329911084
75.0,24.05,13.812512461730588
51.94,16.88,9.213714957750902
20.34,11.28,12.457084794367216
34.39,8.39,11.383032121789071
35.43,6.31,10.545883105583403
38.52,21.53,15.591873962800616
42.64,13.24,12.076708519498453
30.9,20.11,19.458820524158792
71.38,0.25,3.497148239459235
71.6,6.45,2.167215755549221
43.07,13.5,10.963234191817653
73.62,10.66,8.243824367968847
34.28,22.31,17.45520085575747
39.23,16.32,13.508212831292267
47.07,20.31,15.101041600820626
45.15,14.54,10.941598896722844
76.13,22.21,13.833497899312022
36.58,16.6,14.278252511145464
61.18,18.25,11.330881860419323
65.91,12.63,6.092278558643806
57.96,0.84,0.2531549586663431
72.81,8.11,4.347674754297685
48.95,0.85,3.262051887470767
73.68,0.55,0.0
64.47,8.36,5.151574637044511
27.79,20.95,18.47095990360772
54.23,15.85,7.932479968147527
27.46,10.11,11.879059712097021
67.1,10.78,7.9881691907823615
47.6,12.07,10.758922606036245
64.29,10.42,3.6500716654671157
21.14,17.33,21.347787654641305
51.81,23.33,13.106782143742755
45.63,7.39,9.37366474121221
25.03,7.26,12.118860709155634
50.87,24.64,13.711784443016485
61.3,18.37,9.455458119629478
72.93,0.31,0.10115627786850916
24.6,16.28,17.636719669286357
45.69,16.63,11.68328380943669
32.45,8.19,9.034149366489338
44.13,22.41,16.815161292015677
67.11,8.41,3.1500616555061027
65.82,13.17,9.150022445582044
54.12,19.58,10.492560793964941
77.89,4.46,0.0
73.0,6.89,4.415252865350223
77.95,16.01,7.965970873292964
81.84,7.24,2.967903145129985
47.06,14.57,11.236342926510531
37.9,20.8,18.423202060973612
82.58,7.81,3.0231307373013685
48.25,7.7,9.100581565726317
49.95,16.64,13.353098397113868
25.93,13.54,12.621986077350737
62.91,23.68,11.978204165518509
57.88,16.95,8.523652886385424
78.17,23.21,14.734181257436127
48.23,22.1,15.895749268204284
78.34,18.7,8.75216552731692
37.1,8.12,7.519910216838424
75.31,13.24,7.5171076191894945
42.7,4.28,5.140069923660129
65.84,14.05,5.6924400480935535
45.23,12.24,11.659181394023463
69.35,22.93,11.490104331382273
47.49,4.47,4.608940353543026
58.06,20.63,12.182816416772395
24.01,2.33,9.708040738654876
53.18,10.32,6.200867550784168
46.53,16.74,13.958256909839735
64.26,13.66,7.101361502415503
58.34,20.72,11.751254333997322
25.15,10.32,13.427149577743322
50.81,20.92,13.53699547538446
25.86,23.3,20.25056819125019
77.3,3.52,1.126001013956424
53.17,5.62,5.003243284652043
56.29,23.48,14.726316815421162
55.79,22.34,12.37225172264972
70.27,16.7,8.94958639040992
30.47,22.73,19.50479938991679
44.4,21.08,16.40546073127922
71.9,15.93,9.984648926796241
74.47,10.56,7.982977674505991
46.14,5.34,3.5235206038351485
25.74,8.09,12.745695433774246
78.92,23.56,13.135718001774716
23.29,0.88,9.42427513175569
48.56,8.39,6.834327160624672
83.51,4.47,4.5231508691453
63.63,13.96,7.482429550319656
47.7,20.03,13.579773053953886
67.02,17.07,8.609990857339271
35.23,10.36,11.134215821504805
46.31,21.59,14.569613030953084
60.76,12.55,4.84048882802743
36.21,1.37,7.685497902121699
48.92,15.12,9.237400183878204
38.19,22.38,16.836775762958275
74.12,2.01,1.738615582188065
23.22,23.29,21.92036339847364
37.04,4.29,6.474454831003443
26.58,24.56,20.499332128540708
47.94,7.5,6.349626446528173
43.08,19.0,13.585999911910681
34.67,6.95,7.280859542880002
72.54,3.12,5.172691072850921
62.56,4.86,0.8027742819719015
26.83,7.89,10.638363986511845
63.92,20.85,12.616135989853507
66.94,8.75,3.5606347819394477
32.28,18.8,16.163209421770528
34.6,15.24,14.316631498512578
84.31,8.39,8.549627286529315
71.92,0.69,0.24593743710920038
63.73,23.71,12.123497977021545
51.83,15.73,10.35292610182793
27.86,0.47,6.456211450964608
75.74,13.6,7.457352722383036
38.28,12.23,12.78228417767804
21.02,20.6,19.900237096136912
47.42,24.66,14.14528861168045
75.89,23.87,13.942985640065595
72.35,8.95,3.3580743902829067
32.98,3.73,5.952376392619952
23.53,19.31,20.59595476321289
21.02,7.56,15.921632854373456
26.21,11.07,11.930984521475636
25.0,18.94,17.591428157853617
64.25,14.5,9.983831224140829
24.46,5.37,10.769230458101923
72.74,12.62,5.2260921211910585
72.21,4.94,4.202038404178209
55.8,23.06,12.77930878454111
31.01,23.23,21.662864517612714
52.17,21.19,11.495152327897257
20.46,10.03,13.821368988358778
46.67,16.94,10.83830547186681
48.67,1.2,1.9208754454481558
61.91,11.07,6.57319986817083
44.06,21.52,16.354897014142537
45.46,21.02,12.892977509662158
58.45,13.42,6.592261343343206
77.22,9.23,6.631251475888382
39.55,4.86,8.844580792980386
29.86,19.6,13.966230359954729
59.01,13.36,5.638677375839241
70.63,23.82,12.298628215304038
24.46,1.13,4.847259344640091
41.83,12.6,13.178860636485311
74.82,17.25,10.519180386086575
47.01,5.74,4.677309114642761
61.94,8.32,3.737327360598351
44.74,22.74,13.543568625419049
26.4,0.08,9.301226784413162
62.46,10.87,3.314023920026747
22.71,2.27,13.008230170949416
55.13,1.99,2.34178112740405
79.54,21.57,9.890809182594513
53.38,21.44,13.911829481987224
74.47,15.12,5.078949823987221
67.48,13.24,6.608163978458387
44.59,14.71,12.824683716207742
53.12,20.78,11.490522371429872
32.03,6.27,9.421854245097418
84.33,6.86,4.210113373972472
64.28,17.36,11.50950533047988
49.63,5.74,6.2891916761989375
51.53,7.73,6.851589682009948
55.29,12.71,7.638736661577672
35.49,5.58,10.250148362568762
61.14,11.57,5.9014660706971025
82.38,3.09,0.635768875196254
68.64,19.16,11.4662664622773
36.41,1.61,6.7292338389173505
40.98,21.72,15.713857988087645
46.12,0.9,3.6955918491179554
44.2,13.44,11.282258370793565
79.95,13.72,8.911598113385175
67.17,19.95,12.259475131005203
36.48,16.79,14.045924337883557
81.82,22.09,9.901485445027093
38.8,19.44,17.846290791544632
69.21,9.82,7.390817935659436
65.19,16.74,8.197434828885033
75.43,0.46,0.0
73.25,15.91,8.470923182472198
37.31,6.81,10.104866474501609
50.7,11.69,6.230581308764059
84.07,10.08,4.936898249836411
78.23,0.16,0.0
72.39,20.51,12.096381958036421
81.13,16.35,10.992714749932645
65.74,6.16,3.2134562619182914
34.16,12.13,12.62907887526595
24.85,12.95,14.736180530084681
39.02,8.99,8.989953541597167
23.25,17.71,18.986457666620087
50.2,8.6,7.850331337082288
42.93,3.76,5.325022991616936
78.31,3.83,1.2250570131522314
67.41,18.89,11.283920242404712
32.54,9.7,9.653236837054553
66.75,7.62,3.6403784425339705
62.75,7.83,6.882684097486436
63.01,24.0,14.625743996726968
73.73,13.12,9.752287866454745
62.86,22.03,13.266399893426662
78.23,20.72,12.109971302221467
29.63,7.84,11.620148065417858
66.99,13.99,7.903645576159709
37.6,17.74,14.83695790390889
71.45,16.25,11.764854285748466
23.77,21.73,20.43235796950355
61.25,9.99,3.4414910056995938
62.52,21.78,14.754381374189698
45.28,7.6,7.325485580496526
82.17,8.96,3.260941186803044
32.21,9.1,13.599790099096868
23.01,8.39,11.253003212287428
79.93,3.53,3.663348267114033
35.85,1.43,3.471073680017234
41.0,3.97,5.891151811181055
58.51,20.61,11.576688368304236
59.62,13.0,8.374419330467987
81.73,6.28,4.017665706868107
81.45,3.55,1.6442298196304808
49.49,20.3,15.915434478911768
37.48,6.44,8.825634605323733
54.56,6.57,5.147775829049796
41.59,1.94,7.102184648238739
36.33,9.37,10.583294451686188
66.98,10.74,7.011423433280347
48.22,6.38,4.557620606968629
81.44,16.77,8.984719675205689
37.86,14.11,14.018235537888469
55.78,8.22,4.162548171088115
65.13,21.55,11.976264267995614
68.8,6.63,6.959219442836273
57.12,14.21,11.406920000922208
58.61,21.55,11.816131847269766
46.57,11.09,8.191359346689719
28.92,2.15,7.728232134046268
47.51,12.39,8.552419450026523
37.38,16.58,13.241008880958896
43.32,0.19,3.2315456812869154
51.33,10.22,6.136632540102406
48.64,21.08,15.193064523138894
76.36,11.5,7.666332865272837
81.46,12.26,6.84440991426576
74.16,9.29,4.75627830119209
72.36,6.77,1.3171703580968575
51.83,13.89,9.996262638135658
39.67,21.16,16.841855485450175
83.59,10.96,6.307318504407542
73.61,12.77,7.493724224770475
57.35,21.72,13.3653888203956
62.26,9.75,3.7070328680563507
71.5,19.03,9.577889033887333
61.29,14.87,8.20324786953597
24.45,7.44,12.37978710886536
50.5,17.66,14.497285454414918
26.95,23.74,20.540893371415248
81.63,11.15,8.499605188784596
61.02,17.26,9.637187366174743
84.75,5.97,2.8587769192933825
50.74,8.61,8.42963874962069
40.14,8.75,7.932863758218684
44.17,20.05,15.54747270128199
51.09,16.82,8.750576340299755
84.35,10.42,6.941814743547456
51.29,17.96,14.04608040932305
20.72,11.22,15.304652176401992
54.11,17.23,9.852590341982381
67.2,5.31,0.38830051220606876
71.73,2.25,0.23559356101329687
33.23,13.94,13.606193067044112
84.53,24.16,13.970134530488444
45.14,17.34,14.212840717041335
44.18,14.35,11.253332421744586
83.99,3.56,0.9318208592198403
49.29,18.22,13.145047690852405
47.84,16.05,11.4988314275906
64.26,24.49,12.994957133634903
46.93,9.05,6.709629512659767
49.05,21.31,15.734936002222426
55.34,9.07,5.774539917087436
44.22,2.01,5.836400887858353
47.98,13.62,10.680127862725099
55.11,13.29,8.467586888664515
22.91,12.61,16.390429876656853
71.94,1.54,1.034639547447383
74.27,24.35,11.21603194120458
35.53,11.66,12.111963747250094
80.16,13.74,7.919970074930223
25.1,4.54,11.613198796548309
63.53,18.48,9.613701686312417
26.58,15.66,20.254988487907223
81.74,18.52,9.102192860756087
59.68,9.41,5.43505672019272
49.36,11.99,10.013700650258816
72.76,3.59,0.2684414699803326
45.53,18.35,11.852087854114284
61.54,10.99,5.102272760114245
73.53,24.84,14.826509237261634
72.34,11.42,7.4313385371581795
78.74,2.85,1.2543297056180953
59.65,22.96,11.832106977397595
64.84,14.47,8.259786618676365
77.59,24.46,14.289726460144667
69.45,20.87,10.313119500621811
82.59,6.56,2.9516664378309576
58.8,9.92,6.249924827495161
64.72,6.27,2.712082401691432
80.32,5.77,3.609611188542071
28.27,18.04,16.41362739059917
69.3,6.39,0.0
52.15,6.77,7.136752712041703
30.25,4.06,7.345559749281784
61.07,14.89,7.278028991770713
36.49,18.64,15.905471204990176
34.56,13.7,13.988965446888443
31.53,13.3,14.207754484518993
21.83,2.41,12.558447015382091
20.74,3.61,10.170022626796387
35.56,9.11,7.547068399104895
40.09,14.55,12.27581666039557
42.97,6.68,4.735629688307921
36.71,20.24,15.708558721771212
59.44,4.89,1.7663219100907634
26.82,19.26,18.94481861210383
77.31,2.72,1.6761634483088625
79.42,16.43,8.853994537859029
73.7,13.76,8.330902828289018
64.59,6.22,3.1150235440244542
54.75,1.01,0.6849874094415613
65.58,16.77,7.563685983852455
74.29,3.0,2.8851714956891796
50.16,11.19,6.355620681621288
21.3,7.03,11.494263033143358
41.83,15.8,11.289509542653184
57.37,8.21,3.5276300156560154
43.26,22.46,16.0841329366496
25.66,10.66,13.804785540628211
54.91,18.22,11.185451553518295
30.47,5.23,6.754917202382273
62.4,22.38,14.411035536477035
76.89,14.21,8.374437009118092
76.95,5.14,3.7341193820965652
60.42,13.3,7.057763944809101
61.94,4.81,2.0899252918391604
80.92,15.35,8.212882819856995
53.68,2.82,2.466992240775385
65.26,21.04,13.048548253562712
47.47,5.83,4.586349050379993
32.93,24.73,17.853618624371506
70.75,7.81,3.5999497540416177
42.1,5.91,8.43423176124054
66.85,18.77,12.958513259779542
52.32,10.16,7.331654332055446
70.69,16.74,9.937867594981965
41.67,16.76,15.710745552016816
73.53,13.4,5.743610488386252
45.3,18.43,15.257827119842924
66.86,16.84,8.37865709107753
28.6,10.59,12.137695196922177
30.1,21.62,17.920527336733365
25.88,12.66,14.8615895083849
42.76,5.34,4.204794050079161
55.24,19.7,12.039525485097553
68.01,19.62,9.563510937004272
52.81,13.06,11.552875784701486
44.83,1.71,3.1945205150144536
54.98,7.18,1.919241139065996
59.99,10.91,4.848216612706542
55.87,12.86,7.013271369550928
30.39,11.73,11.006081622869774
43.54,6.8,10.71140635740148
47.47,5.88,7.841543531604744
66.26,2.37,2.7196816465637266
52.31,11.79,7.406292207169665
72.13,15.5,8.004414571667777
37.41,0.74,6.254930912886412
28.68,2.44,10.621302088555797
83.85,21.53,8.718230906040223
21.13,7.52,12.583859774283265
83.17,16.6,5.655721878540188
74.56,10.64,5.938464190396328
74.01,24.17,11.756020557676699
24.31,16.82,18.481653109748283
72.65,7.68,3.911803314119593
57.2,12.29,5.367822198828986
44.99,14.66,14.695900338964433
52.54,13.56,7.4561342409830615
59.71,11.36,4.748444504365796
69.88,12.24,1.6059003978399398
69.12,13.01,7.32125898785207
69.56,6.66,1.433744253889901
54.09,24.7,11.932337408789103
75.86,20.85,9.734388643342488
70.76,0.8,0.0
32.67,16.21,13.871933020225026
44.49,2.66,5.726408960594682
47.07,18.09,13.46168331604918
46.35,23.22,15.23322634785349
43.2,17.0,13.54744377439221
22.4,9.69,16.308278730893555
77.31,10.22,5.601289412876572
60.83,11.0,7.1525289879117695
21.82,17.79,19.089760642748747
37.82,18.79,12.81771880949455
76.9,2.01,0.0
72.61,11.55,6.883391600849639
57.22,24.11,14.362653164192249
77.33,8.09,4.044469524681009
78.28,17.73,10.833573651957252
80.29,1.91,0.9938194996022021
21.44,20.51,19.284685601970565
23.72,7.32,11.766817656328431
43.7,5.18,6.396093501525966
35.65,5.04,9.732597092417087
82.66,8.5,4.727407535717005
74.89,5.88,2.9941388029947684
61.52,7.41,4.474250541044816
81.86,10.79,5.291336238970079
69.16,22.67,12.398991422218801
63.19,19.41,8.26659874893015
31.38,16.57,15.037502242238503
84.3,19.35,9.264287330798627
84.07,14.41,7.873994238386268
71.08,13.63,6.590236718709151
77.76,17.17,12.699726600682427
83.88,22.27,11.572225094324798
42.95,13.19,12.196918309484975
66.49,17.49,10.971753310649495
73.47,21.47,8.87767958096866
27.62,1.07,6.584823554509768
76.14,16.96,10.790087568742983
20.42,24.18,22.809925994703583
63.71,20.08,12.685279235867993
41.49,10.7,10.683813376995793
81.54,9.03,3.2676224626608072
43.8,8.87,6.320792894477286
63.68,11.32,4.775378136416725
83.16,6.88,0.6937023671559266
80.65,17.34,7.951127520624356
37.86,10.84,9.809766827867241
44.1,6.34,5.8075072902228975
28.22,8.88,10.588524050485125
30.64,2.67,7.3306781990025645
79.79,9.59,4.5759065434851
31.66,16.73,10.200128046387439
48.83,7.9,5.250640175963671
57.1,11.44,7.394107345317985
38.42,14.61,11.73370985913725
28.58,22.6,17.57517908194379
63.28,4.81,2.924027737862284
63.47,16.79,7.476274886025897
36.59,17.44,16.550256772595393
52.57,5.54,5.81593331254458
57.62,0.49,2.217152116577531
24.96,5.2,9.323391664986648
58.54,12.33,7.7446186666271535
23.5,23.65,20.350772889382476
21.17,20.27,21.16068180266081
29.69,24.07,20.366972830639032
36.83,19.82,15.636633577026727
78.24,6.7,2.218235098720821
68.77,15.43,9.838518222022596
45.49,17.86,12.264541534340587
59.75,15.36,7.891327075746758
25.11,24.57,18.8785863006688
67.32,7.44,5.886455902256367
56.55,18.94,12.123854696811934
82.35,23.85,10.954749090958158
53.85,18.83,11.69179532206812
78.94,22.09,13.267492944081063
80.64,13.87,4.610393748833361
39.91,22.6,14.436388666757402
35.64,23.45,15.84760005541774
73.65,0.93,0.0
