date,route,train_type,class,base_capacity,predicted_demand,allocated_seats,actual_tickets_sold,seat_utilization_pct
2024-01-01,Colombo Fort - Anuradhapura,Intercity,1st Class,37,27,44,30,61.36
2024-01-01,Colombo Fort - Anuradhapura,Intercity,2nd Class,225,212,270,176,78.52
2024-01-01,Colombo Fort - Anuradhapura,Intercity,3rd Class,487,371,435,396,85.29
2024-01-01,Colombo Fort - Batticaloa,Intercity,1st Class,37,27,44,37,61.36
2024-01-01,Colombo Fort - Batticaloa,Intercity,2nd Class,225,209,270,225,77.41
2024-01-01,Colombo Fort - Batticaloa,Intercity,3rd Class,487,388,435,451,89.2
2024-01-01,Colombo Fort - Galle,Intercity,1st Class,37,26,26,33,100.0
2024-01-01,Colombo Fort - Galle,Intercity,2nd Class,225,203,270,185,75.19
2024-01-01,Colombo Fort - Galle,Intercity,3rd Class,487,362,453,387,79.91
2024-01-01,Colombo Fort - Jaffna,Night Mail,1st Class,32,27,27,30,100.0
2024-01-01,Colombo Fort - Jaffna,Night Mail,2nd Class,195,199,199,182,100.0
2024-01-01,Colombo Fort - Jaffna,Night Mail,3rd Class,422,393,423,422,92.91
2024-01-01,Colombo Fort - Jaffna,Slow/Local,1st Class,25,25,25,21,100.0
2024-01-01,Colombo Fort - Jaffna,Slow/Local,2nd Class,150,129,129,123,100.0
2024-01-01,Colombo Fort - Jaffna,Slow/Local,3rd Class,325,308,346,273,89.02
2024-01-01,Colombo Fort - Kurunegala,Express,1st Class,45,31,32,45,96.88
2024-01-01,Colombo Fort - Kurunegala,Express,2nd Class,270,213,324,270,65.74
2024-01-01,Colombo Fort - Kurunegala,Express,3rd Class,585,421,544,563,77.39
2024-01-01,Colombo Fort - Matara,Intercity,1st Class,37,27,44,37,61.36
2024-01-01,Colombo Fort - Matara,Intercity,2nd Class,225,205,270,225,75.93
2024-01-01,Colombo Fort - Matara,Intercity,3rd Class,487,356,435,486,81.84
2024-01-01,Colombo Fort - Puttalam,Intercity,1st Class,37,27,44,37,61.36
2024-01-01,Colombo Fort - Puttalam,Intercity,2nd Class,225,204,270,225,75.56
2024-01-01,Colombo Fort - Puttalam,Intercity,3rd Class,487,418,435,484,96.09
2024-01-01,Colombo Fort - Vavuniya,Slow/Local,1st Class,25,25,25,24,100.0
2024-01-01,Colombo Fort - Vavuniya,Slow/Local,2nd Class,150,132,132,141,100.0
2024-01-01,Colombo Fort - Vavuniya,Slow/Local,3rd Class,325,314,343,306,91.55
2024-01-02,Colombo Fort - Anuradhapura,Express,1st Class,45,33,54,36,61.11
2024-01-02,Colombo Fort - Anuradhapura,Express,2nd Class,270,200,324,203,61.73
2024-01-02,Colombo Fort - Anuradhapura,Express,3rd Class,585,427,522,498,81.8
2024-01-02,Colombo Fort - Batticaloa,Slow/Local,1st Class,25,19,30,19,63.33
2024-01-02,Colombo Fort - Batticaloa,Slow/Local,2nd Class,150,109,180,118,60.56
2024-01-02,Colombo Fort - Batticaloa,Slow/Local,3rd Class,325,258,290,265,88.97
2024-01-02,Colombo Fort - Galle,Slow/Local,1st Class,25,19,30,14,63.33
2024-01-02,Colombo Fort - Galle,Slow/Local,2nd Class,150,114,180,84,63.33
2024-01-02,Colombo Fort - Galle,Slow/Local,3rd Class,325,257,290,195,88.62
2024-01-02,Colombo Fort - Kandy,Intercity,1st Class,37,24,26,23,92.31
2024-01-02,Colombo Fort - Kandy,Intercity,2nd Class,225,178,270,144,65.93
2024-01-02,Colombo Fort - Kandy,Intercity,3rd Class,487,338,453,297,74.61
2024-01-02,Colombo Fort - Matara,Slow/Local,1st Class,25,19,30,15,63.33
2024-01-02,Colombo Fort - Matara,Slow/Local,2nd Class,150,115,180,100,63.89
2024-01-02,Colombo Fort - Matara,Slow/Local,3rd Class,325,247,290,190,85.17
2024-01-02,Colombo Fort - Negombo,Express,1st Class,45,33,54,27,61.11
2024-01-02,Colombo Fort - Negombo,Express,2nd Class,270,194,324,168,59.88
2024-01-02,Colombo Fort - Negombo,Express,3rd Class,585,436,522,391,83.52
2024-01-02,Colombo Fort - Trincomalee,Night Mail,1st Class,32,25,38,23,65.79
2024-01-02,Colombo Fort - Trincomalee,Night Mail,2nd Class,195,154,234,140,65.81
2024-01-02,Colombo Fort - Trincomalee,Night Mail,3rd Class,422,346,377,315,91.78
2024-01-02,Colombo Fort - Vavuniya,Express,1st Class,45,32,32,32,100.0
2024-01-02,Colombo Fort - Vavuniya,Express,2nd Class,270,197,324,177,60.8
2024-01-02,Colombo Fort - Vavuniya,Express,3rd Class,585,422,544,341,77.57
2024-01-02,Maradana - Avissawella,Slow/Local,1st Class,25,20,30,13,66.67
2024-01-02,Maradana - Avissawella,Slow/Local,2nd Class,150,116,180,69,64.44
2024-01-02,Maradana - Avissawella,Slow/Local,3rd Class,325,251,290,183,86.55
2024-01-03,Colombo Fort - Anuradhapura,Express,1st Class,45,33,54,37,61.11
2024-01-03,Colombo Fort - Anuradhapura,Express,2nd Class,270,198,324,239,61.11
2024-01-03,Colombo Fort - Anuradhapura,Express,3rd Class,585,419,522,515,80.27
2024-01-03,Colombo Fort - Anuradhapura,Intercity,1st Class,37,26,26,20,100.0
2024-01-03,Colombo Fort - Anuradhapura,Intercity,2nd Class,225,176,270,104,65.19
2024-01-03,Colombo Fort - Anuradhapura,Intercity,3rd Class,487,346,453,252,76.38
2024-01-03,Colombo Fort - Batticaloa,Slow/Local,1st Class,25,18,18,25,100.0
2024-01-03,Colombo Fort - Batticaloa,Slow/Local,2nd Class,150,115,180,147,63.89
2024-01-03,Colombo Fort - Batticaloa,Slow/Local,3rd Class,325,256,302,304,84.77
2024-01-03,Colombo Fort - Jaffna,Express,1st Class,45,32,32,22,100.0
2024-01-03,Colombo Fort - Jaffna,Express,2nd Class,270,202,324,161,62.35
2024-01-03,Colombo Fort - Jaffna,Express,3rd Class,585,425,544,315,78.12
2024-01-03,Colombo Fort - Matara,Intercity,1st Class,37,26,26,19,100.0
2024-01-03,Colombo Fort - Matara,Intercity,2nd Class,225,173,270,131,64.07
2024-01-03,Colombo Fort - Matara,Intercity,3rd Class,487,333,453,248,73.51
2024-01-03,Colombo Fort - Negombo,Intercity,1st Class,37,25,26,21,96.15
2024-01-03,Colombo Fort - Negombo,Intercity,2nd Class,225,169,270,117,62.59
2024-01-03,Colombo Fort - Negombo,Intercity,3rd Class,487,337,453,280,74.39
2024-01-03,Colombo Fort - Puttalam,Intercity,1st Class,37,26,26,30,100.0
2024-01-03,Colombo Fort - Puttalam,Intercity,2nd Class,225,173,270,189,64.07
2024-01-03,Colombo Fort - Puttalam,Intercity,3rd Class,487,357,453,395,78.81
2024-01-03,Colombo Fort - Ratnapura,Night Mail,1st Class,32,25,38,24,65.79
2024-01-03,Colombo Fort - Ratnapura,Night Mail,2nd Class,195,150,234,135,64.1
2024-01-03,Colombo Fort - Ratnapura,Night Mail,3rd Class,422,326,377,258,86.47
2024-01-03,Colombo Fort - Trincomalee,Slow/Local,1st Class,25,20,30,16,66.67
2024-01-03,Colombo Fort - Trincomalee,Slow/Local,2nd Class,150,120,180,100,66.67
2024-01-03,Colombo Fort - Trincomalee,Slow/Local,3rd Class,325,251,290,199,86.55
2024-01-04,Colombo Fort - Anuradhapura,Express,1st Class,45,34,54,30,62.96
2024-01-04,Colombo Fort - Anuradhapura,Express,2nd Class,270,204,324,199,62.96
2024-01-04,Colombo Fort - Anuradhapura,Express,3rd Class,585,440,522,417,84.29
2024-01-04,Colombo Fort - Anuradhapura,Intercity,1st Class,37,27,44,26,61.36
2024-01-04,Colombo Fort - Anuradhapura,Intercity,2nd Class,225,166,270,160,61.48
2024-01-04,Colombo Fort - Anuradhapura,Intercity,3rd Class,487,342,435,357,78.62
2024-01-04,Colombo Fort - Badulla,Night Mail,1st Class,32,26,38,24,68.42
2024-01-04,Colombo Fort - Badulla,Night Mail,2nd Class,195,155,234,145,66.24
2024-01-04,Colombo Fort - Badulla,Night Mail,3rd Class,422,329,377,327,87.27
2024-01-04,Colombo Fort - Batticaloa,Slow/Local,1st Class,25,19,30,22,63.33
2024-01-04,Colombo Fort - Batticaloa,Slow/Local,2nd Class,150,117,180,127,65.0
2024-01-04,Colombo Fort - Batticaloa,Slow/Local,3rd Class,325,260,290,285,89.66
2024-01-04,Colombo Fort - Galle,Intercity,1st Class,37,26,26,20,100.0
2024-01-04,Colombo Fort - Galle,Intercity,2nd Class,225,168,270,113,62.22
2024-01-04,Colombo Fort - Galle,Intercity,3rd Class,487,351,453,260,77.48
2024-01-04,Colombo Fort - Galle,Slow/Local,1st Class,25,19,30,25,63.33
2024-01-04,Colombo Fort - Galle,Slow/Local,2nd Class,150,114,180,149,63.33
2024-01-04,Colombo Fort - Galle,Slow/Local,3rd Class,325,248,290,325,85.52
2024-01-04,Colombo Fort - Kurunegala,Express,1st Class,45,32,32,38,100.0
2024-01-04,Colombo Fort - Kurunegala,Express,2nd Class,270,202,324,241,62.35
2024-01-04,Colombo Fort - Kurunegala,Express,3rd Class,585,439,544,551,80.7
2024-01-04,Colombo Fort - Kurunegala,Intercity,1st Class,37,25,26,23,96.15
2024-01-04,Colombo Fort - Kurunegala,Intercity,2nd Class,225,175,270,145,64.81
2024-01-04,Colombo Fort - Kurunegala,Intercity,3rd Class,487,345,453,299,76.16
2024-01-04,Colombo Fort - Ratnapura,Slow/Local,1st Class,25,19,30,18,63.33
2024-01-04,Colombo Fort - Ratnapura,Slow/Local,2nd Class,150,110,180,112,61.11
2024-01-04,Colombo Fort - Ratnapura,Slow/Local,3rd Class,325,246,290,213,84.83
2024-01-04,Colombo Fort - Trincomalee,Night Mail,1st Class,32,24,38,24,63.16
2024-01-04,Colombo Fort - Trincomalee,Night Mail,2nd Class,195,157,234,124,67.09
2024-01-04,Colombo Fort - Trincomalee,Night Mail,3rd Class,422,320,377,319,84.88
2024-01-04,Colombo Fort - Vavuniya,Intercity,1st Class,37,27,44,26,61.36
2024-01-04,Colombo Fort - Vavuniya,Intercity,2nd Class,225,176,270,175,65.19
2024-01-04,Colombo Fort - Vavuniya,Intercity,3rd Class,487,352,435,357,80.92
2024-01-05,Colombo Fort - Anuradhapura,Express,1st Class,45,35,54,31,64.81
2024-01-05,Colombo Fort - Anuradhapura,Express,2nd Class,270,226,324,174,69.75
2024-01-05,Colombo Fort - Anuradhapura,Express,3rd Class,585,473,522,401,90.61
2024-01-05,Colombo Fort - Badulla,Intercity,1st Class,37,28,44,28,63.64
2024-01-05,Colombo Fort - Badulla,Intercity,2nd Class,225,151,158,184,95.57
2024-01-05,Colombo Fort - Badulla,Intercity,3rd Class,487,383,547,340,70.02
2024-01-05,Colombo Fort - Badulla,Slow/Local,1st Class,25,20,30,19,66.67
2024-01-05,Colombo Fort - Badulla,Slow/Local,2nd Class,150,125,180,105,69.44
2024-01-05,Colombo Fort - Badulla,Slow/Local,3rd Class,325,260,290,234,89.66
2024-01-05,Colombo Fort - Galle,Express,1st Class,45,35,54,45,64.81
2024-01-05,Colombo Fort - Galle,Express,2nd Class,270,230,324,263,70.99
2024-01-05,Colombo Fort - Galle,Express,3rd Class,585,482,522,585,92.34
2024-01-05,Colombo Fort - Galle,Night Mail,1st Class,32,28,38,32,73.68
2024-01-05,Colombo Fort - Galle,Night Mail,2nd Class,195,168,234,189,71.79
2024-01-05,Colombo Fort - Galle,Night Mail,3rd Class,422,354,377,422,93.9
2024-01-05,Colombo Fort - Galle,Slow/Local,1st Class,25,18,18,17,100.0
2024-01-05,Colombo Fort - Galle,Slow/Local,2nd Class,150,115,180,96,63.89
2024-01-05,Colombo Fort - Galle,Slow/Local,3rd Class,325,252,302,217,83.44
2024-01-05,Colombo Fort - Kandy,Intercity,1st Class,37,26,26,26,100.0
2024-01-05,Colombo Fort - Kandy,Intercity,2nd Class,225,183,270,156,67.78
2024-01-05,Colombo Fort - Kandy,Intercity,3rd Class,487,347,453,347,76.6
2024-01-05,Colombo Fort - Kurunegala,Express,1st Class,45,36,54,23,66.67
2024-01-05,Colombo Fort - Kurunegala,Express,2nd Class,270,227,324,154,70.06
2024-01-05,Colombo Fort - Kurunegala,Express,3rd Class,585,491,522,355,94.06
2024-01-05,Colombo Fort - Matara,Express,1st Class,45,36,54,37,66.67
2024-01-05,Colombo Fort - Matara,Express,2nd Class,270,227,324,225,70.06
2024-01-05,Colombo Fort - Matara,Express,3rd Class,585,497,522,442,95.21
2024-01-05,Colombo Fort - Matara,Slow/Local,1st Class,25,18,18,24,100.0
2024-01-05,Colombo Fort - Matara,Slow/Local,2nd Class,150,124,180,150,68.89
2024-01-05,Colombo Fort - Matara,Slow/Local,3rd Class,325,245,302,325,81.13
2024-01-05,Colombo Fort - Negombo,Intercity,1st Class,37,25,26,34,96.15
2024-01-05,Colombo Fort - Negombo,Intercity,2nd Class,225,170,270,225,62.96
2024-01-05,Colombo Fort - Negombo,Intercity,3rd Class,487,348,453,487,76.82
2024-01-05,Colombo Fort - Ratnapura,Express,1st Class,45,35,54,37,64.81
2024-01-05,Colombo Fort - Ratnapura,Express,2nd Class,270,224,324,224,69.14
2024-01-05,Colombo Fort - Ratnapura,Express,3rd Class,585,501,522,474,95.98
2024-01-05,Colombo Fort - Vavuniya,Express,1st Class,45,36,54,30,66.67
2024-01-05,Colombo Fort - Vavuniya,Express,2nd Class,270,218,324,182,67.28
2024-01-05,Colombo Fort - Vavuniya,Express,3rd Class,585,475,522,407,91.0
2024-01-05,Kandy - Badulla,Intercity,1st Class,37,30,44,37,68.18
2024-01-05,Kandy - Badulla,Intercity,2nd Class,225,168,270,225,62.22
2024-01-05,Kandy - Badulla,Intercity,3rd Class,487,368,435,473,84.6
2024-01-05,Maradana - Avissawella,Intercity,1st Class,37,30,44,27,68.18
2024-01-05,Maradana - Avissawella,Intercity,2nd Class,225,168,270,192,62.22
2024-01-05,Maradana - Avissawella,Intercity,3rd Class,487,380,435,346,87.36
2024-01-06,Colombo Fort - Badulla,Slow/Local,1st Class,25,20,30,20,66.67
2024-01-06,Colombo Fort - Badulla,Slow/Local,2nd Class,150,123,180,113,68.33
2024-01-06,Colombo Fort - Badulla,Slow/Local,3rd Class,325,264,290,267,91.03
2024-01-06,Colombo Fort - Batticaloa,Slow/Local,1st Class,25,18,18,21,100.0
2024-01-06,Colombo Fort - Batticaloa,Slow/Local,2nd Class,150,126,180,122,70.0
2024-01-06,Colombo Fort - Batticaloa,Slow/Local,3rd Class,325,257,302,261,85.1
2024-01-06,Colombo Fort - Kandy,Night Mail,1st Class,32,28,38,29,73.68
2024-01-06,Colombo Fort - Kandy,Night Mail,2nd Class,195,158,234,178,67.52
2024-01-06,Colombo Fort - Kandy,Night Mail,3rd Class,422,353,377,381,93.63
2024-01-06,Colombo Fort - Kurunegala,Night Mail,1st Class,32,28,38,30,73.68
2024-01-06,Colombo Fort - Kurunegala,Night Mail,2nd Class,195,170,234,195,72.65
2024-01-06,Colombo Fort - Kurunegala,Night Mail,3rd Class,422,350,377,406,92.84
2024-01-06,Colombo Fort - Matara,Slow/Local,1st Class,25,18,18,23,100.0
2024-01-06,Colombo Fort - Matara,Slow/Local,2nd Class,150,115,180,144,63.89
2024-01-06,Colombo Fort - Matara,Slow/Local,3rd Class,325,254,302,286,84.11
2024-01-06,Colombo Fort - Puttalam,Intercity,1st Class,37,28,44,37,63.64
2024-01-06,Colombo Fort - Puttalam,Intercity,2nd Class,225,169,270,225,62.59
2024-01-06,Colombo Fort - Puttalam,Intercity,3rd Class,487,389,435,487,89.43
2024-01-06,Kandy - Badulla,Slow/Local,1st Class,25,19,30,23,63.33
2024-01-06,Kandy - Badulla,Slow/Local,2nd Class,150,125,180,131,69.44
2024-01-06,Kandy - Badulla,Slow/Local,3rd Class,325,260,290,279,89.66
2024-01-06,Maradana - Avissawella,Intercity,1st Class,37,29,44,33,65.91
2024-01-06,Maradana - Avissawella,Intercity,2nd Class,225,168,270,198,62.22
2024-01-06,Maradana - Avissawella,Intercity,3rd Class,487,385,435,438,88.51
2024-01-06,Maradana - Avissawella,Slow/Local,1st Class,25,17,18,17,94.44
2024-01-06,Maradana - Avissawella,Slow/Local,2nd Class,150,120,180,107,66.67
2024-01-06,Maradana - Avissawella,Slow/Local,3rd Class,325,255,302,214,84.44
2024-01-07,Colombo Fort - Anuradhapura,Slow/Local,1st Class,25,20,30,23,66.67
2024-01-07,Colombo Fort - Anuradhapura,Slow/Local,2nd Class,150,124,180,140,68.89
2024-01-07,Colombo Fort - Anuradhapura,Slow/Local,3rd Class,325,265,290,268,91.38
2024-01-07,Colombo Fort - Batticaloa,Express,1st Class,45,34,54,43,62.96
2024-01-07,Colombo Fort - Batticaloa,Express,2nd Class,270,222,324,236,68.52
2024-01-07,Colombo Fort - Batticaloa,Express,3rd Class,585,454,522,501,86.97
2024-01-07,Colombo Fort - Batticaloa,Intercity,1st Class,37,27,44,37,61.36
2024-01-07,Colombo Fort - Batticaloa,Intercity,2nd Class,225,159,270,221,58.89
2024-01-07,Colombo Fort - Batticaloa,Intercity,3rd Class,487,361,435,487,82.99
2024-01-07,Colombo Fort - Jaffna,Intercity,1st Class,37,30,44,33,68.18
2024-01-07,Colombo Fort - Jaffna,Intercity,2nd Class,225,163,270,184,60.37
2024-01-07,Colombo Fort - Jaffna,Intercity,3rd Class,487,389,435,403,89.43
2024-01-07,Colombo Fort - Kandy,Express,1st Class,45,36,54,41,66.67
2024-01-07,Colombo Fort - Kandy,Express,2nd Class,270,227,324,238,70.06
2024-01-07,Colombo Fort - Kandy,Express,3rd Class,585,464,522,489,88.89
2024-01-07,Colombo Fort - Kurunegala,Express,1st Class,45,33,54,33,61.11
2024-01-07,Colombo Fort - Kurunegala,Express,2nd Class,270,222,324,215,68.52
2024-01-07,Colombo Fort - Kurunegala,Express,3rd Class,585,484,522,428,92.72
2024-01-07,Colombo Fort - Matara,Express,1st Class,45,36,54,34,66.67
2024-01-07,Colombo Fort - Matara,Express,2nd Class,270,226,324,206,69.75
2024-01-07,Colombo Fort - Matara,Express,3rd Class,585,480,522,439,91.95
2024-01-07,Colombo Fort - Vavuniya,Slow/Local,1st Class,25,20,30,18,66.67
2024-01-07,Colombo Fort - Vavuniya,Slow/Local,2nd Class,150,130,180,104,72.22
2024-01-07,Colombo Fort - Vavuniya,Slow/Local,3rd Class,325,265,290,234,91.38
2024-01-07,Kandy - Badulla,Night Mail,1st Class,32,28,38,31,73.68
2024-01-07,Kandy - Badulla,Night Mail,2nd Class,195,174,234,195,74.36
2024-01-07,Kandy - Badulla,Night Mail,3rd Class,422,337,377,422,89.39
2024-01-07,Kandy - Badulla,Slow/Local,1st Class,25,21,30,22,70.0
2024-01-07,Kandy - Badulla,Slow/Local,2nd Class,150,129,180,127,71.67
2024-01-07,Kandy - Badulla,Slow/Local,3rd Class,325,278,290,294,95.86
2024-01-08,Colombo Fort - Anuradhapura,Slow/Local,1st Class,25,20,30,17,66.67
2024-01-08,Colombo Fort - Anuradhapura,Slow/Local,2nd Class,150,113,180,120,62.78
2024-01-08,Colombo Fort - Anuradhapura,Slow/Local,3rd Class,325,254,290,233,87.59
2024-01-08,Colombo Fort - Galle,Express,1st Class,45,32,32,39,100.0
2024-01-08,Colombo Fort - Galle,Express,2nd Class,270,200,324,221,61.73
2024-01-08,Colombo Fort - Galle,Express,3rd Class,585,411,544,536,75.55
2024-01-08,Colombo Fort - Galle,Slow/Local,1st Class,25,19,30,25,63.33
2024-01-08,Colombo Fort - Galle,Slow/Local,2nd Class,150,107,180,150,59.44
2024-01-08,Colombo Fort - Galle,Slow/Local,3rd Class,325,251,290,324,86.55
2024-01-08,Colombo Fort - Jaffna,Express,1st Class,45,34,54,33,62.96
2024-01-08,Colombo Fort - Jaffna,Express,2nd Class,270,207,324,210,63.89
2024-01-08,Colombo Fort - Jaffna,Express,3rd Class,585,416,522,434,79.69
2024-01-08,Colombo Fort - Jaffna,Intercity,1st Class,37,27,44,27,61.36
2024-01-08,Colombo Fort - Jaffna,Intercity,2nd Class,225,181,270,174,67.04
2024-01-08,Colombo Fort - Jaffna,Intercity,3rd Class,487,348,435,364,80.0
2024-01-08,Colombo Fort - Kandy,Express,1st Class,45,32,32,34,100.0
2024-01-08,Colombo Fort - Kandy,Express,2nd Class,270,195,324,218,60.19
2024-01-08,Colombo Fort - Kandy,Express,3rd Class,585,415,544,521,76.29
2024-01-08,Colombo Fort - Kurunegala,Intercity,1st Class,37,26,26,26,100.0
2024-01-08,Colombo Fort - Kurunegala,Intercity,2nd Class,225,178,270,159,65.93
2024-01-08,Colombo Fort - Kurunegala,Intercity,3rd Class,487,349,453,314,77.04
2024-01-08,Colombo Fort - Kurunegala,Slow/Local,1st Class,25,20,30,22,66.67
2024-01-08,Colombo Fort - Kurunegala,Slow/Local,2nd Class,150,117,180,116,65.0
2024-01-08,Colombo Fort - Kurunegala,Slow/Local,3rd Class,325,257,290,261,88.62
2024-01-08,Colombo Fort - Negombo,Slow/Local,1st Class,25,20,30,17,66.67
2024-01-08,Colombo Fort - Negombo,Slow/Local,2nd Class,150,117,180,115,65.0
2024-01-08,Colombo Fort - Negombo,Slow/Local,3rd Class,325,257,290,238,88.62
2024-01-08,Colombo Fort - Puttalam,Intercity,1st Class,37,26,26,31,100.0
2024-01-08,Colombo Fort - Puttalam,Intercity,2nd Class,225,181,270,196,67.04
2024-01-08,Colombo Fort - Puttalam,Intercity,3rd Class,487,355,453,407,78.37
2024-01-08,Colombo Fort - Puttalam,Slow/Local,1st Class,25,20,30,17,66.67
2024-01-08,Colombo Fort - Puttalam,Slow/Local,2nd Class,150,116,180,101,64.44
2024-01-08,Colombo Fort - Puttalam,Slow/Local,3rd Class,325,251,290,204,86.55
2024-01-08,Kandy - Badulla,Night Mail,1st Class,32,24,38,32,63.16
2024-01-08,Kandy - Badulla,Night Mail,2nd Class,195,153,234,187,65.38
2024-01-08,Kandy - Badulla,Night Mail,3rd Class,422,319,377,422,84.62
2024-01-08,Maradana - Avissawella,Slow/Local,1st Class,25,18,18,13,100.0
2024-01-08,Maradana - Avissawella,Slow/Local,2nd Class,150,106,180,77,58.89
2024-01-08,Maradana - Avissawella,Slow/Local,3rd Class,325,236,302,191,78.15
2024-01-09,Colombo Fort - Badulla,Slow/Local,1st Class,25,19,30,21,63.33
2024-01-09,Colombo Fort - Badulla,Slow/Local,2nd Class,150,106,180,135,58.89
2024-01-09,Colombo Fort - Badulla,Slow/Local,3rd Class,325,249,290,288,85.86
2024-01-09,Colombo Fort - Batticaloa,Express,1st Class,45,34,54,18,62.96
2024-01-09,Colombo Fort - Batticaloa,Express,2nd Class,270,202,324,136,62.35
2024-01-09,Colombo Fort - Batticaloa,Express,3rd Class,585,437,522,284,83.72
2024-01-09,Colombo Fort - Kandy,Express,1st Class,45,33,54,32,61.11
2024-01-09,Colombo Fort - Kandy,Express,2nd Class,270,195,324,190,60.19
2024-01-09,Colombo Fort - Kandy,Express,3rd Class,585,432,522,394,82.76
2024-01-09,Colombo Fort - Kurunegala,Night Mail,1st Class,32,24,38,27,63.16
2024-01-09,Colombo Fort - Kurunegala,Night Mail,2nd Class,195,155,234,158,66.24
2024-01-09,Colombo Fort - Kurunegala,Night Mail,3rd Class,422,331,377,377,87.8
2024-01-09,Colombo Fort - Matara,Slow/Local,1st Class,25,19,30,16,63.33
2024-01-09,Colombo Fort - Matara,Slow/Local,2nd Class,150,115,180,107,63.89
2024-01-09,Colombo Fort - Matara,Slow/Local,3rd Class,325,248,290,245,85.52
2024-01-09,Colombo Fort - Negombo,Intercity,1st Class,37,25,26,36,96.15
2024-01-09,Colombo Fort - Negombo,Intercity,2nd Class,225,162,270,207,60.0
2024-01-09,Colombo Fort - Negombo,Intercity,3rd Class,487,351,453,428,77.48
2024-01-09,Colombo Fort - Ratnapura,Intercity,1st Class,37,26,26,32,100.0
2024-01-09,Colombo Fort - Ratnapura,Intercity,2nd Class,225,176,270,198,65.19
2024-01-09,Colombo Fort - Ratnapura,Intercity,3rd Class,487,383,453,438,84.55
2024-01-09,Kandy - Badulla,Intercity,1st Class,37,27,44,29,61.36
2024-01-09,Kandy - Badulla,Intercity,2nd Class,225,170,270,169,62.96
2024-01-09,Kandy - Badulla,Intercity,3rd Class,487,366,435,371,84.14
2024-01-09,Maradana - Avissawella,Intercity,1st Class,37,26,26,17,100.0
2024-01-09,Maradana - Avissawella,Intercity,2nd Class,225,161,270,100,59.63
2024-01-09,Maradana - Avissawella,Intercity,3rd Class,487,369,453,267,81.46
2024-01-10,Colombo Fort - Anuradhapura,Express,1st Class,45,34,54,39,62.96
2024-01-10,Colombo Fort - Anuradhapura,Express,2nd Class,270,204,324,236,62.96
2024-01-10,Colombo Fort - Anuradhapura,Express,3rd Class,585,449,522,507,86.02
2024-01-10,Colombo Fort - Anuradhapura,Night Mail,1st Class,32,25,38,24,65.79
2024-01-10,Colombo Fort - Anuradhapura,Night Mail,2nd Class,195,155,234,144,66.24
2024-01-10,Colombo Fort - Anuradhapura,Night Mail,3rd Class,422,314,377,355,83.29
2024-01-10,Colombo Fort - Batticaloa,Express,1st Class,45,35,54,29,64.81
2024-01-10,Colombo Fort - Batticaloa,Express,2nd Class,270,206,324,202,63.58
2024-01-10,Colombo Fort - Batticaloa,Express,3rd Class,585,449,522,415,86.02
2024-01-10,Colombo Fort - Batticaloa,Slow/Local,1st Class,25,19,30,20,63.33
2024-01-10,Colombo Fort - Batticaloa,Slow/Local,2nd Class,150,115,180,129,63.89
2024-01-10,Colombo Fort - Batticaloa,Slow/Local,3rd Class,325,247,290,288,85.17
2024-01-10,Colombo Fort - Galle,Slow/Local,1st Class,25,20,30,21,66.67
2024-01-10,Colombo Fort - Galle,Slow/Local,2nd Class,150,113,180,145,62.78
2024-01-10,Colombo Fort - Galle,Slow/Local,3rd Class,325,249,290,297,85.86
2024-01-10,Colombo Fort - Negombo,Slow/Local,1st Class,25,19,30,25,63.33
2024-01-10,Colombo Fort - Negombo,Slow/Local,2nd Class,150,114,180,149,63.33
2024-01-10,Colombo Fort - Negombo,Slow/Local,3rd Class,325,246,290,318,84.83
2024-01-10,Colombo Fort - Puttalam,Intercity,1st Class,37,27,44,26,61.36
2024-01-10,Colombo Fort - Puttalam,Intercity,2nd Class,225,173,270,144,64.07
2024-01-10,Colombo Fort - Puttalam,Intercity,3rd Class,487,351,435,327,80.69
2024-01-10,Colombo Fort - Vavuniya,Intercity,1st Class,37,27,44,31,61.36
2024-01-10,Colombo Fort - Vavuniya,Intercity,2nd Class,225,176,270,191,65.19
2024-01-10,Colombo Fort - Vavuniya,Intercity,3rd Class,487,364,435,429,83.68
2024-01-10,Maradana - Avissawella,Express,1st Class,45,34,54,23,62.96
2024-01-10,Maradana - Avissawella,Express,2nd Class,270,202,324,113,62.35
2024-01-10,Maradana - Avissawella,Express,3rd Class,585,415,522,272,79.5
2024-01-10,Maradana - Avissawella,Slow/Local,1st Class,25,18,18,19,100.0
2024-01-10,Maradana - Avissawella,Slow/Local,2nd Class,150,110,180,108,61.11
2024-01-10,Maradana - Avissawella,Slow/Local,3rd Class,325,226,302,244,74.83
2024-01-11,Colombo Fort - Badulla,Intercity,1st Class,37,27,44,32,61.36
2024-01-11,Colombo Fort - Badulla,Intercity,2nd Class,225,177,270,192,65.56
2024-01-11,Colombo Fort - Badulla,Intercity,3rd Class,487,365,435,460,83.91
2024-01-11,Colombo Fort - Galle,Slow/Local,1st Class,25,19,30,22,63.33
2024-01-11,Colombo Fort - Galle,Slow/Local,2nd Class,150,114,180,135,63.33
2024-01-11,Colombo Fort - Galle,Slow/Local,3rd Class,325,250,290,258,86.21
2024-01-11,Colombo Fort - Kandy,Slow/Local,1st Class,25,20,30,21,66.67
2024-01-11,Colombo Fort - Kandy,Slow/Local,2nd Class,150,118,180,116,65.56
2024-01-11,Colombo Fort - Kandy,Slow/Local,3rd Class,325,257,290,285,88.62
2024-01-11,Colombo Fort - Kurunegala,Express,1st Class,45,32,32,44,100.0
2024-01-11,Colombo Fort - Kurunegala,Express,2nd Class,270,200,324,270,61.73
2024-01-11,Colombo Fort - Kurunegala,Express,3rd Class,585,363,544,571,66.73
2024-01-11,Colombo Fort - Matara,Express,1st Class,45,30,32,27,93.75
2024-01-11,Colombo Fort - Matara,Express,2nd Class,270,202,324,166,62.35
2024-01-11,Colombo Fort - Matara,Express,3rd Class,585,383,544,381,70.4
2024-01-11,Colombo Fort - Matara,Slow/Local,1st Class,25,18,18,21,100.0
2024-01-11,Colombo Fort - Matara,Slow/Local,2nd Class,150,108,180,117,60.0
2024-01-11,Colombo Fort - Matara,Slow/Local,3rd Class,325,250,302,273,82.78
2024-01-11,Colombo Fort - Puttalam,Express,1st Class,45,33,54,39,61.11
2024-01-11,Colombo Fort - Puttalam,Express,2nd Class,270,204,324,236,62.96
2024-01-11,Colombo Fort - Puttalam,Express,3rd Class,585,394,522,534,75.48
2024-01-11,Colombo Fort - Vavuniya,Express,1st Class,45,34,54,24,62.96
2024-01-11,Colombo Fort - Vavuniya,Express,2nd Class,270,207,324,125,63.89
2024-01-11,Colombo Fort - Vavuniya,Express,3rd Class,585,447,522,341,85.63
2024-01-11,Maradana - Avissawella,Slow/Local,1st Class,25,17,18,17,94.44
2024-01-11,Maradana - Avissawella,Slow/Local,2nd Class,150,116,180,114,64.44
2024-01-11,Maradana - Avissawella,Slow/Local,3rd Class,325,219,302,227,72.52
2024-01-12,Colombo Fort - Anuradhapura,Intercity,1st Class,37,27,44,32,61.36
2024-01-12,Colombo Fort - Anuradhapura,Intercity,2nd Class,225,157,158,180,99.37
2024-01-12,Colombo Fort - Anuradhapura,Intercity,3rd Class,487,382,547,417,69.84
2024-01-12,Colombo Fort - Badulla,Express,1st Class,45,33,54,29,61.11
2024-01-12,Colombo Fort - Badulla,Express,2nd Class,270,219,324,164,67.59
2024-01-12,Colombo Fort - Badulla,Express,3rd Class,585,440,522,362,84.29
2024-01-12,Colombo Fort - Galle,Intercity,1st Class,37,27,44,23,61.36
2024-01-12,Colombo Fort - Galle,Intercity,2nd Class,225,178,270,143,65.93
2024-01-12,Colombo Fort - Galle,Intercity,3rd Class,487,362,435,365,83.22
2024-01-12,Colombo Fort - Kurunegala,Slow/Local,1st Class,25,20,30,20,66.67
2024-01-12,Colombo Fort - Kurunegala,Slow/Local,2nd Class,150,123,180,116,68.33
2024-01-12,Colombo Fort - Kurunegala,Slow/Local,3rd Class,325,247,290,250,85.17
2024-01-12,Colombo Fort - Matara,Express,1st Class,45,35,54,39,64.81
2024-01-12,Colombo Fort - Matara,Express,2nd Class,270,227,324,206,70.06
2024-01-12,Colombo Fort - Matara,Express,3rd Class,585,473,522,494,90.61
2024-01-12,Colombo Fort - Negombo,Slow/Local,1st Class,25,19,30,21,63.33
2024-01-12,Colombo Fort - Negombo,Slow/Local,2nd Class,150,124,180,114,68.89
2024-01-12,Colombo Fort - Negombo,Slow/Local,3rd Class,325,254,290,245,87.59
2024-01-12,Colombo Fort - Puttalam,Intercity,1st Class,37,28,44,23,63.64
2024-01-12,Colombo Fort - Puttalam,Intercity,2nd Class,225,189,270,161,70.0
2024-01-12,Colombo Fort - Puttalam,Intercity,3rd Class,487,384,435,330,88.28
2024-01-12,Colombo Fort - Puttalam,Slow/Local,1st Class,25,18,18,20,100.0
2024-01-12,Colombo Fort - Puttalam,Slow/Local,2nd Class,150,119,180,121,66.11
2024-01-12,Colombo Fort - Puttalam,Slow/Local,3rd Class,325,251,302,262,83.11
2024-01-12,Maradana - Avissawella,Express,1st Class,45,33,54,35,61.11
2024-01-12,Maradana - Avissawella,Express,2nd Class,270,208,324,228,64.2
2024-01-12,Maradana - Avissawella,Express,3rd Class,585,469,522,476,89.85
2024-01-12,Maradana - Avissawella,Slow/Local,1st Class,25,20,30,19,66.67
2024-01-12,Maradana - Avissawella,Slow/Local,2nd Class,150,115,180,117,63.89
2024-01-12,Maradana - Avissawella,Slow/Local,3rd Class,325,254,290,252,87.59
2024-01-13,Colombo Fort - Anuradhapura,Slow/Local,1st Class,25,20,30,25,66.67
2024-01-13,Colombo Fort - Anuradhapura,Slow/Local,2nd Class,150,126,180,146,70.0
2024-01-13,Colombo Fort - Anuradhapura,Slow/Local,3rd Class,325,269,290,302,92.76
2024-01-13,Colombo Fort - Badulla,Slow/Local,1st Class,25,21,30,17,70.0
2024-01-13,Colombo Fort - Badulla,Slow/Local,2nd Class,150,126,180,106,70.0
2024-01-13,Colombo Fort - Badulla,Slow/Local,3rd Class,325,271,290,192,93.45
2024-01-13,Colombo Fort - Batticaloa,Night Mail,1st Class,32,28,38,28,73.68
2024-01-13,Colombo Fort - Batticaloa,Night Mail,2nd Class,195,170,234,187,72.65
2024-01-13,Colombo Fort - Batticaloa,Night Mail,3rd Class,422,366,377,365,97.08
2024-01-13,Colombo Fort - Galle,Slow/Local,1st Class,25,17,18,21,94.44
2024-01-13,Colombo Fort - Galle,Slow/Local,2nd Class,150,121,180,125,67.22
2024-01-13,Colombo Fort - Galle,Slow/Local,3rd Class,325,246,302,291,81.46
2024-01-13,Colombo Fort - Kurunegala,Express,1st Class,45,34,54,32,62.96
2024-01-13,Colombo Fort - Kurunegala,Express,2nd Class,270,218,324,182,67.28
2024-01-13,Colombo Fort - Kurunegala,Express,3rd Class,585,450,522,402,86.21
2024-01-13,Colombo Fort - Kurunegala,Intercity,1st Class,37,27,44,37,61.36
2024-01-13,Colombo Fort - Kurunegala,Intercity,2nd Class,225,167,270,225,61.85
2024-01-13,Colombo Fort - Kurunegala,Intercity,3rd Class,487,390,435,474,89.66
2024-01-13,Colombo Fort - Matara,Intercity,1st Class,37,29,44,14,65.91
2024-01-13,Colombo Fort - Matara,Intercity,2nd Class,225,186,270,93,68.89
2024-01-13,Colombo Fort - Matara,Intercity,3rd Class,487,360,435,192,82.76
2024-01-13,Colombo Fort - Negombo,Express,1st Class,45,34,54,45,62.96
2024-01-13,Colombo Fort - Negombo,Express,2nd Class,270,228,324,270,70.37
2024-01-13,Colombo Fort - Negombo,Express,3rd Class,585,462,522,572,88.51
2024-01-13,Colombo Fort - Negombo,Intercity,1st Class,37,30,44,26,68.18
2024-01-13,Colombo Fort - Negombo,Intercity,2nd Class,225,169,270,148,62.59
2024-01-13,Colombo Fort - Negombo,Intercity,3rd Class,487,392,435,328,90.11
2024-01-13,Colombo Fort - Puttalam,Intercity,1st Class,37,29,44,31,65.91
2024-01-13,Colombo Fort - Puttalam,Intercity,2nd Class,225,168,270,197,62.22
2024-01-13,Colombo Fort - Puttalam,Intercity,3rd Class,487,406,435,405,93.33
2024-01-13,Colombo Fort - Puttalam,Slow/Local,1st Class,25,19,30,22,63.33
2024-01-13,Colombo Fort - Puttalam,Slow/Local,2nd Class,150,124,180,129,68.89
2024-01-13,Colombo Fort - Puttalam,Slow/Local,3rd Class,325,252,290,308,86.9
2024-01-13,Colombo Fort - Trincomalee,Intercity,1st Class,37,29,44,33,65.91
2024-01-13,Colombo Fort - Trincomalee,Intercity,2nd Class,225,167,270,189,61.85
2024-01-13,Colombo Fort - Trincomalee,Intercity,3rd Class,487,374,435,415,85.98
2024-01-13,Kandy - Badulla,Intercity,1st Class,37,30,44,26,68.18
2024-01-13,Kandy - Badulla,Intercity,2nd Class,225,170,270,165,62.96
2024-01-13,Kandy - Badulla,Intercity,3rd Class,487,408,435,374,93.79
2024-01-13,Maradana - Avissawella,Slow/Local,1st Class,25,19,30,25,63.33
2024-01-13,Maradana - Avissawella,Slow/Local,2nd Class,150,113,180,146,62.78
2024-01-13,Maradana - Avissawella,Slow/Local,3rd Class,325,250,290,295,86.21
2024-01-14,Colombo Fort - Badulla,Express,1st Class,45,34,54,45,62.96
2024-01-14,Colombo Fort - Badulla,Express,2nd Class,270,224,324,270,69.14
2024-01-14,Colombo Fort - Badulla,Express,3rd Class,585,467,522,539,89.46
2024-01-14,Colombo Fort - Batticaloa,Express,1st Class,45,33,54,39,61.11
2024-01-14,Colombo Fort - Batticaloa,Express,2nd Class,270,223,324,231,68.83
2024-01-14,Colombo Fort - Batticaloa,Express,3rd Class,585,470,522,517,90.04
2024-01-14,Colombo Fort - Batticaloa,Slow/Local,1st Class,25,21,30,20,70.0
2024-01-14,Colombo Fort - Batticaloa,Slow/Local,2nd Class,150,121,180,119,67.22
2024-01-14,Colombo Fort - Batticaloa,Slow/Local,3rd Class,325,273,290,253,94.14
2024-01-14,Colombo Fort - Galle,Intercity,1st Class,37,28,44,34,63.64
2024-01-14,Colombo Fort - Galle,Intercity,2nd Class,225,176,270,206,65.19
2024-01-14,Colombo Fort - Galle,Intercity,3rd Class,487,396,435,422,91.03
2024-01-14,Colombo Fort - Kurunegala,Express,1st Class,45,36,54,31,66.67
2024-01-14,Colombo Fort - Kurunegala,Express,2nd Class,270,231,324,202,71.3
2024-01-14,Colombo Fort - Kurunegala,Express,3rd Class,585,461,522,420,88.31
2024-01-14,Colombo Fort - Matara,Intercity,1st Class,37,29,44,34,65.91
2024-01-14,Colombo Fort - Matara,Intercity,2nd Class,225,174,270,207,64.44
2024-01-14,Colombo Fort - Matara,Intercity,3rd Class,487,347,435,420,79.77
2024-01-14,Colombo Fort - Matara,Slow/Local,1st Class,25,21,30,19,70.0
2024-01-14,Colombo Fort - Matara,Slow/Local,2nd Class,150,119,180,121,66.11
2024-01-14,Colombo Fort - Matara,Slow/Local,3rd Class,325,271,290,273,93.45
2024-01-14,Colombo Fort - Negombo,Slow/Local,1st Class,25,21,30,23,70.0
2024-01-14,Colombo Fort - Negombo,Slow/Local,2nd Class,150,126,180,131,70.0
2024-01-14,Colombo Fort - Negombo,Slow/Local,3rd Class,325,266,290,308,91.72
2024-01-14,Colombo Fort - Puttalam,Intercity,1st Class,37,30,44,35,68.18
2024-01-14,Colombo Fort - Puttalam,Intercity,2nd Class,225,168,270,198,62.22
2024-01-14,Colombo Fort - Puttalam,Intercity,3rd Class,487,393,435,434,90.34
2024-01-14,Colombo Fort - Ratnapura,Express,1st Class,45,36,54,45,66.67
2024-01-14,Colombo Fort - Ratnapura,Express,2nd Class,270,228,324,269,70.37
2024-01-14,Colombo Fort - Ratnapura,Express,3rd Class,585,486,522,585,93.1
2024-01-14,Colombo Fort - Ratnapura,Intercity,1st Class,37,30,44,37,68.18
2024-01-14,Colombo Fort - Ratnapura,Intercity,2nd Class,225,183,270,221,67.78
2024-01-14,Colombo Fort - Ratnapura,Intercity,3rd Class,487,404,435,460,92.87
2024-01-14,Colombo Fort - Ratnapura,Slow/Local,1st Class,25,21,30,24,70.0
2024-01-14,Colombo Fort - Ratnapura,Slow/Local,2nd Class,150,118,180,135,65.56
2024-01-14,Colombo Fort - Ratnapura,Slow/Local,3rd Class,325,258,290,308,88.97
2024-01-14,Colombo Fort - Vavuniya,Express,1st Class,45,33,54,41,61.11
2024-01-14,Colombo Fort - Vavuniya,Express,2nd Class,270,213,324,243,65.74
2024-01-14,Colombo Fort - Vavuniya,Express,3rd Class,585,469,522,538,89.85
2024-01-14,Maradana - Avissawella,Slow/Local,1st Class,25,20,30,15,66.67
2024-01-14,Maradana - Avissawella,Slow/Local,2nd Class,150,120,180,71,66.67
2024-01-14,Maradana - Avissawella,Slow/Local,3rd Class,325,260,290,177,89.66
2024-01-15,Colombo Fort - Anuradhapura,Intercity,1st Class,37,27,44,33,61.36
2024-01-15,Colombo Fort - Anuradhapura,Intercity,2nd Class,225,170,270,193,62.96
2024-01-15,Colombo Fort - Anuradhapura,Intercity,3rd Class,487,369,435,400,84.83
2024-01-15,Colombo Fort - Kandy,Express,1st Class,45,31,32,31,96.88
2024-01-15,Colombo Fort - Kandy,Express,2nd Class,270,199,324,171,61.42
2024-01-15,Colombo Fort - Kandy,Express,3rd Class,585,386,544,338,70.96
2024-01-15,Colombo Fort - Kandy,Slow/Local,1st Class,25,20,30,12,66.67
2024-01-15,Colombo Fort - Kandy,Slow/Local,2nd Class,150,108,180,80,60.0
2024-01-15,Colombo Fort - Kandy,Slow/Local,3rd Class,325,257,290,193,88.62
2024-01-15,Colombo Fort - Kurunegala,Slow/Local,1st Class,25,20,30,20,66.67
2024-01-15,Colombo Fort - Kurunegala,Slow/Local,2nd Class,150,113,180,131,62.78
2024-01-15,Colombo Fort - Kurunegala,Slow/Local,3rd Class,325,253,290,273,87.24
2024-01-15,Colombo Fort - Matara,Intercity,1st Class,37,27,44,27,61.36
2024-01-15,Colombo Fort - Matara,Intercity,2nd Class,225,153,158,182,96.84
2024-01-15,Colombo Fort - Matara,Intercity,3rd Class,487,390,547,337,71.3
2024-01-15,Colombo Fort - Negombo,Slow/Local,1st Class,25,20,30,14,66.67
2024-01-15,Colombo Fort - Negombo,Slow/Local,2nd Class,150,114,180,90,63.33
2024-01-15,Colombo Fort - Negombo,Slow/Local,3rd Class,325,251,290,234,86.55
2024-01-15,Colombo Fort - Trincomalee,Express,1st Class,45,36,54,39,66.67
2024-01-15,Colombo Fort - Trincomalee,Express,2nd Class,270,200,324,221,61.73
2024-01-15,Colombo Fort - Trincomalee,Express,3rd Class,585,404,522,488,77.39
2024-01-15,Colombo Fort - Trincomalee,Intercity,1st Class,37,27,44,17,61.36
2024-01-15,Colombo Fort - Trincomalee,Intercity,2nd Class,225,179,270,121,66.3
2024-01-15,Colombo Fort - Trincomalee,Intercity,3rd Class,487,363,435,262,83.45
2024-01-15,Colombo Fort - Trincomalee,Slow/Local,1st Class,25,18,18,20,100.0
2024-01-15,Colombo Fort - Trincomalee,Slow/Local,2nd Class,150,106,180,110,58.89
2024-01-15,Colombo Fort - Trincomalee,Slow/Local,3rd Class,325,249,302,238,82.45
2024-01-15,Colombo Fort - Vavuniya,Intercity,1st Class,37,27,44,20,61.36
2024-01-15,Colombo Fort - Vavuniya,Intercity,2nd Class,225,174,270,142,64.44
2024-01-15,Colombo Fort - Vavuniya,Intercity,3rd Class,487,366,435,307,84.14
2024-01-15,Maradana - Avissawella,Intercity,1st Class,37,28,44,31,63.64
2024-01-15,Maradana - Avissawella,Intercity,2nd Class,225,184,270,190,68.15
2024-01-15,Maradana - Avissawella,Intercity,3rd Class,487,370,435,426,85.06
2024-01-16,Colombo Fort - Jaffna,Night Mail,1st Class,32,25,38,25,65.79
2024-01-16,Colombo Fort - Jaffna,Night Mail,2nd Class,195,154,234,159,65.81
2024-01-16,Colombo Fort - Jaffna,Night Mail,3rd Class,422,323,377,335,85.68
2024-01-16,Colombo Fort - Kandy,Express,1st Class,45,32,32,42,100.0
2024-01-16,Colombo Fort - Kandy,Express,2nd Class,270,203,324,248,62.65
2024-01-16,Colombo Fort - Kandy,Express,3rd Class,585,360,544,561,66.18
2024-01-16,Colombo Fort - Kurunegala,Intercity,1st Class,37,25,26,37,96.15
2024-01-16,Colombo Fort - Kurunegala,Intercity,2nd Class,225,172,270,212,63.7
2024-01-16,Colombo Fort - Kurunegala,Intercity,3rd Class,487,354,453,473,78.15
2024-01-16,Colombo Fort - Matara,Intercity,1st Class,37,26,26,31,100.0
2024-01-16,Colombo Fort - Matara,Intercity,2nd Class,225,170,270,167,62.96
2024-01-16,Colombo Fort - Matara,Intercity,3rd Class,487,375,453,406,82.78
2024-01-16,Colombo Fort - Ratnapura,Express,1st Class,45,32,32,38,100.0
2024-01-16,Colombo Fort - Ratnapura,Express,2nd Class,270,196,324,228,60.49
2024-01-16,Colombo Fort - Ratnapura,Express,3rd Class,585,370,544,512,68.01
2024-01-16,Colombo Fort - Ratnapura,Night Mail,1st Class,32,25,38,26,65.79
2024-01-16,Colombo Fort - Ratnapura,Night Mail,2nd Class,195,150,234,174,64.1
2024-01-16,Colombo Fort - Ratnapura,Night Mail,3rd Class,422,299,377,315,79.31
2024-01-16,Colombo Fort - Vavuniya,Express,1st Class,45,34,54,38,62.96
2024-01-16,Colombo Fort - Vavuniya,Express,2nd Class,270,202,324,237,62.35
2024-01-16,Colombo Fort - Vavuniya,Express,3rd Class,585,433,522,509,82.95
2024-01-16,Colombo Fort - Vavuniya,Slow/Local,1st Class,25,19,30,18,63.33
2024-01-16,Colombo Fort - Vavuniya,Slow/Local,2nd Class,150,112,180,119,62.22
2024-01-16,Colombo Fort - Vavuniya,Slow/Local,3rd Class,325,251,290,232,86.55
2024-01-16,Maradana - Avissawella,Intercity,1st Class,37,28,44,29,63.64
2024-01-16,Maradana - Avissawella,Intercity,2nd Class,225,160,270,176,59.26
2024-01-16,Maradana - Avissawella,Intercity,3rd Class,487,369,435,379,84.83
2024-01-17,Colombo Fort - Batticaloa,Slow/Local,1st Class,25,19,30,21,63.33
2024-01-17,Colombo Fort - Batticaloa,Slow/Local,2nd Class,150,107,180,134,59.44
2024-01-17,Colombo Fort - Batticaloa,Slow/Local,3rd Class,325,244,290,285,84.14
2024-01-17,Colombo Fort - Galle,Intercity,1st Class,37,26,26,28,100.0
2024-01-17,Colombo Fort - Galle,Intercity,2nd Class,225,159,270,145,58.89
2024-01-17,Colombo Fort - Galle,Intercity,3rd Class,487,356,453,315,78.59
2024-01-17,Colombo Fort - Galle,Slow/Local,1st Class,25,19,30,14,63.33
2024-01-17,Colombo Fort - Galle,Slow/Local,2nd Class,150,109,180,94,60.56
2024-01-17,Colombo Fort - Galle,Slow/Local,3rd Class,325,227,290,207,78.28
2024-01-17,Colombo Fort - Jaffna,Intercity,1st Class,37,28,44,34,63.64
2024-01-17,Colombo Fort - Jaffna,Intercity,2nd Class,225,178,270,225,65.93
2024-01-17,Colombo Fort - Jaffna,Intercity,3rd Class,487,336,435,470,77.24
2024-01-17,Colombo Fort - Jaffna,Slow/Local,1st Class,25,20,30,16,66.67
2024-01-17,Colombo Fort - Jaffna,Slow/Local,2nd Class,150,118,180,95,65.56
2024-01-17,Colombo Fort - Jaffna,Slow/Local,3rd Class,325,256,290,205,88.28
2024-01-17,Colombo Fort - Kandy,Intercity,1st Class,37,25,26,32,96.15
2024-01-17,Colombo Fort - Kandy,Intercity,2nd Class,225,175,270,180,64.81
2024-01-17,Colombo Fort - Kandy,Intercity,3rd Class,487,343,453,406,75.72
2024-01-17,Colombo Fort - Kurunegala,Slow/Local,1st Class,25,19,30,25,63.33
2024-01-17,Colombo Fort - Kurunegala,Slow/Local,2nd Class,150,115,180,141,63.89
2024-01-17,Colombo Fort - Kurunegala,Slow/Local,3rd Class,325,247,290,296,85.17
2024-01-17,Colombo Fort - Matara,Express,1st Class,45,32,32,33,100.0
2024-01-17,Colombo Fort - Matara,Express,2nd Class,270,201,324,171,62.04
2024-01-17,Colombo Fort - Matara,Express,3rd Class,585,380,544,408,69.85
2024-01-17,Colombo Fort - Ratnapura,Express,1st Class,45,33,54,37,61.11
2024-01-17,Colombo Fort - Ratnapura,Express,2nd Class,270,196,324,225,60.49
2024-01-17,Colombo Fort - Ratnapura,Express,3rd Class,585,384,522,499,73.56
2024-01-17,Colombo Fort - Vavuniya,Intercity,1st Class,37,27,44,22,61.36
2024-01-17,Colombo Fort - Vavuniya,Intercity,2nd Class,225,173,270,138,64.07
2024-01-17,Colombo Fort - Vavuniya,Intercity,3rd Class,487,360,435,312,82.76
2024-01-18,Colombo Fort - Batticaloa,Slow/Local,1st Class,25,19,30,20,63.33
2024-01-18,Colombo Fort - Batticaloa,Slow/Local,2nd Class,150,111,180,128,61.67
2024-01-18,Colombo Fort - Batticaloa,Slow/Local,3rd Class,325,246,290,286,84.83
2024-01-18,Colombo Fort - Galle,Night Mail,1st Class,32,25,38,27,65.79
2024-01-18,Colombo Fort - Galle,Night Mail,2nd Class,195,152,234,154,64.96
2024-01-18,Colombo Fort - Galle,Night Mail,3rd Class,422,320,377,362,84.88
2024-01-18,Colombo Fort - Matara,Intercity,1st Class,37,27,44,23,61.36
2024-01-18,Colombo Fort - Matara,Intercity,2nd Class,225,173,270,135,64.07
2024-01-18,Colombo Fort - Matara,Intercity,3rd Class,487,396,435,254,91.03
2024-01-18,Colombo Fort - Matara,Slow/Local,1st Class,25,18,18,16,100.0
2024-01-18,Colombo Fort - Matara,Slow/Local,2nd Class,150,113,180,99,62.78
2024-01-18,Colombo Fort - Matara,Slow/Local,3rd Class,325,232,302,203,76.82
2024-01-18,Colombo Fort - Negombo,Intercity,1st Class,37,27,44,33,61.36
2024-01-18,Colombo Fort - Negombo,Intercity,2nd Class,225,178,270,201,65.93
2024-01-18,Colombo Fort - Negombo,Intercity,3rd Class,487,345,435,444,79.31
2024-01-18,Colombo Fort - Ratnapura,Express,1st Class,45,33,54,38,61.11
2024-01-18,Colombo Fort - Ratnapura,Express,2nd Class,270,202,324,214,62.35
2024-01-18,Colombo Fort - Ratnapura,Express,3rd Class,585,390,522,470,74.71
2024-01-18,Colombo Fort - Ratnapura,Slow/Local,1st Class,25,19,30,17,63.33
2024-01-18,Colombo Fort - Ratnapura,Slow/Local,2nd Class,150,113,180,105,62.78
2024-01-18,Colombo Fort - Ratnapura,Slow/Local,3rd Class,325,231,290,207,79.66
2024-01-18,Colombo Fort - Trincomalee,Express,1st Class,45,36,54,43,66.67
2024-01-18,Colombo Fort - Trincomalee,Express,2nd Class,270,206,324,265,63.58
2024-01-18,Colombo Fort - Trincomalee,Express,3rd Class,585,395,522,562,75.67
2024-01-18,Colombo Fort - Trincomalee,Intercity,1st Class,37,27,44,34,61.36
2024-01-18,Colombo Fort - Trincomalee,Intercity,2nd Class,225,162,270,213,60.0
2024-01-18,Colombo Fort - Trincomalee,Intercity,3rd Class,487,366,435,485,84.14
2024-01-19,Colombo Fort - Anuradhapura,Intercity,1st Class,37,28,44,34,63.64
2024-01-19,Colombo Fort - Anuradhapura,Intercity,2nd Class,225,180,270,204,66.67
2024-01-19,Colombo Fort - Anuradhapura,Intercity,3rd Class,487,366,435,407,84.14
2024-01-19,Colombo Fort - Badulla,Intercity,1st Class,37,28,44,29,63.64
2024-01-19,Colombo Fort - Badulla,Intercity,2nd Class,225,162,270,195,60.0
2024-01-19,Colombo Fort - Badulla,Intercity,3rd Class,487,370,435,376,85.06
2024-01-19,Colombo Fort - Badulla,Slow/Local,1st Class,25,19,30,23,63.33
2024-01-19,Colombo Fort - Badulla,Slow/Local,2nd Class,150,118,180,148,65.56
2024-01-19,Colombo Fort - Badulla,Slow/Local,3rd Class,325,250,290,284,86.21
2024-01-19,Colombo Fort - Batticaloa,Intercity,1st Class,37,27,44,35,61.36
2024-01-19,Colombo Fort - Batticaloa,Intercity,2nd Class,225,164,270,184,60.74
2024-01-19,Colombo Fort - Batticaloa,Intercity,3rd Class,487,416,435,478,95.63
2024-01-19,Colombo Fort - Kandy,Intercity,1st Class,37,28,44,26,63.64
2024-01-19,Colombo Fort - Kandy,Intercity,2nd Class,225,162,270,143,60.0
2024-01-19,Colombo Fort - Kandy,Intercity,3rd Class,487,368,435,375,84.6
2024-01-19,Colombo Fort - Kandy,Slow/Local,1st Class,25,18,18,18,100.0
2024-01-19,Colombo Fort - Kandy,Slow/Local,2nd Class,150,119,180,126,66.11
2024-01-19,Colombo Fort - Kandy,Slow/Local,3rd Class,325,248,302,218,82.12
2024-01-19,Colombo Fort - Kurunegala,Slow/Local,1st Class,25,20,30,21,66.67
2024-01-19,Colombo Fort - Kurunegala,Slow/Local,2nd Class,150,124,180,127,68.89
2024-01-19,Colombo Fort - Kurunegala,Slow/Local,3rd Class,325,251,290,287,86.55
2024-01-19,Colombo Fort - Matara,Slow/Local,1st Class,25,19,30,14,63.33
2024-01-19,Colombo Fort - Matara,Slow/Local,2nd Class,150,120,180,82,66.67
2024-01-19,Colombo Fort - Matara,Slow/Local,3rd Class,325,256,290,169,88.28
2024-01-19,Colombo Fort - Negombo,Slow/Local,1st Class,25,17,18,11,94.44
2024-01-19,Colombo Fort - Negombo,Slow/Local,2nd Class,150,116,180,78,64.44
2024-01-19,Colombo Fort - Negombo,Slow/Local,3rd Class,325,253,302,148,83.77
2024-01-19,Colombo Fort - Trincomalee,Intercity,1st Class,37,29,44,26,65.91
2024-01-19,Colombo Fort - Trincomalee,Intercity,2nd Class,225,173,270,149,64.07
2024-01-19,Colombo Fort - Trincomalee,Intercity,3rd Class,487,369,435,322,84.83
2024-01-19,Maradana - Avissawella,Night Mail,1st Class,32,29,38,27,76.32
2024-01-19,Maradana - Avissawella,Night Mail,2nd Class,195,177,234,160,75.64
2024-01-19,Maradana - Avissawella,Night Mail,3rd Class,422,353,377,395,93.63
2024-01-20,Colombo Fort - Galle,Intercity,1st Class,37,28,44,23,63.64
2024-01-20,Colombo Fort - Galle,Intercity,2nd Class,225,174,270,135,64.44
2024-01-20,Colombo Fort - Galle,Intercity,3rd Class,487,396,435,320,91.03
2024-01-20,Colombo Fort - Galle,Night Mail,1st Class,32,28,38,31,73.68
2024-01-20,Colombo Fort - Galle,Night Mail,2nd Class,195,174,234,173,74.36
2024-01-20,Colombo Fort - Galle,Night Mail,3rd Class,422,366,377,351,97.08
2024-01-20,Colombo Fort - Kurunegala,Intercity,1st Class,37,30,44,32,68.18
2024-01-20,Colombo Fort - Kurunegala,Intercity,2nd Class,225,164,270,186,60.74
2024-01-20,Colombo Fort - Kurunegala,Intercity,3rd Class,487,397,435,440,91.26
2024-01-20,Colombo Fort - Matara,Night Mail,1st Class,32,28,38,31,73.68
2024-01-20,Colombo Fort - Matara,Night Mail,2nd Class,195,170,234,192,72.65
2024-01-20,Colombo Fort - Matara,Night Mail,3rd Class,422,370,377,382,98.14
2024-01-20,Colombo Fort - Trincomalee,Express,1st Class,45,35,54,44,64.81
2024-01-20,Colombo Fort - Trincomalee,Express,2nd Class,270,223,324,248,68.83
2024-01-20,Colombo Fort - Trincomalee,Express,3rd Class,585,495,522,560,94.83
2024-01-20,Colombo Fort - Trincomalee,Slow/Local,1st Class,25,19,30,22,63.33
2024-01-20,Colombo Fort - Trincomalee,Slow/Local,2nd Class,150,118,180,138,65.56
2024-01-20,Colombo Fort - Trincomalee,Slow/Local,3rd Class,325,261,290,300,90.0
2024-01-20,Maradana - Avissawella,Slow/Local,1st Class,25,20,30,25,66.67
2024-01-20,Maradana - Avissawella,Slow/Local,2nd Class,150,113,180,150,62.78
2024-01-20,Maradana - Avissawella,Slow/Local,3rd Class,325,253,290,325,87.24
2024-01-21,Colombo Fort - Badulla,Slow/Local,1st Class,25,22,30,19,73.33
2024-01-21,Colombo Fort - Badulla,Slow/Local,2nd Class,150,116,180,121,64.44
2024-01-21,Colombo Fort - Badulla,Slow/Local,3rd Class,325,280,290,263,96.55
2024-01-21,Colombo Fort - Batticaloa,Express,1st Class,45,35,54,22,64.81
2024-01-21,Colombo Fort - Batticaloa,Express,2nd Class,270,224,324,144,69.14
2024-01-21,Colombo Fort - Batticaloa,Express,3rd Class,585,466,522,299,89.27
2024-01-21,Colombo Fort - Jaffna,Express,1st Class,45,36,54,43,66.67
2024-01-21,Colombo Fort - Jaffna,Express,2nd Class,270,226,324,270,69.75
2024-01-21,Colombo Fort - Jaffna,Express,3rd Class,585,454,522,565,86.97
2024-01-21,Colombo Fort - Jaffna,Intercity,1st Class,37,28,44,36,63.64
2024-01-21,Colombo Fort - Jaffna,Intercity,2nd Class,225,169,270,223,62.59
2024-01-21,Colombo Fort - Jaffna,Intercity,3rd Class,487,387,435,487,88.97
2024-01-21,Colombo Fort - Matara,Slow/Local,1st Class,25,20,30,25,66.67
2024-01-21,Colombo Fort - Matara,Slow/Local,2nd Class,150,119,180,150,66.11
2024-01-21,Colombo Fort - Matara,Slow/Local,3rd Class,325,257,290,325,88.62
2024-01-21,Colombo Fort - Negombo,Express,1st Class,45,34,54,42,62.96
2024-01-21,Colombo Fort - Negombo,Express,2nd Class,270,219,324,248,67.59
2024-01-21,Colombo Fort - Negombo,Express,3rd Class,585,445,522,536,85.25
2024-01-21,Colombo Fort - Negombo,Intercity,1st Class,37,30,44,27,68.18
2024-01-21,Colombo Fort - Negombo,Intercity,2nd Class,225,176,270,171,65.19
2024-01-21,Colombo Fort - Negombo,Intercity,3rd Class,487,400,435,403,91.95
2024-01-21,Colombo Fort - Puttalam,Express,1st Class,45,36,54,34,66.67
2024-01-21,Colombo Fort - Puttalam,Express,2nd Class,270,225,324,214,69.44
2024-01-21,Colombo Fort - Puttalam,Express,3rd Class,585,495,522,399,94.83
2024-01-21,Colombo Fort - Ratnapura,Express,1st Class,45,36,54,44,66.67
2024-01-21,Colombo Fort - Ratnapura,Express,2nd Class,270,224,324,231,69.14
2024-01-21,Colombo Fort - Ratnapura,Express,3rd Class,585,483,522,502,92.53
2024-01-21,Colombo Fort - Trincomalee,Express,1st Class,45,35,54,38,64.81
2024-01-21,Colombo Fort - Trincomalee,Express,2nd Class,270,224,324,207,69.14
2024-01-21,Colombo Fort - Trincomalee,Express,3rd Class,585,478,522,419,91.57
2024-01-21,Colombo Fort - Vavuniya,Express,1st Class,45,36,54,39,66.67
2024-01-21,Colombo Fort - Vavuniya,Express,2nd Class,270,224,324,242,69.14
2024-01-21,Colombo Fort - Vavuniya,Express,3rd Class,585,485,522,521,92.91
2024-01-21,Colombo Fort - Vavuniya,Slow/Local,1st Class,25,21,30,25,70.0
2024-01-21,Colombo Fort - Vavuniya,Slow/Local,2nd Class,150,125,180,150,69.44
2024-01-21,Colombo Fort - Vavuniya,Slow/Local,3rd Class,325,271,290,312,93.45
2024-01-21,Kandy - Badulla,Slow/Local,1st Class,25,22,30,20,73.33
2024-01-21,Kandy - Badulla,Slow/Local,2nd Class,150,129,180,128,71.67
2024-01-21,Kandy - Badulla,Slow/Local,3rd Class,325,281,290,258,96.9
2024-01-22,Colombo Fort - Anuradhapura,Express,1st Class,45,33,54,40,61.11
2024-01-22,Colombo Fort - Anuradhapura,Express,2nd Class,270,204,324,262,62.96
2024-01-22,Colombo Fort - Anuradhapura,Express,3rd Class,585,405,522,509,77.59
2024-01-22,Colombo Fort - Batticaloa,Intercity,1st Class,37,27,44,28,61.36
2024-01-22,Colombo Fort - Batticaloa,Intercity,2nd Class,225,177,270,171,65.56
2024-01-22,Colombo Fort - Batticaloa,Intercity,3rd Class,487,381,435,342,87.59
2024-01-22,Colombo Fort - Galle,Slow/Local,1st Class,25,18,18,20,100.0
2024-01-22,Colombo Fort - Galle,Slow/Local,2nd Class,150,108,180,110,60.0
2024-01-22,Colombo Fort - Galle,Slow/Local,3rd Class,325,248,302,254,82.12
2024-01-22,Colombo Fort - Jaffna,Slow/Local,1st Class,25,20,30,25,66.67
2024-01-22,Colombo Fort - Jaffna,Slow/Local,2nd Class,150,106,180,150,58.89
2024-01-22,Colombo Fort - Jaffna,Slow/Local,3rd Class,325,250,290,325,86.21
2024-01-22,Colombo Fort - Negombo,Intercity,1st Class,37,27,44,21,61.36
2024-01-22,Colombo Fort - Negombo,Intercity,2nd Class,225,171,270,145,63.33
2024-01-22,Colombo Fort - Negombo,Intercity,3rd Class,487,367,435,300,84.37
2024-01-22,Colombo Fort - Ratnapura,Intercity,1st Class,37,25,26,31,96.15
2024-01-22,Colombo Fort - Ratnapura,Intercity,2nd Class,225,178,270,204,65.93
2024-01-22,Colombo Fort - Ratnapura,Intercity,3rd Class,487,377,453,430,83.22
2024-01-22,Kandy - Badulla,Express,1st Class,45,34,54,43,62.96
2024-01-22,Kandy - Badulla,Express,2nd Class,270,206,324,264,63.58
2024-01-22,Kandy - Badulla,Express,3rd Class,585,411,522,585,78.74
2024-01-22,Kandy - Badulla,Night Mail,1st Class,32,23,23,21,100.0
2024-01-22,Kandy - Badulla,Night Mail,2nd Class,195,150,234,119,64.1
2024-01-22,Kandy - Badulla,Night Mail,3rd Class,422,320,392,303,81.63
2024-01-22,Maradana - Avissawella,Intercity,1st Class,37,28,44,30,63.64
2024-01-22,Maradana - Avissawella,Intercity,2nd Class,225,159,270,191,58.89
2024-01-22,Maradana - Avissawella,Intercity,3rd Class,487,382,435,409,87.82
2024-01-23,Colombo Fort - Anuradhapura,Express,1st Class,45,33,54,36,61.11
2024-01-23,Colombo Fort - Anuradhapura,Express,2nd Class,270,204,324,213,62.96
2024-01-23,Colombo Fort - Anuradhapura,Express,3rd Class,585,399,522,512,76.44
2024-01-23,Colombo Fort - Anuradhapura,Intercity,1st Class,37,26,26,24,100.0
2024-01-23,Colombo Fort - Anuradhapura,Intercity,2nd Class,225,171,270,130,63.33
2024-01-23,Colombo Fort - Anuradhapura,Intercity,3rd Class,487,362,453,284,79.91
2024-01-23,Colombo Fort - Batticaloa,Express,1st Class,45,31,32,33,96.88
2024-01-23,Colombo Fort - Batticaloa,Express,2nd Class,270,180,189,195,95.24
2024-01-23,Colombo Fort - Batticaloa,Express,3rd Class,585,450,679,434,66.27
2024-01-23,Colombo Fort - Kandy,Night Mail,1st Class,32,23,23,25,100.0
2024-01-23,Colombo Fort - Kandy,Night Mail,2nd Class,195,148,234,150,63.25
2024-01-23,Colombo Fort - Kandy,Night Mail,3rd Class,422,306,392,340,78.06
2024-01-23,Colombo Fort - Matara,Intercity,1st Class,37,26,26,37,100.0
2024-01-23,Colombo Fort - Matara,Intercity,2nd Class,225,149,158,224,94.3
2024-01-23,Colombo Fort - Matara,Intercity,3rd Class,487,323,565,476,57.17
2024-01-23,Colombo Fort - Negombo,Slow/Local,1st Class,25,18,18,17,100.0
2024-01-23,Colombo Fort - Negombo,Slow/Local,2nd Class,150,110,180,88,61.11
2024-01-23,Colombo Fort - Negombo,Slow/Local,3rd Class,325,228,302,189,75.5
2024-01-23,Colombo Fort - Ratnapura,Express,1st Class,45,33,54,28,61.11
2024-01-23,Colombo Fort - Ratnapura,Express,2nd Class,270,200,324,150,61.73
2024-01-23,Colombo Fort - Ratnapura,Express,3rd Class,585,407,522,344,77.97
2024-01-23,Colombo Fort - Ratnapura,Intercity,1st Class,37,26,26,37,100.0
2024-01-23,Colombo Fort - Ratnapura,Intercity,2nd Class,225,176,270,225,65.19
2024-01-23,Colombo Fort - Ratnapura,Intercity,3rd Class,487,361,453,478,79.69
2024-01-23,Colombo Fort - Trincomalee,Intercity,1st Class,37,27,44,28,61.36
2024-01-23,Colombo Fort - Trincomalee,Intercity,2nd Class,225,169,270,168,62.59
2024-01-23,Colombo Fort - Trincomalee,Intercity,3rd Class,487,362,435,366,83.22
2024-01-23,Colombo Fort - Vavuniya,Express,1st Class,45,33,54,39,61.11
2024-01-23,Colombo Fort - Vavuniya,Express,2nd Class,270,203,324,233,62.65
2024-01-23,Colombo Fort - Vavuniya,Express,3rd Class,585,438,522,526,83.91
2024-01-24,Colombo Fort - Anuradhapura,Express,1st Class,45,33,54,28,61.11
2024-01-24,Colombo Fort - Anuradhapura,Express,2nd Class,270,200,324,157,61.73
2024-01-24,Colombo Fort - Anuradhapura,Express,3rd Class,585,417,522,333,79.89
2024-01-24,Colombo Fort - Anuradhapura,Slow/Local,1st Class,25,20,30,19,66.67
2024-01-24,Colombo Fort - Anuradhapura,Slow/Local,2nd Class,150,120,180,122,66.67
2024-01-24,Colombo Fort - Anuradhapura,Slow/Local,3rd Class,325,249,290,236,85.86
2024-01-24,Colombo Fort - Batticaloa,Slow/Local,1st Class,25,19,30,19,63.33
2024-01-24,Colombo Fort - Batticaloa,Slow/Local,2nd Class,150,116,180,106,64.44
2024-01-24,Colombo Fort - Batticaloa,Slow/Local,3rd Class,325,250,290,213,86.21
2024-01-24,Colombo Fort - Galle,Night Mail,1st Class,32,23,23,20,100.0
2024-01-24,Colombo Fort - Galle,Night Mail,2nd Class,195,153,234,128,65.38
2024-01-24,Colombo Fort - Galle,Night Mail,3rd Class,422,321,392,291,81.89
2024-01-24,Colombo Fort - Jaffna,Night Mail,1st Class,32,25,38,28,65.79
2024-01-24,Colombo Fort - Jaffna,Night Mail,2nd Class,195,157,234,181,67.09
2024-01-24,Colombo Fort - Jaffna,Night Mail,3rd Class,422,316,377,388,83.82
2024-01-24,Colombo Fort - Jaffna,Slow/Local,1st Class,25,20,30,21,66.67
2024-01-24,Colombo Fort - Jaffna,Slow/Local,2nd Class,150,117,180,117,65.0
2024-01-24,Colombo Fort - Jaffna,Slow/Local,3rd Class,325,254,290,236,87.59
2024-01-24,Colombo Fort - Kurunegala,Slow/Local,1st Class,25,20,30,23,66.67
2024-01-24,Colombo Fort - Kurunegala,Slow/Local,2nd Class,150,113,180,150,62.78
2024-01-24,Colombo Fort - Kurunegala,Slow/Local,3rd Class,325,246,290,325,84.83
2024-01-24,Colombo Fort - Matara,Slow/Local,1st Class,25,17,18,23,94.44
2024-01-24,Colombo Fort - Matara,Slow/Local,2nd Class,150,113,180,150,62.78
2024-01-24,Colombo Fort - Matara,Slow/Local,3rd Class,325,232,302,285,76.82
2024-01-24,Colombo Fort - Negombo,Intercity,1st Class,37,27,44,20,61.36
2024-01-24,Colombo Fort - Negombo,Intercity,2nd Class,225,159,270,117,58.89
2024-01-24,Colombo Fort - Negombo,Intercity,3rd Class,487,362,435,270,83.22
2024-01-24,Colombo Fort - Puttalam,Intercity,1st Class,37,26,26,31,100.0
2024-01-24,Colombo Fort - Puttalam,Intercity,2nd Class,225,165,270,187,61.11
2024-01-24,Colombo Fort - Puttalam,Intercity,3rd Class,487,368,453,436,81.24
2024-01-24,Colombo Fort - Puttalam,Slow/Local,1st Class,25,19,30,21,63.33
2024-01-24,Colombo Fort - Puttalam,Slow/Local,2nd Class,150,113,180,120,62.78
2024-01-24,Colombo Fort - Puttalam,Slow/Local,3rd Class,325,248,290,285,85.52
2024-01-24,Colombo Fort - Vavuniya,Slow/Local,1st Class,25,20,30,20,66.67
2024-01-24,Colombo Fort - Vavuniya,Slow/Local,2nd Class,150,115,180,123,63.89
2024-01-24,Colombo Fort - Vavuniya,Slow/Local,3rd Class,325,248,290,234,85.52
2024-01-25,Colombo Fort - Anuradhapura,Intercity,1st Class,37,29,44,29,65.91
2024-01-25,Colombo Fort - Anuradhapura,Intercity,2nd Class,225,169,270,162,62.59
2024-01-25,Colombo Fort - Anuradhapura,Intercity,3rd Class,487,373,435,350,85.75
2024-01-25,Colombo Fort - Batticaloa,Intercity,1st Class,37,28,44,33,63.64
2024-01-25,Colombo Fort - Batticaloa,Intercity,2nd Class,225,174,270,172,64.44
2024-01-25,Colombo Fort - Batticaloa,Intercity,3rd Class,487,383,435,402,88.05
2024-01-25,Colombo Fort - Batticaloa,Slow/Local,1st Class,25,19,30,21,63.33
2024-01-25,Colombo Fort - Batticaloa,Slow/Local,2nd Class,150,108,180,134,60.0
2024-01-25,Colombo Fort - Batticaloa,Slow/Local,3rd Class,325,237,290,268,81.72
2024-01-25,Colombo Fort - Galle,Express,1st Class,45,33,54,31,61.11
2024-01-25,Colombo Fort - Galle,Express,2nd Class,270,204,324,184,62.96
2024-01-25,Colombo Fort - Galle,Express,3rd Class,585,417,522,366,79.89
2024-01-25,Colombo Fort - Kurunegala,Slow/Local,1st Class,25,20,30,25,66.67
2024-01-25,Colombo Fort - Kurunegala,Slow/Local,2nd Class,150,115,180,149,63.89
2024-01-25,Colombo Fort - Kurunegala,Slow/Local,3rd Class,325,253,290,325,87.24
2024-01-25,Colombo Fort - Puttalam,Slow/Local,1st Class,25,19,30,21,63.33
2024-01-25,Colombo Fort - Puttalam,Slow/Local,2nd Class,150,108,180,136,60.0
2024-01-25,Colombo Fort - Puttalam,Slow/Local,3rd Class,325,229,290,271,78.97
2024-01-25,Colombo Fort - Ratnapura,Express,1st Class,45,33,54,34,61.11
2024-01-25,Colombo Fort - Ratnapura,Express,2nd Class,270,211,324,199,65.12
2024-01-25,Colombo Fort - Ratnapura,Express,3rd Class,585,366,522,455,70.11
2024-01-25,Colombo Fort - Ratnapura,Intercity,1st Class,37,26,26,29,100.0
2024-01-25,Colombo Fort - Ratnapura,Intercity,2nd Class,225,175,270,175,64.81
2024-01-25,Colombo Fort - Ratnapura,Intercity,3rd Class,487,377,453,395,83.22
2024-01-25,Colombo Fort - Trincomalee,Slow/Local,1st Class,25,19,30,15,63.33
2024-01-25,Colombo Fort - Trincomalee,Slow/Local,2nd Class,150,114,180,92,63.33
2024-01-25,Colombo Fort - Trincomalee,Slow/Local,3rd Class,325,237,290,180,81.72
2024-01-25,Colombo Fort - Vavuniya,Intercity,1st Class,37,29,44,31,65.91
2024-01-25,Colombo Fort - Vavuniya,Intercity,2nd Class,225,179,270,175,66.3
2024-01-25,Colombo Fort - Vavuniya,Intercity,3rd Class,487,369,435,360,84.83
2024-01-25,Kandy - Badulla,Slow/Local,1st Class,25,19,30,18,63.33
2024-01-25,Kandy - Badulla,Slow/Local,2nd Class,150,115,180,119,63.89
2024-01-25,Kandy - Badulla,Slow/Local,3rd Class,325,257,290,244,88.62
2024-01-26,Colombo Fort - Anuradhapura,Intercity,1st Class,37,29,44,25,65.91
2024-01-26,Colombo Fort - Anuradhapura,Intercity,2nd Class,225,182,270,157,67.41
2024-01-26,Colombo Fort - Anuradhapura,Intercity,3rd Class,487,382,435,324,87.82
2024-01-26,Colombo Fort - Anuradhapura,Slow/Local,1st Class,25,20,30,16,66.67
2024-01-26,Colombo Fort - Anuradhapura,Slow/Local,2nd Class,150,124,180,90,68.89
2024-01-26,Colombo Fort - Anuradhapura,Slow/Local,3rd Class,325,278,290,215,95.86
2024-01-26,Colombo Fort - Batticaloa,Express,1st Class,45,38,54,32,70.37
2024-01-26,Colombo Fort - Batticaloa,Express,2nd Class,270,225,324,221,69.44
2024-01-26,Colombo Fort - Batticaloa,Express,3rd Class,585,451,522,455,86.4
2024-01-26,Colombo Fort - Batticaloa,Intercity,1st Class,37,28,44,27,63.64
2024-01-26,Colombo Fort - Batticaloa,Intercity,2nd Class,225,162,270,156,60.0
2024-01-26,Colombo Fort - Batticaloa,Intercity,3rd Class,487,343,435,310,78.85
2024-01-26,Colombo Fort - Galle,Slow/Local,1st Class,25,18,18,24,100.0
2024-01-26,Colombo Fort - Galle,Slow/Local,2nd Class,150,119,180,150,66.11
2024-01-26,Colombo Fort - Galle,Slow/Local,3rd Class,325,259,302,311,85.76
2024-01-26,Colombo Fort - Jaffna,Express,1st Class,45,39,54,28,72.22
2024-01-26,Colombo Fort - Jaffna,Express,2nd Class,270,226,324,158,69.75
2024-01-26,Colombo Fort - Jaffna,Express,3rd Class,585,500,522,344,95.79
2024-01-26,Colombo Fort - Jaffna,Slow/Local,1st Class,25,20,30,21,66.67
2024-01-26,Colombo Fort - Jaffna,Slow/Local,2nd Class,150,124,180,120,68.89
2024-01-26,Colombo Fort - Jaffna,Slow/Local,3rd Class,325,282,290,278,97.24
2024-01-26,Colombo Fort - Kandy,Intercity,1st Class,37,27,44,27,61.36
2024-01-26,Colombo Fort - Kandy,Intercity,2nd Class,225,173,270,177,64.07
2024-01-26,Colombo Fort - Kandy,Intercity,3rd Class,487,370,435,340,85.06
2024-01-26,Colombo Fort - Matara,Intercity,1st Class,37,29,44,37,65.91
2024-01-26,Colombo Fort - Matara,Intercity,2nd Class,225,189,270,225,70.0
2024-01-26,Colombo Fort - Matara,Intercity,3rd Class,487,396,435,472,91.03
2024-01-26,Colombo Fort - Matara,Slow/Local,1st Class,25,20,30,21,66.67
2024-01-26,Colombo Fort - Matara,Slow/Local,2nd Class,150,109,180,118,60.56
2024-01-26,Colombo Fort - Matara,Slow/Local,3rd Class,325,268,290,276,92.41
2024-01-26,Colombo Fort - Negombo,Express,1st Class,45,37,54,28,68.52
2024-01-26,Colombo Fort - Negombo,Express,2nd Class,270,226,324,173,69.75
2024-01-26,Colombo Fort - Negombo,Express,3rd Class,585,477,522,341,91.38
2024-01-26,Colombo Fort - Negombo,Intercity,1st Class,37,29,44,32,65.91
2024-01-26,Colombo Fort - Negombo,Intercity,2nd Class,225,174,270,180,64.44
2024-01-26,Colombo Fort - Negombo,Intercity,3rd Class,487,375,435,388,86.21
2024-01-26,Colombo Fort - Trincomalee,Express,1st Class,45,37,54,38,68.52
2024-01-26,Colombo Fort - Trincomalee,Express,2nd Class,270,229,324,238,70.68
2024-01-26,Colombo Fort - Trincomalee,Express,3rd Class,585,478,522,471,91.57
2024-01-26,Colombo Fort - Vavuniya,Intercity,1st Class,37,30,44,29,68.18
2024-01-26,Colombo Fort - Vavuniya,Intercity,2nd Class,225,186,270,193,68.89
2024-01-26,Colombo Fort - Vavuniya,Intercity,3rd Class,487,396,435,395,91.03
2024-01-26,Colombo Fort - Vavuniya,Slow/Local,1st Class,25,19,30,21,63.33
2024-01-26,Colombo Fort - Vavuniya,Slow/Local,2nd Class,150,122,180,110,67.78
2024-01-26,Colombo Fort - Vavuniya,Slow/Local,3rd Class,325,271,290,262,93.45
2024-01-26,Maradana - Avissawella,Express,1st Class,45,38,54,34,70.37
2024-01-26,Maradana - Avissawella,Express,2nd Class,270,226,324,229,69.75
2024-01-26,Maradana - Avissawella,Express,3rd Class,585,480,522,455,91.95
2024-01-26,Maradana - Avissawella,Night Mail,1st Class,32,28,38,30,73.68
2024-01-26,Maradana - Avissawella,Night Mail,2nd Class,195,175,234,187,74.79
2024-01-26,Maradana - Avissawella,Night Mail,3rd Class,422,357,377,422,94.69
2024-01-27,Colombo Fort - Badulla,Slow/Local,1st Class,25,20,30,19,66.67
2024-01-27,Colombo Fort - Badulla,Slow/Local,2nd Class,150,120,180,110,66.67
2024-01-27,Colombo Fort - Badulla,Slow/Local,3rd Class,325,272,290,243,93.79
2024-01-27,Colombo Fort - Batticaloa,Night Mail,1st Class,32,28,38,23,73.68
2024-01-27,Colombo Fort - Batticaloa,Night Mail,2nd Class,195,171,234,135,73.08
2024-01-27,Colombo Fort - Batticaloa,Night Mail,3rd Class,422,376,377,289,99.73
2024-01-27,Colombo Fort - Jaffna,Slow/Local,1st Class,25,20,30,17,66.67
2024-01-27,Colombo Fort - Jaffna,Slow/Local,2nd Class,150,121,180,101,67.22
2024-01-27,Colombo Fort - Jaffna,Slow/Local,3rd Class,325,276,290,212,95.17
2024-01-27,Colombo Fort - Kurunegala,Express,1st Class,45,38,54,45,70.37
2024-01-27,Colombo Fort - Kurunegala,Express,2nd Class,270,233,324,270,71.91
2024-01-27,Colombo Fort - Kurunegala,Express,3rd Class,585,497,522,585,95.21
2024-01-27,Colombo Fort - Negombo,Intercity,1st Class,37,31,44,34,70.45
2024-01-27,Colombo Fort - Negombo,Intercity,2nd Class,225,187,270,216,69.26
2024-01-27,Colombo Fort - Negombo,Intercity,3rd Class,487,395,435,487,90.8
2024-01-27,Colombo Fort - Puttalam,Slow/Local,1st Class,25,19,30,18,63.33
2024-01-27,Colombo Fort - Puttalam,Slow/Local,2nd Class,150,122,180,121,67.78
2024-01-27,Colombo Fort - Puttalam,Slow/Local,3rd Class,325,260,290,220,89.66
2024-01-27,Colombo Fort - Vavuniya,Slow/Local,1st Class,25,19,30,25,63.33
2024-01-27,Colombo Fort - Vavuniya,Slow/Local,2nd Class,150,118,180,148,65.56
2024-01-27,Colombo Fort - Vavuniya,Slow/Local,3rd Class,325,268,290,325,92.41
2024-01-28,Colombo Fort - Anuradhapura,Intercity,1st Class,37,29,44,32,65.91
2024-01-28,Colombo Fort - Anuradhapura,Intercity,2nd Class,225,185,270,186,68.52
2024-01-28,Colombo Fort - Anuradhapura,Intercity,3rd Class,487,393,435,441,90.34
2024-01-28,Colombo Fort - Anuradhapura,Slow/Local,1st Class,25,22,30,16,73.33
2024-01-28,Colombo Fort - Anuradhapura,Slow/Local,2nd Class,150,122,180,92,67.78
2024-01-28,Colombo Fort - Anuradhapura,Slow/Local,3rd Class,325,275,290,218,94.83
2024-01-28,Colombo Fort - Batticaloa,Intercity,1st Class,37,27,44,34,61.36
2024-01-28,Colombo Fort - Batticaloa,Intercity,2nd Class,225,179,270,199,66.3
2024-01-28,Colombo Fort - Batticaloa,Intercity,3rd Class,487,377,435,434,86.67
2024-01-28,Colombo Fort - Jaffna,Intercity,1st Class,37,33,44,22,75.0
2024-01-28,Colombo Fort - Jaffna,Intercity,2nd Class,225,178,270,176,65.93
2024-01-28,Colombo Fort - Jaffna,Intercity,3rd Class,487,400,435,310,91.95
2024-01-28,Colombo Fort - Kandy,Slow/Local,1st Class,25,21,30,23,70.0
2024-01-28,Colombo Fort - Kandy,Slow/Local,2nd Class,150,123,180,129,68.33
2024-01-28,Colombo Fort - Kandy,Slow/Local,3rd Class,325,269,290,269,92.76
2024-01-28,Colombo Fort - Kurunegala,Intercity,1st Class,37,30,44,34,68.18
2024-01-28,Colombo Fort - Kurunegala,Intercity,2nd Class,225,180,270,203,66.67
2024-01-28,Colombo Fort - Kurunegala,Intercity,3rd Class,487,385,435,423,88.51
2024-01-28,Colombo Fort - Matara,Express,1st Class,45,39,54,45,72.22
2024-01-28,Colombo Fort - Matara,Express,2nd Class,270,225,324,248,69.44
2024-01-28,Colombo Fort - Matara,Express,3rd Class,585,516,522,580,98.85
2024-01-28,Colombo Fort - Ratnapura,Intercity,1st Class,37,30,44,27,68.18
2024-01-28,Colombo Fort - Ratnapura,Intercity,2nd Class,225,183,270,178,67.78
2024-01-28,Colombo Fort - Ratnapura,Intercity,3rd Class,487,424,435,363,97.47
2024-01-28,Colombo Fort - Trincomalee,Express,1st Class,45,39,54,31,72.22
2024-01-28,Colombo Fort - Trincomalee,Express,2nd Class,270,227,324,178,70.06
2024-01-28,Colombo Fort - Trincomalee,Express,3rd Class,585,501,522,400,95.98
2024-01-28,Colombo Fort - Trincomalee,Intercity,1st Class,37,29,44,34,65.91
2024-01-28,Colombo Fort - Trincomalee,Intercity,2nd Class,225,185,270,225,68.52
2024-01-28,Colombo Fort - Trincomalee,Intercity,3rd Class,487,392,435,443,90.11
2024-01-28,Colombo Fort - Trincomalee,Slow/Local,1st Class,25,22,30,25,73.33
2024-01-28,Colombo Fort - Trincomalee,Slow/Local,2nd Class,150,120,180,149,66.67
2024-01-28,Colombo Fort - Trincomalee,Slow/Local,3rd Class,325,265,290,321,91.38
2024-01-29,Colombo Fort - Anuradhapura,Slow/Local,1st Class,25,18,18,25,100.0
2024-01-29,Colombo Fort - Anuradhapura,Slow/Local,2nd Class,150,105,105,150,100.0
2024-01-29,Colombo Fort - Anuradhapura,Slow/Local,3rd Class,325,238,377,325,63.13
2024-01-29,Colombo Fort - Badulla,Slow/Local,1st Class,25,18,18,25,100.0
2024-01-29,Colombo Fort - Badulla,Slow/Local,2nd Class,150,99,105,147,94.29
2024-01-29,Colombo Fort - Badulla,Slow/Local,3rd Class,325,223,377,325,59.15
2024-01-29,Colombo Fort - Galle,Intercity,1st Class,37,30,44,19,68.18
2024-01-29,Colombo Fort - Galle,Intercity,2nd Class,225,177,270,102,65.56
2024-01-29,Colombo Fort - Galle,Intercity,3rd Class,487,403,435,239,92.64
2024-01-29,Colombo Fort - Kurunegala,Night Mail,1st Class,32,25,38,17,65.79
2024-01-29,Colombo Fort - Kurunegala,Night Mail,2nd Class,195,154,234,87,65.81
2024-01-29,Colombo Fort - Kurunegala,Night Mail,3rd Class,422,327,377,199,86.74
2024-01-29,Colombo Fort - Negombo,Slow/Local,1st Class,25,17,18,20,94.44
2024-01-29,Colombo Fort - Negombo,Slow/Local,2nd Class,150,101,105,97,96.19
2024-01-29,Colombo Fort - Negombo,Slow/Local,3rd Class,325,225,377,218,59.68
2024-01-29,Colombo Fort - Puttalam,Express,1st Class,45,31,32,28,96.88
2024-01-29,Colombo Fort - Puttalam,Express,2nd Class,270,201,324,155,62.04
2024-01-29,Colombo Fort - Puttalam,Express,3rd Class,585,356,544,338,65.44
2024-01-29,Colombo Fort - Puttalam,Slow/Local,1st Class,25,18,18,20,100.0
2024-01-29,Colombo Fort - Puttalam,Slow/Local,2nd Class,150,112,180,107,62.22
2024-01-29,Colombo Fort - Puttalam,Slow/Local,3rd Class,325,231,302,260,76.49
2024-01-29,Colombo Fort - Ratnapura,Express,1st Class,45,31,32,40,96.88
2024-01-29,Colombo Fort - Ratnapura,Express,2nd Class,270,204,324,257,62.96
2024-01-29,Colombo Fort - Ratnapura,Express,3rd Class,585,397,544,540,72.98
2024-01-29,Maradana - Avissawella,Intercity,1st Class,37,30,44,34,68.18
2024-01-29,Maradana - Avissawella,Intercity,2nd Class,225,162,270,203,60.0
2024-01-29,Maradana - Avissawella,Intercity,3rd Class,487,394,435,444,90.57
2024-01-30,Colombo Fort - Anuradhapura,Intercity,1st Class,37,27,44,31,61.36
2024-01-30,Colombo Fort - Anuradhapura,Intercity,2nd Class,225,173,270,183,64.07
2024-01-30,Colombo Fort - Anuradhapura,Intercity,3rd Class,487,370,435,382,85.06
2024-01-30,Colombo Fort - Jaffna,Slow/Local,1st Class,25,19,30,16,63.33
2024-01-30,Colombo Fort - Jaffna,Slow/Local,2nd Class,150,109,180,100,60.56
2024-01-30,Colombo Fort - Jaffna,Slow/Local,3rd Class,325,247,290,224,85.17
2024-01-30,Colombo Fort - Matara,Intercity,1st Class,37,25,26,30,96.15
2024-01-30,Colombo Fort - Matara,Intercity,2nd Class,225,164,270,165,60.74
2024-01-30,Colombo Fort - Matara,Intercity,3rd Class,487,382,453,339,84.33
2024-01-30,Colombo Fort - Negombo,Intercity,1st Class,37,29,44,34,65.91
2024-01-30,Colombo Fort - Negombo,Intercity,2nd Class,225,164,270,212,60.74
2024-01-30,Colombo Fort - Negombo,Intercity,3rd Class,487,373,435,441,85.75
2024-01-30,Colombo Fort - Ratnapura,Intercity,1st Class,37,26,26,33,100.0
2024-01-30,Colombo Fort - Ratnapura,Intercity,2nd Class,225,170,270,203,62.96
2024-01-30,Colombo Fort - Ratnapura,Intercity,3rd Class,487,349,453,436,77.04
2024-01-30,Colombo Fort - Vavuniya,Slow/Local,1st Class,25,20,30,20,66.67
2024-01-30,Colombo Fort - Vavuniya,Slow/Local,2nd Class,150,113,180,129,62.78
2024-01-30,Colombo Fort - Vavuniya,Slow/Local,3rd Class,325,240,290,254,82.76
2024-01-31,Colombo Fort - Anuradhapura,Intercity,1st Class,37,26,26,32,100.0
2024-01-31,Colombo Fort - Anuradhapura,Intercity,2nd Class,225,174,270,191,64.44
2024-01-31,Colombo Fort - Anuradhapura,Intercity,3rd Class,487,372,453,446,82.12
2024-01-31,Colombo Fort - Badulla,Slow/Local,1st Class,25,19,30,25,63.33
2024-01-31,Colombo Fort - Badulla,Slow/Local,2nd Class,150,109,180,149,60.56
2024-01-31,Colombo Fort - Badulla,Slow/Local,3rd Class,325,237,290,325,81.72
2024-01-31,Colombo Fort - Batticaloa,Intercity,1st Class,37,27,44,31,61.36
2024-01-31,Colombo Fort - Batticaloa,Intercity,2nd Class,225,172,270,187,63.7
2024-01-31,Colombo Fort - Batticaloa,Intercity,3rd Class,487,368,435,455,84.6
2024-01-31,Colombo Fort - Galle,Express,1st Class,45,30,32,39,93.75
2024-01-31,Colombo Fort - Galle,Express,2nd Class,270,200,324,254,61.73
2024-01-31,Colombo Fort - Galle,Express,3rd Class,585,390,544,555,71.69
2024-01-31,Colombo Fort - Galle,Intercity,1st Class,37,29,44,23,65.91
2024-01-31,Colombo Fort - Galle,Intercity,2nd Class,225,173,270,130,64.07
2024-01-31,Colombo Fort - Galle,Intercity,3rd Class,487,381,435,271,87.59
2024-01-31,Colombo Fort - Galle,Night Mail,1st Class,32,23,23,26,100.0
2024-01-31,Colombo Fort - Galle,Night Mail,2nd Class,195,148,234,169,63.25
2024-01-31,Colombo Fort - Galle,Night Mail,3rd Class,422,325,392,324,82.91
2024-01-31,Colombo Fort - Galle,Slow/Local,1st Class,25,19,30,12,63.33
2024-01-31,Colombo Fort - Galle,Slow/Local,2nd Class,150,115,180,82,63.89
2024-01-31,Colombo Fort - Galle,Slow/Local,3rd Class,325,252,290,177,86.9
2024-01-31,Colombo Fort - Kurunegala,Express,1st Class,45,30,32,41,93.75
2024-01-31,Colombo Fort - Kurunegala,Express,2nd Class,270,199,324,249,61.42
2024-01-31,Colombo Fort - Kurunegala,Express,3rd Class,585,385,544,525,70.77
2024-01-31,Colombo Fort - Matara,Slow/Local,1st Class,25,18,18,14,100.0
2024-01-31,Colombo Fort - Matara,Slow/Local,2nd Class,150,104,105,88,99.05
2024-01-31,Colombo Fort - Matara,Slow/Local,3rd Class,325,244,377,200,64.72
2024-01-31,Colombo Fort - Ratnapura,Intercity,1st Class,37,25,26,31,96.15
2024-01-31,Colombo Fort - Ratnapura,Intercity,2nd Class,225,168,270,178,62.22
2024-01-31,Colombo Fort - Ratnapura,Intercity,3rd Class,487,340,453,376,75.06
2024-01-31,Colombo Fort - Trincomalee,Slow/Local,1st Class,25,19,30,18,63.33
2024-01-31,Colombo Fort - Trincomalee,Slow/Local,2nd Class,150,111,180,102,61.67
2024-01-31,Colombo Fort - Trincomalee,Slow/Local,3rd Class,325,240,290,191,82.76
2024-01-31,Colombo Fort - Vavuniya,Slow/Local,1st Class,25,19,30,17,63.33
2024-01-31,Colombo Fort - Vavuniya,Slow/Local,2nd Class,150,108,180,95,60.0
2024-01-31,Colombo Fort - Vavuniya,Slow/Local,3rd Class,325,237,290,201,81.72
2024-01-31,Kandy - Badulla,Express,1st Class,45,31,32,40,96.88
2024-01-31,Kandy - Badulla,Express,2nd Class,270,196,324,219,60.49
2024-01-31,Kandy - Badulla,Express,3rd Class,585,386,544,519,70.96
2024-02-01,Colombo Fort - Anuradhapura,Slow/Local,1st Class,25,17,18,20,94.44
2024-02-01,Colombo Fort - Anuradhapura,Slow/Local,2nd Class,150,108,180,111,60.0
2024-02-01,Colombo Fort - Anuradhapura,Slow/Local,3rd Class,325,183,302,266,60.6
2024-02-01,Colombo Fort - Batticaloa,Intercity,1st Class,37,26,26,21,100.0
2024-02-01,Colombo Fort - Batticaloa,Intercity,2nd Class,225,174,270,143,64.44
2024-02-01,Colombo Fort - Batticaloa,Intercity,3rd Class,487,371,453,274,81.9
2024-02-01,Colombo Fort - Galle,Intercity,1st Class,37,27,44,36,61.36
2024-02-01,Colombo Fort - Galle,Intercity,2nd Class,225,156,158,216,98.73
2024-02-01,Colombo Fort - Galle,Intercity,3rd Class,487,306,547,463,55.94
2024-02-01,Colombo Fort - Galle,Slow/Local,1st Class,25,17,18,22,94.44
2024-02-01,Colombo Fort - Galle,Slow/Local,2nd Class,150,107,180,123,59.44
2024-02-01,Colombo Fort - Galle,Slow/Local,3rd Class,325,209,302,270,69.21
2024-02-01,Colombo Fort - Jaffna,Intercity,1st Class,37,28,44,29,63.64
2024-02-01,Colombo Fort - Jaffna,Intercity,2nd Class,225,180,270,192,66.67
2024-02-01,Colombo Fort - Jaffna,Intercity,3rd Class,487,357,435,423,82.07
2024-02-01,Colombo Fort - Kandy,Express,1st Class,45,32,32,33,100.0
2024-02-01,Colombo Fort - Kandy,Express,2nd Class,270,205,324,169,63.27
2024-02-01,Colombo Fort - Kandy,Express,3rd Class,585,423,544,422,77.76
2024-02-01,Colombo Fort - Kurunegala,Express,1st Class,45,32,32,32,100.0
2024-02-01,Colombo Fort - Kurunegala,Express,2nd Class,270,201,324,192,62.04
2024-02-01,Colombo Fort - Kurunegala,Express,3rd Class,585,400,544,394,73.53
2024-02-01,Colombo Fort - Matara,Slow/Local,1st Class,25,16,18,21,88.89
2024-02-01,Colombo Fort - Matara,Slow/Local,2nd Class,150,101,105,116,96.19
2024-02-01,Colombo Fort - Matara,Slow/Local,3rd Class,325,213,377,260,56.5
2024-02-01,Colombo Fort - Negombo,Express,1st Class,45,33,54,40,61.11
2024-02-01,Colombo Fort - Negombo,Express,2nd Class,270,202,324,256,62.35
2024-02-01,Colombo Fort - Negombo,Express,3rd Class,585,435,522,523,83.33
2024-02-01,Colombo Fort - Puttalam,Intercity,1st Class,37,27,44,29,61.36
2024-02-01,Colombo Fort - Puttalam,Intercity,2nd Class,225,170,270,172,62.96
2024-02-01,Colombo Fort - Puttalam,Intercity,3rd Class,487,364,435,366,83.68
2024-02-01,Colombo Fort - Puttalam,Night Mail,1st Class,32,25,38,31,65.79
2024-02-01,Colombo Fort - Puttalam,Night Mail,2nd Class,195,164,234,191,70.09
2024-02-01,Colombo Fort - Puttalam,Night Mail,3rd Class,422,310,377,422,82.23
2024-02-01,Colombo Fort - Ratnapura,Slow/Local,1st Class,25,17,18,18,94.44
2024-02-01,Colombo Fort - Ratnapura,Slow/Local,2nd Class,150,98,105,112,93.33
2024-02-01,Colombo Fort - Ratnapura,Slow/Local,3rd Class,325,205,377,219,54.38
2024-02-02,Colombo Fort - Badulla,Slow/Local,1st Class,25,18,18,23,100.0
2024-02-02,Colombo Fort - Badulla,Slow/Local,2nd Class,150,114,180,143,63.33
2024-02-02,Colombo Fort - Badulla,Slow/Local,3rd Class,325,253,302,316,83.77
2024-02-02,Colombo Fort - Batticaloa,Express,1st Class,45,35,54,23,64.81
2024-02-02,Colombo Fort - Batticaloa,Express,2nd Class,270,223,324,138,68.83
2024-02-02,Colombo Fort - Batticaloa,Express,3rd Class,585,448,522,300,85.82
2024-02-02,Colombo Fort - Jaffna,Night Mail,1st Class,32,29,38,29,76.32
2024-02-02,Colombo Fort - Jaffna,Night Mail,2nd Class,195,170,234,174,72.65
2024-02-02,Colombo Fort - Jaffna,Night Mail,3rd Class,422,338,377,375,89.66
2024-02-02,Colombo Fort - Kurunegala,Express,1st Class,45,36,54,34,66.67
2024-02-02,Colombo Fort - Kurunegala,Express,2nd Class,270,230,324,182,70.99
2024-02-02,Colombo Fort - Kurunegala,Express,3rd Class,585,476,522,383,91.19
2024-02-02,Colombo Fort - Kurunegala,Intercity,1st Class,37,29,44,33,65.91
2024-02-02,Colombo Fort - Kurunegala,Intercity,2nd Class,225,162,270,190,60.0
2024-02-02,Colombo Fort - Kurunegala,Intercity,3rd Class,487,380,435,446,87.36
2024-02-02,Colombo Fort - Kurunegala,Night Mail,1st Class,32,28,38,21,73.68
2024-02-02,Colombo Fort - Kurunegala,Night Mail,2nd Class,195,171,234,138,73.08
2024-02-02,Colombo Fort - Kurunegala,Night Mail,3rd Class,422,355,377,251,94.16
2024-02-02,Colombo Fort - Negombo,Express,1st Class,45,35,54,32,64.81
2024-02-02,Colombo Fort - Negombo,Express,2nd Class,270,231,324,209,71.3
2024-02-02,Colombo Fort - Negombo,Express,3rd Class,585,481,522,475,92.15
2024-02-02,Colombo Fort - Negombo,Slow/Local,1st Class,25,19,30,16,63.33
2024-02-02,Colombo Fort - Negombo,Slow/Local,2nd Class,150,112,180,104,62.22
2024-02-02,Colombo Fort - Negombo,Slow/Local,3rd Class,325,244,290,209,84.14
2024-02-02,Colombo Fort - Puttalam,Slow/Local,1st Class,25,18,18,18,100.0
2024-02-02,Colombo Fort - Puttalam,Slow/Local,2nd Class,150,116,180,113,64.44
2024-02-02,Colombo Fort - Puttalam,Slow/Local,3rd Class,325,240,302,218,79.47
2024-02-02,Colombo Fort - Vavuniya,Slow/Local,1st Class,25,18,18,22,100.0
2024-02-02,Colombo Fort - Vavuniya,Slow/Local,2nd Class,150,117,180,130,65.0
2024-02-02,Colombo Fort - Vavuniya,Slow/Local,3rd Class,325,235,302,303,77.81
2024-02-03,Colombo Fort - Anuradhapura,Slow/Local,1st Class,25,19,30,14,63.33
2024-02-03,Colombo Fort - Anuradhapura,Slow/Local,2nd Class,150,114,180,86,63.33
2024-02-03,Colombo Fort - Anuradhapura,Slow/Local,3rd Class,325,248,290,182,85.52
2024-02-03,Colombo Fort - Batticaloa,Intercity,1st Class,37,27,44,33,61.36
2024-02-03,Colombo Fort - Batticaloa,Intercity,2nd Class,225,187,270,184,69.26
2024-02-03,Colombo Fort - Batticaloa,Intercity,3rd Class,487,377,435,405,86.67
2024-02-03,Colombo Fort - Matara,Express,1st Class,45,36,54,38,66.67
2024-02-03,Colombo Fort - Matara,Express,2nd Class,270,225,324,210,69.44
2024-02-03,Colombo Fort - Matara,Express,3rd Class,585,481,522,538,92.15
2024-02-03,Colombo Fort - Ratnapura,Intercity,1st Class,37,30,44,32,68.18
2024-02-03,Colombo Fort - Ratnapura,Intercity,2nd Class,225,167,270,169,61.85
2024-02-03,Colombo Fort - Ratnapura,Intercity,3rd Class,487,399,435,347,91.72
2024-02-03,Colombo Fort - Trincomalee,Night Mail,1st Class,32,29,38,21,76.32
2024-02-03,Colombo Fort - Trincomalee,Night Mail,2nd Class,195,163,234,125,69.66
2024-02-03,Colombo Fort - Trincomalee,Night Mail,3rd Class,422,330,377,261,87.53
2024-02-03,Kandy - Badulla,Express,1st Class,45,34,54,40,62.96
2024-02-03,Kandy - Badulla,Express,2nd Class,270,229,324,212,70.68
2024-02-03,Kandy - Badulla,Express,3rd Class,585,499,522,465,95.59
2024-02-03,Maradana - Avissawella,Express,1st Class,45,36,54,35,66.67
2024-02-03,Maradana - Avissawella,Express,2nd Class,270,226,324,205,69.75
2024-02-03,Maradana - Avissawella,Express,3rd Class,585,461,522,417,88.31
2024-02-03,Maradana - Avissawella,Night Mail,1st Class,32,28,38,26,73.68
2024-02-03,Maradana - Avissawella,Night Mail,2nd Class,195,179,234,146,76.5
2024-02-03,Maradana - Avissawella,Night Mail,3rd Class,422,355,377,310,94.16
2024-02-04,Colombo Fort - Badulla,Express,1st Class,45,33,54,36,61.11
2024-02-04,Colombo Fort - Badulla,Express,2nd Class,270,219,324,222,67.59
2024-02-04,Colombo Fort - Badulla,Express,3rd Class,585,468,522,480,89.66
2024-02-04,Colombo Fort - Badulla,Intercity,1st Class,37,29,44,22,65.91
2024-02-04,Colombo Fort - Badulla,Intercity,2nd Class,225,159,270,137,58.89
2024-02-04,Colombo Fort - Badulla,Intercity,3rd Class,487,388,435,296,89.2
2024-02-04,Colombo Fort - Batticaloa,Night Mail,1st Class,32,28,38,29,73.68
2024-02-04,Colombo Fort - Batticaloa,Night Mail,2nd Class,195,164,234,181,70.09
2024-02-04,Colombo Fort - Batticaloa,Night Mail,3rd Class,422,365,377,384,96.82
2024-02-04,Colombo Fort - Galle,Intercity,1st Class,37,31,44,25,70.45
2024-02-04,Colombo Fort - Galle,Intercity,2nd Class,225,186,270,153,68.89
2024-02-04,Colombo Fort - Galle,Intercity,3rd Class,487,401,435,336,92.18
2024-02-04,Colombo Fort - Jaffna,Slow/Local,1st Class,25,20,30,23,66.67
2024-02-04,Colombo Fort - Jaffna,Slow/Local,2nd Class,150,114,180,150,63.33
2024-02-04,Colombo Fort - Jaffna,Slow/Local,3rd Class,325,245,290,302,84.48
2024-02-04,Colombo Fort - Matara,Night Mail,1st Class,32,28,38,21,73.68
2024-02-04,Colombo Fort - Matara,Night Mail,2nd Class,195,173,234,141,73.93
2024-02-04,Colombo Fort - Matara,Night Mail,3rd Class,422,373,377,259,98.94
2024-02-04,Colombo Fort - Puttalam,Slow/Local,1st Class,25,19,30,23,63.33
2024-02-04,Colombo Fort - Puttalam,Slow/Local,2nd Class,150,114,180,141,63.33
2024-02-04,Colombo Fort - Puttalam,Slow/Local,3rd Class,325,246,290,277,84.83
2024-02-04,Colombo Fort - Trincomalee,Slow/Local,1st Class,25,19,30,25,63.33
2024-02-04,Colombo Fort - Trincomalee,Slow/Local,2nd Class,150,113,180,146,62.78
2024-02-04,Colombo Fort - Trincomalee,Slow/Local,3rd Class,325,240,290,324,82.76
2024-02-04,Colombo Fort - Vavuniya,Express,1st Class,45,36,54,45,66.67
2024-02-04,Colombo Fort - Vavuniya,Express,2nd Class,270,224,324,270,69.14
2024-02-04,Colombo Fort - Vavuniya,Express,3rd Class,585,468,522,572,89.66
2024-02-04,Colombo Fort - Vavuniya,Intercity,1st Class,37,31,44,33,70.45
2024-02-04,Colombo Fort - Vavuniya,Intercity,2nd Class,225,184,270,178,68.15
2024-02-04,Colombo Fort - Vavuniya,Intercity,3rd Class,487,403,435,434,92.64
2024-02-04,Colombo Fort - Vavuniya,Slow/Local,1st Class,25,19,30,23,63.33
2024-02-04,Colombo Fort - Vavuniya,Slow/Local,2nd Class,150,113,180,143,62.78
2024-02-04,Colombo Fort - Vavuniya,Slow/Local,3rd Class,325,248,290,325,85.52
2024-02-05,Colombo Fort - Anuradhapura,Express,1st Class,45,33,54,34,61.11
2024-02-05,Colombo Fort - Anuradhapura,Express,2nd Class,270,188,189,181,99.47
2024-02-05,Colombo Fort - Anuradhapura,Express,3rd Class,585,438,657,423,66.67
2024-02-05,Colombo Fort - Badulla,Intercity,1st Class,37,27,44,23,61.36
2024-02-05,Colombo Fort - Badulla,Intercity,2nd Class,225,173,270,136,64.07
2024-02-05,Colombo Fort - Badulla,Intercity,3rd Class,487,363,435,311,83.45
2024-02-05,Colombo Fort - Badulla,Night Mail,1st Class,32,24,38,22,63.16
2024-02-05,Colombo Fort - Badulla,Night Mail,2nd Class,195,154,234,148,65.81
2024-02-05,Colombo Fort - Badulla,Night Mail,3rd Class,422,311,377,297,82.49
2024-02-05,Colombo Fort - Batticaloa,Night Mail,1st Class,32,25,38,13,65.79
2024-02-05,Colombo Fort - Batticaloa,Night Mail,2nd Class,195,149,234,101,63.68
2024-02-05,Colombo Fort - Batticaloa,Night Mail,3rd Class,422,326,377,210,86.47
2024-02-05,Colombo Fort - Batticaloa,Slow/Local,1st Class,25,18,18,15,100.0
2024-02-05,Colombo Fort - Batticaloa,Slow/Local,2nd Class,150,108,180,100,60.0
2024-02-05,Colombo Fort - Batticaloa,Slow/Local,3rd Class,325,208,302,189,68.87
2024-02-05,Colombo Fort - Jaffna,Express,1st Class,45,32,32,32,100.0
2024-02-05,Colombo Fort - Jaffna,Express,2nd Class,270,197,324,226,60.8
2024-02-05,Colombo Fort - Jaffna,Express,3rd Class,585,420,544,455,77.21
2024-02-05,Colombo Fort - Jaffna,Intercity,1st Class,37,26,26,32,100.0
2024-02-05,Colombo Fort - Jaffna,Intercity,2nd Class,225,180,270,195,66.67
2024-02-05,Colombo Fort - Jaffna,Intercity,3rd Class,487,368,453,467,81.24
2024-02-05,Colombo Fort - Jaffna,Slow/Local,1st Class,25,18,18,16,100.0
2024-02-05,Colombo Fort - Jaffna,Slow/Local,2nd Class,150,102,105,87,97.14
2024-02-05,Colombo Fort - Jaffna,Slow/Local,3rd Class,325,176,377,190,46.68
2024-02-05,Colombo Fort - Matara,Intercity,1st Class,37,26,26,24,100.0
2024-02-05,Colombo Fort - Matara,Intercity,2nd Class,225,158,158,157,100.0
2024-02-05,Colombo Fort - Matara,Intercity,3rd Class,487,324,565,331,57.35
2024-02-06,Colombo Fort - Badulla,Express,1st Class,45,32,32,38,100.0
2024-02-06,Colombo Fort - Badulla,Express,2nd Class,270,198,324,203,61.11
2024-02-06,Colombo Fort - Badulla,Express,3rd Class,585,405,544,417,74.45
2024-02-06,Colombo Fort - Batticaloa,Slow/Local,1st Class,25,16,18,16,88.89
2024-02-06,Colombo Fort - Batticaloa,Slow/Local,2nd Class,150,99,105,99,94.29
2024-02-06,Colombo Fort - Batticaloa,Slow/Local,3rd Class,325,202,377,195,53.58
2024-02-06,Colombo Fort - Galle,Intercity,1st Class,37,29,44,21,65.91
2024-02-06,Colombo Fort - Galle,Intercity,2nd Class,225,159,270,119,58.89
2024-02-06,Colombo Fort - Galle,Intercity,3rd Class,487,360,435,253,82.76
2024-02-06,Colombo Fort - Jaffna,Night Mail,1st Class,32,26,38,17,68.42
2024-02-06,Colombo Fort - Jaffna,Night Mail,2nd Class,195,152,234,129,64.96
2024-02-06,Colombo Fort - Jaffna,Night Mail,3rd Class,422,311,377,282,82.49
2024-02-06,Colombo Fort - Matara,Intercity,1st Class,37,25,26,27,96.15
2024-02-06,Colombo Fort - Matara,Intercity,2nd Class,225,152,158,151,96.2
2024-02-06,Colombo Fort - Matara,Intercity,3rd Class,487,328,565,332,58.05
2024-02-06,Colombo Fort - Puttalam,Slow/Local,1st Class,25,18,18,23,100.0
2024-02-06,Colombo Fort - Puttalam,Slow/Local,2nd Class,150,105,105,133,100.0
2024-02-06,Colombo Fort - Puttalam,Slow/Local,3rd Class,325,202,377,313,53.58
2024-02-06,Colombo Fort - Trincomalee,Intercity,1st Class,37,27,44,25,61.36
2024-02-06,Colombo Fort - Trincomalee,Intercity,2nd Class,225,171,270,166,63.33
2024-02-06,Colombo Fort - Trincomalee,Intercity,3rd Class,487,364,435,366,83.68
2024-02-06,Kandy - Badulla,Intercity,1st Class,37,27,44,24,61.36
2024-02-06,Kandy - Badulla,Intercity,2nd Class,225,172,270,171,63.7
2024-02-06,Kandy - Badulla,Intercity,3rd Class,487,362,435,321,83.22
2024-02-07,Colombo Fort - Jaffna,Slow/Local,1st Class,25,18,18,14,100.0
2024-02-07,Colombo Fort - Jaffna,Slow/Local,2nd Class,150,105,105,64,100.0
2024-02-07,Colombo Fort - Jaffna,Slow/Local,3rd Class,325,207,377,170,54.91
2024-02-07,Colombo Fort - Kandy,Intercity,1st Class,37,26,26,23,100.0
2024-02-07,Colombo Fort - Kandy,Intercity,2nd Class,225,169,270,128,62.59
2024-02-07,Colombo Fort - Kandy,Intercity,3rd Class,487,349,453,245,77.04
2024-02-07,Colombo Fort - Negombo,Intercity,1st Class,37,28,44,22,63.64
2024-02-07,Colombo Fort - Negombo,Intercity,2nd Class,225,157,158,117,99.37
2024-02-07,Colombo Fort - Negombo,Intercity,3rd Class,487,367,547,239,67.09
2024-02-07,Colombo Fort - Puttalam,Express,1st Class,45,33,54,41,61.11
2024-02-07,Colombo Fort - Puttalam,Express,2nd Class,270,197,324,233,60.8
2024-02-07,Colombo Fort - Puttalam,Express,3rd Class,585,442,522,559,84.67
2024-02-07,Kandy - Badulla,Slow/Local,1st Class,25,18,18,17,100.0
2024-02-07,Kandy - Badulla,Slow/Local,2nd Class,150,107,180,112,59.44
2024-02-07,Kandy - Badulla,Slow/Local,3rd Class,325,258,302,233,85.43
2024-02-07,Maradana - Avissawella,Intercity,1st Class,37,29,44,30,65.91
2024-02-07,Maradana - Avissawella,Intercity,2nd Class,225,157,158,192,99.37
2024-02-07,Maradana - Avissawella,Intercity,3rd Class,487,374,547,375,68.37
2024-02-08,Colombo Fort - Badulla,Slow/Local,1st Class,25,19,30,25,63.33
2024-02-08,Colombo Fort - Badulla,Slow/Local,2nd Class,150,108,180,147,60.0
2024-02-08,Colombo Fort - Badulla,Slow/Local,3rd Class,325,255,290,285,87.93
2024-02-08,Colombo Fort - Batticaloa,Slow/Local,1st Class,25,16,18,12,88.89
2024-02-08,Colombo Fort - Batticaloa,Slow/Local,2nd Class,150,98,105,64,93.33
2024-02-08,Colombo Fort - Batticaloa,Slow/Local,3rd Class,325,225,377,181,59.68
2024-02-08,Colombo Fort - Kandy,Intercity,1st Class,37,29,44,31,65.91
2024-02-08,Colombo Fort - Kandy,Intercity,2nd Class,225,173,270,178,64.07
2024-02-08,Colombo Fort - Kandy,Intercity,3rd Class,487,370,435,381,85.06
2024-02-08,Colombo Fort - Negombo,Intercity,1st Class,37,28,44,31,63.64
2024-02-08,Colombo Fort - Negombo,Intercity,2nd Class,225,166,270,162,61.48
2024-02-08,Colombo Fort - Negombo,Intercity,3rd Class,487,374,435,388,85.98
2024-02-08,Colombo Fort - Trincomalee,Express,1st Class,45,35,54,18,64.81
2024-02-08,Colombo Fort - Trincomalee,Express,2nd Class,270,206,324,115,63.58
2024-02-08,Colombo Fort - Trincomalee,Express,3rd Class,585,418,522,263,80.08
2024-02-08,Colombo Fort - Trincomalee,Intercity,1st Class,37,29,44,24,65.91
2024-02-08,Colombo Fort - Trincomalee,Intercity,2nd Class,225,174,270,146,64.44
2024-02-08,Colombo Fort - Trincomalee,Intercity,3rd Class,487,372,435,272,85.52
2024-02-08,Kandy - Badulla,Intercity,1st Class,37,28,44,29,63.64
2024-02-08,Kandy - Badulla,Intercity,2nd Class,225,171,270,182,63.33
2024-02-08,Kandy - Badulla,Intercity,3rd Class,487,354,435,387,81.38
2024-02-08,Maradana - Avissawella,Express,1st Class,45,32,32,29,100.0
2024-02-08,Maradana - Avissawella,Express,2nd Class,270,201,324,172,62.04
2024-02-08,Maradana - Avissawella,Express,3rd Class,585,420,544,341,77.21
2024-02-08,Maradana - Avissawella,Slow/Local,1st Class,25,16,18,12,88.89
2024-02-08,Maradana - Avissawella,Slow/Local,2nd Class,150,98,105,81,93.33
2024-02-08,Maradana - Avissawella,Slow/Local,3rd Class,325,198,377,186,52.52
2024-02-09,Colombo Fort - Anuradhapura,Night Mail,1st Class,32,28,38,28,73.68
2024-02-09,Colombo Fort - Anuradhapura,Night Mail,2nd Class,195,167,234,168,71.37
2024-02-09,Colombo Fort - Anuradhapura,Night Mail,3rd Class,422,365,377,371,96.82
2024-02-09,Colombo Fort - Anuradhapura,Slow/Local,1st Class,25,19,30,20,63.33
2024-02-09,Colombo Fort - Anuradhapura,Slow/Local,2nd Class,150,112,180,125,62.22
2024-02-09,Colombo Fort - Anuradhapura,Slow/Local,3rd Class,325,245,290,281,84.48
2024-02-09,Colombo Fort - Badulla,Intercity,1st Class,37,29,44,34,65.91
2024-02-09,Colombo Fort - Badulla,Intercity,2nd Class,225,174,270,204,64.44
2024-02-09,Colombo Fort - Badulla,Intercity,3rd Class,487,391,435,462,89.89
2024-02-09,Colombo Fort - Batticaloa,Intercity,1st Class,37,28,44,24,63.64
2024-02-09,Colombo Fort - Batticaloa,Intercity,2nd Class,225,180,270,135,66.67
2024-02-09,Colombo Fort - Batticaloa,Intercity,3rd Class,487,377,435,281,86.67
2024-02-09,Colombo Fort - Galle,Intercity,1st Class,37,29,44,23,65.91
2024-02-09,Colombo Fort - Galle,Intercity,2nd Class,225,178,270,101,65.93
2024-02-09,Colombo Fort - Galle,Intercity,3rd Class,487,371,435,251,85.29
2024-02-09,Colombo Fort - Kandy,Intercity,1st Class,37,29,44,29,65.91
2024-02-09,Colombo Fort - Kandy,Intercity,2nd Class,225,184,270,168,68.15
2024-02-09,Colombo Fort - Kandy,Intercity,3rd Class,487,385,435,376,88.51
2024-02-09,Colombo Fort - Kandy,Slow/Local,1st Class,25,16,18,14,88.89
2024-02-09,Colombo Fort - Kandy,Slow/Local,2nd Class,150,111,180,84,61.67
2024-02-09,Colombo Fort - Kandy,Slow/Local,3rd Class,325,244,302,213,80.79
2024-02-09,Colombo Fort - Kurunegala,Intercity,1st Class,37,29,44,34,65.91
2024-02-09,Colombo Fort - Kurunegala,Intercity,2nd Class,225,170,270,216,62.96
2024-02-09,Colombo Fort - Kurunegala,Intercity,3rd Class,487,384,435,477,88.28
2024-02-09,Colombo Fort - Trincomalee,Slow/Local,1st Class,25,19,30,15,63.33
2024-02-09,Colombo Fort - Trincomalee,Slow/Local,2nd Class,150,109,180,82,60.56
2024-02-09,Colombo Fort - Trincomalee,Slow/Local,3rd Class,325,255,290,185,87.93
2024-02-10,Colombo Fort - Jaffna,Express,1st Class,45,35,54,34,64.81
2024-02-10,Colombo Fort - Jaffna,Express,2nd Class,270,234,324,199,72.22
2024-02-10,Colombo Fort - Jaffna,Express,3rd Class,585,460,522,423,88.12
2024-02-10,Colombo Fort - Kandy,Intercity,1st Class,37,31,44,24,70.45
2024-02-10,Colombo Fort - Kandy,Intercity,2nd Class,225,190,270,152,70.37
2024-02-10,Colombo Fort - Kandy,Intercity,3rd Class,487,404,435,384,92.87
2024-02-10,Colombo Fort - Kurunegala,Slow/Local,1st Class,25,18,18,19,100.0
2024-02-10,Colombo Fort - Kurunegala,Slow/Local,2nd Class,150,112,180,124,62.22
2024-02-10,Colombo Fort - Kurunegala,Slow/Local,3rd Class,325,245,302,232,81.13
2024-02-10,Colombo Fort - Negombo,Slow/Local,1st Class,25,20,30,13,66.67
2024-02-10,Colombo Fort - Negombo,Slow/Local,2nd Class,150,114,180,72,63.33
2024-02-10,Colombo Fort - Negombo,Slow/Local,3rd Class,325,241,290,150,83.1
2024-02-10,Kandy - Badulla,Slow/Local,1st Class,25,18,18,10,100.0
2024-02-10,Kandy - Badulla,Slow/Local,2nd Class,150,112,180,67,62.22
2024-02-10,Kandy - Badulla,Slow/Local,3rd Class,325,263,302,134,87.09
2024-02-11,Colombo Fort - Badulla,Intercity,1st Class,37,31,44,18,70.45
2024-02-11,Colombo Fort - Badulla,Intercity,2nd Class,225,177,270,113,65.56
2024-02-11,Colombo Fort - Badulla,Intercity,3rd Class,487,399,435,226,91.72
2024-02-11,Colombo Fort - Kandy,Slow/Local,1st Class,25,19,30,24,63.33
2024-02-11,Colombo Fort - Kandy,Slow/Local,2nd Class,150,111,180,138,61.67
2024-02-11,Colombo Fort - Kandy,Slow/Local,3rd Class,325,247,290,317,85.17
2024-02-11,Colombo Fort - Matara,Slow/Local,1st Class,25,19,30,15,63.33
2024-02-11,Colombo Fort - Matara,Slow/Local,2nd Class,150,109,180,91,60.56
2024-02-11,Colombo Fort - Matara,Slow/Local,3rd Class,325,247,290,191,85.17
2024-02-11,Colombo Fort - Puttalam,Slow/Local,1st Class,25,18,18,19,100.0
2024-02-11,Colombo Fort - Puttalam,Slow/Local,2nd Class,150,111,180,109,61.67
2024-02-11,Colombo Fort - Puttalam,Slow/Local,3rd Class,325,248,302,225,82.12
2024-02-11,Colombo Fort - Trincomalee,Intercity,1st Class,37,30,44,34,68.18
2024-02-11,Colombo Fort - Trincomalee,Intercity,2nd Class,225,183,270,190,67.78
2024-02-11,Colombo Fort - Trincomalee,Intercity,3rd Class,487,372,435,397,85.52
2024-02-11,Maradana - Avissawella,Slow/Local,1st Class,25,20,30,19,66.67
2024-02-11,Maradana - Avissawella,Slow/Local,2nd Class,150,112,180,103,62.22
2024-02-11,Maradana - Avissawella,Slow/Local,3rd Class,325,264,290,215,91.03
2024-02-12,Colombo Fort - Badulla,Intercity,1st Class,37,30,44,24,68.18
2024-02-12,Colombo Fort - Badulla,Intercity,2nd Class,225,176,270,177,65.19
2024-02-12,Colombo Fort - Badulla,Intercity,3rd Class,487,384,435,350,88.28
2024-02-12,Colombo Fort - Jaffna,Intercity,1st Class,37,26,26,27,100.0
2024-02-12,Colombo Fort - Jaffna,Intercity,2nd Class,225,175,270,145,64.81
2024-02-12,Colombo Fort - Jaffna,Intercity,3rd Class,487,370,453,358,81.68
2024-02-12,Colombo Fort - Kandy,Slow/Local,1st Class,25,18,18,11,100.0
2024-02-12,Colombo Fort - Kandy,Slow/Local,2nd Class,150,106,180,76,58.89
2024-02-12,Colombo Fort - Kandy,Slow/Local,3rd Class,325,216,302,161,71.52
2024-02-12,Colombo Fort - Puttalam,Intercity,1st Class,37,28,44,37,63.64
2024-02-12,Colombo Fort - Puttalam,Intercity,2nd Class,225,163,270,215,60.37
2024-02-12,Colombo Fort - Puttalam,Intercity,3rd Class,487,369,435,460,84.83
2024-02-12,Colombo Fort - Puttalam,Night Mail,1st Class,32,24,38,22,63.16
2024-02-12,Colombo Fort - Puttalam,Night Mail,2nd Class,195,153,234,117,65.38
2024-02-12,Colombo Fort - Puttalam,Night Mail,3rd Class,422,309,377,259,81.96
2024-02-12,Colombo Fort - Trincomalee,Express,1st Class,45,37,54,31,68.52
2024-02-12,Colombo Fort - Trincomalee,Express,2nd Class,270,203,324,182,62.65
2024-02-12,Colombo Fort - Trincomalee,Express,3rd Class,585,457,522,381,87.55
2024-02-12,Colombo Fort - Vavuniya,Intercity,1st Class,37,30,44,35,68.18
2024-02-12,Colombo Fort - Vavuniya,Intercity,2nd Class,225,163,270,225,60.37
2024-02-12,Colombo Fort - Vavuniya,Intercity,3rd Class,487,395,435,487,90.8
2024-02-12,Kandy - Badulla,Intercity,1st Class,37,28,44,29,63.64
2024-02-12,Kandy - Badulla,Intercity,2nd Class,225,160,270,166,59.26
2024-02-12,Kandy - Badulla,Intercity,3rd Class,487,371,435,371,85.29
2024-02-12,Maradana - Avissawella,Intercity,1st Class,37,28,44,27,63.64
2024-02-12,Maradana - Avissawella,Intercity,2nd Class,225,155,158,167,98.1
2024-02-12,Maradana - Avissawella,Intercity,3rd Class,487,372,547,367,68.01
2024-02-13,Colombo Fort - Anuradhapura,Intercity,1st Class,37,26,26,35,100.0
2024-02-13,Colombo Fort - Anuradhapura,Intercity,2nd Class,225,172,270,212,63.7
2024-02-13,Colombo Fort - Anuradhapura,Intercity,3rd Class,487,359,453,443,79.25
2024-02-13,Colombo Fort - Badulla,Night Mail,1st Class,32,24,38,15,63.16
2024-02-13,Colombo Fort - Badulla,Night Mail,2nd Class,195,155,234,87,66.24
2024-02-13,Colombo Fort - Badulla,Night Mail,3rd Class,422,324,377,235,85.94
2024-02-13,Colombo Fort - Galle,Night Mail,1st Class,32,25,38,25,65.79
2024-02-13,Colombo Fort - Galle,Night Mail,2nd Class,195,153,234,140,65.38
2024-02-13,Colombo Fort - Galle,Night Mail,3rd Class,422,314,377,345,83.29
2024-02-13,Colombo Fort - Jaffna,Express,1st Class,45,31,32,40,96.88
2024-02-13,Colombo Fort - Jaffna,Express,2nd Class,270,202,324,209,62.35
2024-02-13,Colombo Fort - Jaffna,Express,3rd Class,585,428,544,490,78.68
2024-02-13,Colombo Fort - Kandy,Intercity,1st Class,37,29,44,22,65.91
2024-02-13,Colombo Fort - Kandy,Intercity,2nd Class,225,172,270,132,63.7
2024-02-13,Colombo Fort - Kandy,Intercity,3rd Class,487,379,435,281,87.13
2024-02-13,Colombo Fort - Kandy,Night Mail,1st Class,32,24,38,14,63.16
2024-02-13,Colombo Fort - Kandy,Night Mail,2nd Class,195,148,234,91,63.25
2024-02-13,Colombo Fort - Kandy,Night Mail,3rd Class,422,317,377,159,84.08
2024-02-13,Colombo Fort - Kurunegala,Intercity,1st Class,37,24,26,24,92.31
2024-02-13,Colombo Fort - Kurunegala,Intercity,2nd Class,225,165,270,141,61.11
2024-02-13,Colombo Fort - Kurunegala,Intercity,3rd Class,487,344,453,291,75.94
2024-02-13,Colombo Fort - Ratnapura,Intercity,1st Class,37,24,26,25,92.31
2024-02-13,Colombo Fort - Ratnapura,Intercity,2nd Class,225,162,270,141,60.0
2024-02-13,Colombo Fort - Ratnapura,Intercity,3rd Class,487,339,453,320,74.83
2024-02-13,Kandy - Badulla,Intercity,1st Class,37,27,44,22,61.36
2024-02-13,Kandy - Badulla,Intercity,2nd Class,225,161,270,118,59.63
2024-02-13,Kandy - Badulla,Intercity,3rd Class,487,367,435,257,84.37
2024-02-13,Maradana - Avissawella,Slow/Local,1st Class,25,17,18,19,94.44
2024-02-13,Maradana - Avissawella,Slow/Local,2nd Class,150,101,105,120,96.19
2024-02-13,Maradana - Avissawella,Slow/Local,3rd Class,325,225,377,252,59.68
2024-02-14,Colombo Fort - Badulla,Express,1st Class,45,33,54,24,61.11
2024-02-14,Colombo Fort - Badulla,Express,2nd Class,270,204,324,147,62.96
2024-02-14,Colombo Fort - Badulla,Express,3rd Class,585,420,522,299,80.46
2024-02-14,Colombo Fort - Badulla,Slow/Local,1st Class,25,20,30,20,66.67
2024-02-14,Colombo Fort - Badulla,Slow/Local,2nd Class,150,120,180,128,66.67
2024-02-14,Colombo Fort - Badulla,Slow/Local,3rd Class,325,260,290,247,89.66
2024-02-14,Colombo Fort - Jaffna,Express,1st Class,45,32,32,30,100.0
2024-02-14,Colombo Fort - Jaffna,Express,2nd Class,270,200,324,192,61.73
2024-02-14,Colombo Fort - Jaffna,Express,3rd Class,585,470,544,375,86.4
2024-02-14,Colombo Fort - Jaffna,Slow/Local,1st Class,25,17,18,25,94.44
2024-02-14,Colombo Fort - Jaffna,Slow/Local,2nd Class,150,100,105,138,95.24
2024-02-14,Colombo Fort - Jaffna,Slow/Local,3rd Class,325,211,377,304,55.97
2024-02-14,Colombo Fort - Kandy,Intercity,1st Class,37,28,44,23,63.64
2024-02-14,Colombo Fort - Kandy,Intercity,2nd Class,225,175,270,124,64.81
2024-02-14,Colombo Fort - Kandy,Intercity,3rd Class,487,370,435,310,85.06
2024-02-14,Colombo Fort - Kurunegala,Express,1st Class,45,31,32,43,96.88
2024-02-14,Colombo Fort - Kurunegala,Express,2nd Class,270,200,324,241,61.73
2024-02-14,Colombo Fort - Kurunegala,Express,3rd Class,585,390,544,517,71.69
2024-02-14,Colombo Fort - Negombo,Night Mail,1st Class,32,24,38,23,63.16
2024-02-14,Colombo Fort - Negombo,Night Mail,2nd Class,195,148,234,144,63.25
2024-02-14,Colombo Fort - Negombo,Night Mail,3rd Class,422,349,377,319,92.57
2024-02-14,Colombo Fort - Vavuniya,Slow/Local,1st Class,25,19,30,25,63.33
2024-02-14,Colombo Fort - Vavuniya,Slow/Local,2nd Class,150,108,180,147,60.0
2024-02-14,Colombo Fort - Vavuniya,Slow/Local,3rd Class,325,244,290,325,84.14
2024-02-14,Kandy - Badulla,Slow/Local,1st Class,25,17,18,11,94.44
2024-02-14,Kandy - Badulla,Slow/Local,2nd Class,150,105,105,67,100.0
2024-02-14,Kandy - Badulla,Slow/Local,3rd Class,325,221,377,135,58.62
2024-02-14,Maradana - Avissawella,Intercity,1st Class,37,27,44,31,61.36
2024-02-14,Maradana - Avissawella,Intercity,2nd Class,225,164,270,186,60.74
2024-02-14,Maradana - Avissawella,Intercity,3rd Class,487,371,435,373,85.29
2024-02-15,Colombo Fort - Badulla,Intercity,1st Class,37,29,44,32,65.91
2024-02-15,Colombo Fort - Badulla,Intercity,2nd Class,225,164,270,204,60.74
2024-02-15,Colombo Fort - Badulla,Intercity,3rd Class,487,372,435,443,85.52
2024-02-15,Colombo Fort - Galle,Intercity,1st Class,37,27,44,25,61.36
2024-02-15,Colombo Fort - Galle,Intercity,2nd Class,225,154,158,162,97.47
2024-02-15,Colombo Fort - Galle,Intercity,3rd Class,487,290,547,338,53.02
2024-02-15,Colombo Fort - Jaffna,Night Mail,1st Class,32,26,38,24,68.42
2024-02-15,Colombo Fort - Jaffna,Night Mail,2nd Class,195,152,234,127,64.96
2024-02-15,Colombo Fort - Jaffna,Night Mail,3rd Class,422,326,377,317,86.47
2024-02-15,Colombo Fort - Jaffna,Slow/Local,1st Class,25,17,18,18,94.44
2024-02-15,Colombo Fort - Jaffna,Slow/Local,2nd Class,150,101,105,93,96.19
2024-02-15,Colombo Fort - Jaffna,Slow/Local,3rd Class,325,219,377,201,58.09
2024-02-15,Colombo Fort - Kurunegala,Intercity,1st Class,37,26,26,25,100.0
2024-02-15,Colombo Fort - Kurunegala,Intercity,2nd Class,225,178,270,155,65.93
2024-02-15,Colombo Fort - Kurunegala,Intercity,3rd Class,487,340,453,304,75.06
2024-02-15,Colombo Fort - Kurunegala,Night Mail,1st Class,32,24,38,28,63.16
2024-02-15,Colombo Fort - Kurunegala,Night Mail,2nd Class,195,151,234,173,64.53
2024-02-15,Colombo Fort - Kurunegala,Night Mail,3rd Class,422,324,377,361,85.94
2024-02-15,Colombo Fort - Matara,Slow/Local,1st Class,25,17,18,17,94.44
2024-02-15,Colombo Fort - Matara,Slow/Local,2nd Class,150,100,105,97,95.24
2024-02-15,Colombo Fort - Matara,Slow/Local,3rd Class,325,228,377,223,60.48
2024-02-15,Kandy - Badulla,Express,1st Class,45,33,54,31,61.11
2024-02-15,Kandy - Badulla,Express,2nd Class,270,208,324,187,64.2
2024-02-15,Kandy - Badulla,Express,3rd Class,585,404,522,427,77.39
2024-02-15,Kandy - Badulla,Intercity,1st Class,37,29,44,23,65.91
2024-02-15,Kandy - Badulla,Intercity,2nd Class,225,178,270,148,65.93
2024-02-15,Kandy - Badulla,Intercity,3rd Class,487,364,435,345,83.68
2024-02-15,Maradana - Avissawella,Night Mail,1st Class,32,23,23,13,100.0
2024-02-15,Maradana - Avissawella,Night Mail,2nd Class,195,158,234,91,67.52
2024-02-15,Maradana - Avissawella,Night Mail,3rd Class,422,340,392,190,86.73
2024-02-16,Colombo Fort - Badulla,Express,1st Class,45,33,54,45,61.11
2024-02-16,Colombo Fort - Badulla,Express,2nd Class,270,217,324,264,66.98
2024-02-16,Colombo Fort - Badulla,Express,3rd Class,585,472,522,562,90.42
2024-02-16,Colombo Fort - Badulla,Intercity,1st Class,37,29,44,14,65.91
2024-02-16,Colombo Fort - Badulla,Intercity,2nd Class,225,187,270,65,69.26
2024-02-16,Colombo Fort - Badulla,Intercity,3rd Class,487,398,435,210,91.49
2024-02-16,Colombo Fort - Batticaloa,Slow/Local,1st Class,25,19,30,15,63.33
2024-02-16,Colombo Fort - Batticaloa,Slow/Local,2nd Class,150,111,180,91,61.67
2024-02-16,Colombo Fort - Batticaloa,Slow/Local,3rd Class,325,233,290,196,80.34
2024-02-16,Colombo Fort - Negombo,Slow/Local,1st Class,25,19,30,7,63.33
2024-02-16,Colombo Fort - Negombo,Slow/Local,2nd Class,150,112,180,41,62.22
2024-02-16,Colombo Fort - Negombo,Slow/Local,3rd Class,325,233,290,110,80.34
2024-02-16,Colombo Fort - Ratnapura,Intercity,1st Class,37,28,44,27,63.64
2024-02-16,Colombo Fort - Ratnapura,Intercity,2nd Class,225,176,270,164,65.19
2024-02-16,Colombo Fort - Ratnapura,Intercity,3rd Class,487,376,435,359,86.44
2024-02-16,Colombo Fort - Ratnapura,Night Mail,1st Class,32,29,38,27,76.32
2024-02-16,Colombo Fort - Ratnapura,Night Mail,2nd Class,195,169,234,184,72.22
2024-02-16,Colombo Fort - Ratnapura,Night Mail,3rd Class,422,335,377,365,88.86
2024-02-16,Colombo Fort - Vavuniya,Slow/Local,1st Class,25,19,30,21,63.33
2024-02-16,Colombo Fort - Vavuniya,Slow/Local,2nd Class,150,110,180,117,61.11
2024-02-16,Colombo Fort - Vavuniya,Slow/Local,3rd Class,325,261,290,286,90.0
2024-02-16,Maradana - Avissawella,Express,1st Class,45,35,54,25,64.81
2024-02-16,Maradana - Avissawella,Express,2nd Class,270,224,324,165,69.14
2024-02-16,Maradana - Avissawella,Express,3rd Class,585,452,522,294,86.59
2024-02-17,Colombo Fort - Anuradhapura,Intercity,1st Class,37,29,44,28,65.91
2024-02-17,Colombo Fort - Anuradhapura,Intercity,2nd Class,225,190,270,188,70.37
2024-02-17,Colombo Fort - Anuradhapura,Intercity,3rd Class,487,396,435,357,91.03
2024-02-17,Colombo Fort - Anuradhapura,Slow/Local,1st Class,25,19,30,25,63.33
2024-02-17,Colombo Fort - Anuradhapura,Slow/Local,2nd Class,150,110,180,147,61.11
2024-02-17,Colombo Fort - Anuradhapura,Slow/Local,3rd Class,325,243,290,325,83.79
2024-02-17,Colombo Fort - Badulla,Express,1st Class,45,32,32,42,100.0
2024-02-17,Colombo Fort - Badulla,Express,2nd Class,270,227,324,240,70.06
2024-02-17,Colombo Fort - Badulla,Express,3rd Class,585,451,544,481,82.9
2024-02-17,Colombo Fort - Badulla,Slow/Local,1st Class,25,19,30,21,63.33
2024-02-17,Colombo Fort - Badulla,Slow/Local,2nd Class,150,118,180,112,65.56
2024-02-17,Colombo Fort - Badulla,Slow/Local,3rd Class,325,249,290,262,85.86
2024-02-17,Colombo Fort - Batticaloa,Night Mail,1st Class,32,24,38,32,63.16
2024-02-17,Colombo Fort - Batticaloa,Night Mail,2nd Class,195,163,234,193,69.66
2024-02-17,Colombo Fort - Batticaloa,Night Mail,3rd Class,422,347,377,422,92.04
2024-02-17,Colombo Fort - Batticaloa,Slow/Local,1st Class,25,19,30,23,63.33
2024-02-17,Colombo Fort - Batticaloa,Slow/Local,2nd Class,150,109,180,129,60.56
2024-02-17,Colombo Fort - Batticaloa,Slow/Local,3rd Class,325,229,290,278,78.97
2024-02-17,Colombo Fort - Galle,Slow/Local,1st Class,25,18,18,23,100.0
2024-02-17,Colombo Fort - Galle,Slow/Local,2nd Class,150,106,180,132,58.89
2024-02-17,Colombo Fort - Galle,Slow/Local,3rd Class,325,227,302,291,75.17
2024-02-17,Colombo Fort - Jaffna,Slow/Local,1st Class,25,19,30,22,63.33
2024-02-17,Colombo Fort - Jaffna,Slow/Local,2nd Class,150,114,180,125,63.33
2024-02-17,Colombo Fort - Jaffna,Slow/Local,3rd Class,325,236,290,282,81.38
2024-02-17,Colombo Fort - Kandy,Slow/Local,1st Class,25,19,30,18,63.33
2024-02-17,Colombo Fort - Kandy,Slow/Local,2nd Class,150,112,180,102,62.22
2024-02-17,Colombo Fort - Kandy,Slow/Local,3rd Class,325,232,290,258,80.0
2024-02-17,Colombo Fort - Matara,Intercity,1st Class,37,30,44,29,68.18
2024-02-17,Colombo Fort - Matara,Intercity,2nd Class,225,190,270,203,70.37
2024-02-17,Colombo Fort - Matara,Intercity,3rd Class,487,398,435,423,91.49
2024-02-17,Colombo Fort - Puttalam,Express,1st Class,45,34,54,45,62.96
2024-02-17,Colombo Fort - Puttalam,Express,2nd Class,270,228,324,270,70.37
2024-02-17,Colombo Fort - Puttalam,Express,3rd Class,585,473,522,582,90.61
2024-02-17,Colombo Fort - Puttalam,Slow/Local,1st Class,25,17,18,20,94.44
2024-02-17,Colombo Fort - Puttalam,Slow/Local,2nd Class,150,112,180,118,62.22
2024-02-17,Colombo Fort - Puttalam,Slow/Local,3rd Class,325,234,302,229,77.48
2024-02-17,Colombo Fort - Trincomalee,Slow/Local,1st Class,25,19,30,20,63.33
2024-02-17,Colombo Fort - Trincomalee,Slow/Local,2nd Class,150,111,180,118,61.67
2024-02-17,Colombo Fort - Trincomalee,Slow/Local,3rd Class,325,230,290,253,79.31
2024-02-17,Kandy - Badulla,Express,1st Class,45,35,54,44,64.81
2024-02-17,Kandy - Badulla,Express,2nd Class,270,229,324,261,70.68
2024-02-17,Kandy - Badulla,Express,3rd Class,585,462,522,585,88.51
2024-02-18,Colombo Fort - Batticaloa,Express,1st Class,45,33,54,36,61.11
2024-02-18,Colombo Fort - Batticaloa,Express,2nd Class,270,191,324,195,58.95
2024-02-18,Colombo Fort - Batticaloa,Express,3rd Class,585,448,522,459,85.82
2024-02-18,Colombo Fort - Batticaloa,Slow/Local,1st Class,25,19,30,25,63.33
2024-02-18,Colombo Fort - Batticaloa,Slow/Local,2nd Class,150,114,180,150,63.33
2024-02-18,Colombo Fort - Batticaloa,Slow/Local,3rd Class,325,231,290,303,79.66
2024-02-18,Colombo Fort - Jaffna,Slow/Local,1st Class,25,20,30,20,66.67
2024-02-18,Colombo Fort - Jaffna,Slow/Local,2nd Class,150,116,180,122,64.44
2024-02-18,Colombo Fort - Jaffna,Slow/Local,3rd Class,325,235,290,273,81.03
2024-02-18,Colombo Fort - Kurunegala,Express,1st Class,45,37,54,37,68.52
2024-02-18,Colombo Fort - Kurunegala,Express,2nd Class,270,232,324,235,71.6
2024-02-18,Colombo Fort - Kurunegala,Express,3rd Class,585,472,522,525,90.42
2024-02-18,Colombo Fort - Kurunegala,Slow/Local,1st Class,25,19,30,23,63.33
2024-02-18,Colombo Fort - Kurunegala,Slow/Local,2nd Class,150,118,180,129,65.56
2024-02-18,Colombo Fort - Kurunegala,Slow/Local,3rd Class,325,246,290,275,84.83
2024-02-18,Colombo Fort - Puttalam,Express,1st Class,45,36,54,37,66.67
2024-02-18,Colombo Fort - Puttalam,Express,2nd Class,270,222,324,221,68.52
2024-02-18,Colombo Fort - Puttalam,Express,3rd Class,585,467,522,470,89.46
2024-02-18,Colombo Fort - Trincomalee,Intercity,1st Class,37,30,44,25,68.18
2024-02-18,Colombo Fort - Trincomalee,Intercity,2nd Class,225,175,270,139,64.81
2024-02-18,Colombo Fort - Trincomalee,Intercity,3rd Class,487,391,435,316,89.89
2024-02-18,Kandy - Badulla,Express,1st Class,45,35,54,38,64.81
2024-02-18,Kandy - Badulla,Express,2nd Class,270,220,324,198,67.9
2024-02-18,Kandy - Badulla,Express,3rd Class,585,452,522,403,86.59
2024-02-19,Colombo Fort - Badulla,Intercity,1st Class,37,29,44,24,65.91
2024-02-19,Colombo Fort - Badulla,Intercity,2nd Class,225,178,270,142,65.93
2024-02-19,Colombo Fort - Badulla,Intercity,3rd Class,487,346,435,301,79.54
2024-02-19,Colombo Fort - Galle,Express,1st Class,45,29,32,34,90.62
2024-02-19,Colombo Fort - Galle,Express,2nd Class,270,197,324,222,60.8
2024-02-19,Colombo Fort - Galle,Express,3rd Class,585,406,544,477,74.63
2024-02-19,Colombo Fort - Jaffna,Slow/Local,1st Class,25,18,18,19,100.0
2024-02-19,Colombo Fort - Jaffna,Slow/Local,2nd Class,150,108,180,114,60.0
2024-02-19,Colombo Fort - Jaffna,Slow/Local,3rd Class,325,236,302,260,78.15
2024-02-19,Colombo Fort - Kandy,Intercity,1st Class,37,29,44,26,65.91
2024-02-19,Colombo Fort - Kandy,Intercity,2nd Class,225,181,270,179,67.04
2024-02-19,Colombo Fort - Kandy,Intercity,3rd Class,487,357,435,373,82.07
2024-02-19,Colombo Fort - Kandy,Slow/Local,1st Class,25,17,18,17,94.44
2024-02-19,Colombo Fort - Kandy,Slow/Local,2nd Class,150,105,105,105,100.0
2024-02-19,Colombo Fort - Kandy,Slow/Local,3rd Class,325,235,377,207,62.33
2024-02-19,Colombo Fort - Kurunegala,Intercity,1st Class,37,26,26,33,100.0
2024-02-19,Colombo Fort - Kurunegala,Intercity,2nd Class,225,171,270,173,63.33
2024-02-19,Colombo Fort - Kurunegala,Intercity,3rd Class,487,347,453,417,76.6
2024-02-19,Colombo Fort - Negombo,Night Mail,1st Class,32,23,23,22,100.0
2024-02-19,Colombo Fort - Negombo,Night Mail,2nd Class,195,154,234,135,65.81
2024-02-19,Colombo Fort - Negombo,Night Mail,3rd Class,422,328,392,313,83.67
2024-02-20,Colombo Fort - Anuradhapura,Intercity,1st Class,37,26,26,30,100.0
2024-02-20,Colombo Fort - Anuradhapura,Intercity,2nd Class,225,161,270,186,59.63
2024-02-20,Colombo Fort - Anuradhapura,Intercity,3rd Class,487,342,453,455,75.5
2024-02-20,Colombo Fort - Jaffna,Night Mail,1st Class,32,25,38,24,65.79
2024-02-20,Colombo Fort - Jaffna,Night Mail,2nd Class,195,148,234,145,63.25
2024-02-20,Colombo Fort - Jaffna,Night Mail,3rd Class,422,331,377,287,87.8
2024-02-20,Colombo Fort - Puttalam,Slow/Local,1st Class,25,18,18,13,100.0
2024-02-20,Colombo Fort - Puttalam,Slow/Local,2nd Class,150,108,180,74,60.0
2024-02-20,Colombo Fort - Puttalam,Slow/Local,3rd Class,325,235,302,161,77.81
2024-02-20,Colombo Fort - Ratnapura,Express,1st Class,45,32,32,42,100.0
2024-02-20,Colombo Fort - Ratnapura,Express,2nd Class,270,203,324,233,62.65
2024-02-20,Colombo Fort - Ratnapura,Express,3rd Class,585,402,544,529,73.9
2024-02-20,Colombo Fort - Trincomalee,Intercity,1st Class,37,29,44,25,65.91
2024-02-20,Colombo Fort - Trincomalee,Intercity,2nd Class,225,166,270,136,61.48
2024-02-20,Colombo Fort - Trincomalee,Intercity,3rd Class,487,347,435,317,79.77
2024-02-21,Colombo Fort - Batticaloa,Intercity,1st Class,37,26,26,25,100.0
2024-02-21,Colombo Fort - Batticaloa,Intercity,2nd Class,225,166,270,147,61.48
2024-02-21,Colombo Fort - Batticaloa,Intercity,3rd Class,487,374,453,323,82.56
2024-02-21,Colombo Fort - Jaffna,Slow/Local,1st Class,25,17,18,10,94.44
2024-02-21,Colombo Fort - Jaffna,Slow/Local,2nd Class,150,101,105,48,96.19
2024-02-21,Colombo Fort - Jaffna,Slow/Local,3rd Class,325,228,377,127,60.48
2024-02-21,Colombo Fort - Negombo,Slow/Local,1st Class,25,17,18,19,94.44
2024-02-21,Colombo Fort - Negombo,Slow/Local,2nd Class,150,96,105,108,91.43
2024-02-21,Colombo Fort - Negombo,Slow/Local,3rd Class,325,204,377,253,54.11
2024-02-21,Colombo Fort - Ratnapura,Intercity,1st Class,37,27,44,18,61.36
2024-02-21,Colombo Fort - Ratnapura,Intercity,2nd Class,225,172,270,91,63.7
2024-02-21,Colombo Fort - Ratnapura,Intercity,3rd Class,487,361,435,194,82.99
2024-02-21,Colombo Fort - Ratnapura,Slow/Local,1st Class,25,18,18,18,100.0
2024-02-21,Colombo Fort - Ratnapura,Slow/Local,2nd Class,150,103,105,107,98.1
2024-02-21,Colombo Fort - Ratnapura,Slow/Local,3rd Class,325,240,377,244,63.66
2024-02-21,Maradana - Avissawella,Intercity,1st Class,37,25,26,30,96.15
2024-02-21,Maradana - Avissawella,Intercity,2nd Class,225,151,158,168,95.57
2024-02-21,Maradana - Avissawella,Intercity,3rd Class,487,352,565,345,62.3
2024-02-21,Maradana - Avissawella,Night Mail,1st Class,32,23,23,23,100.0
2024-02-21,Maradana - Avissawella,Night Mail,2nd Class,195,149,234,138,63.68
2024-02-21,Maradana - Avissawella,Night Mail,3rd Class,422,313,392,298,79.85
2024-02-22,Colombo Fort - Anuradhapura,Night Mail,1st Class,32,24,38,26,63.16
2024-02-22,Colombo Fort - Anuradhapura,Night Mail,2nd Class,195,154,234,158,65.81
2024-02-22,Colombo Fort - Anuradhapura,Night Mail,3rd Class,422,323,377,291,85.68
2024-02-22,Colombo Fort - Batticaloa,Slow/Local,1st Class,25,18,18,11,100.0
2024-02-22,Colombo Fort - Batticaloa,Slow/Local,2nd Class,150,109,180,69,60.56
2024-02-22,Colombo Fort - Batticaloa,Slow/Local,3rd Class,325,238,302,157,78.81
2024-02-22,Colombo Fort - Galle,Night Mail,1st Class,32,24,38,26,63.16
2024-02-22,Colombo Fort - Galle,Night Mail,2nd Class,195,149,234,151,63.68
2024-02-22,Colombo Fort - Galle,Night Mail,3rd Class,422,337,377,338,89.39
2024-02-22,Colombo Fort - Galle,Slow/Local,1st Class,25,18,18,18,100.0
2024-02-22,Colombo Fort - Galle,Slow/Local,2nd Class,150,108,180,89,60.0
2024-02-22,Colombo Fort - Galle,Slow/Local,3rd Class,325,238,302,220,78.81
2024-02-22,Colombo Fort - Kandy,Night Mail,1st Class,32,22,23,23,95.65
2024-02-22,Colombo Fort - Kandy,Night Mail,2nd Class,195,141,234,139,60.26
2024-02-22,Colombo Fort - Kandy,Night Mail,3rd Class,422,303,392,288,77.3
2024-02-22,Colombo Fort - Kandy,Slow/Local,1st Class,25,17,18,14,94.44
2024-02-22,Colombo Fort - Kandy,Slow/Local,2nd Class,150,110,180,79,61.11
2024-02-22,Colombo Fort - Kandy,Slow/Local,3rd Class,325,238,302,189,78.81
2024-02-22,Colombo Fort - Kurunegala,Slow/Local,1st Class,25,20,30,11,66.67
2024-02-22,Colombo Fort - Kurunegala,Slow/Local,2nd Class,150,118,180,67,65.56
2024-02-22,Colombo Fort - Kurunegala,Slow/Local,3rd Class,325,261,290,163,90.0
2024-02-22,Colombo Fort - Negombo,Intercity,1st Class,37,27,44,24,61.36
2024-02-22,Colombo Fort - Negombo,Intercity,2nd Class,225,164,270,138,60.74
2024-02-22,Colombo Fort - Negombo,Intercity,3rd Class,487,366,435,303,84.14
2024-02-22,Colombo Fort - Negombo,Night Mail,1st Class,32,24,38,16,63.16
2024-02-22,Colombo Fort - Negombo,Night Mail,2nd Class,195,151,234,88,64.53
2024-02-22,Colombo Fort - Negombo,Night Mail,3rd Class,422,333,377,231,88.33
2024-02-22,Colombo Fort - Negombo,Slow/Local,1st Class,25,17,18,17,94.44
2024-02-22,Colombo Fort - Negombo,Slow/Local,2nd Class,150,106,180,94,58.89
2024-02-22,Colombo Fort - Negombo,Slow/Local,3rd Class,325,204,302,203,67.55
2024-02-22,Colombo Fort - Ratnapura,Slow/Local,1st Class,25,18,18,14,100.0
2024-02-22,Colombo Fort - Ratnapura,Slow/Local,2nd Class,150,105,105,79,100.0
2024-02-22,Colombo Fort - Ratnapura,Slow/Local,3rd Class,325,242,377,213,64.19
2024-02-22,Colombo Fort - Trincomalee,Slow/Local,1st Class,25,18,18,19,100.0
2024-02-22,Colombo Fort - Trincomalee,Slow/Local,2nd Class,150,112,180,111,62.22
2024-02-22,Colombo Fort - Trincomalee,Slow/Local,3rd Class,325,232,302,255,76.82
2024-02-23,Colombo Fort - Anuradhapura,Slow/Local,1st Class,25,19,30,16,63.33
2024-02-23,Colombo Fort - Anuradhapura,Slow/Local,2nd Class,150,111,180,88,61.67
2024-02-23,Colombo Fort - Anuradhapura,Slow/Local,3rd Class,325,246,290,170,84.83
2024-02-23,Colombo Fort - Badulla,Intercity,1st Class,37,28,44,30,63.64
2024-02-23,Colombo Fort - Badulla,Intercity,2nd Class,225,193,270,192,71.48
2024-02-23,Colombo Fort - Badulla,Intercity,3rd Class,487,368,435,384,84.6
2024-02-23,Colombo Fort - Galle,Night Mail,1st Class,32,28,38,21,73.68
2024-02-23,Colombo Fort - Galle,Night Mail,2nd Class,195,174,234,121,74.36
2024-02-23,Colombo Fort - Galle,Night Mail,3rd Class,422,360,377,291,95.49
2024-02-23,Colombo Fort - Galle,Slow/Local,1st Class,25,19,30,11,63.33
2024-02-23,Colombo Fort - Galle,Slow/Local,2nd Class,150,113,180,79,62.78
2024-02-23,Colombo Fort - Galle,Slow/Local,3rd Class,325,217,290,179,74.83
2024-02-23,Colombo Fort - Kurunegala,Slow/Local,1st Class,25,18,18,19,100.0
2024-02-23,Colombo Fort - Kurunegala,Slow/Local,2nd Class,150,115,180,112,63.89
2024-02-23,Colombo Fort - Kurunegala,Slow/Local,3rd Class,325,235,302,252,77.81
2024-02-23,Colombo Fort - Matara,Express,1st Class,45,38,54,31,70.37
2024-02-23,Colombo Fort - Matara,Express,2nd Class,270,229,324,171,70.68
2024-02-23,Colombo Fort - Matara,Express,3rd Class,585,486,522,405,93.1
2024-02-23,Colombo Fort - Matara,Intercity,1st Class,37,29,44,36,65.91
2024-02-23,Colombo Fort - Matara,Intercity,2nd Class,225,180,270,216,66.67
2024-02-23,Colombo Fort - Matara,Intercity,3rd Class,487,388,435,427,89.2
2024-02-23,Colombo Fort - Matara,Night Mail,1st Class,32,29,38,19,76.32
2024-02-23,Colombo Fort - Matara,Night Mail,2nd Class,195,176,234,102,75.21
2024-02-23,Colombo Fort - Matara,Night Mail,3rd Class,422,361,377,245,95.76
2024-02-23,Colombo Fort - Negombo,Intercity,1st Class,37,30,44,31,68.18
2024-02-23,Colombo Fort - Negombo,Intercity,2nd Class,225,189,270,198,70.0
2024-02-23,Colombo Fort - Negombo,Intercity,3rd Class,487,374,435,417,85.98
2024-02-23,Colombo Fort - Ratnapura,Intercity,1st Class,37,29,44,30,65.91
2024-02-23,Colombo Fort - Ratnapura,Intercity,2nd Class,225,166,270,193,61.48
2024-02-23,Colombo Fort - Ratnapura,Intercity,3rd Class,487,372,435,383,85.52
2024-02-23,Colombo Fort - Trincomalee,Slow/Local,1st Class,25,19,30,15,63.33
2024-02-23,Colombo Fort - Trincomalee,Slow/Local,2nd Class,150,113,180,107,62.78
2024-02-23,Colombo Fort - Trincomalee,Slow/Local,3rd Class,325,229,290,196,78.97
2024-02-23,Colombo Fort - Vavuniya,Intercity,1st Class,37,30,44,27,68.18
2024-02-23,Colombo Fort - Vavuniya,Intercity,2nd Class,225,181,270,155,67.04
2024-02-23,Colombo Fort - Vavuniya,Intercity,3rd Class,487,398,435,367,91.49
2024-02-23,Kandy - Badulla,Slow/Local,1st Class,25,19,30,18,63.33
2024-02-23,Kandy - Badulla,Slow/Local,2nd Class,150,113,180,106,62.78
2024-02-23,Kandy - Badulla,Slow/Local,3rd Class,325,234,290,235,80.69
2024-02-24,Colombo Fort - Anuradhapura,Intercity,1st Class,37,29,44,25,65.91
2024-02-24,Colombo Fort - Anuradhapura,Intercity,2nd Class,225,172,270,149,63.7
2024-02-24,Colombo Fort - Anuradhapura,Intercity,3rd Class,487,398,435,315,91.49
2024-02-24,Colombo Fort - Matara,Express,1st Class,45,38,54,38,70.37
2024-02-24,Colombo Fort - Matara,Express,2nd Class,270,228,324,213,70.37
2024-02-24,Colombo Fort - Matara,Express,3rd Class,585,497,522,466,95.21
2024-02-24,Colombo Fort - Negombo,Express,1st Class,45,38,54,40,70.37
2024-02-24,Colombo Fort - Negombo,Express,2nd Class,270,229,324,245,70.68
2024-02-24,Colombo Fort - Negombo,Express,3rd Class,585,473,522,513,90.61
2024-02-24,Colombo Fort - Puttalam,Slow/Local,1st Class,25,19,30,23,63.33
2024-02-24,Colombo Fort - Puttalam,Slow/Local,2nd Class,150,112,180,134,62.22
2024-02-24,Colombo Fort - Puttalam,Slow/Local,3rd Class,325,227,290,301,78.28
2024-02-24,Colombo Fort - Vavuniya,Express,1st Class,45,38,54,37,70.37
2024-02-24,Colombo Fort - Vavuniya,Express,2nd Class,270,230,324,237,70.99
2024-02-24,Colombo Fort - Vavuniya,Express,3rd Class,585,487,522,496,93.3
2024-02-25,Colombo Fort - Anuradhapura,Intercity,1st Class,37,29,44,30,65.91
2024-02-25,Colombo Fort - Anuradhapura,Intercity,2nd Class,225,185,270,173,68.52
2024-02-25,Colombo Fort - Anuradhapura,Intercity,3rd Class,487,395,435,395,90.8
2024-02-25,Colombo Fort - Galle,Slow/Local,1st Class,25,19,30,21,63.33
2024-02-25,Colombo Fort - Galle,Slow/Local,2nd Class,150,112,180,121,62.22
2024-02-25,Colombo Fort - Galle,Slow/Local,3rd Class,325,230,290,267,79.31
2024-02-25,Colombo Fort - Jaffna,Intercity,1st Class,37,28,44,22,63.64
2024-02-25,Colombo Fort - Jaffna,Intercity,2nd Class,225,175,270,132,64.81
2024-02-25,Colombo Fort - Jaffna,Intercity,3rd Class,487,398,435,312,91.49
2024-02-25,Colombo Fort - Matara,Night Mail,1st Class,32,28,38,32,73.68
2024-02-25,Colombo Fort - Matara,Night Mail,2nd Class,195,165,234,195,70.51
2024-02-25,Colombo Fort - Matara,Night Mail,3rd Class,422,329,377,405,87.27
2024-02-25,Colombo Fort - Matara,Slow/Local,1st Class,25,20,30,24,66.67
2024-02-25,Colombo Fort - Matara,Slow/Local,2nd Class,150,110,180,150,61.11
2024-02-25,Colombo Fort - Matara,Slow/Local,3rd Class,325,247,290,325,85.17
2024-02-25,Colombo Fort - Trincomalee,Intercity,1st Class,37,29,44,23,65.91
2024-02-25,Colombo Fort - Trincomalee,Intercity,2nd Class,225,183,270,152,67.78
2024-02-25,Colombo Fort - Trincomalee,Intercity,3rd Class,487,379,435,304,87.13
2024-02-25,Colombo Fort - Trincomalee,Slow/Local,1st Class,25,20,30,17,66.67
2024-02-25,Colombo Fort - Trincomalee,Slow/Local,2nd Class,150,109,180,111,60.56
2024-02-25,Colombo Fort - Trincomalee,Slow/Local,3rd Class,325,242,290,241,83.45
2024-02-26,Colombo Fort - Kandy,Intercity,1st Class,37,28,44,33,63.64
2024-02-26,Colombo Fort - Kandy,Intercity,2nd Class,225,153,158,193,96.84
2024-02-26,Colombo Fort - Kandy,Intercity,3rd Class,487,344,547,409,62.89
2024-02-26,Colombo Fort - Kurunegala,Intercity,1st Class,37,27,44,22,61.36
2024-02-26,Colombo Fort - Kurunegala,Intercity,2nd Class,225,161,270,132,59.63
2024-02-26,Colombo Fort - Kurunegala,Intercity,3rd Class,487,350,435,299,80.46
2024-02-26,Colombo Fort - Puttalam,Intercity,1st Class,37,27,44,18,61.36
2024-02-26,Colombo Fort - Puttalam,Intercity,2nd Class,225,161,270,115,59.63
2024-02-26,Colombo Fort - Puttalam,Intercity,3rd Class,487,357,435,221,82.07
2024-02-26,Colombo Fort - Puttalam,Slow/Local,1st Class,25,18,18,21,100.0
2024-02-26,Colombo Fort - Puttalam,Slow/Local,2nd Class,150,105,105,120,100.0
2024-02-26,Colombo Fort - Puttalam,Slow/Local,3rd Class,325,236,377,265,62.6
2024-02-26,Colombo Fort - Vavuniya,Express,1st Class,45,32,32,37,100.0
2024-02-26,Colombo Fort - Vavuniya,Express,2nd Class,270,206,324,220,63.58
2024-02-26,Colombo Fort - Vavuniya,Express,3rd Class,585,359,544,463,65.99
2024-02-26,Kandy - Badulla,Express,1st Class,45,33,54,36,61.11
2024-02-26,Kandy - Badulla,Express,2nd Class,270,207,324,229,63.89
2024-02-26,Kandy - Badulla,Express,3rd Class,585,411,522,454,78.74
2024-02-27,Colombo Fort - Badulla,Intercity,1st Class,37,28,44,22,63.64
2024-02-27,Colombo Fort - Badulla,Intercity,2nd Class,225,160,270,138,59.26
2024-02-27,Colombo Fort - Badulla,Intercity,3rd Class,487,368,435,246,84.6
2024-02-27,Colombo Fort - Badulla,Slow/Local,1st Class,25,20,30,17,66.67
2024-02-27,Colombo Fort - Badulla,Slow/Local,2nd Class,150,107,180,102,59.44
2024-02-27,Colombo Fort - Badulla,Slow/Local,3rd Class,325,253,290,216,87.24
2024-02-27,Colombo Fort - Batticaloa,Intercity,1st Class,37,28,44,18,63.64
2024-02-27,Colombo Fort - Batticaloa,Intercity,2nd Class,225,166,270,119,61.48
2024-02-27,Colombo Fort - Batticaloa,Intercity,3rd Class,487,369,435,260,84.83
2024-02-27,Colombo Fort - Galle,Express,1st Class,45,30,32,41,93.75
2024-02-27,Colombo Fort - Galle,Express,2nd Class,270,206,324,238,63.58
2024-02-27,Colombo Fort - Galle,Express,3rd Class,585,390,544,525,71.69
2024-02-27,Colombo Fort - Galle,Intercity,1st Class,37,26,26,27,100.0
2024-02-27,Colombo Fort - Galle,Intercity,2nd Class,225,154,158,156,97.47
2024-02-27,Colombo Fort - Galle,Intercity,3rd Class,487,279,565,372,49.38
2024-02-27,Colombo Fort - Galle,Night Mail,1st Class,32,24,38,9,63.16
2024-02-27,Colombo Fort - Galle,Night Mail,2nd Class,195,142,234,71,60.68
2024-02-27,Colombo Fort - Galle,Night Mail,3rd Class,422,331,377,168,87.8
2024-02-27,Colombo Fort - Galle,Slow/Local,1st Class,25,18,18,16,100.0
2024-02-27,Colombo Fort - Galle,Slow/Local,2nd Class,150,114,180,98,63.33
2024-02-27,Colombo Fort - Galle,Slow/Local,3rd Class,325,247,302,238,81.79
2024-02-27,Colombo Fort - Matara,Express,1st Class,45,28,32,26,87.5
2024-02-27,Colombo Fort - Matara,Express,2nd Class,270,195,324,173,60.19
2024-02-27,Colombo Fort - Matara,Express,3rd Class,585,342,544,373,62.87
2024-02-27,Colombo Fort - Matara,Intercity,1st Class,37,27,44,30,61.36
2024-02-27,Colombo Fort - Matara,Intercity,2nd Class,225,170,270,192,62.96
2024-02-27,Colombo Fort - Matara,Intercity,3rd Class,487,370,435,406,85.06
2024-02-27,Colombo Fort - Puttalam,Slow/Local,1st Class,25,18,18,18,100.0
2024-02-27,Colombo Fort - Puttalam,Slow/Local,2nd Class,150,111,180,112,61.67
2024-02-27,Colombo Fort - Puttalam,Slow/Local,3rd Class,325,236,302,227,78.15
2024-02-28,Colombo Fort - Galle,Express,1st Class,45,28,32,39,87.5
2024-02-28,Colombo Fort - Galle,Express,2nd Class,270,204,324,238,62.96
2024-02-28,Colombo Fort - Galle,Express,3rd Class,585,382,544,465,70.22
2024-02-28,Colombo Fort - Jaffna,Intercity,1st Class,37,28,44,28,63.64
2024-02-28,Colombo Fort - Jaffna,Intercity,2nd Class,225,173,270,167,64.07
2024-02-28,Colombo Fort - Jaffna,Intercity,3rd Class,487,346,435,352,79.54
2024-02-28,Colombo Fort - Ratnapura,Express,1st Class,45,30,32,30,93.75
2024-02-28,Colombo Fort - Ratnapura,Express,2nd Class,270,201,324,193,62.04
2024-02-28,Colombo Fort - Ratnapura,Express,3rd Class,585,402,544,377,73.9
2024-02-28,Colombo Fort - Vavuniya,Slow/Local,1st Class,25,19,30,13,63.33
2024-02-28,Colombo Fort - Vavuniya,Slow/Local,2nd Class,150,115,180,70,63.89
2024-02-28,Colombo Fort - Vavuniya,Slow/Local,3rd Class,325,259,290,157,89.31
2024-02-29,Colombo Fort - Galle,Intercity,1st Class,37,28,44,35,63.64
2024-02-29,Colombo Fort - Galle,Intercity,2nd Class,225,147,158,212,93.04
2024-02-29,Colombo Fort - Galle,Intercity,3rd Class,487,330,547,471,60.33
2024-02-29,Colombo Fort - Kurunegala,Night Mail,1st Class,32,24,38,18,63.16
2024-02-29,Colombo Fort - Kurunegala,Night Mail,2nd Class,195,158,234,101,67.52
2024-02-29,Colombo Fort - Kurunegala,Night Mail,3rd Class,422,334,377,227,88.59
2024-02-29,Colombo Fort - Matara,Express,1st Class,45,31,32,34,96.88
2024-02-29,Colombo Fort - Matara,Express,2nd Class,270,194,324,185,59.88
2024-02-29,Colombo Fort - Matara,Express,3rd Class,585,388,544,417,71.32
2024-02-29,Colombo Fort - Matara,Night Mail,1st Class,32,24,38,23,63.16
2024-02-29,Colombo Fort - Matara,Night Mail,2nd Class,195,156,234,137,66.67
2024-02-29,Colombo Fort - Matara,Night Mail,3rd Class,422,303,377,312,80.37
2024-02-29,Colombo Fort - Puttalam,Slow/Local,1st Class,25,18,18,13,100.0
2024-02-29,Colombo Fort - Puttalam,Slow/Local,2nd Class,150,108,180,68,60.0
2024-02-29,Colombo Fort - Puttalam,Slow/Local,3rd Class,325,238,302,159,78.81
2024-02-29,Colombo Fort - Ratnapura,Intercity,1st Class,37,29,44,33,65.91
2024-02-29,Colombo Fort - Ratnapura,Intercity,2nd Class,225,174,270,169,64.44
2024-02-29,Colombo Fort - Ratnapura,Intercity,3rd Class,487,359,435,372,82.53
2024-02-29,Colombo Fort - Trincomalee,Slow/Local,1st Class,25,17,18,12,94.44
2024-02-29,Colombo Fort - Trincomalee,Slow/Local,2nd Class,150,102,105,69,97.14
2024-02-29,Colombo Fort - Trincomalee,Slow/Local,3rd Class,325,228,377,135,60.48
2024-02-29,Colombo Fort - Vavuniya,Express,1st Class,45,30,32,29,93.75
2024-02-29,Colombo Fort - Vavuniya,Express,2nd Class,270,209,324,170,64.51
2024-02-29,Colombo Fort - Vavuniya,Express,3rd Class,585,374,544,395,68.75
2024-02-29,Kandy - Badulla,Slow/Local,1st Class,25,18,18,16,100.0
2024-02-29,Kandy - Badulla,Slow/Local,2nd Class,150,106,180,90,58.89
2024-02-29,Kandy - Badulla,Slow/Local,3rd Class,325,238,302,203,78.81
2024-02-29,Maradana - Avissawella,Slow/Local,1st Class,25,18,18,17,100.0
2024-02-29,Maradana - Avissawella,Slow/Local,2nd Class,150,107,180,114,59.44
2024-02-29,Maradana - Avissawella,Slow/Local,3rd Class,325,238,302,218,78.81
2024-03-01,Colombo Fort - Anuradhapura,Slow/Local,1st Class,25,20,30,25,66.67
2024-03-01,Colombo Fort - Anuradhapura,Slow/Local,2nd Class,150,122,180,150,67.78
2024-03-01,Colombo Fort - Anuradhapura,Slow/Local,3rd Class,325,248,290,325,85.52
2024-03-01,Colombo Fort - Puttalam,Night Mail,1st Class,32,28,38,20,73.68
2024-03-01,Colombo Fort - Puttalam,Night Mail,2nd Class,195,163,234,125,69.66
2024-03-01,Colombo Fort - Puttalam,Night Mail,3rd Class,422,373,377,244,98.94
2024-03-01,Kandy - Badulla,Slow/Local,1st Class,25,19,30,20,63.33
2024-03-01,Kandy - Badulla,Slow/Local,2nd Class,150,109,180,121,60.56
2024-03-01,Kandy - Badulla,Slow/Local,3rd Class,325,221,290,255,76.21
2024-03-02,Colombo Fort - Anuradhapura,Express,1st Class,45,35,54,45,64.81
2024-03-02,Colombo Fort - Anuradhapura,Express,2nd Class,270,231,324,270,71.3
2024-03-02,Colombo Fort - Anuradhapura,Express,3rd Class,585,479,522,577,91.76
2024-03-02,Colombo Fort - Batticaloa,Express,1st Class,45,38,54,45,70.37
2024-03-02,Colombo Fort - Batticaloa,Express,2nd Class,270,225,324,270,69.44
2024-03-02,Colombo Fort - Batticaloa,Express,3rd Class,585,474,522,514,90.8
2024-03-02,Colombo Fort - Kurunegala,Express,1st Class,45,38,54,42,70.37
2024-03-02,Colombo Fort - Kurunegala,Express,2nd Class,270,229,324,228,70.68
2024-03-02,Colombo Fort - Kurunegala,Express,3rd Class,585,507,522,537,97.13
2024-03-02,Colombo Fort - Ratnapura,Intercity,1st Class,37,32,44,37,72.73
2024-03-02,Colombo Fort - Ratnapura,Intercity,2nd Class,225,193,270,213,71.48
2024-03-02,Colombo Fort - Ratnapura,Intercity,3rd Class,487,396,435,458,91.03
2024-03-02,Colombo Fort - Trincomalee,Intercity,1st Class,37,31,44,34,70.45
2024-03-02,Colombo Fort - Trincomalee,Intercity,2nd Class,225,185,270,207,68.52
2024-03-02,Colombo Fort - Trincomalee,Intercity,3rd Class,487,380,435,422,87.36
2024-03-02,Colombo Fort - Vavuniya,Express,1st Class,45,36,54,41,66.67
2024-03-02,Colombo Fort - Vavuniya,Express,2nd Class,270,223,324,257,68.83
2024-03-02,Colombo Fort - Vavuniya,Express,3rd Class,585,505,522,518,96.74
2024-03-03,Colombo Fort - Negombo,Slow/Local,1st Class,25,20,30,21,66.67
2024-03-03,Colombo Fort - Negombo,Slow/Local,2nd Class,150,106,180,135,58.89
2024-03-03,Colombo Fort - Negombo,Slow/Local,3rd Class,325,232,290,252,80.0
2024-03-03,Colombo Fort - Vavuniya,Slow/Local,1st Class,25,20,30,24,66.67
2024-03-03,Colombo Fort - Vavuniya,Slow/Local,2nd Class,150,129,180,136,71.67
2024-03-03,Colombo Fort - Vavuniya,Slow/Local,3rd Class,325,257,290,325,88.62
2024-03-03,Kandy - Badulla,Slow/Local,1st Class,25,20,30,20,66.67
2024-03-03,Kandy - Badulla,Slow/Local,2nd Class,150,119,180,118,66.11
2024-03-03,Kandy - Badulla,Slow/Local,3rd Class,325,231,290,283,79.66
2024-03-04,Colombo Fort - Badulla,Intercity,1st Class,37,28,44,33,63.64
2024-03-04,Colombo Fort - Badulla,Intercity,2nd Class,225,160,270,215,59.26
2024-03-04,Colombo Fort - Badulla,Intercity,3rd Class,487,272,435,432,62.53
2024-03-04,Colombo Fort - Batticaloa,Intercity,1st Class,37,30,44,29,68.18
2024-03-04,Colombo Fort - Batticaloa,Intercity,2nd Class,225,175,270,158,64.81
2024-03-04,Colombo Fort - Batticaloa,Intercity,3rd Class,487,366,435,389,84.14
2024-03-04,Colombo Fort - Batticaloa,Night Mail,1st Class,32,26,38,28,68.42
2024-03-04,Colombo Fort - Batticaloa,Night Mail,2nd Class,195,145,234,165,61.97
2024-03-04,Colombo Fort - Batticaloa,Night Mail,3rd Class,422,328,377,397,87.0
2024-03-04,Colombo Fort - Galle,Night Mail,1st Class,32,19,23,31,82.61
2024-03-04,Colombo Fort - Galle,Night Mail,2nd Class,195,126,137,175,91.97
2024-03-04,Colombo Fort - Galle,Night Mail,3rd Class,422,255,489,374,52.15
2024-03-04,Colombo Fort - Galle,Slow/Local,1st Class,25,19,30,21,63.33
2024-03-04,Colombo Fort - Galle,Slow/Local,2nd Class,150,118,180,139,65.56
2024-03-04,Colombo Fort - Galle,Slow/Local,3rd Class,325,264,290,293,91.03
2024-03-04,Colombo Fort - Kandy,Express,1st Class,45,33,54,45,61.11
2024-03-04,Colombo Fort - Kandy,Express,2nd Class,270,209,324,268,64.51
2024-03-04,Colombo Fort - Kandy,Express,3rd Class,585,459,522,584,87.93
2024-03-04,Colombo Fort - Kandy,Intercity,1st Class,37,30,44,32,68.18
2024-03-04,Colombo Fort - Kandy,Intercity,2nd Class,225,164,270,204,60.74
2024-03-04,Colombo Fort - Kandy,Intercity,3rd Class,487,400,435,463,91.95
2024-03-04,Colombo Fort - Kandy,Slow/Local,1st Class,25,19,30,21,63.33
2024-03-04,Colombo Fort - Kandy,Slow/Local,2nd Class,150,116,180,118,64.44
2024-03-04,Colombo Fort - Kandy,Slow/Local,3rd Class,325,270,290,232,93.1
2024-03-04,Colombo Fort - Trincomalee,Intercity,1st Class,37,30,44,37,68.18
2024-03-04,Colombo Fort - Trincomalee,Intercity,2nd Class,225,169,270,225,62.59
2024-03-04,Colombo Fort - Trincomalee,Intercity,3rd Class,487,372,435,469,85.52
2024-03-05,Colombo Fort - Anuradhapura,Express,1st Class,45,32,32,36,100.0
2024-03-05,Colombo Fort - Anuradhapura,Express,2nd Class,270,209,324,210,64.51
2024-03-05,Colombo Fort - Anuradhapura,Express,3rd Class,585,425,544,482,78.12
2024-03-05,Colombo Fort - Badulla,Intercity,1st Class,37,29,44,36,65.91
2024-03-05,Colombo Fort - Badulla,Intercity,2nd Class,225,166,270,196,61.48
2024-03-05,Colombo Fort - Badulla,Intercity,3rd Class,487,364,435,426,83.68
2024-03-05,Colombo Fort - Galle,Slow/Local,1st Class,25,19,30,21,63.33
2024-03-05,Colombo Fort - Galle,Slow/Local,2nd Class,150,117,180,129,65.0
2024-03-05,Colombo Fort - Galle,Slow/Local,3rd Class,325,256,290,283,88.28
2024-03-05,Colombo Fort - Kandy,Express,1st Class,45,33,54,42,61.11
2024-03-05,Colombo Fort - Kandy,Express,2nd Class,270,209,324,233,64.51
2024-03-05,Colombo Fort - Kandy,Express,3rd Class,585,429,522,571,82.18
2024-03-05,Colombo Fort - Kurunegala,Express,1st Class,45,34,54,37,62.96
2024-03-05,Colombo Fort - Kurunegala,Express,2nd Class,270,217,324,203,66.98
2024-03-05,Colombo Fort - Kurunegala,Express,3rd Class,585,466,522,460,89.27
2024-03-05,Colombo Fort - Matara,Slow/Local,1st Class,25,19,30,25,63.33
2024-03-05,Colombo Fort - Matara,Slow/Local,2nd Class,150,118,180,135,65.56
2024-03-05,Colombo Fort - Matara,Slow/Local,3rd Class,325,264,290,287,91.03
2024-03-05,Colombo Fort - Puttalam,Slow/Local,1st Class,25,18,18,19,100.0
2024-03-05,Colombo Fort - Puttalam,Slow/Local,2nd Class,150,113,180,108,62.78
2024-03-05,Colombo Fort - Puttalam,Slow/Local,3rd Class,325,252,302,258,83.44
2024-03-05,Colombo Fort - Trincomalee,Intercity,1st Class,37,29,44,32,65.91
2024-03-05,Colombo Fort - Trincomalee,Intercity,2nd Class,225,174,270,209,64.44
2024-03-05,Colombo Fort - Trincomalee,Intercity,3rd Class,487,365,435,421,83.91
2024-03-05,Colombo Fort - Vavuniya,Slow/Local,1st Class,25,19,30,20,63.33
2024-03-05,Colombo Fort - Vavuniya,Slow/Local,2nd Class,150,113,180,114,62.78
2024-03-05,Colombo Fort - Vavuniya,Slow/Local,3rd Class,325,260,290,242,89.66
2024-03-06,Colombo Fort - Anuradhapura,Express,1st Class,45,35,54,44,64.81
2024-03-06,Colombo Fort - Anuradhapura,Express,2nd Class,270,209,324,270,64.51
2024-03-06,Colombo Fort - Anuradhapura,Express,3rd Class,585,457,522,585,87.55
2024-03-06,Colombo Fort - Badulla,Express,1st Class,45,34,54,44,62.96
2024-03-06,Colombo Fort - Badulla,Express,2nd Class,270,212,324,270,65.43
2024-03-06,Colombo Fort - Badulla,Express,3rd Class,585,454,522,585,86.97
2024-03-06,Colombo Fort - Badulla,Slow/Local,1st Class,25,19,30,18,63.33
2024-03-06,Colombo Fort - Badulla,Slow/Local,2nd Class,150,111,180,107,61.67
2024-03-06,Colombo Fort - Badulla,Slow/Local,3rd Class,325,248,290,252,85.52
2024-03-06,Colombo Fort - Jaffna,Slow/Local,1st Class,25,17,18,22,94.44
2024-03-06,Colombo Fort - Jaffna,Slow/Local,2nd Class,150,98,105,128,93.33
2024-03-06,Colombo Fort - Jaffna,Slow/Local,3rd Class,325,194,377,288,51.46
2024-03-06,Colombo Fort - Kurunegala,Slow/Local,1st Class,25,18,18,18,100.0
2024-03-06,Colombo Fort - Kurunegala,Slow/Local,2nd Class,150,112,180,125,62.22
2024-03-06,Colombo Fort - Kurunegala,Slow/Local,3rd Class,325,251,302,254,83.11
2024-03-06,Colombo Fort - Negombo,Intercity,1st Class,37,27,44,34,61.36
2024-03-06,Colombo Fort - Negombo,Intercity,2nd Class,225,168,270,225,62.22
2024-03-06,Colombo Fort - Negombo,Intercity,3rd Class,487,403,435,452,92.64
2024-03-06,Colombo Fort - Negombo,Night Mail,1st Class,32,23,23,32,100.0
2024-03-06,Colombo Fort - Negombo,Night Mail,2nd Class,195,139,234,192,59.4
2024-03-06,Colombo Fort - Negombo,Night Mail,3rd Class,422,304,392,422,77.55
2024-03-06,Colombo Fort - Ratnapura,Slow/Local,1st Class,25,18,18,21,100.0
2024-03-06,Colombo Fort - Ratnapura,Slow/Local,2nd Class,150,117,180,130,65.0
2024-03-06,Colombo Fort - Ratnapura,Slow/Local,3rd Class,325,264,302,264,87.42
2024-03-06,Colombo Fort - Trincomalee,Express,1st Class,45,37,54,39,68.52
2024-03-06,Colombo Fort - Trincomalee,Express,2nd Class,270,211,324,220,65.12
2024-03-06,Colombo Fort - Trincomalee,Express,3rd Class,585,465,522,548,89.08
2024-03-06,Colombo Fort - Trincomalee,Intercity,1st Class,37,29,44,37,65.91
2024-03-06,Colombo Fort - Trincomalee,Intercity,2nd Class,225,179,270,212,66.3
2024-03-06,Colombo Fort - Trincomalee,Intercity,3rd Class,487,379,435,467,87.13
2024-03-06,Maradana - Avissawella,Intercity,1st Class,37,27,44,37,61.36
2024-03-06,Maradana - Avissawella,Intercity,2nd Class,225,166,270,225,61.48
2024-03-06,Maradana - Avissawella,Intercity,3rd Class,487,376,435,487,86.44
2024-03-07,Colombo Fort - Badulla,Slow/Local,1st Class,25,19,30,17,63.33
2024-03-07,Colombo Fort - Badulla,Slow/Local,2nd Class,150,112,180,105,62.22
2024-03-07,Colombo Fort - Badulla,Slow/Local,3rd Class,325,248,290,262,85.52
2024-03-07,Colombo Fort - Galle,Slow/Local,1st Class,25,19,30,20,63.33
2024-03-07,Colombo Fort - Galle,Slow/Local,2nd Class,150,118,180,113,65.56
2024-03-07,Colombo Fort - Galle,Slow/Local,3rd Class,325,253,290,296,87.24
2024-03-07,Colombo Fort - Jaffna,Express,1st Class,45,34,54,45,62.96
2024-03-07,Colombo Fort - Jaffna,Express,2nd Class,270,210,324,268,64.81
2024-03-07,Colombo Fort - Jaffna,Express,3rd Class,585,460,522,559,88.12
2024-03-07,Colombo Fort - Jaffna,Intercity,1st Class,37,29,44,37,65.91
2024-03-07,Colombo Fort - Jaffna,Intercity,2nd Class,225,182,270,213,67.41
2024-03-07,Colombo Fort - Jaffna,Intercity,3rd Class,487,347,435,487,79.77
2024-03-07,Colombo Fort - Puttalam,Slow/Local,1st Class,25,19,30,25,63.33
2024-03-07,Colombo Fort - Puttalam,Slow/Local,2nd Class,150,117,180,150,65.0
2024-03-07,Colombo Fort - Puttalam,Slow/Local,3rd Class,325,276,290,325,95.17
2024-03-07,Colombo Fort - Trincomalee,Express,1st Class,45,37,54,41,68.52
2024-03-07,Colombo Fort - Trincomalee,Express,2nd Class,270,209,324,236,64.51
2024-03-07,Colombo Fort - Trincomalee,Express,3rd Class,585,458,522,509,87.74
2024-03-07,Colombo Fort - Vavuniya,Slow/Local,1st Class,25,19,30,24,63.33
2024-03-07,Colombo Fort - Vavuniya,Slow/Local,2nd Class,150,113,180,145,62.78
2024-03-07,Colombo Fort - Vavuniya,Slow/Local,3rd Class,325,262,290,325,90.34
2024-03-07,Maradana - Avissawella,Night Mail,1st Class,32,23,23,22,100.0
2024-03-07,Maradana - Avissawella,Night Mail,2nd Class,195,149,234,141,63.68
2024-03-07,Maradana - Avissawella,Night Mail,3rd Class,422,343,392,295,87.5
2024-03-08,Colombo Fort - Badulla,Express,1st Class,45,37,54,36,68.52
2024-03-08,Colombo Fort - Badulla,Express,2nd Class,270,232,324,220,71.6
2024-03-08,Colombo Fort - Badulla,Express,3rd Class,585,511,522,418,97.89
2024-03-08,Colombo Fort - Jaffna,Intercity,1st Class,37,32,44,35,72.73
2024-03-08,Colombo Fort - Jaffna,Intercity,2nd Class,225,193,270,225,71.48
2024-03-08,Colombo Fort - Jaffna,Intercity,3rd Class,487,402,435,487,92.41
2024-03-08,Colombo Fort - Matara,Slow/Local,1st Class,25,21,21,19,100.0
2024-03-08,Colombo Fort - Matara,Slow/Local,2nd Class,150,128,128,112,100.0
2024-03-08,Colombo Fort - Matara,Slow/Local,3rd Class,325,300,351,235,85.47
2024-03-08,Colombo Fort - Negombo,Intercity,1st Class,37,32,44,32,72.73
2024-03-08,Colombo Fort - Negombo,Intercity,2nd Class,225,191,270,199,70.74
2024-03-08,Colombo Fort - Negombo,Intercity,3rd Class,487,416,435,404,95.63
2024-03-08,Colombo Fort - Puttalam,Intercity,1st Class,37,30,44,35,68.18
2024-03-08,Colombo Fort - Puttalam,Intercity,2nd Class,225,170,270,207,62.96
2024-03-08,Colombo Fort - Puttalam,Intercity,3rd Class,487,361,435,445,82.99
2024-03-08,Colombo Fort - Ratnapura,Express,1st Class,45,37,54,45,68.52
2024-03-08,Colombo Fort - Ratnapura,Express,2nd Class,270,237,324,270,73.15
2024-03-08,Colombo Fort - Ratnapura,Express,3rd Class,585,516,522,584,98.85
2024-03-08,Colombo Fort - Ratnapura,Slow/Local,1st Class,25,22,30,19,73.33
2024-03-08,Colombo Fort - Ratnapura,Slow/Local,2nd Class,150,128,180,106,71.11
2024-03-08,Colombo Fort - Ratnapura,Slow/Local,3rd Class,325,282,290,223,97.24
2024-03-08,Colombo Fort - Trincomalee,Intercity,1st Class,37,32,44,23,72.73
2024-03-08,Colombo Fort - Trincomalee,Intercity,2nd Class,225,195,270,155,72.22
2024-03-08,Colombo Fort - Trincomalee,Intercity,3rd Class,487,401,435,319,92.18
2024-03-09,Colombo Fort - Anuradhapura,Slow/Local,1st Class,25,22,22,22,100.0
2024-03-09,Colombo Fort - Anuradhapura,Slow/Local,2nd Class,150,134,134,137,100.0
2024-03-09,Colombo Fort - Anuradhapura,Slow/Local,3rd Class,325,298,344,301,86.63
2024-03-09,Colombo Fort - Batticaloa,Night Mail,1st Class,32,28,38,30,73.68
2024-03-09,Colombo Fort - Batticaloa,Night Mail,2nd Class,195,168,234,183,71.79
2024-03-09,Colombo Fort - Batticaloa,Night Mail,3rd Class,422,371,377,384,98.41
2024-03-09,Colombo Fort - Galle,Express,1st Class,45,38,54,34,70.37
2024-03-09,Colombo Fort - Galle,Express,2nd Class,270,236,324,184,72.84
2024-03-09,Colombo Fort - Galle,Express,3rd Class,585,507,522,384,97.13
2024-03-09,Colombo Fort - Galle,Slow/Local,1st Class,25,21,21,24,100.0
2024-03-09,Colombo Fort - Galle,Slow/Local,2nd Class,150,123,123,148,100.0
2024-03-09,Colombo Fort - Galle,Slow/Local,3rd Class,325,297,356,319,83.43
2024-03-09,Colombo Fort - Kurunegala,Slow/Local,1st Class,25,21,21,21,100.0
2024-03-09,Colombo Fort - Kurunegala,Slow/Local,2nd Class,150,133,133,126,100.0
2024-03-09,Colombo Fort - Kurunegala,Slow/Local,3rd Class,325,291,346,284,84.1
2024-03-09,Colombo Fort - Negombo,Intercity,1st Class,37,32,44,36,72.73
2024-03-09,Colombo Fort - Negombo,Intercity,2nd Class,225,194,270,221,71.85
2024-03-09,Colombo Fort - Negombo,Intercity,3rd Class,487,405,435,487,93.1
2024-03-09,Colombo Fort - Puttalam,Night Mail,1st Class,32,28,38,30,73.68
2024-03-09,Colombo Fort - Puttalam,Night Mail,2nd Class,195,157,234,186,67.09
2024-03-09,Colombo Fort - Puttalam,Night Mail,3rd Class,422,340,377,422,90.19
2024-03-09,Colombo Fort - Vavuniya,Slow/Local,1st Class,25,22,22,21,100.0
2024-03-09,Colombo Fort - Vavuniya,Slow/Local,2nd Class,150,134,134,131,100.0
2024-03-09,Colombo Fort - Vavuniya,Slow/Local,3rd Class,325,294,344,275,85.47
2024-03-09,Kandy - Badulla,Intercity,1st Class,37,32,44,28,72.73
2024-03-09,Kandy - Badulla,Intercity,2nd Class,225,194,270,170,71.85
2024-03-09,Kandy - Badulla,Intercity,3rd Class,487,390,435,390,89.66
2024-03-10,Colombo Fort - Galle,Night Mail,1st Class,32,27,38,32,71.05
2024-03-10,Colombo Fort - Galle,Night Mail,2nd Class,195,162,234,195,69.23
2024-03-10,Colombo Fort - Galle,Night Mail,3rd Class,422,373,377,422,98.94
2024-03-10,Colombo Fort - Kandy,Intercity,1st Class,37,32,44,37,72.73
2024-03-10,Colombo Fort - Kandy,Intercity,2nd Class,225,196,270,224,72.59
2024-03-10,Colombo Fort - Kandy,Intercity,3rd Class,487,429,435,456,98.62
2024-03-10,Colombo Fort - Kurunegala,Night Mail,1st Class,32,28,38,27,73.68
2024-03-10,Colombo Fort - Kurunegala,Night Mail,2nd Class,195,155,234,166,66.24
2024-03-10,Colombo Fort - Kurunegala,Night Mail,3rd Class,422,344,377,356,91.25
2024-03-10,Colombo Fort - Negombo,Express,1st Class,45,38,54,40,70.37
2024-03-10,Colombo Fort - Negombo,Express,2nd Class,270,238,324,232,73.46
2024-03-10,Colombo Fort - Negombo,Express,3rd Class,585,494,522,510,94.64
2024-03-10,Colombo Fort - Puttalam,Express,1st Class,45,40,54,29,74.07
2024-03-10,Colombo Fort - Puttalam,Express,2nd Class,270,235,324,156,72.53
2024-03-10,Colombo Fort - Puttalam,Express,3rd Class,585,508,522,338,97.32
2024-03-10,Colombo Fort - Vavuniya,Night Mail,1st Class,32,28,38,31,73.68
2024-03-10,Colombo Fort - Vavuniya,Night Mail,2nd Class,195,175,234,195,74.79
2024-03-10,Colombo Fort - Vavuniya,Night Mail,3rd Class,422,371,377,383,98.41
2024-03-10,Kandy - Badulla,Express,1st Class,45,39,54,45,72.22
2024-03-10,Kandy - Badulla,Express,2nd Class,270,234,324,261,72.22
2024-03-10,Kandy - Badulla,Express,3rd Class,585,518,522,537,99.23
2024-03-10,Kandy - Badulla,Intercity,1st Class,37,32,44,33,72.73
2024-03-10,Kandy - Badulla,Intercity,2nd Class,225,191,270,191,70.74
2024-03-10,Kandy - Badulla,Intercity,3rd Class,487,403,435,427,92.64
2024-03-10,Maradana - Avissawella,Night Mail,1st Class,32,29,38,25,76.32
2024-03-10,Maradana - Avissawella,Night Mail,2nd Class,195,171,234,159,73.08
2024-03-10,Maradana - Avissawella,Night Mail,3rd Class,422,359,377,350,95.23
2024-03-11,Colombo Fort - Anuradhapura,Night Mail,1st Class,32,27,38,23,71.05
2024-03-11,Colombo Fort - Anuradhapura,Night Mail,2nd Class,195,156,234,155,66.67
2024-03-11,Colombo Fort - Anuradhapura,Night Mail,3rd Class,422,331,377,320,87.8
2024-03-11,Colombo Fort - Batticaloa,Express,1st Class,45,36,54,30,66.67
2024-03-11,Colombo Fort - Batticaloa,Express,2nd Class,270,210,324,173,64.81
2024-03-11,Colombo Fort - Batticaloa,Express,3rd Class,585,470,522,367,90.04
2024-03-11,Colombo Fort - Galle,Intercity,1st Class,37,31,44,21,70.45
2024-03-11,Colombo Fort - Galle,Intercity,2nd Class,225,161,270,125,59.63
2024-03-11,Colombo Fort - Galle,Intercity,3rd Class,487,397,435,302,91.26
2024-03-11,Colombo Fort - Galle,Slow/Local,1st Class,25,19,30,11,63.33
2024-03-11,Colombo Fort - Galle,Slow/Local,2nd Class,150,116,180,55,64.44
2024-03-11,Colombo Fort - Galle,Slow/Local,3rd Class,325,265,290,151,91.38
2024-03-11,Colombo Fort - Jaffna,Express,1st Class,45,36,54,26,66.67
2024-03-11,Colombo Fort - Jaffna,Express,2nd Class,270,216,324,160,66.67
2024-03-11,Colombo Fort - Jaffna,Express,3rd Class,585,476,522,354,91.19
2024-03-11,Colombo Fort - Jaffna,Slow/Local,1st Class,25,18,18,20,100.0
2024-03-11,Colombo Fort - Jaffna,Slow/Local,2nd Class,150,118,180,121,65.56
2024-03-11,Colombo Fort - Jaffna,Slow/Local,3rd Class,325,255,302,288,84.44
2024-03-11,Colombo Fort - Kandy,Express,1st Class,45,36,54,40,66.67
2024-03-11,Colombo Fort - Kandy,Express,2nd Class,270,211,324,235,65.12
2024-03-11,Colombo Fort - Kandy,Express,3rd Class,585,487,522,495,93.3
2024-03-11,Colombo Fort - Kandy,Slow/Local,1st Class,25,19,30,23,63.33
2024-03-11,Colombo Fort - Kandy,Slow/Local,2nd Class,150,119,180,134,66.11
2024-03-11,Colombo Fort - Kandy,Slow/Local,3rd Class,325,274,290,278,94.48
2024-03-11,Kandy - Badulla,Express,1st Class,45,37,54,37,68.52
2024-03-11,Kandy - Badulla,Express,2nd Class,270,221,324,215,68.21
2024-03-11,Kandy - Badulla,Express,3rd Class,585,482,522,494,92.34
2024-03-11,Maradana - Avissawella,Express,1st Class,45,35,54,39,64.81
2024-03-11,Maradana - Avissawella,Express,2nd Class,270,204,324,229,62.96
2024-03-11,Maradana - Avissawella,Express,3rd Class,585,340,522,513,65.13
2024-03-12,Colombo Fort - Badulla,Night Mail,1st Class,32,23,23,26,100.0
2024-03-12,Colombo Fort - Badulla,Night Mail,2nd Class,195,141,234,164,60.26
2024-03-12,Colombo Fort - Badulla,Night Mail,3rd Class,422,319,392,398,81.38
2024-03-12,Colombo Fort - Batticaloa,Intercity,1st Class,37,30,44,29,68.18
2024-03-12,Colombo Fort - Batticaloa,Intercity,2nd Class,225,166,270,175,61.48
2024-03-12,Colombo Fort - Batticaloa,Intercity,3rd Class,487,371,435,442,85.29
2024-03-12,Colombo Fort - Jaffna,Express,1st Class,45,35,54,38,64.81
2024-03-12,Colombo Fort - Jaffna,Express,2nd Class,270,190,324,222,58.64
2024-03-12,Colombo Fort - Jaffna,Express,3rd Class,585,473,522,484,90.61
2024-03-12,Colombo Fort - Jaffna,Intercity,1st Class,37,29,44,32,65.91
2024-03-12,Colombo Fort - Jaffna,Intercity,2nd Class,225,180,270,185,66.67
2024-03-12,Colombo Fort - Jaffna,Intercity,3rd Class,487,368,435,424,84.6
2024-03-12,Colombo Fort - Kandy,Express,1st Class,45,36,54,29,66.67
2024-03-12,Colombo Fort - Kandy,Express,2nd Class,270,211,324,186,65.12
2024-03-12,Colombo Fort - Kandy,Express,3rd Class,585,462,522,384,88.51
2024-03-12,Colombo Fort - Kandy,Slow/Local,1st Class,25,19,30,15,63.33
2024-03-12,Colombo Fort - Kandy,Slow/Local,2nd Class,150,118,180,92,65.56
2024-03-12,Colombo Fort - Kandy,Slow/Local,3rd Class,325,262,290,210,90.34
2024-03-12,Colombo Fort - Kurunegala,Express,1st Class,45,37,54,42,68.52
2024-03-12,Colombo Fort - Kurunegala,Express,2nd Class,270,215,324,252,66.36
2024-03-12,Colombo Fort - Kurunegala,Express,3rd Class,585,483,522,532,92.53
2024-03-12,Colombo Fort - Matara,Night Mail,1st Class,32,23,23,31,100.0
2024-03-12,Colombo Fort - Matara,Night Mail,2nd Class,195,142,234,183,60.68
2024-03-12,Colombo Fort - Matara,Night Mail,3rd Class,422,291,392,406,74.23
2024-03-12,Colombo Fort - Matara,Slow/Local,1st Class,25,18,18,24,100.0
2024-03-12,Colombo Fort - Matara,Slow/Local,2nd Class,150,118,180,141,65.56
2024-03-12,Colombo Fort - Matara,Slow/Local,3rd Class,325,271,302,308,89.74
2024-03-12,Colombo Fort - Negombo,Express,1st Class,45,38,54,42,70.37
2024-03-12,Colombo Fort - Negombo,Express,2nd Class,270,221,324,241,68.21
2024-03-12,Colombo Fort - Negombo,Express,3rd Class,585,482,522,560,92.34
2024-03-12,Colombo Fort - Negombo,Night Mail,1st Class,32,27,38,27,71.05
2024-03-12,Colombo Fort - Negombo,Night Mail,2nd Class,195,157,234,172,67.09
2024-03-12,Colombo Fort - Negombo,Night Mail,3rd Class,422,358,377,381,94.96
2024-03-12,Colombo Fort - Trincomalee,Express,1st Class,45,39,54,43,72.22
2024-03-12,Colombo Fort - Trincomalee,Express,2nd Class,270,218,324,235,67.28
2024-03-12,Colombo Fort - Trincomalee,Express,3rd Class,585,506,522,555,96.93
2024-03-12,Colombo Fort - Trincomalee,Slow/Local,1st Class,25,18,18,24,100.0
2024-03-12,Colombo Fort - Trincomalee,Slow/Local,2nd Class,150,114,180,142,63.33
2024-03-12,Colombo Fort - Trincomalee,Slow/Local,3rd Class,325,186,302,325,61.59
2024-03-12,Colombo Fort - Vavuniya,Slow/Local,1st Class,25,19,30,24,63.33
2024-03-12,Colombo Fort - Vavuniya,Slow/Local,2nd Class,150,116,180,138,64.44
2024-03-12,Colombo Fort - Vavuniya,Slow/Local,3rd Class,325,254,290,309,87.59
2024-03-12,Kandy - Badulla,Slow/Local,1st Class,25,18,18,22,100.0
2024-03-12,Kandy - Badulla,Slow/Local,2nd Class,150,118,180,132,65.56
2024-03-12,Kandy - Badulla,Slow/Local,3rd Class,325,251,302,311,83.11
2024-03-12,Maradana - Avissawella,Slow/Local,1st Class,25,19,30,18,63.33
2024-03-12,Maradana - Avissawella,Slow/Local,2nd Class,150,118,180,110,65.56
2024-03-12,Maradana - Avissawella,Slow/Local,3rd Class,325,257,290,252,88.62
2024-03-13,Colombo Fort - Jaffna,Slow/Local,1st Class,25,18,18,18,100.0
2024-03-13,Colombo Fort - Jaffna,Slow/Local,2nd Class,150,117,180,104,65.0
2024-03-13,Colombo Fort - Jaffna,Slow/Local,3rd Class,325,253,302,198,83.77
2024-03-13,Colombo Fort - Kandy,Night Mail,1st Class,32,21,23,28,91.3
2024-03-13,Colombo Fort - Kandy,Night Mail,2nd Class,195,140,234,176,59.83
2024-03-13,Colombo Fort - Kandy,Night Mail,3rd Class,422,307,392,355,78.32
2024-03-13,Colombo Fort - Puttalam,Slow/Local,1st Class,25,18,18,23,100.0
2024-03-13,Colombo Fort - Puttalam,Slow/Local,2nd Class,150,116,180,144,64.44
2024-03-13,Colombo Fort - Puttalam,Slow/Local,3rd Class,325,257,302,313,85.1
2024-03-13,Colombo Fort - Trincomalee,Express,1st Class,45,38,54,34,70.37
2024-03-13,Colombo Fort - Trincomalee,Express,2nd Class,270,212,324,222,65.43
2024-03-13,Colombo Fort - Trincomalee,Express,3rd Class,585,485,522,520,92.91
2024-03-13,Colombo Fort - Vavuniya,Slow/Local,1st Class,25,19,30,25,63.33
2024-03-13,Colombo Fort - Vavuniya,Slow/Local,2nd Class,150,114,180,147,63.33
2024-03-13,Colombo Fort - Vavuniya,Slow/Local,3rd Class,325,256,290,306,88.28
2024-03-13,Kandy - Badulla,Intercity,1st Class,37,30,44,37,68.18
2024-03-13,Kandy - Badulla,Intercity,2nd Class,225,174,270,225,64.44
2024-03-13,Kandy - Badulla,Intercity,3rd Class,487,393,435,487,90.34
2024-03-14,Colombo Fort - Anuradhapura,Slow/Local,1st Class,25,19,30,21,63.33
2024-03-14,Colombo Fort - Anuradhapura,Slow/Local,2nd Class,150,114,180,119,63.33
2024-03-14,Colombo Fort - Anuradhapura,Slow/Local,3rd Class,325,254,290,265,87.59
2024-03-14,Colombo Fort - Batticaloa,Intercity,1st Class,37,30,44,31,68.18
2024-03-14,Colombo Fort - Batticaloa,Intercity,2nd Class,225,168,270,197,62.22
2024-03-14,Colombo Fort - Batticaloa,Intercity,3rd Class,487,374,435,451,85.98
2024-03-14,Colombo Fort - Batticaloa,Slow/Local,1st Class,25,18,18,20,100.0
2024-03-14,Colombo Fort - Batticaloa,Slow/Local,2nd Class,150,117,180,115,65.0
2024-03-14,Colombo Fort - Batticaloa,Slow/Local,3rd Class,325,212,302,259,70.2
2024-03-14,Colombo Fort - Matara,Intercity,1st Class,37,30,44,27,68.18
2024-03-14,Colombo Fort - Matara,Intercity,2nd Class,225,181,270,164,67.04
2024-03-14,Colombo Fort - Matara,Intercity,3rd Class,487,398,435,373,91.49
2024-03-14,Colombo Fort - Puttalam,Slow/Local,1st Class,25,19,30,25,63.33
2024-03-14,Colombo Fort - Puttalam,Slow/Local,2nd Class,150,116,180,137,64.44
2024-03-14,Colombo Fort - Puttalam,Slow/Local,3rd Class,325,260,290,315,89.66
2024-03-14,Maradana - Avissawella,Express,1st Class,45,36,54,39,66.67
2024-03-14,Maradana - Avissawella,Express,2nd Class,270,217,324,210,66.98
2024-03-14,Maradana - Avissawella,Express,3rd Class,585,392,522,486,75.1
2024-03-14,Maradana - Avissawella,Intercity,1st Class,37,30,44,33,68.18
2024-03-14,Maradana - Avissawella,Intercity,2nd Class,225,179,270,200,66.3
2024-03-14,Maradana - Avissawella,Intercity,3rd Class,487,388,435,446,89.2
2024-03-15,Colombo Fort - Badulla,Intercity,1st Class,37,32,44,33,72.73
2024-03-15,Colombo Fort - Badulla,Intercity,2nd Class,225,193,270,207,71.48
2024-03-15,Colombo Fort - Badulla,Intercity,3rd Class,487,408,435,459,93.79
2024-03-15,Colombo Fort - Kandy,Express,1st Class,45,37,54,45,68.52
2024-03-15,Colombo Fort - Kandy,Express,2nd Class,270,242,324,270,74.69
2024-03-15,Colombo Fort - Kandy,Express,3rd Class,585,515,522,565,98.66
2024-03-15,Colombo Fort - Kurunegala,Express,1st Class,45,38,54,44,70.37
2024-03-15,Colombo Fort - Kurunegala,Express,2nd Class,270,241,324,270,74.38
2024-03-15,Colombo Fort - Kurunegala,Express,3rd Class,585,519,522,585,99.43
2024-03-15,Colombo Fort - Negombo,Intercity,1st Class,37,32,44,32,72.73
2024-03-15,Colombo Fort - Negombo,Intercity,2nd Class,225,193,270,187,71.48
2024-03-15,Colombo Fort - Negombo,Intercity,3rd Class,487,411,435,424,94.48
2024-03-15,Colombo Fort - Puttalam,Express,1st Class,45,39,54,42,72.22
2024-03-15,Colombo Fort - Puttalam,Express,2nd Class,270,225,324,270,69.44
2024-03-15,Colombo Fort - Puttalam,Express,3rd Class,585,506,522,565,96.93
2024-03-15,Colombo Fort - Vavuniya,Express,1st Class,45,39,54,45,72.22
2024-03-15,Colombo Fort - Vavuniya,Express,2nd Class,270,235,324,270,72.53
2024-03-15,Colombo Fort - Vavuniya,Express,3rd Class,585,516,522,585,98.85
2024-03-15,Colombo Fort - Vavuniya,Intercity,1st Class,37,32,44,37,72.73
2024-03-15,Colombo Fort - Vavuniya,Intercity,2nd Class,225,185,270,216,68.52
2024-03-15,Colombo Fort - Vavuniya,Intercity,3rd Class,487,418,435,482,96.09
2024-03-15,Kandy - Badulla,Intercity,1st Class,37,33,44,25,75.0
2024-03-15,Kandy - Badulla,Intercity,2nd Class,225,195,270,171,72.22
2024-03-15,Kandy - Badulla,Intercity,3rd Class,487,431,435,367,99.08
2024-03-16,Colombo Fort - Anuradhapura,Intercity,1st Class,37,32,44,37,72.73
2024-03-16,Colombo Fort - Anuradhapura,Intercity,2nd Class,225,197,270,225,72.96
2024-03-16,Colombo Fort - Anuradhapura,Intercity,3rd Class,487,433,435,487,99.54
2024-03-16,Colombo Fort - Batticaloa,Intercity,1st Class,37,32,44,37,72.73
2024-03-16,Colombo Fort - Batticaloa,Intercity,2nd Class,225,194,270,220,71.85
2024-03-16,Colombo Fort - Batticaloa,Intercity,3rd Class,487,414,435,467,95.17
2024-03-16,Colombo Fort - Jaffna,Express,1st Class,45,40,54,42,74.07
2024-03-16,Colombo Fort - Jaffna,Express,2nd Class,270,239,324,246,73.77
2024-03-16,Colombo Fort - Jaffna,Express,3rd Class,585,507,522,543,97.13
2024-03-16,Colombo Fort - Puttalam,Intercity,1st Class,37,33,44,30,75.0
2024-03-16,Colombo Fort - Puttalam,Intercity,2nd Class,225,197,270,203,72.96
2024-03-16,Colombo Fort - Puttalam,Intercity,3rd Class,487,433,435,442,99.54
2024-03-16,Colombo Fort - Puttalam,Night Mail,1st Class,32,29,38,32,76.32
2024-03-16,Colombo Fort - Puttalam,Night Mail,2nd Class,195,177,234,195,75.64
2024-03-16,Colombo Fort - Puttalam,Night Mail,3rd Class,422,373,377,422,98.94
2024-03-16,Colombo Fort - Trincomalee,Intercity,1st Class,37,31,44,36,70.45
2024-03-16,Colombo Fort - Trincomalee,Intercity,2nd Class,225,191,270,222,70.74
2024-03-16,Colombo Fort - Trincomalee,Intercity,3rd Class,487,403,435,481,92.64
2024-03-16,Maradana - Avissawella,Express,1st Class,45,38,54,45,70.37
2024-03-16,Maradana - Avissawella,Express,2nd Class,270,229,324,268,70.68
2024-03-16,Maradana - Avissawella,Express,3rd Class,585,477,522,585,91.38
2024-03-16,Maradana - Avissawella,Intercity,1st Class,37,33,33,37,100.0
2024-03-16,Maradana - Avissawella,Intercity,2nd Class,225,194,194,225,100.0
2024-03-16,Maradana - Avissawella,Intercity,3rd Class,487,437,522,464,83.72
2024-03-16,Maradana - Avissawella,Night Mail,1st Class,32,28,28,30,100.0
2024-03-16,Maradana - Avissawella,Night Mail,2nd Class,195,179,179,183,100.0
2024-03-16,Maradana - Avissawella,Night Mail,3rd Class,422,380,442,367,85.97
2024-03-17,Colombo Fort - Badulla,Intercity,1st Class,37,32,44,36,72.73
2024-03-17,Colombo Fort - Badulla,Intercity,2nd Class,225,186,270,215,68.89
2024-03-17,Colombo Fort - Badulla,Intercity,3rd Class,487,414,435,477,95.17
2024-03-17,Colombo Fort - Batticaloa,Night Mail,1st Class,32,29,29,32,100.0
2024-03-17,Colombo Fort - Batticaloa,Night Mail,2nd Class,195,173,173,183,100.0
2024-03-17,Colombo Fort - Batticaloa,Night Mail,3rd Class,422,379,447,401,84.79
2024-03-17,Colombo Fort - Batticaloa,Slow/Local,1st Class,25,21,30,23,70.0
2024-03-17,Colombo Fort - Batticaloa,Slow/Local,2nd Class,150,122,180,150,67.78
2024-03-17,Colombo Fort - Batticaloa,Slow/Local,3rd Class,325,275,290,325,94.83
2024-03-17,Colombo Fort - Galle,Slow/Local,1st Class,25,21,30,24,70.0
2024-03-17,Colombo Fort - Galle,Slow/Local,2nd Class,150,89,105,150,84.76
2024-03-17,Colombo Fort - Galle,Slow/Local,3rd Class,325,228,365,312,62.47
2024-03-17,Colombo Fort - Kandy,Express,1st Class,45,38,54,43,70.37
2024-03-17,Colombo Fort - Kandy,Express,2nd Class,270,231,324,248,71.3
2024-03-17,Colombo Fort - Kandy,Express,3rd Class,585,511,522,558,97.89
2024-03-17,Colombo Fort - Kurunegala,Intercity,1st Class,37,30,44,35,68.18
2024-03-17,Colombo Fort - Kurunegala,Intercity,2nd Class,225,172,270,212,63.7
2024-03-17,Colombo Fort - Kurunegala,Intercity,3rd Class,487,396,435,487,91.03
2024-03-17,Colombo Fort - Matara,Express,1st Class,45,39,54,35,72.22
2024-03-17,Colombo Fort - Matara,Express,2nd Class,270,229,324,218,70.68
2024-03-17,Colombo Fort - Matara,Express,3rd Class,585,513,522,476,98.28
2024-03-17,Colombo Fort - Puttalam,Slow/Local,1st Class,25,23,23,24,100.0
2024-03-17,Colombo Fort - Puttalam,Slow/Local,2nd Class,150,135,135,149,100.0
2024-03-17,Colombo Fort - Puttalam,Slow/Local,3rd Class,325,300,342,325,87.72
2024-03-17,Colombo Fort - Ratnapura,Express,1st Class,45,37,54,44,68.52
2024-03-17,Colombo Fort - Ratnapura,Express,2nd Class,270,238,324,270,73.46
2024-03-17,Colombo Fort - Ratnapura,Express,3rd Class,585,522,522,547,100.0
2024-03-17,Colombo Fort - Ratnapura,Slow/Local,1st Class,25,22,30,23,73.33
2024-03-17,Colombo Fort - Ratnapura,Slow/Local,2nd Class,150,124,180,140,68.89
2024-03-17,Colombo Fort - Ratnapura,Slow/Local,3rd Class,325,290,290,269,100.0
2024-03-17,Colombo Fort - Trincomalee,Night Mail,1st Class,32,29,38,29,76.32
2024-03-17,Colombo Fort - Trincomalee,Night Mail,2nd Class,195,167,234,193,71.37
2024-03-17,Colombo Fort - Trincomalee,Night Mail,3rd Class,422,357,377,419,94.69
2024-03-18,Colombo Fort - Anuradhapura,Intercity,1st Class,37,31,44,25,70.45
2024-03-18,Colombo Fort - Anuradhapura,Intercity,2nd Class,225,187,270,166,69.26
2024-03-18,Colombo Fort - Anuradhapura,Intercity,3rd Class,487,382,435,287,87.82
2024-03-18,Colombo Fort - Anuradhapura,Slow/Local,1st Class,25,19,30,20,63.33
2024-03-18,Colombo Fort - Anuradhapura,Slow/Local,2nd Class,150,113,180,111,62.78
2024-03-18,Colombo Fort - Anuradhapura,Slow/Local,3rd Class,325,254,290,254,87.59
2024-03-18,Colombo Fort - Badulla,Slow/Local,1st Class,25,19,30,24,63.33
2024-03-18,Colombo Fort - Badulla,Slow/Local,2nd Class,150,113,180,150,62.78
2024-03-18,Colombo Fort - Badulla,Slow/Local,3rd Class,325,254,290,318,87.59
2024-03-18,Colombo Fort - Jaffna,Express,1st Class,45,36,54,36,66.67
2024-03-18,Colombo Fort - Jaffna,Express,2nd Class,270,212,324,198,65.43
2024-03-18,Colombo Fort - Jaffna,Express,3rd Class,585,465,522,469,89.08
2024-03-18,Colombo Fort - Jaffna,Slow/Local,1st Class,25,18,18,23,100.0
2024-03-18,Colombo Fort - Jaffna,Slow/Local,2nd Class,150,116,180,133,64.44
2024-03-18,Colombo Fort - Jaffna,Slow/Local,3rd Class,325,261,302,309,86.42
2024-03-18,Colombo Fort - Kandy,Express,1st Class,45,36,54,32,66.67
2024-03-18,Colombo Fort - Kandy,Express,2nd Class,270,224,324,185,69.14
2024-03-18,Colombo Fort - Kandy,Express,3rd Class,585,486,522,418,93.1
2024-03-18,Colombo Fort - Kurunegala,Slow/Local,1st Class,25,19,30,25,63.33
2024-03-18,Colombo Fort - Kurunegala,Slow/Local,2nd Class,150,115,180,141,63.89
2024-03-18,Colombo Fort - Kurunegala,Slow/Local,3rd Class,325,252,290,312,86.9
2024-03-18,Colombo Fort - Puttalam,Express,1st Class,45,36,54,35,66.67
2024-03-18,Colombo Fort - Puttalam,Express,2nd Class,270,216,324,208,66.67
2024-03-18,Colombo Fort - Puttalam,Express,3rd Class,585,475,522,439,91.0
2024-03-18,Colombo Fort - Puttalam,Intercity,1st Class,37,31,44,31,70.45
2024-03-18,Colombo Fort - Puttalam,Intercity,2nd Class,225,181,270,195,67.04
2024-03-18,Colombo Fort - Puttalam,Intercity,3rd Class,487,390,435,376,89.66
2024-03-18,Colombo Fort - Trincomalee,Express,1st Class,45,37,54,35,68.52
2024-03-18,Colombo Fort - Trincomalee,Express,2nd Class,270,216,324,222,66.67
2024-03-18,Colombo Fort - Trincomalee,Express,3rd Class,585,480,522,451,91.95
2024-03-18,Kandy - Badulla,Night Mail,1st Class,32,26,38,23,68.42
2024-03-18,Kandy - Badulla,Night Mail,2nd Class,195,150,234,142,64.1
2024-03-18,Kandy - Badulla,Night Mail,3rd Class,422,347,377,297,92.04
2024-03-18,Maradana - Avissawella,Slow/Local,1st Class,25,19,30,23,63.33
2024-03-18,Maradana - Avissawella,Slow/Local,2nd Class,150,116,180,142,64.44
2024-03-18,Maradana - Avissawella,Slow/Local,3rd Class,325,259,290,312,89.31
2024-03-19,Colombo Fort - Anuradhapura,Slow/Local,1st Class,25,19,30,25,63.33
2024-03-19,Colombo Fort - Anuradhapura,Slow/Local,2nd Class,150,110,180,144,61.11
2024-03-19,Colombo Fort - Anuradhapura,Slow/Local,3rd Class,325,248,290,325,85.52
2024-03-19,Colombo Fort - Badulla,Intercity,1st Class,37,31,44,37,70.45
2024-03-19,Colombo Fort - Badulla,Intercity,2nd Class,225,182,270,213,67.41
2024-03-19,Colombo Fort - Badulla,Intercity,3rd Class,487,385,435,467,88.51
2024-03-19,Colombo Fort - Galle,Express,1st Class,45,36,54,43,66.67
2024-03-19,Colombo Fort - Galle,Express,2nd Class,270,213,324,256,65.74
2024-03-19,Colombo Fort - Galle,Express,3rd Class,585,464,522,555,88.89
2024-03-19,Colombo Fort - Kandy,Express,1st Class,45,36,54,32,66.67
2024-03-19,Colombo Fort - Kandy,Express,2nd Class,270,217,324,183,66.98
2024-03-19,Colombo Fort - Kandy,Express,3rd Class,585,485,522,451,92.91
2024-03-19,Colombo Fort - Kurunegala,Intercity,1st Class,37,31,44,37,70.45
2024-03-19,Colombo Fort - Kurunegala,Intercity,2nd Class,225,179,270,225,66.3
2024-03-19,Colombo Fort - Kurunegala,Intercity,3rd Class,487,365,435,487,83.91
2024-03-19,Colombo Fort - Matara,Slow/Local,1st Class,25,19,30,17,63.33
2024-03-19,Colombo Fort - Matara,Slow/Local,2nd Class,150,116,180,104,64.44
2024-03-19,Colombo Fort - Matara,Slow/Local,3rd Class,325,261,290,239,90.0
2024-03-19,Colombo Fort - Ratnapura,Slow/Local,1st Class,25,19,30,22,63.33
2024-03-19,Colombo Fort - Ratnapura,Slow/Local,2nd Class,150,118,180,123,65.56
2024-03-19,Colombo Fort - Ratnapura,Slow/Local,3rd Class,325,251,290,265,86.55
2024-03-19,Kandy - Badulla,Intercity,1st Class,37,30,44,31,68.18
2024-03-19,Kandy - Badulla,Intercity,2nd Class,225,178,270,200,65.93
2024-03-19,Kandy - Badulla,Intercity,3rd Class,487,389,435,419,89.43
2024-03-19,Kandy - Badulla,Slow/Local,1st Class,25,19,30,24,63.33
2024-03-19,Kandy - Badulla,Slow/Local,2nd Class,150,115,180,149,63.89
2024-03-19,Kandy - Badulla,Slow/Local,3rd Class,325,249,290,297,85.86
2024-03-20,Colombo Fort - Badulla,Night Mail,1st Class,32,26,38,29,68.42
2024-03-20,Colombo Fort - Badulla,Night Mail,2nd Class,195,161,234,176,68.8
2024-03-20,Colombo Fort - Badulla,Night Mail,3rd Class,422,347,377,388,92.04
2024-03-20,Colombo Fort - Badulla,Slow/Local,1st Class,25,19,30,21,63.33
2024-03-20,Colombo Fort - Badulla,Slow/Local,2nd Class,150,118,180,117,65.56
2024-03-20,Colombo Fort - Badulla,Slow/Local,3rd Class,325,256,290,247,88.28
2024-03-20,Colombo Fort - Batticaloa,Express,1st Class,45,35,54,45,64.81
2024-03-20,Colombo Fort - Batticaloa,Express,2nd Class,270,212,324,270,65.43
2024-03-20,Colombo Fort - Batticaloa,Express,3rd Class,585,393,522,585,75.29
2024-03-20,Colombo Fort - Galle,Slow/Local,1st Class,25,19,30,19,63.33
2024-03-20,Colombo Fort - Galle,Slow/Local,2nd Class,150,117,180,112,65.0
2024-03-20,Colombo Fort - Galle,Slow/Local,3rd Class,325,259,290,215,89.31
2024-03-20,Colombo Fort - Jaffna,Express,1st Class,45,36,54,40,66.67
2024-03-20,Colombo Fort - Jaffna,Express,2nd Class,270,211,324,245,65.12
2024-03-20,Colombo Fort - Jaffna,Express,3rd Class,585,488,522,502,93.49
2024-03-20,Colombo Fort - Puttalam,Express,1st Class,45,35,54,42,64.81
2024-03-20,Colombo Fort - Puttalam,Express,2nd Class,270,216,324,238,66.67
2024-03-20,Colombo Fort - Puttalam,Express,3rd Class,585,470,522,516,90.04
2024-03-20,Colombo Fort - Puttalam,Intercity,1st Class,37,31,44,37,70.45
2024-03-20,Colombo Fort - Puttalam,Intercity,2nd Class,225,181,270,225,67.04
2024-03-20,Colombo Fort - Puttalam,Intercity,3rd Class,487,381,435,487,87.59
2024-03-20,Colombo Fort - Trincomalee,Intercity,1st Class,37,31,44,24,70.45
2024-03-20,Colombo Fort - Trincomalee,Intercity,2nd Class,225,193,270,158,71.48
2024-03-20,Colombo Fort - Trincomalee,Intercity,3rd Class,487,385,435,318,88.51
2024-03-20,Kandy - Badulla,Express,1st Class,45,37,54,34,68.52
2024-03-20,Kandy - Badulla,Express,2nd Class,270,216,324,201,66.67
2024-03-20,Kandy - Badulla,Express,3rd Class,585,478,522,472,91.57
2024-03-20,Maradana - Avissawella,Night Mail,1st Class,32,24,38,31,63.16
2024-03-20,Maradana - Avissawella,Night Mail,2nd Class,195,161,234,193,68.8
2024-03-20,Maradana - Avissawella,Night Mail,3rd Class,422,305,377,415,80.9
2024-03-21,Colombo Fort - Anuradhapura,Intercity,1st Class,37,31,44,31,70.45
2024-03-21,Colombo Fort - Anuradhapura,Intercity,2nd Class,225,181,270,176,67.04
2024-03-21,Colombo Fort - Anuradhapura,Intercity,3rd Class,487,357,435,378,82.07
2024-03-21,Colombo Fort - Batticaloa,Intercity,1st Class,37,31,44,37,70.45
2024-03-21,Colombo Fort - Batticaloa,Intercity,2nd Class,225,178,270,203,65.93
2024-03-21,Colombo Fort - Batticaloa,Intercity,3rd Class,487,390,435,465,89.66
2024-03-21,Colombo Fort - Kandy,Slow/Local,1st Class,25,19,30,21,63.33
2024-03-21,Colombo Fort - Kandy,Slow/Local,2nd Class,150,117,180,121,65.0
2024-03-21,Colombo Fort - Kandy,Slow/Local,3rd Class,325,269,290,269,92.76
2024-03-21,Colombo Fort - Matara,Slow/Local,1st Class,25,19,30,25,63.33
2024-03-21,Colombo Fort - Matara,Slow/Local,2nd Class,150,117,180,134,65.0
2024-03-21,Colombo Fort - Matara,Slow/Local,3rd Class,325,260,290,322,89.66
2024-03-21,Colombo Fort - Puttalam,Express,1st Class,45,38,54,36,70.37
2024-03-21,Colombo Fort - Puttalam,Express,2nd Class,270,222,324,198,68.52
2024-03-21,Colombo Fort - Puttalam,Express,3rd Class,585,476,522,487,91.19
2024-03-21,Colombo Fort - Trincomalee,Express,1st Class,45,37,54,33,68.52
2024-03-21,Colombo Fort - Trincomalee,Express,2nd Class,270,217,324,193,66.98
2024-03-21,Colombo Fort - Trincomalee,Express,3rd Class,585,472,522,400,90.42
2024-03-22,Colombo Fort - Anuradhapura,Slow/Local,1st Class,25,23,23,21,100.0
2024-03-22,Colombo Fort - Anuradhapura,Slow/Local,2nd Class,150,138,138,115,100.0
2024-03-22,Colombo Fort - Anuradhapura,Slow/Local,3rd Class,325,306,339,257,90.27
2024-03-22,Colombo Fort - Jaffna,Slow/Local,1st Class,25,22,22,25,100.0
2024-03-22,Colombo Fort - Jaffna,Slow/Local,2nd Class,150,131,131,150,100.0
2024-03-22,Colombo Fort - Jaffna,Slow/Local,3rd Class,325,298,347,299,85.88
2024-03-22,Colombo Fort - Kandy,Intercity,1st Class,37,33,44,29,75.0
2024-03-22,Colombo Fort - Kandy,Intercity,2nd Class,225,195,270,158,72.22
2024-03-22,Colombo Fort - Kandy,Intercity,3rd Class,487,434,435,365,99.77
2024-03-22,Colombo Fort - Kandy,Slow/Local,1st Class,25,22,30,25,73.33
2024-03-22,Colombo Fort - Kandy,Slow/Local,2nd Class,150,129,180,146,71.67
2024-03-22,Colombo Fort - Kandy,Slow/Local,3rd Class,325,275,290,323,94.83
2024-03-22,Colombo Fort - Negombo,Intercity,1st Class,37,32,32,16,100.0
2024-03-22,Colombo Fort - Negombo,Intercity,2nd Class,225,197,197,93,100.0
2024-03-22,Colombo Fort - Negombo,Intercity,3rd Class,487,443,520,211,85.19
2024-03-22,Colombo Fort - Puttalam,Intercity,1st Class,37,33,33,35,100.0
2024-03-22,Colombo Fort - Puttalam,Intercity,2nd Class,225,202,202,209,100.0
2024-03-22,Colombo Fort - Puttalam,Intercity,3rd Class,487,439,514,487,85.41
2024-03-22,Colombo Fort - Vavuniya,Slow/Local,1st Class,25,22,22,18,100.0
2024-03-22,Colombo Fort - Vavuniya,Slow/Local,2nd Class,150,137,137,103,100.0
2024-03-22,Colombo Fort - Vavuniya,Slow/Local,3rd Class,325,293,341,226,85.92
2024-03-22,Maradana - Avissawella,Express,1st Class,45,38,54,31,70.37
2024-03-22,Maradana - Avissawella,Express,2nd Class,270,234,324,181,72.22
2024-03-22,Maradana - Avissawella,Express,3rd Class,585,478,522,392,91.57
2024-03-23,Colombo Fort - Badulla,Express,1st Class,45,39,39,45,100.0
2024-03-23,Colombo Fort - Badulla,Express,2nd Class,270,241,241,256,100.0
2024-03-23,Colombo Fort - Badulla,Express,3rd Class,585,530,620,575,85.48
2024-03-23,Colombo Fort - Kandy,Express,1st Class,45,39,54,34,72.22
2024-03-23,Colombo Fort - Kandy,Express,2nd Class,270,241,324,192,74.38
2024-03-23,Colombo Fort - Kandy,Express,3rd Class,585,521,522,445,99.81
2024-03-23,Colombo Fort - Kurunegala,Intercity,1st Class,37,33,33,23,100.0
2024-03-23,Colombo Fort - Kurunegala,Intercity,2nd Class,225,200,200,156,100.0
2024-03-23,Colombo Fort - Kurunegala,Intercity,3rd Class,487,440,516,310,85.27
2024-03-23,Colombo Fort - Kurunegala,Slow/Local,1st Class,25,22,22,25,100.0
2024-03-23,Colombo Fort - Kurunegala,Slow/Local,2nd Class,150,136,136,136,100.0
2024-03-23,Colombo Fort - Kurunegala,Slow/Local,3rd Class,325,301,342,312,88.01
2024-03-23,Colombo Fort - Negombo,Intercity,1st Class,37,32,44,26,72.73
2024-03-23,Colombo Fort - Negombo,Intercity,2nd Class,225,184,270,152,68.15
2024-03-23,Colombo Fort - Negombo,Intercity,3rd Class,487,378,435,375,86.9
2024-03-23,Colombo Fort - Negombo,Slow/Local,1st Class,25,20,30,25,66.67
2024-03-23,Colombo Fort - Negombo,Slow/Local,2nd Class,150,125,180,150,69.44
2024-03-23,Colombo Fort - Negombo,Slow/Local,3rd Class,325,250,290,325,86.21
2024-03-23,Colombo Fort - Puttalam,Slow/Local,1st Class,25,23,23,24,100.0
2024-03-23,Colombo Fort - Puttalam,Slow/Local,2nd Class,150,137,137,150,100.0
2024-03-23,Colombo Fort - Puttalam,Slow/Local,3rd Class,325,305,340,312,89.71
2024-03-23,Colombo Fort - Vavuniya,Intercity,1st Class,37,33,33,36,100.0
2024-03-23,Colombo Fort - Vavuniya,Intercity,2nd Class,225,199,199,217,100.0
2024-03-23,Colombo Fort - Vavuniya,Intercity,3rd Class,487,444,517,448,85.88
2024-03-24,Colombo Fort - Anuradhapura,Express,1st Class,45,39,39,37,100.0
2024-03-24,Colombo Fort - Anuradhapura,Express,2nd Class,270,237,237,243,100.0
2024-03-24,Colombo Fort - Anuradhapura,Express,3rd Class,585,525,624,477,84.13
2024-03-24,Colombo Fort - Matara,Night Mail,1st Class,32,28,38,32,73.68
2024-03-24,Colombo Fort - Matara,Night Mail,2nd Class,195,173,234,193,73.93
2024-03-24,Colombo Fort - Matara,Night Mail,3rd Class,422,370,377,419,98.14
2024-03-24,Colombo Fort - Ratnapura,Intercity,1st Class,37,33,44,27,75.0
2024-03-24,Colombo Fort - Ratnapura,Intercity,2nd Class,225,194,270,156,71.85
2024-03-24,Colombo Fort - Ratnapura,Intercity,3rd Class,487,410,435,330,94.25
2024-03-24,Colombo Fort - Vavuniya,Intercity,1st Class,37,33,33,33,100.0
2024-03-24,Colombo Fort - Vavuniya,Intercity,2nd Class,225,196,196,198,100.0
2024-03-24,Colombo Fort - Vavuniya,Intercity,3rd Class,487,447,520,429,85.96
2024-03-25,Colombo Fort - Anuradhapura,Intercity,1st Class,37,32,44,30,72.73
2024-03-25,Colombo Fort - Anuradhapura,Intercity,2nd Class,225,190,270,176,70.37
2024-03-25,Colombo Fort - Anuradhapura,Intercity,3rd Class,487,415,435,397,95.4
2024-03-25,Colombo Fort - Batticaloa,Slow/Local,1st Class,25,18,18,18,100.0
2024-03-25,Colombo Fort - Batticaloa,Slow/Local,2nd Class,150,117,180,104,65.0
2024-03-25,Colombo Fort - Batticaloa,Slow/Local,3rd Class,325,248,302,253,82.12
2024-03-25,Colombo Fort - Galle,Slow/Local,1st Class,25,19,30,24,63.33
2024-03-25,Colombo Fort - Galle,Slow/Local,2nd Class,150,116,180,150,64.44
2024-03-25,Colombo Fort - Galle,Slow/Local,3rd Class,325,258,290,320,88.97
2024-03-25,Colombo Fort - Kandy,Express,1st Class,45,40,54,45,74.07
2024-03-25,Colombo Fort - Kandy,Express,2nd Class,270,215,324,267,66.36
2024-03-25,Colombo Fort - Kandy,Express,3rd Class,585,510,522,585,97.7
2024-03-25,Colombo Fort - Kurunegala,Slow/Local,1st Class,25,20,30,22,66.67
2024-03-25,Colombo Fort - Kurunegala,Slow/Local,2nd Class,150,115,180,140,63.89
2024-03-25,Colombo Fort - Kurunegala,Slow/Local,3rd Class,325,255,290,253,87.93
2024-03-25,Colombo Fort - Negombo,Slow/Local,1st Class,25,19,30,22,63.33
2024-03-25,Colombo Fort - Negombo,Slow/Local,2nd Class,150,117,180,143,65.0
2024-03-25,Colombo Fort - Negombo,Slow/Local,3rd Class,325,249,290,306,85.86
2024-03-25,Colombo Fort - Puttalam,Slow/Local,1st Class,25,20,30,25,66.67
2024-03-25,Colombo Fort - Puttalam,Slow/Local,2nd Class,150,117,180,147,65.0
2024-03-25,Colombo Fort - Puttalam,Slow/Local,3rd Class,325,272,290,322,93.79
2024-03-25,Colombo Fort - Ratnapura,Slow/Local,1st Class,25,19,30,16,63.33
2024-03-25,Colombo Fort - Ratnapura,Slow/Local,2nd Class,150,120,180,111,66.67
2024-03-25,Colombo Fort - Ratnapura,Slow/Local,3rd Class,325,258,290,248,88.97
2024-03-25,Colombo Fort - Trincomalee,Intercity,1st Class,37,33,44,37,75.0
2024-03-25,Colombo Fort - Trincomalee,Intercity,2nd Class,225,189,270,213,70.0
2024-03-25,Colombo Fort - Trincomalee,Intercity,3rd Class,487,433,435,487,99.54
2024-03-25,Colombo Fort - Trincomalee,Slow/Local,1st Class,25,18,18,18,100.0
2024-03-25,Colombo Fort - Trincomalee,Slow/Local,2nd Class,150,114,180,118,63.33
2024-03-25,Colombo Fort - Trincomalee,Slow/Local,3rd Class,325,246,302,263,81.46
2024-03-25,Colombo Fort - Vavuniya,Express,1st Class,45,41,54,40,75.93
2024-03-25,Colombo Fort - Vavuniya,Express,2nd Class,270,233,324,241,71.91
2024-03-25,Colombo Fort - Vavuniya,Express,3rd Class,585,512,522,531,98.08
2024-03-25,Maradana - Avissawella,Express,1st Class,45,39,54,45,72.22
2024-03-25,Maradana - Avissawella,Express,2nd Class,270,209,324,270,64.51
2024-03-25,Maradana - Avissawella,Express,3rd Class,585,462,522,580,88.51
2024-03-26,Colombo Fort - Anuradhapura,Express,1st Class,45,40,54,45,74.07
2024-03-26,Colombo Fort - Anuradhapura,Express,2nd Class,270,216,324,247,66.67
2024-03-26,Colombo Fort - Anuradhapura,Express,3rd Class,585,502,522,533,96.17
2024-03-26,Colombo Fort - Batticaloa,Express,1st Class,45,39,54,44,72.22
2024-03-26,Colombo Fort - Batticaloa,Express,2nd Class,270,214,324,270,66.05
2024-03-26,Colombo Fort - Batticaloa,Express,3rd Class,585,450,522,585,86.21
2024-03-26,Colombo Fort - Kandy,Slow/Local,1st Class,25,19,30,18,63.33
2024-03-26,Colombo Fort - Kandy,Slow/Local,2nd Class,150,116,180,98,64.44
2024-03-26,Colombo Fort - Kandy,Slow/Local,3rd Class,325,254,290,216,87.59
2024-03-26,Colombo Fort - Kurunegala,Intercity,1st Class,37,32,44,26,72.73
2024-03-26,Colombo Fort - Kurunegala,Intercity,2nd Class,225,178,270,160,65.93
2024-03-26,Colombo Fort - Kurunegala,Intercity,3rd Class,487,390,435,349,89.66
2024-03-26,Colombo Fort - Kurunegala,Slow/Local,1st Class,25,19,30,25,63.33
2024-03-26,Colombo Fort - Kurunegala,Slow/Local,2nd Class,150,115,180,148,63.89
2024-03-26,Colombo Fort - Kurunegala,Slow/Local,3rd Class,325,254,290,325,87.59
2024-03-26,Colombo Fort - Matara,Express,1st Class,45,39,54,22,72.22
2024-03-26,Colombo Fort - Matara,Express,2nd Class,270,211,324,126,65.12
2024-03-26,Colombo Fort - Matara,Express,3rd Class,585,500,522,241,95.79
2024-03-26,Colombo Fort - Ratnapura,Express,1st Class,45,41,54,45,75.93
2024-03-26,Colombo Fort - Ratnapura,Express,2nd Class,270,224,324,270,69.14
2024-03-26,Colombo Fort - Ratnapura,Express,3rd Class,585,514,522,583,98.47
2024-03-26,Maradana - Avissawella,Intercity,1st Class,37,33,33,33,100.0
2024-03-26,Maradana - Avissawella,Intercity,2nd Class,225,193,193,201,100.0
2024-03-26,Maradana - Avissawella,Intercity,3rd Class,487,438,523,430,83.75
2024-03-26,Maradana - Avissawella,Slow/Local,1st Class,25,19,30,25,63.33
2024-03-26,Maradana - Avissawella,Slow/Local,2nd Class,150,118,180,148,65.56
2024-03-26,Maradana - Avissawella,Slow/Local,3rd Class,325,256,290,291,88.28
2024-03-27,Colombo Fort - Badulla,Slow/Local,1st Class,25,19,30,20,63.33
2024-03-27,Colombo Fort - Badulla,Slow/Local,2nd Class,150,116,180,130,64.44
2024-03-27,Colombo Fort - Badulla,Slow/Local,3rd Class,325,257,290,276,88.62
2024-03-27,Colombo Fort - Batticaloa,Intercity,1st Class,37,32,32,34,100.0
2024-03-27,Colombo Fort - Batticaloa,Intercity,2nd Class,225,189,189,194,100.0
2024-03-27,Colombo Fort - Batticaloa,Intercity,3rd Class,487,439,528,415,83.14
2024-03-27,Colombo Fort - Jaffna,Intercity,1st Class,37,33,44,37,75.0
2024-03-27,Colombo Fort - Jaffna,Intercity,2nd Class,225,193,270,225,71.48
2024-03-27,Colombo Fort - Jaffna,Intercity,3rd Class,487,427,435,487,98.16
2024-03-27,Colombo Fort - Kandy,Express,1st Class,45,40,54,45,74.07
2024-03-27,Colombo Fort - Kandy,Express,2nd Class,270,220,324,270,67.9
2024-03-27,Colombo Fort - Kandy,Express,3rd Class,585,504,522,575,96.55
2024-03-27,Colombo Fort - Kandy,Slow/Local,1st Class,25,19,30,23,63.33
2024-03-27,Colombo Fort - Kandy,Slow/Local,2nd Class,150,115,180,150,63.89
2024-03-27,Colombo Fort - Kandy,Slow/Local,3rd Class,325,256,290,316,88.28
2024-03-27,Colombo Fort - Kurunegala,Slow/Local,1st Class,25,20,30,20,66.67
2024-03-27,Colombo Fort - Kurunegala,Slow/Local,2nd Class,150,116,180,113,64.44
2024-03-27,Colombo Fort - Kurunegala,Slow/Local,3rd Class,325,258,290,271,88.97
2024-03-27,Colombo Fort - Negombo,Slow/Local,1st Class,25,19,30,25,63.33
2024-03-27,Colombo Fort - Negombo,Slow/Local,2nd Class,150,115,180,146,63.89
2024-03-27,Colombo Fort - Negombo,Slow/Local,3rd Class,325,259,290,325,89.31
2024-03-27,Colombo Fort - Puttalam,Slow/Local,1st Class,25,21,30,21,70.0
2024-03-27,Colombo Fort - Puttalam,Slow/Local,2nd Class,150,116,180,111,64.44
2024-03-27,Colombo Fort - Puttalam,Slow/Local,3rd Class,325,268,290,240,92.41
2024-03-27,Colombo Fort - Trincomalee,Slow/Local,1st Class,25,18,18,24,100.0
2024-03-27,Colombo Fort - Trincomalee,Slow/Local,2nd Class,150,116,180,149,64.44
2024-03-27,Colombo Fort - Trincomalee,Slow/Local,3rd Class,325,257,302,325,85.1
2024-03-27,Colombo Fort - Vavuniya,Express,1st Class,45,41,54,44,75.93
2024-03-27,Colombo Fort - Vavuniya,Express,2nd Class,270,231,324,270,71.3
2024-03-27,Colombo Fort - Vavuniya,Express,3rd Class,585,515,522,579,98.66
2024-03-28,Colombo Fort - Batticaloa,Slow/Local,1st Class,25,18,18,25,100.0
2024-03-28,Colombo Fort - Batticaloa,Slow/Local,2nd Class,150,115,180,135,63.89
2024-03-28,Colombo Fort - Batticaloa,Slow/Local,3rd Class,325,258,302,292,85.43
2024-03-28,Colombo Fort - Galle,Intercity,1st Class,37,30,44,34,68.18
2024-03-28,Colombo Fort - Galle,Intercity,2nd Class,225,149,158,225,94.3
2024-03-28,Colombo Fort - Galle,Intercity,3rd Class,487,347,547,465,63.44
2024-03-28,Colombo Fort - Kandy,Intercity,1st Class,37,32,44,31,72.73
2024-03-28,Colombo Fort - Kandy,Intercity,2nd Class,225,182,270,179,67.41
2024-03-28,Colombo Fort - Kandy,Intercity,3rd Class,487,416,435,409,95.63
2024-03-28,Colombo Fort - Negombo,Slow/Local,1st Class,25,19,30,25,63.33
2024-03-28,Colombo Fort - Negombo,Slow/Local,2nd Class,150,116,180,139,64.44
2024-03-28,Colombo Fort - Negombo,Slow/Local,3rd Class,325,260,290,312,89.66
2024-03-28,Colombo Fort - Trincomalee,Night Mail,1st Class,32,28,38,22,73.68
2024-03-28,Colombo Fort - Trincomalee,Night Mail,2nd Class,195,168,234,134,71.79
2024-03-28,Colombo Fort - Trincomalee,Night Mail,3rd Class,422,365,377,322,96.82
2024-03-28,Colombo Fort - Vavuniya,Express,1st Class,45,41,54,33,75.93
2024-03-28,Colombo Fort - Vavuniya,Express,2nd Class,270,236,324,171,72.84
2024-03-28,Colombo Fort - Vavuniya,Express,3rd Class,585,501,522,431,95.98
2024-03-28,Colombo Fort - Vavuniya,Night Mail,1st Class,32,28,38,29,73.68
2024-03-28,Colombo Fort - Vavuniya,Night Mail,2nd Class,195,169,234,161,72.22
2024-03-28,Colombo Fort - Vavuniya,Night Mail,3rd Class,422,347,377,373,92.04
2024-03-28,Kandy - Badulla,Slow/Local,1st Class,25,18,18,25,100.0
2024-03-28,Kandy - Badulla,Slow/Local,2nd Class,150,115,180,147,63.89
2024-03-28,Kandy - Badulla,Slow/Local,3rd Class,325,243,302,325,80.46
2024-03-29,Colombo Fort - Anuradhapura,Intercity,1st Class,37,33,44,30,75.0
2024-03-29,Colombo Fort - Anuradhapura,Intercity,2nd Class,225,199,270,215,73.7
2024-03-29,Colombo Fort - Anuradhapura,Intercity,3rd Class,487,435,435,470,100.0
2024-03-29,Colombo Fort - Galle,Night Mail,1st Class,32,28,38,26,73.68
2024-03-29,Colombo Fort - Galle,Night Mail,2nd Class,195,177,234,177,75.64
2024-03-29,Colombo Fort - Galle,Night Mail,3rd Class,422,366,377,356,97.08
2024-03-29,Colombo Fort - Kandy,Express,1st Class,45,40,40,30,100.0
2024-03-29,Colombo Fort - Kandy,Express,2nd Class,270,241,241,194,100.0
2024-03-29,Colombo Fort - Kandy,Express,3rd Class,585,540,619,449,87.24
2024-03-29,Colombo Fort - Kurunegala,Intercity,1st Class,37,31,44,37,70.45
2024-03-29,Colombo Fort - Kurunegala,Intercity,2nd Class,225,192,270,225,71.11
2024-03-29,Colombo Fort - Kurunegala,Intercity,3rd Class,487,420,435,475,96.55
2024-03-29,Colombo Fort - Matara,Express,1st Class,45,38,54,39,70.37
2024-03-29,Colombo Fort - Matara,Express,2nd Class,270,202,324,238,62.35
2024-03-29,Colombo Fort - Matara,Express,3rd Class,585,429,522,457,82.18
2024-03-29,Colombo Fort - Negombo,Express,1st Class,45,38,38,36,100.0
2024-03-29,Colombo Fort - Negombo,Express,2nd Class,270,241,241,229,100.0
2024-03-29,Colombo Fort - Negombo,Express,3rd Class,585,525,621,493,84.54
2024-03-29,Colombo Fort - Puttalam,Intercity,1st Class,37,33,33,32,100.0
2024-03-29,Colombo Fort - Puttalam,Intercity,2nd Class,225,208,208,196,100.0
2024-03-29,Colombo Fort - Puttalam,Intercity,3rd Class,487,436,508,411,85.83
2024-03-29,Colombo Fort - Trincomalee,Slow/Local,1st Class,25,21,21,25,100.0
2024-03-29,Colombo Fort - Trincomalee,Slow/Local,2nd Class,150,132,132,147,100.0
2024-03-29,Colombo Fort - Trincomalee,Slow/Local,3rd Class,325,291,347,314,83.86
2024-03-29,Colombo Fort - Vavuniya,Slow/Local,1st Class,25,22,22,25,100.0
2024-03-29,Colombo Fort - Vavuniya,Slow/Local,2nd Class,150,134,134,145,100.0
2024-03-29,Colombo Fort - Vavuniya,Slow/Local,3rd Class,325,298,344,315,86.63
2024-03-29,Kandy - Badulla,Intercity,1st Class,37,32,44,36,72.73
2024-03-29,Kandy - Badulla,Intercity,2nd Class,225,195,270,225,72.22
2024-03-29,Kandy - Badulla,Intercity,3rd Class,487,427,435,470,98.16
2024-03-30,Colombo Fort - Anuradhapura,Intercity,1st Class,37,33,33,37,100.0
2024-03-30,Colombo Fort - Anuradhapura,Intercity,2nd Class,225,203,203,225,100.0
2024-03-30,Colombo Fort - Anuradhapura,Intercity,3rd Class,487,438,513,471,85.38
2024-03-30,Colombo Fort - Batticaloa,Slow/Local,1st Class,25,23,23,20,100.0
2024-03-30,Colombo Fort - Batticaloa,Slow/Local,2nd Class,150,137,137,124,100.0
2024-03-30,Colombo Fort - Batticaloa,Slow/Local,3rd Class,325,301,340,282,88.53
2024-03-30,Colombo Fort - Galle,Express,1st Class,45,40,40,45,100.0
2024-03-30,Colombo Fort - Galle,Express,2nd Class,270,246,246,270,100.0
2024-03-30,Colombo Fort - Galle,Express,3rd Class,585,528,614,585,85.99
2024-03-30,Colombo Fort - Jaffna,Intercity,1st Class,37,33,44,27,75.0
2024-03-30,Colombo Fort - Jaffna,Intercity,2nd Class,225,201,270,173,74.44
2024-03-30,Colombo Fort - Jaffna,Intercity,3rd Class,487,423,435,352,97.24
2024-03-30,Colombo Fort - Kurunegala,Intercity,1st Class,37,33,33,37,100.0
2024-03-30,Colombo Fort - Kurunegala,Intercity,2nd Class,225,204,204,223,100.0
2024-03-30,Colombo Fort - Kurunegala,Intercity,3rd Class,487,437,512,477,85.35
2024-03-30,Colombo Fort - Matara,Intercity,1st Class,37,32,44,31,72.73
2024-03-30,Colombo Fort - Matara,Intercity,2nd Class,225,199,270,181,73.7
2024-03-30,Colombo Fort - Matara,Intercity,3rd Class,487,420,435,416,96.55
2024-03-30,Colombo Fort - Matara,Night Mail,1st Class,32,29,29,29,100.0
2024-03-30,Colombo Fort - Matara,Night Mail,2nd Class,195,176,176,187,100.0
2024-03-30,Colombo Fort - Matara,Night Mail,3rd Class,422,378,444,401,85.14
2024-03-30,Colombo Fort - Puttalam,Intercity,1st Class,37,32,44,36,72.73
2024-03-30,Colombo Fort - Puttalam,Intercity,2nd Class,225,204,270,214,75.56
2024-03-30,Colombo Fort - Puttalam,Intercity,3rd Class,487,432,435,472,99.31
2024-03-30,Colombo Fort - Vavuniya,Intercity,1st Class,37,33,33,29,100.0
2024-03-30,Colombo Fort - Vavuniya,Intercity,2nd Class,225,198,198,202,100.0
2024-03-30,Colombo Fort - Vavuniya,Intercity,3rd Class,487,441,518,413,85.14
2024-03-30,Kandy - Badulla,Slow/Local,1st Class,25,23,23,23,100.0
2024-03-30,Kandy - Badulla,Slow/Local,2nd Class,150,136,136,125,100.0
2024-03-30,Kandy - Badulla,Slow/Local,3rd Class,325,297,341,275,87.1
2024-03-31,Colombo Fort - Anuradhapura,Slow/Local,1st Class,25,23,30,25,76.67
2024-03-31,Colombo Fort - Anuradhapura,Slow/Local,2nd Class,150,134,180,150,74.44
2024-03-31,Colombo Fort - Anuradhapura,Slow/Local,3rd Class,325,287,290,317,98.97
2024-03-31,Colombo Fort - Badulla,Express,1st Class,45,38,38,44,100.0
2024-03-31,Colombo Fort - Badulla,Express,2nd Class,270,240,240,270,100.0
2024-03-31,Colombo Fort - Badulla,Express,3rd Class,585,535,622,585,86.01
2024-03-31,Colombo Fort - Kurunegala,Slow/Local,1st Class,25,23,30,25,76.67
2024-03-31,Colombo Fort - Kurunegala,Slow/Local,2nd Class,150,134,180,150,74.44
2024-03-31,Colombo Fort - Kurunegala,Slow/Local,3rd Class,325,288,290,325,99.31
2024-03-31,Colombo Fort - Matara,Night Mail,1st Class,32,29,29,32,100.0
2024-03-31,Colombo Fort - Matara,Night Mail,2nd Class,195,176,176,193,100.0
2024-03-31,Colombo Fort - Matara,Night Mail,3rd Class,422,388,444,422,87.39
2024-03-31,Colombo Fort - Matara,Slow/Local,1st Class,25,23,23,25,100.0
2024-03-31,Colombo Fort - Matara,Slow/Local,2nd Class,150,135,135,150,100.0
2024-03-31,Colombo Fort - Matara,Slow/Local,3rd Class,325,291,342,325,85.09
2024-03-31,Colombo Fort - Negombo,Intercity,1st Class,37,31,44,37,70.45
2024-03-31,Colombo Fort - Negombo,Intercity,2nd Class,225,192,270,225,71.11
2024-03-31,Colombo Fort - Negombo,Intercity,3rd Class,487,427,435,472,98.16
2024-03-31,Colombo Fort - Puttalam,Slow/Local,1st Class,25,23,23,25,100.0
2024-03-31,Colombo Fort - Puttalam,Slow/Local,2nd Class,150,135,135,150,100.0
2024-03-31,Colombo Fort - Puttalam,Slow/Local,3rd Class,325,291,342,325,85.09
2024-03-31,Colombo Fort - Ratnapura,Intercity,1st Class,37,31,44,33,70.45
2024-03-31,Colombo Fort - Ratnapura,Intercity,2nd Class,225,189,270,206,70.0
2024-03-31,Colombo Fort - Ratnapura,Intercity,3rd Class,487,406,435,435,93.33
2024-03-31,Colombo Fort - Trincomalee,Slow/Local,1st Class,25,22,22,24,100.0
2024-03-31,Colombo Fort - Trincomalee,Slow/Local,2nd Class,150,135,135,131,100.0
2024-03-31,Colombo Fort - Trincomalee,Slow/Local,3rd Class,325,291,343,305,84.84
2024-04-01,Colombo Fort - Anuradhapura,Slow/Local,1st Class,25,23,23,25,100.0
2024-04-01,Colombo Fort - Anuradhapura,Slow/Local,2nd Class,150,140,140,150,100.0
2024-04-01,Colombo Fort - Anuradhapura,Slow/Local,3rd Class,325,296,337,325,87.83
2024-04-01,Colombo Fort - Jaffna,Express,1st Class,45,41,54,45,75.93
2024-04-01,Colombo Fort - Jaffna,Express,2nd Class,270,222,324,264,68.52
2024-04-01,Colombo Fort - Jaffna,Express,3rd Class,585,494,522,539,94.64
2024-04-01,Colombo Fort - Jaffna,Slow/Local,1st Class,25,22,30,25,73.33
2024-04-01,Colombo Fort - Jaffna,Slow/Local,2nd Class,150,129,180,148,71.67
2024-04-01,Colombo Fort - Jaffna,Slow/Local,3rd Class,325,261,290,302,90.0
2024-04-01,Colombo Fort - Kurunegala,Slow/Local,1st Class,25,23,23,24,100.0
2024-04-01,Colombo Fort - Kurunegala,Slow/Local,2nd Class,150,142,142,145,100.0
2024-04-01,Colombo Fort - Kurunegala,Slow/Local,3rd Class,325,292,335,293,87.16
2024-04-01,Colombo Fort - Puttalam,Intercity,1st Class,37,33,33,35,100.0
2024-04-01,Colombo Fort - Puttalam,Intercity,2nd Class,225,204,204,223,100.0
2024-04-01,Colombo Fort - Puttalam,Intercity,3rd Class,487,443,512,487,86.52
2024-04-01,Colombo Fort - Trincomalee,Intercity,1st Class,37,33,33,36,100.0
2024-04-01,Colombo Fort - Trincomalee,Intercity,2nd Class,225,206,206,219,100.0
2024-04-01,Colombo Fort - Trincomalee,Intercity,3rd Class,487,446,510,487,87.45
2024-04-01,Colombo Fort - Vavuniya,Express,1st Class,45,41,54,45,75.93
2024-04-01,Colombo Fort - Vavuniya,Express,2nd Class,270,228,324,270,70.37
2024-04-01,Colombo Fort - Vavuniya,Express,3rd Class,585,511,522,585,97.89
2024-04-02,Colombo Fort - Anuradhapura,Express,1st Class,45,40,40,44,100.0
2024-04-02,Colombo Fort - Anuradhapura,Express,2nd Class,270,227,227,261,100.0
2024-04-02,Colombo Fort - Anuradhapura,Express,3rd Class,585,525,633,566,82.94
2024-04-02,Colombo Fort - Matara,Night Mail,1st Class,32,28,38,25,73.68
2024-04-02,Colombo Fort - Matara,Night Mail,2nd Class,195,166,234,166,70.94
2024-04-02,Colombo Fort - Matara,Night Mail,3rd Class,422,357,377,359,94.69
2024-04-02,Colombo Fort - Negombo,Express,1st Class,45,41,54,45,75.93
2024-04-02,Colombo Fort - Negombo,Express,2nd Class,270,227,324,266,70.06
2024-04-02,Colombo Fort - Negombo,Express,3rd Class,585,511,522,572,97.89
2024-04-02,Colombo Fort - Puttalam,Intercity,1st Class,37,33,33,36,100.0
2024-04-02,Colombo Fort - Puttalam,Intercity,2nd Class,225,202,202,225,100.0
2024-04-02,Colombo Fort - Puttalam,Intercity,3rd Class,487,440,514,487,85.6
2024-04-02,Colombo Fort - Trincomalee,Slow/Local,1st Class,25,22,22,20,100.0
2024-04-02,Colombo Fort - Trincomalee,Slow/Local,2nd Class,150,136,136,124,100.0
2024-04-02,Colombo Fort - Trincomalee,Slow/Local,3rd Class,325,292,342,270,85.38
2024-04-02,Colombo Fort - Vavuniya,Night Mail,1st Class,32,28,38,32,73.68
2024-04-02,Colombo Fort - Vavuniya,Night Mail,2nd Class,195,165,234,195,70.51
2024-04-02,Colombo Fort - Vavuniya,Night Mail,3rd Class,422,356,377,422,94.43
2024-04-02,Kandy - Badulla,Intercity,1st Class,37,33,33,36,100.0
2024-04-02,Kandy - Badulla,Intercity,2nd Class,225,201,201,223,100.0
2024-04-02,Kandy - Badulla,Intercity,3rd Class,487,447,515,465,86.8
2024-04-02,Kandy - Badulla,Slow/Local,1st Class,25,22,22,20,100.0
2024-04-02,Kandy - Badulla,Slow/Local,2nd Class,150,137,137,112,100.0
2024-04-02,Kandy - Badulla,Slow/Local,3rd Class,325,296,341,228,86.8
2024-04-02,Maradana - Avissawella,Slow/Local,1st Class,25,21,30,24,70.0
2024-04-02,Maradana - Avissawella,Slow/Local,2nd Class,150,131,180,133,72.78
2024-04-02,Maradana - Avissawella,Slow/Local,3rd Class,325,257,290,296,88.62
2024-04-03,Colombo Fort - Anuradhapura,Night Mail,1st Class,32,26,38,31,68.42
2024-04-03,Colombo Fort - Anuradhapura,Night Mail,2nd Class,195,160,234,184,68.38
2024-04-03,Colombo Fort - Anuradhapura,Night Mail,3rd Class,422,346,377,422,91.78
2024-04-03,Colombo Fort - Batticaloa,Express,1st Class,45,40,40,44,100.0
2024-04-03,Colombo Fort - Batticaloa,Express,2nd Class,270,221,221,270,100.0
2024-04-03,Colombo Fort - Batticaloa,Express,3rd Class,585,528,639,577,82.63
2024-04-03,Colombo Fort - Galle,Express,1st Class,45,40,54,45,74.07
2024-04-03,Colombo Fort - Galle,Express,2nd Class,270,233,324,270,71.91
2024-04-03,Colombo Fort - Galle,Express,3rd Class,585,522,522,580,100.0
2024-04-03,Colombo Fort - Galle,Slow/Local,1st Class,25,22,30,24,73.33
2024-04-03,Colombo Fort - Galle,Slow/Local,2nd Class,150,132,180,133,73.33
2024-04-03,Colombo Fort - Galle,Slow/Local,3rd Class,325,275,290,287,94.83
2024-04-03,Colombo Fort - Jaffna,Express,1st Class,45,40,54,41,74.07
2024-04-03,Colombo Fort - Jaffna,Express,2nd Class,270,224,324,260,69.14
2024-04-03,Colombo Fort - Jaffna,Express,3rd Class,585,496,522,562,95.02
2024-04-03,Colombo Fort - Jaffna,Slow/Local,1st Class,25,22,30,23,73.33
2024-04-03,Colombo Fort - Jaffna,Slow/Local,2nd Class,150,131,180,150,72.78
2024-04-03,Colombo Fort - Jaffna,Slow/Local,3rd Class,325,266,290,325,91.72
2024-04-03,Colombo Fort - Kandy,Slow/Local,1st Class,25,22,30,23,73.33
2024-04-03,Colombo Fort - Kandy,Slow/Local,2nd Class,150,133,180,150,73.89
2024-04-03,Colombo Fort - Kandy,Slow/Local,3rd Class,325,271,290,325,93.45
2024-04-03,Colombo Fort - Kurunegala,Intercity,1st Class,37,33,33,34,100.0
2024-04-03,Colombo Fort - Kurunegala,Intercity,2nd Class,225,201,201,179,100.0
2024-04-03,Colombo Fort - Kurunegala,Intercity,3rd Class,487,445,515,419,86.41
2024-04-03,Colombo Fort - Kurunegala,Slow/Local,1st Class,25,23,23,25,100.0
2024-04-03,Colombo Fort - Kurunegala,Slow/Local,2nd Class,150,139,139,144,100.0
2024-04-03,Colombo Fort - Kurunegala,Slow/Local,3rd Class,325,296,338,306,87.57
2024-04-03,Colombo Fort - Puttalam,Intercity,1st Class,37,34,44,33,77.27
2024-04-03,Colombo Fort - Puttalam,Intercity,2nd Class,225,201,270,225,74.44
2024-04-03,Colombo Fort - Puttalam,Intercity,3rd Class,487,435,435,463,100.0
2024-04-03,Colombo Fort - Ratnapura,Intercity,1st Class,37,33,44,34,75.0
2024-04-03,Colombo Fort - Ratnapura,Intercity,2nd Class,225,194,270,208,71.85
2024-04-03,Colombo Fort - Ratnapura,Intercity,3rd Class,487,399,435,459,91.72
2024-04-03,Colombo Fort - Trincomalee,Slow/Local,1st Class,25,21,21,25,100.0
2024-04-03,Colombo Fort - Trincomalee,Slow/Local,2nd Class,150,138,138,150,100.0
2024-04-03,Colombo Fort - Trincomalee,Slow/Local,3rd Class,325,295,341,325,86.51
2024-04-03,Kandy - Badulla,Express,1st Class,45,41,54,42,75.93
2024-04-03,Kandy - Badulla,Express,2nd Class,270,222,324,270,68.52
2024-04-03,Kandy - Badulla,Express,3rd Class,585,503,522,585,96.36
2024-04-04,Colombo Fort - Badulla,Intercity,1st Class,37,33,33,37,100.0
2024-04-04,Colombo Fort - Badulla,Intercity,2nd Class,225,204,204,225,100.0
2024-04-04,Colombo Fort - Badulla,Intercity,3rd Class,487,437,512,487,85.35
2024-04-04,Colombo Fort - Jaffna,Night Mail,1st Class,32,28,38,28,73.68
2024-04-04,Colombo Fort - Jaffna,Night Mail,2nd Class,195,158,234,169,67.52
2024-04-04,Colombo Fort - Jaffna,Night Mail,3rd Class,422,345,377,321,91.51
2024-04-04,Colombo Fort - Negombo,Slow/Local,1st Class,25,23,23,25,100.0
2024-04-04,Colombo Fort - Negombo,Slow/Local,2nd Class,150,137,137,150,100.0
2024-04-04,Colombo Fort - Negombo,Slow/Local,3rd Class,325,293,340,324,86.18
2024-04-04,Colombo Fort - Ratnapura,Express,1st Class,45,42,42,45,100.0
2024-04-04,Colombo Fort - Ratnapura,Express,2nd Class,270,239,239,270,100.0
2024-04-04,Colombo Fort - Ratnapura,Express,3rd Class,585,535,619,585,86.43
2024-04-04,Colombo Fort - Ratnapura,Intercity,1st Class,37,33,44,35,75.0
2024-04-04,Colombo Fort - Ratnapura,Intercity,2nd Class,225,196,270,205,72.59
2024-04-04,Colombo Fort - Ratnapura,Intercity,3rd Class,487,401,435,458,92.18
2024-04-04,Colombo Fort - Trincomalee,Intercity,1st Class,37,33,33,28,100.0
2024-04-04,Colombo Fort - Trincomalee,Intercity,2nd Class,225,205,205,175,100.0
2024-04-04,Colombo Fort - Trincomalee,Intercity,3rd Class,487,449,511,412,87.87
2024-04-04,Colombo Fort - Vavuniya,Slow/Local,1st Class,25,23,23,24,100.0
2024-04-04,Colombo Fort - Vavuniya,Slow/Local,2nd Class,150,137,137,150,100.0
2024-04-04,Colombo Fort - Vavuniya,Slow/Local,3rd Class,325,298,340,325,87.65
2024-04-04,Kandy - Badulla,Intercity,1st Class,37,34,34,37,100.0
2024-04-04,Kandy - Badulla,Intercity,2nd Class,225,204,204,222,100.0
2024-04-04,Kandy - Badulla,Intercity,3rd Class,487,453,511,477,88.65
2024-04-04,Maradana - Avissawella,Intercity,1st Class,37,34,34,35,100.0
2024-04-04,Maradana - Avissawella,Intercity,2nd Class,225,202,202,222,100.0
2024-04-04,Maradana - Avissawella,Intercity,3rd Class,487,450,513,487,87.72
2024-04-04,Maradana - Avissawella,Slow/Local,1st Class,25,22,30,25,73.33
2024-04-04,Maradana - Avissawella,Slow/Local,2nd Class,150,136,180,141,75.56
2024-04-04,Maradana - Avissawella,Slow/Local,3rd Class,325,273,290,289,94.14
2024-04-05,Colombo Fort - Anuradhapura,Slow/Local,1st Class,25,24,24,25,100.0
2024-04-05,Colombo Fort - Anuradhapura,Slow/Local,2nd Class,150,141,141,146,100.0
2024-04-05,Colombo Fort - Anuradhapura,Slow/Local,3rd Class,325,314,335,325,93.73
2024-04-05,Colombo Fort - Kandy,Intercity,1st Class,37,34,34,37,100.0
2024-04-05,Colombo Fort - Kandy,Intercity,2nd Class,225,206,206,225,100.0
2024-04-05,Colombo Fort - Kandy,Intercity,3rd Class,487,460,509,470,90.37
2024-04-05,Colombo Fort - Kandy,Slow/Local,1st Class,25,24,24,23,100.0
2024-04-05,Colombo Fort - Kandy,Slow/Local,2nd Class,150,141,141,130,100.0
2024-04-05,Colombo Fort - Kandy,Slow/Local,3rd Class,325,315,335,319,94.03
2024-04-05,Colombo Fort - Matara,Express,1st Class,45,41,54,45,75.93
2024-04-05,Colombo Fort - Matara,Express,2nd Class,270,233,324,270,71.91
2024-04-05,Colombo Fort - Matara,Express,3rd Class,585,521,522,573,99.81
2024-04-05,Colombo Fort - Puttalam,Intercity,1st Class,37,34,34,37,100.0
2024-04-05,Colombo Fort - Puttalam,Intercity,2nd Class,225,218,218,225,100.0
2024-04-05,Colombo Fort - Puttalam,Intercity,3rd Class,487,459,497,485,92.35
2024-04-05,Colombo Fort - Puttalam,Slow/Local,1st Class,25,24,24,24,100.0
2024-04-05,Colombo Fort - Puttalam,Slow/Local,2nd Class,150,140,140,132,100.0
2024-04-05,Colombo Fort - Puttalam,Slow/Local,3rd Class,325,313,336,281,93.15
2024-04-05,Colombo Fort - Ratnapura,Slow/Local,1st Class,25,22,22,20,100.0
2024-04-05,Colombo Fort - Ratnapura,Slow/Local,2nd Class,150,136,136,134,100.0
2024-04-05,Colombo Fort - Ratnapura,Slow/Local,3rd Class,325,302,342,276,88.3
2024-04-05,Colombo Fort - Trincomalee,Express,1st Class,45,42,42,40,100.0
2024-04-05,Colombo Fort - Trincomalee,Express,2nd Class,270,244,244,223,100.0
2024-04-05,Colombo Fort - Trincomalee,Express,3rd Class,585,542,614,449,88.27
2024-04-05,Kandy - Badulla,Night Mail,1st Class,32,30,38,32,78.95
2024-04-05,Kandy - Badulla,Night Mail,2nd Class,195,177,234,195,75.64
2024-04-05,Kandy - Badulla,Night Mail,3rd Class,422,377,377,397,100.0
2024-04-06,Colombo Fort - Galle,Slow/Local,1st Class,25,24,24,25,100.0
2024-04-06,Colombo Fort - Galle,Slow/Local,2nd Class,150,141,141,150,100.0
2024-04-06,Colombo Fort - Galle,Slow/Local,3rd Class,325,314,335,325,93.73
2024-04-06,Colombo Fort - Matara,Slow/Local,1st Class,25,24,24,25,100.0
2024-04-06,Colombo Fort - Matara,Slow/Local,2nd Class,150,140,140,148,100.0
2024-04-06,Colombo Fort - Matara,Slow/Local,3rd Class,325,314,336,325,93.45
2024-04-06,Kandy - Badulla,Night Mail,1st Class,32,30,30,32,100.0
2024-04-06,Kandy - Badulla,Night Mail,2nd Class,195,178,178,186,100.0
2024-04-06,Kandy - Badulla,Night Mail,3rd Class,422,385,441,422,87.3
2024-04-07,Colombo Fort - Anuradhapura,Express,1st Class,45,42,42,40,100.0
2024-04-07,Colombo Fort - Anuradhapura,Express,2nd Class,270,256,256,255,100.0
2024-04-07,Colombo Fort - Anuradhapura,Express,3rd Class,585,560,602,492,93.02
2024-04-07,Colombo Fort - Batticaloa,Slow/Local,1st Class,25,24,24,24,100.0
2024-04-07,Colombo Fort - Batticaloa,Slow/Local,2nd Class,150,141,141,150,100.0
2024-04-07,Colombo Fort - Batticaloa,Slow/Local,3rd Class,325,314,335,315,93.73
2024-04-07,Colombo Fort - Galle,Slow/Local,1st Class,25,24,24,25,100.0
2024-04-07,Colombo Fort - Galle,Slow/Local,2nd Class,150,141,141,150,100.0
2024-04-07,Colombo Fort - Galle,Slow/Local,3rd Class,325,314,335,315,93.73
2024-04-07,Colombo Fort - Jaffna,Intercity,1st Class,37,33,33,37,100.0
2024-04-07,Colombo Fort - Jaffna,Intercity,2nd Class,225,208,208,225,100.0
2024-04-07,Colombo Fort - Jaffna,Intercity,3rd Class,487,450,508,480,88.58
2024-04-07,Colombo Fort - Kandy,Express,1st Class,45,41,41,39,100.0
2024-04-07,Colombo Fort - Kandy,Express,2nd Class,270,246,246,246,100.0
2024-04-07,Colombo Fort - Kandy,Express,3rd Class,585,549,613,585,89.56
2024-04-07,Colombo Fort - Kurunegala,Intercity,1st Class,37,34,34,34,100.0
2024-04-07,Colombo Fort - Kurunegala,Intercity,2nd Class,225,211,211,195,100.0
2024-04-07,Colombo Fort - Kurunegala,Intercity,3rd Class,487,458,504,416,90.87
2024-04-07,Colombo Fort - Ratnapura,Slow/Local,1st Class,25,23,23,25,100.0
2024-04-07,Colombo Fort - Ratnapura,Slow/Local,2nd Class,150,142,142,150,100.0
2024-04-07,Colombo Fort - Ratnapura,Slow/Local,3rd Class,325,309,335,320,92.24
2024-04-07,Colombo Fort - Trincomalee,Express,1st Class,45,42,42,44,100.0
2024-04-07,Colombo Fort - Trincomalee,Express,2nd Class,270,244,244,270,100.0
2024-04-07,Colombo Fort - Trincomalee,Express,3rd Class,585,543,614,557,88.44
2024-04-07,Colombo Fort - Trincomalee,Slow/Local,1st Class,25,23,23,19,100.0
2024-04-07,Colombo Fort - Trincomalee,Slow/Local,2nd Class,150,139,139,113,100.0
2024-04-07,Colombo Fort - Trincomalee,Slow/Local,3rd Class,325,301,338,238,89.05
2024-04-07,Maradana - Avissawella,Express,1st Class,45,41,41,38,100.0
2024-04-07,Maradana - Avissawella,Express,2nd Class,270,242,242,230,100.0
2024-04-07,Maradana - Avissawella,Express,3rd Class,585,560,617,473,90.76
2024-04-07,Maradana - Avissawella,Intercity,1st Class,37,34,34,37,100.0
2024-04-07,Maradana - Avissawella,Intercity,2nd Class,225,212,212,225,100.0
2024-04-07,Maradana - Avissawella,Intercity,3rd Class,487,449,503,487,89.26
2024-04-08,Colombo Fort - Anuradhapura,Intercity,1st Class,37,33,33,35,100.0
2024-04-08,Colombo Fort - Anuradhapura,Intercity,2nd Class,225,204,204,225,100.0
2024-04-08,Colombo Fort - Anuradhapura,Intercity,3rd Class,487,444,512,447,86.72
2024-04-08,Colombo Fort - Galle,Express,1st Class,45,41,41,43,100.0
2024-04-08,Colombo Fort - Galle,Express,2nd Class,270,238,238,270,100.0
2024-04-08,Colombo Fort - Galle,Express,3rd Class,585,537,621,585,86.47
2024-04-08,Colombo Fort - Galle,Intercity,1st Class,37,33,44,34,75.0
2024-04-08,Colombo Fort - Galle,Intercity,2nd Class,225,186,270,221,68.89
2024-04-08,Colombo Fort - Galle,Intercity,3rd Class,487,403,435,487,92.64
2024-04-08,Colombo Fort - Galle,Slow/Local,1st Class,25,22,22,25,100.0
2024-04-08,Colombo Fort - Galle,Slow/Local,2nd Class,150,141,141,145,100.0
2024-04-08,Colombo Fort - Galle,Slow/Local,3rd Class,325,294,337,325,87.24
2024-04-08,Colombo Fort - Kurunegala,Express,1st Class,45,41,41,43,100.0
2024-04-08,Colombo Fort - Kurunegala,Express,2nd Class,270,230,230,259,100.0
2024-04-08,Colombo Fort - Kurunegala,Express,3rd Class,585,553,629,577,87.92
2024-04-08,Colombo Fort - Matara,Slow/Local,1st Class,25,23,23,25,100.0
2024-04-08,Colombo Fort - Matara,Slow/Local,2nd Class,150,138,138,149,100.0
2024-04-08,Colombo Fort - Matara,Slow/Local,3rd Class,325,298,339,304,87.91
2024-04-08,Colombo Fort - Negombo,Express,1st Class,45,41,41,45,100.0
2024-04-08,Colombo Fort - Negombo,Express,2nd Class,270,239,239,270,100.0
2024-04-08,Colombo Fort - Negombo,Express,3rd Class,585,544,620,582,87.74
2024-04-08,Colombo Fort - Negombo,Slow/Local,1st Class,25,23,23,25,100.0
2024-04-08,Colombo Fort - Negombo,Slow/Local,2nd Class,150,139,139,150,100.0
2024-04-08,Colombo Fort - Negombo,Slow/Local,3rd Class,325,293,338,325,86.69
2024-04-08,Colombo Fort - Ratnapura,Intercity,1st Class,37,34,34,37,100.0
2024-04-08,Colombo Fort - Ratnapura,Intercity,2nd Class,225,202,202,225,100.0
2024-04-08,Colombo Fort - Ratnapura,Intercity,3rd Class,487,455,513,471,88.69
2024-04-08,Maradana - Avissawella,Slow/Local,1st Class,25,22,30,24,73.33
2024-04-08,Maradana - Avissawella,Slow/Local,2nd Class,150,137,180,150,76.11
2024-04-08,Maradana - Avissawella,Slow/Local,3rd Class,325,289,290,294,99.66
2024-04-09,Colombo Fort - Badulla,Express,1st Class,45,40,40,44,100.0
2024-04-09,Colombo Fort - Badulla,Express,2nd Class,270,238,238,270,100.0
2024-04-09,Colombo Fort - Badulla,Express,3rd Class,585,551,622,585,88.59
2024-04-09,Colombo Fort - Badulla,Slow/Local,1st Class,25,22,30,23,73.33
2024-04-09,Colombo Fort - Badulla,Slow/Local,2nd Class,150,129,180,141,71.67
2024-04-09,Colombo Fort - Badulla,Slow/Local,3rd Class,325,262,290,290,90.34
2024-04-09,Colombo Fort - Galle,Intercity,1st Class,37,33,44,37,75.0
2024-04-09,Colombo Fort - Galle,Intercity,2nd Class,225,190,270,222,70.37
2024-04-09,Colombo Fort - Galle,Intercity,3rd Class,487,430,435,447,98.85
2024-04-09,Colombo Fort - Galle,Slow/Local,1st Class,25,23,23,25,100.0
2024-04-09,Colombo Fort - Galle,Slow/Local,2nd Class,150,138,138,150,100.0
2024-04-09,Colombo Fort - Galle,Slow/Local,3rd Class,325,297,339,324,87.61
2024-04-09,Colombo Fort - Kandy,Intercity,1st Class,37,34,34,35,100.0
2024-04-09,Colombo Fort - Kandy,Intercity,2nd Class,225,202,202,225,100.0
2024-04-09,Colombo Fort - Kandy,Intercity,3rd Class,487,455,513,487,88.69
2024-04-09,Colombo Fort - Kurunegala,Slow/Local,1st Class,25,23,23,25,100.0
2024-04-09,Colombo Fort - Kurunegala,Slow/Local,2nd Class,150,139,139,150,100.0
2024-04-09,Colombo Fort - Kurunegala,Slow/Local,3rd Class,325,295,338,315,87.28
2024-04-09,Colombo Fort - Ratnapura,Intercity,1st Class,37,33,33,36,100.0
2024-04-09,Colombo Fort - Ratnapura,Intercity,2nd Class,225,202,202,215,100.0
2024-04-09,Colombo Fort - Ratnapura,Intercity,3rd Class,487,454,514,463,88.33
2024-04-09,Maradana - Avissawella,Night Mail,1st Class,32,27,38,31,71.05
2024-04-09,Maradana - Avissawella,Night Mail,2nd Class,195,167,234,195,71.37
2024-04-09,Maradana - Avissawella,Night Mail,3rd Class,422,344,377,419,91.25
2024-04-10,Colombo Fort - Badulla,Slow/Local,1st Class,25,22,30,19,73.33
2024-04-10,Colombo Fort - Badulla,Slow/Local,2nd Class,150,129,180,120,71.67
2024-04-10,Colombo Fort - Badulla,Slow/Local,3rd Class,325,270,290,245,93.1
2024-04-10,Colombo Fort - Kurunegala,Express,1st Class,45,40,40,45,100.0
2024-04-10,Colombo Fort - Kurunegala,Express,2nd Class,270,239,239,256,100.0
2024-04-10,Colombo Fort - Kurunegala,Express,3rd Class,585,548,621,559,88.24
2024-04-10,Colombo Fort - Ratnapura,Intercity,1st Class,37,33,33,32,100.0
2024-04-10,Colombo Fort - Ratnapura,Intercity,2nd Class,225,202,202,206,100.0
2024-04-10,Colombo Fort - Ratnapura,Intercity,3rd Class,487,451,514,414,87.74
2024-04-10,Colombo Fort - Trincomalee,Intercity,1st Class,37,33,33,34,100.0
2024-04-10,Colombo Fort - Trincomalee,Intercity,2nd Class,225,199,199,214,100.0
2024-04-10,Colombo Fort - Trincomalee,Intercity,3rd Class,487,453,517,475,87.62
2024-04-10,Colombo Fort - Trincomalee,Slow/Local,1st Class,25,22,22,25,100.0
2024-04-10,Colombo Fort - Trincomalee,Slow/Local,2nd Class,150,135,135,150,100.0
2024-04-10,Colombo Fort - Trincomalee,Slow/Local,3rd Class,325,301,343,316,87.76
2024-04-10,Colombo Fort - Vavuniya,Slow/Local,1st Class,25,23,23,21,100.0
2024-04-10,Colombo Fort - Vavuniya,Slow/Local,2nd Class,150,138,138,125,100.0
2024-04-10,Colombo Fort - Vavuniya,Slow/Local,3rd Class,325,297,339,268,87.61
2024-04-10,Kandy - Badulla,Intercity,1st Class,37,34,34,35,100.0
2024-04-10,Kandy - Badulla,Intercity,2nd Class,225,203,203,225,100.0
2024-04-10,Kandy - Badulla,Intercity,3rd Class,487,457,512,479,89.26
2024-04-11,Colombo Fort - Anuradhapura,Slow/Local,1st Class,25,23,23,24,100.0
2024-04-11,Colombo Fort - Anuradhapura,Slow/Local,2nd Class,150,137,137,142,100.0
2024-04-11,Colombo Fort - Anuradhapura,Slow/Local,3rd Class,325,298,340,300,87.65
2024-04-11,Colombo Fort - Badulla,Night Mail,1st Class,32,27,38,24,71.05
2024-04-11,Colombo Fort - Badulla,Night Mail,2nd Class,195,177,234,144,75.64
2024-04-11,Colombo Fort - Badulla,Night Mail,3rd Class,422,358,377,292,94.96
2024-04-11,Colombo Fort - Badulla,Slow/Local,1st Class,25,21,30,25,70.0
2024-04-11,Colombo Fort - Badulla,Slow/Local,2nd Class,150,135,180,146,75.0
2024-04-11,Colombo Fort - Badulla,Slow/Local,3rd Class,325,277,290,325,95.52
2024-04-11,Colombo Fort - Batticaloa,Slow/Local,1st Class,25,22,30,22,73.33
2024-04-11,Colombo Fort - Batticaloa,Slow/Local,2nd Class,150,134,180,137,74.44
2024-04-11,Colombo Fort - Batticaloa,Slow/Local,3rd Class,325,273,290,285,94.14
2024-04-11,Colombo Fort - Jaffna,Slow/Local,1st Class,25,23,23,22,100.0
2024-04-11,Colombo Fort - Jaffna,Slow/Local,2nd Class,150,139,139,117,100.0
2024-04-11,Colombo Fort - Jaffna,Slow/Local,3rd Class,325,296,338,257,87.57
2024-04-11,Colombo Fort - Kurunegala,Slow/Local,1st Class,25,23,23,24,100.0
2024-04-11,Colombo Fort - Kurunegala,Slow/Local,2nd Class,150,138,138,142,100.0
2024-04-11,Colombo Fort - Kurunegala,Slow/Local,3rd Class,325,295,339,306,87.02
2024-04-11,Colombo Fort - Matara,Intercity,1st Class,37,33,33,35,100.0
2024-04-11,Colombo Fort - Matara,Intercity,2nd Class,225,195,195,220,100.0
2024-04-11,Colombo Fort - Matara,Intercity,3rd Class,487,437,521,487,83.88
2024-04-11,Colombo Fort - Negombo,Intercity,1st Class,37,33,33,37,100.0
2024-04-11,Colombo Fort - Negombo,Intercity,2nd Class,225,202,202,211,100.0
2024-04-11,Colombo Fort - Negombo,Intercity,3rd Class,487,449,514,477,87.35
2024-04-11,Colombo Fort - Trincomalee,Night Mail,1st Class,32,26,38,31,68.42
2024-04-11,Colombo Fort - Trincomalee,Night Mail,2nd Class,195,159,234,195,67.95
2024-04-11,Colombo Fort - Trincomalee,Night Mail,3rd Class,422,355,377,422,94.16
2024-04-11,Colombo Fort - Vavuniya,Night Mail,1st Class,32,28,38,32,73.68
2024-04-11,Colombo Fort - Vavuniya,Night Mail,2nd Class,195,172,234,194,73.5
2024-04-11,Colombo Fort - Vavuniya,Night Mail,3rd Class,422,365,377,422,96.82
2024-04-11,Maradana - Avissawella,Intercity,1st Class,37,34,34,32,100.0
2024-04-11,Maradana - Avissawella,Intercity,2nd Class,225,203,203,201,100.0
2024-04-11,Maradana - Avissawella,Intercity,3rd Class,487,447,512,445,87.3
2024-04-12,Colombo Fort - Batticaloa,Intercity,1st Class,37,35,35,33,100.0
2024-04-12,Colombo Fort - Batticaloa,Intercity,2nd Class,225,205,205,225,100.0
2024-04-12,Colombo Fort - Batticaloa,Intercity,3rd Class,487,456,509,471,89.59
2024-04-12,Colombo Fort - Batticaloa,Slow/Local,1st Class,25,24,24,21,100.0
2024-04-12,Colombo Fort - Batticaloa,Slow/Local,2nd Class,150,141,141,127,100.0
2024-04-12,Colombo Fort - Batticaloa,Slow/Local,3rd Class,325,314,335,266,93.73
2024-04-12,Colombo Fort - Galle,Intercity,1st Class,37,35,35,31,100.0
2024-04-12,Colombo Fort - Galle,Intercity,2nd Class,225,215,215,179,100.0
2024-04-12,Colombo Fort - Galle,Intercity,3rd Class,487,458,499,392,91.78
2024-04-12,Colombo Fort - Jaffna,Express,1st Class,45,42,42,42,100.0
2024-04-12,Colombo Fort - Jaffna,Express,2nd Class,270,252,252,258,100.0
2024-04-12,Colombo Fort - Jaffna,Express,3rd Class,585,562,606,585,92.74
2024-04-12,Colombo Fort - Jaffna,Slow/Local,1st Class,25,24,24,25,100.0
2024-04-12,Colombo Fort - Jaffna,Slow/Local,2nd Class,150,140,140,150,100.0
2024-04-12,Colombo Fort - Jaffna,Slow/Local,3rd Class,325,314,336,318,93.45
2024-04-12,Colombo Fort - Matara,Night Mail,1st Class,32,30,30,32,100.0
2024-04-12,Colombo Fort - Matara,Night Mail,2nd Class,195,180,180,189,100.0
2024-04-12,Colombo Fort - Matara,Night Mail,3rd Class,422,393,439,422,89.52
2024-04-12,Colombo Fort - Puttalam,Intercity,1st Class,37,34,34,37,100.0
2024-04-12,Colombo Fort - Puttalam,Intercity,2nd Class,225,217,217,224,100.0
2024-04-12,Colombo Fort - Puttalam,Intercity,3rd Class,487,466,498,448,93.57
2024-04-12,Colombo Fort - Ratnapura,Slow/Local,1st Class,25,23,23,25,100.0
2024-04-12,Colombo Fort - Ratnapura,Slow/Local,2nd Class,150,141,141,150,100.0
2024-04-12,Colombo Fort - Ratnapura,Slow/Local,3rd Class,325,314,336,322,93.45
2024-04-12,Colombo Fort - Trincomalee,Express,1st Class,45,42,42,37,100.0
2024-04-12,Colombo Fort - Trincomalee,Express,2nd Class,270,247,247,200,100.0
2024-04-12,Colombo Fort - Trincomalee,Express,3rd Class,585,555,611,403,90.83
2024-04-12,Colombo Fort - Trincomalee,Slow/Local,1st Class,25,23,23,25,100.0
2024-04-12,Colombo Fort - Trincomalee,Slow/Local,2nd Class,150,139,139,144,100.0
2024-04-12,Colombo Fort - Trincomalee,Slow/Local,3rd Class,325,301,338,325,89.05
2024-04-12,Kandy - Badulla,Express,1st Class,45,42,42,43,100.0
2024-04-12,Kandy - Badulla,Express,2nd Class,270,247,247,270,100.0
2024-04-12,Kandy - Badulla,Express,3rd Class,585,563,611,567,92.14
2024-04-12,Maradana - Avissawella,Night Mail,1st Class,32,30,30,32,100.0
2024-04-12,Maradana - Avissawella,Night Mail,2nd Class,195,181,181,194,100.0
2024-04-12,Maradana - Avissawella,Night Mail,3rd Class,422,392,438,396,89.5
2024-04-13,Colombo Fort - Badulla,Express,1st Class,45,40,40,45,100.0
2024-04-13,Colombo Fort - Badulla,Express,2nd Class,270,245,245,270,100.0
2024-04-13,Colombo Fort - Badulla,Express,3rd Class,585,551,615,585,89.59
2024-04-13,Colombo Fort - Galle,Slow/Local,1st Class,25,24,24,24,100.0
2024-04-13,Colombo Fort - Galle,Slow/Local,2nd Class,150,141,141,147,100.0
2024-04-13,Colombo Fort - Galle,Slow/Local,3rd Class,325,315,335,316,94.03
2024-04-13,Colombo Fort - Jaffna,Express,1st Class,45,42,42,45,100.0
2024-04-13,Colombo Fort - Jaffna,Express,2nd Class,270,258,258,270,100.0
2024-04-13,Colombo Fort - Jaffna,Express,3rd Class,585,572,600,577,95.33
2024-04-13,Colombo Fort - Kandy,Intercity,1st Class,37,35,35,37,100.0
2024-04-13,Colombo Fort - Kandy,Intercity,2nd Class,225,216,216,213,100.0
2024-04-13,Colombo Fort - Kandy,Intercity,3rd Class,487,463,498,483,92.97
2024-04-13,Colombo Fort - Puttalam,Express,1st Class,45,42,42,44,100.0
2024-04-13,Colombo Fort - Puttalam,Express,2nd Class,270,245,245,257,100.0
2024-04-13,Colombo Fort - Puttalam,Express,3rd Class,585,555,613,581,90.54
2024-04-13,Colombo Fort - Puttalam,Intercity,1st Class,37,35,35,34,100.0
2024-04-13,Colombo Fort - Puttalam,Intercity,2nd Class,225,217,217,225,100.0
2024-04-13,Colombo Fort - Puttalam,Intercity,3rd Class,487,459,497,487,92.35
2024-04-13,Kandy - Badulla,Night Mail,1st Class,32,33,33,31,100.0
2024-04-13,Kandy - Badulla,Night Mail,2nd Class,195,186,186,187,100.0
2024-04-13,Kandy - Badulla,Night Mail,3rd Class,422,400,430,404,93.02
2024-04-13,Kandy - Badulla,Slow/Local,1st Class,25,23,23,25,100.0
2024-04-13,Kandy - Badulla,Slow/Local,2nd Class,150,140,140,148,100.0
2024-04-13,Kandy - Badulla,Slow/Local,3rd Class,325,312,337,325,92.58
2024-04-13,Maradana - Avissawella,Slow/Local,1st Class,25,23,23,25,100.0
2024-04-13,Maradana - Avissawella,Slow/Local,2nd Class,150,141,141,150,100.0
2024-04-13,Maradana - Avissawella,Slow/Local,3rd Class,325,312,336,325,92.86
2024-04-14,Colombo Fort - Batticaloa,Intercity,1st Class,37,35,35,37,100.0
2024-04-14,Colombo Fort - Batticaloa,Intercity,2nd Class,225,215,215,225,100.0
2024-04-14,Colombo Fort - Batticaloa,Intercity,3rd Class,487,466,499,472,93.39
2024-04-14,Colombo Fort - Jaffna,Slow/Local,1st Class,25,24,24,25,100.0
2024-04-14,Colombo Fort - Jaffna,Slow/Local,2nd Class,150,142,142,150,100.0
2024-04-14,Colombo Fort - Jaffna,Slow/Local,3rd Class,325,314,334,316,94.01
2024-04-14,Colombo Fort - Kandy,Express,1st Class,45,42,42,41,100.0
2024-04-14,Colombo Fort - Kandy,Express,2nd Class,270,251,251,250,100.0
2024-04-14,Colombo Fort - Kandy,Express,3rd Class,585,567,607,585,93.41
2024-04-14,Colombo Fort - Matara,Intercity,1st Class,37,35,35,37,100.0
2024-04-14,Colombo Fort - Matara,Intercity,2nd Class,225,216,216,225,100.0
2024-04-14,Colombo Fort - Matara,Intercity,3rd Class,487,459,498,487,92.17
2024-04-14,Colombo Fort - Matara,Slow/Local,1st Class,25,24,24,25,100.0
2024-04-14,Colombo Fort - Matara,Slow/Local,2nd Class,150,141,141,147,100.0
2024-04-14,Colombo Fort - Matara,Slow/Local,3rd Class,325,312,335,308,93.13
2024-04-14,Colombo Fort - Negombo,Intercity,1st Class,37,34,34,37,100.0
2024-04-14,Colombo Fort - Negombo,Intercity,2nd Class,225,211,211,220,100.0
2024-04-14,Colombo Fort - Negombo,Intercity,3rd Class,487,456,504,487,90.48
2024-04-14,Colombo Fort - Ratnapura,Intercity,1st Class,37,34,34,37,100.0
2024-04-14,Colombo Fort - Ratnapura,Intercity,2nd Class,225,208,208,220,100.0
2024-04-14,Colombo Fort - Ratnapura,Intercity,3rd Class,487,453,507,432,89.35
2024-04-14,Kandy - Badulla,Express,1st Class,45,42,42,45,100.0
2024-04-14,Kandy - Badulla,Express,2nd Class,270,253,253,265,100.0
2024-04-14,Kandy - Badulla,Express,3rd Class,585,565,605,585,93.39
2024-04-14,Maradana - Avissawella,Slow/Local,1st Class,25,23,23,25,100.0
2024-04-14,Maradana - Avissawella,Slow/Local,2nd Class,150,141,141,150,100.0
2024-04-14,Maradana - Avissawella,Slow/Local,3rd Class,325,313,336,325,93.15
2024-04-15,Colombo Fort - Anuradhapura,Express,1st Class,45,40,54,45,74.07
2024-04-15,Colombo Fort - Anuradhapura,Express,2nd Class,270,244,324,270,75.31
2024-04-15,Colombo Fort - Anuradhapura,Express,3rd Class,585,514,522,585,98.47
2024-04-15,Colombo Fort - Anuradhapura,Slow/Local,1st Class,25,23,23,25,100.0
2024-04-15,Colombo Fort - Anuradhapura,Slow/Local,2nd Class,150,136,136,144,100.0
2024-04-15,Colombo Fort - Anuradhapura,Slow/Local,3rd Class,325,291,341,325,85.34
2024-04-15,Colombo Fort - Badulla,Slow/Local,1st Class,25,22,22,18,100.0
2024-04-15,Colombo Fort - Badulla,Slow/Local,2nd Class,150,135,135,122,100.0
2024-04-15,Colombo Fort - Badulla,Slow/Local,3rd Class,325,291,343,274,84.84
2024-04-15,Colombo Fort - Galle,Intercity,1st Class,37,34,34,37,100.0
2024-04-15,Colombo Fort - Galle,Intercity,2nd Class,225,200,200,220,100.0
2024-04-15,Colombo Fort - Galle,Intercity,3rd Class,487,456,515,475,88.54
2024-04-15,Colombo Fort - Kandy,Intercity,1st Class,37,34,34,26,100.0
2024-04-15,Colombo Fort - Kandy,Intercity,2nd Class,225,203,203,149,100.0
2024-04-15,Colombo Fort - Kandy,Intercity,3rd Class,487,458,512,300,89.45
2024-04-15,Colombo Fort - Kurunegala,Intercity,1st Class,37,34,34,34,100.0
2024-04-15,Colombo Fort - Kurunegala,Intercity,2nd Class,225,201,201,186,100.0
2024-04-15,Colombo Fort - Kurunegala,Intercity,3rd Class,487,452,514,435,87.94
2024-04-15,Colombo Fort - Kurunegala,Slow/Local,1st Class,25,23,30,24,76.67
2024-04-15,Colombo Fort - Kurunegala,Slow/Local,2nd Class,150,136,180,139,75.56
2024-04-15,Colombo Fort - Kurunegala,Slow/Local,3rd Class,325,290,290,313,100.0
2024-04-15,Colombo Fort - Negombo,Intercity,1st Class,37,33,33,37,100.0
2024-04-15,Colombo Fort - Negombo,Intercity,2nd Class,225,199,199,225,100.0
2024-04-15,Colombo Fort - Negombo,Intercity,3rd Class,487,444,517,487,85.88
2024-04-15,Colombo Fort - Negombo,Night Mail,1st Class,32,27,38,32,71.05
2024-04-15,Colombo Fort - Negombo,Night Mail,2nd Class,195,170,234,195,72.65
2024-04-15,Colombo Fort - Negombo,Night Mail,3rd Class,422,366,377,412,97.08
2024-04-15,Colombo Fort - Puttalam,Express,1st Class,45,42,42,43,100.0
2024-04-15,Colombo Fort - Puttalam,Express,2nd Class,270,223,223,261,100.0
2024-04-15,Colombo Fort - Puttalam,Express,3rd Class,585,548,635,563,86.3
2024-04-15,Kandy - Badulla,Express,1st Class,45,42,42,40,100.0
2024-04-15,Kandy - Badulla,Express,2nd Class,270,243,243,257,100.0
2024-04-15,Kandy - Badulla,Express,3rd Class,585,557,615,549,90.57
2024-04-16,Colombo Fort - Anuradhapura,Night Mail,1st Class,32,28,38,30,73.68
2024-04-16,Colombo Fort - Anuradhapura,Night Mail,2nd Class,195,161,234,186,68.8
2024-04-16,Colombo Fort - Anuradhapura,Night Mail,3rd Class,422,345,377,422,91.51
2024-04-16,Colombo Fort - Badulla,Slow/Local,1st Class,25,21,30,25,70.0
2024-04-16,Colombo Fort - Badulla,Slow/Local,2nd Class,150,133,180,135,73.89
2024-04-16,Colombo Fort - Badulla,Slow/Local,3rd Class,325,288,290,319,99.31
2024-04-16,Colombo Fort - Batticaloa,Slow/Local,1st Class,25,22,30,25,73.33
2024-04-16,Colombo Fort - Batticaloa,Slow/Local,2nd Class,150,134,180,147,74.44
2024-04-16,Colombo Fort - Batticaloa,Slow/Local,3rd Class,325,289,290,311,99.66
2024-04-16,Colombo Fort - Jaffna,Intercity,1st Class,37,33,33,35,100.0
2024-04-16,Colombo Fort - Jaffna,Intercity,2nd Class,225,201,201,207,100.0
2024-04-16,Colombo Fort - Jaffna,Intercity,3rd Class,487,447,515,466,86.8
2024-04-16,Colombo Fort - Jaffna,Night Mail,1st Class,32,27,38,30,71.05
2024-04-16,Colombo Fort - Jaffna,Night Mail,2nd Class,195,164,234,154,70.09
2024-04-16,Colombo Fort - Jaffna,Night Mail,3rd Class,422,350,377,361,92.84
2024-04-16,Colombo Fort - Jaffna,Slow/Local,1st Class,25,23,23,25,100.0
2024-04-16,Colombo Fort - Jaffna,Slow/Local,2nd Class,150,137,137,147,100.0
2024-04-16,Colombo Fort - Jaffna,Slow/Local,3rd Class,325,291,340,316,85.59
2024-04-16,Colombo Fort - Negombo,Slow/Local,1st Class,25,23,30,25,76.67
2024-04-16,Colombo Fort - Negombo,Slow/Local,2nd Class,150,132,180,150,73.33
2024-04-16,Colombo Fort - Negombo,Slow/Local,3rd Class,325,288,290,314,99.31
2024-04-16,Colombo Fort - Puttalam,Express,1st Class,45,42,42,42,100.0
2024-04-16,Colombo Fort - Puttalam,Express,2nd Class,270,231,231,270,100.0
2024-04-16,Colombo Fort - Puttalam,Express,3rd Class,585,557,627,581,88.84
2024-04-16,Colombo Fort - Vavuniya,Slow/Local,1st Class,25,23,30,25,76.67
2024-04-16,Colombo Fort - Vavuniya,Slow/Local,2nd Class,150,134,180,150,74.44
2024-04-16,Colombo Fort - Vavuniya,Slow/Local,3rd Class,325,289,290,320,99.66
2024-04-16,Maradana - Avissawella,Express,1st Class,45,41,54,44,75.93
2024-04-16,Maradana - Avissawella,Express,2nd Class,270,224,324,270,69.14
2024-04-16,Maradana - Avissawella,Express,3rd Class,585,487,522,585,93.3
2024-04-17,Colombo Fort - Batticaloa,Intercity,1st Class,37,34,34,36,100.0
2024-04-17,Colombo Fort - Batticaloa,Intercity,2nd Class,225,202,202,225,100.0
2024-04-17,Colombo Fort - Batticaloa,Intercity,3rd Class,487,454,513,465,88.5
2024-04-17,Colombo Fort - Batticaloa,Slow/Local,1st Class,25,23,30,25,76.67
2024-04-17,Colombo Fort - Batticaloa,Slow/Local,2nd Class,150,135,180,142,75.0
2024-04-17,Colombo Fort - Batticaloa,Slow/Local,3rd Class,325,290,290,317,100.0
2024-04-17,Colombo Fort - Kandy,Intercity,1st Class,37,33,33,35,100.0
2024-04-17,Colombo Fort - Kandy,Intercity,2nd Class,225,190,190,213,100.0
2024-04-17,Colombo Fort - Kandy,Intercity,3rd Class,487,446,526,454,84.79
2024-04-17,Colombo Fort - Kandy,Slow/Local,1st Class,25,22,30,23,73.33
2024-04-17,Colombo Fort - Kandy,Slow/Local,2nd Class,150,133,180,150,73.89
2024-04-17,Colombo Fort - Kandy,Slow/Local,3rd Class,325,290,290,314,100.0
2024-04-17,Colombo Fort - Negombo,Slow/Local,1st Class,25,23,30,25,76.67
2024-04-17,Colombo Fort - Negombo,Slow/Local,2nd Class,150,130,180,150,72.22
2024-04-17,Colombo Fort - Negombo,Slow/Local,3rd Class,325,288,290,325,99.31
2024-04-17,Maradana - Avissawella,Express,1st Class,45,42,42,45,100.0
2024-04-17,Maradana - Avissawella,Express,2nd Class,270,237,237,270,100.0
2024-04-17,Maradana - Avissawella,Express,3rd Class,585,545,621,547,87.76
2024-04-17,Maradana - Avissawella,Slow/Local,1st Class,25,23,30,24,76.67
2024-04-17,Maradana - Avissawella,Slow/Local,2nd Class,150,134,180,150,74.44
2024-04-17,Maradana - Avissawella,Slow/Local,3rd Class,325,288,290,321,99.31
2024-04-18,Colombo Fort - Anuradhapura,Night Mail,1st Class,32,28,38,29,73.68
2024-04-18,Colombo Fort - Anuradhapura,Night Mail,2nd Class,195,167,234,164,71.37
2024-04-18,Colombo Fort - Anuradhapura,Night Mail,3rd Class,422,348,377,378,92.31
2024-04-18,Colombo Fort - Badulla,Intercity,1st Class,37,34,34,37,100.0
2024-04-18,Colombo Fort - Badulla,Intercity,2nd Class,225,204,204,225,100.0
2024-04-18,Colombo Fort - Badulla,Intercity,3rd Class,487,438,511,475,85.71
2024-04-18,Colombo Fort - Batticaloa,Slow/Local,1st Class,25,23,30,25,76.67
2024-04-18,Colombo Fort - Batticaloa,Slow/Local,2nd Class,150,136,180,150,75.56
2024-04-18,Colombo Fort - Batticaloa,Slow/Local,3rd Class,325,289,290,325,99.66
2024-04-18,Colombo Fort - Galle,Intercity,1st Class,37,34,34,27,100.0
2024-04-18,Colombo Fort - Galle,Intercity,2nd Class,225,205,205,159,100.0
2024-04-18,Colombo Fort - Galle,Intercity,3rd Class,487,458,510,368,89.8
2024-04-18,Colombo Fort - Kurunegala,Express,1st Class,45,41,41,45,100.0
2024-04-18,Colombo Fort - Kurunegala,Express,2nd Class,270,242,242,270,100.0
2024-04-18,Colombo Fort - Kurunegala,Express,3rd Class,585,553,617,510,89.63
2024-04-18,Colombo Fort - Kurunegala,Intercity,1st Class,37,34,34,37,100.0
2024-04-18,Colombo Fort - Kurunegala,Intercity,2nd Class,225,199,199,207,100.0
2024-04-18,Colombo Fort - Kurunegala,Intercity,3rd Class,487,448,516,487,86.82
2024-04-18,Colombo Fort - Kurunegala,Night Mail,1st Class,32,26,38,23,68.42
2024-04-18,Colombo Fort - Kurunegala,Night Mail,2nd Class,195,176,234,147,75.21
2024-04-18,Colombo Fort - Kurunegala,Night Mail,3rd Class,422,322,377,329,85.41
2024-04-18,Colombo Fort - Negombo,Express,1st Class,45,41,41,41,100.0
2024-04-18,Colombo Fort - Negombo,Express,2nd Class,270,238,238,231,100.0
2024-04-18,Colombo Fort - Negombo,Express,3rd Class,585,550,621,556,88.57
2024-04-18,Colombo Fort - Puttalam,Intercity,1st Class,37,34,34,37,100.0
2024-04-18,Colombo Fort - Puttalam,Intercity,2nd Class,225,205,205,225,100.0
2024-04-18,Colombo Fort - Puttalam,Intercity,3rd Class,487,455,510,487,89.22
2024-04-18,Kandy - Badulla,Express,1st Class,45,42,42,44,100.0
2024-04-18,Kandy - Badulla,Express,2nd Class,270,243,243,270,100.0
2024-04-18,Kandy - Badulla,Express,3rd Class,585,558,615,540,90.73
2024-04-18,Kandy - Badulla,Slow/Local,1st Class,25,23,30,23,76.67
2024-04-18,Kandy - Badulla,Slow/Local,2nd Class,150,135,180,146,75.0
2024-04-18,Kandy - Badulla,Slow/Local,3rd Class,325,288,290,296,99.31
2024-04-18,Maradana - Avissawella,Slow/Local,1st Class,25,23,30,24,76.67
2024-04-18,Maradana - Avissawella,Slow/Local,2nd Class,150,133,180,150,73.89
2024-04-18,Maradana - Avissawella,Slow/Local,3rd Class,325,285,290,325,98.28
2024-04-19,Colombo Fort - Badulla,Night Mail,1st Class,32,29,29,27,100.0
2024-04-19,Colombo Fort - Badulla,Night Mail,2nd Class,195,180,180,160,100.0
2024-04-19,Colombo Fort - Badulla,Night Mail,3rd Class,422,380,440,333,86.36
2024-04-19,Colombo Fort - Kandy,Express,1st Class,45,42,42,40,100.0
2024-04-19,Colombo Fort - Kandy,Express,2nd Class,270,252,252,259,100.0
2024-04-19,Colombo Fort - Kandy,Express,3rd Class,585,567,606,538,93.56
2024-04-19,Colombo Fort - Matara,Slow/Local,1st Class,25,24,24,22,100.0
2024-04-19,Colombo Fort - Matara,Slow/Local,2nd Class,150,139,139,136,100.0
2024-04-19,Colombo Fort - Matara,Slow/Local,3rd Class,325,311,337,290,92.28
2024-04-19,Colombo Fort - Ratnapura,Intercity,1st Class,37,34,34,31,100.0
2024-04-19,Colombo Fort - Ratnapura,Intercity,2nd Class,225,210,210,188,100.0
2024-04-19,Colombo Fort - Ratnapura,Intercity,3rd Class,487,464,505,375,91.88
2024-04-19,Colombo Fort - Ratnapura,Slow/Local,1st Class,25,23,23,25,100.0
2024-04-19,Colombo Fort - Ratnapura,Slow/Local,2nd Class,150,141,141,147,100.0
2024-04-19,Colombo Fort - Ratnapura,Slow/Local,3rd Class,325,312,336,314,92.86
2024-04-19,Colombo Fort - Trincomalee,Night Mail,1st Class,32,29,29,27,100.0
2024-04-19,Colombo Fort - Trincomalee,Night Mail,2nd Class,195,180,180,166,100.0
2024-04-19,Colombo Fort - Trincomalee,Night Mail,3rd Class,422,390,440,372,88.64
2024-04-19,Colombo Fort - Vavuniya,Slow/Local,1st Class,25,23,23,23,100.0
2024-04-19,Colombo Fort - Vavuniya,Slow/Local,2nd Class,150,142,142,141,100.0
2024-04-19,Colombo Fort - Vavuniya,Slow/Local,3rd Class,325,309,335,315,92.24
2024-04-19,Kandy - Badulla,Intercity,1st Class,37,35,35,37,100.0
2024-04-19,Kandy - Badulla,Intercity,2nd Class,225,215,215,223,100.0
2024-04-19,Kandy - Badulla,Intercity,3rd Class,487,474,499,479,94.99
2024-04-19,Maradana - Avissawella,Intercity,1st Class,37,34,34,34,100.0
2024-04-19,Maradana - Avissawella,Intercity,2nd Class,225,208,208,211,100.0
2024-04-19,Maradana - Avissawella,Intercity,3rd Class,487,466,507,410,91.91
2024-04-20,Colombo Fort - Jaffna,Slow/Local,1st Class,25,24,24,23,100.0
2024-04-20,Colombo Fort - Jaffna,Slow/Local,2nd Class,150,142,142,148,100.0
2024-04-20,Colombo Fort - Jaffna,Slow/Local,3rd Class,325,312,334,322,93.41
2024-04-20,Colombo Fort - Matara,Intercity,1st Class,37,35,35,37,100.0
2024-04-20,Colombo Fort - Matara,Intercity,2nd Class,225,217,217,209,100.0
2024-04-20,Colombo Fort - Matara,Intercity,3rd Class,487,462,497,445,92.96
2024-04-20,Colombo Fort - Negombo,Express,1st Class,45,41,41,44,100.0
2024-04-20,Colombo Fort - Negombo,Express,2nd Class,270,249,249,257,100.0
2024-04-20,Colombo Fort - Negombo,Express,3rd Class,585,539,610,585,88.36
2024-04-20,Colombo Fort - Puttalam,Intercity,1st Class,37,35,35,37,100.0
2024-04-20,Colombo Fort - Puttalam,Intercity,2nd Class,225,221,221,219,100.0
2024-04-20,Colombo Fort - Puttalam,Intercity,3rd Class,487,462,493,470,93.71
2024-04-21,Colombo Fort - Galle,Slow/Local,1st Class,25,24,24,24,100.0
2024-04-21,Colombo Fort - Galle,Slow/Local,2nd Class,150,144,144,150,100.0
2024-04-21,Colombo Fort - Galle,Slow/Local,3rd Class,325,312,332,325,93.98
2024-04-21,Colombo Fort - Jaffna,Intercity,1st Class,37,35,35,37,100.0
2024-04-21,Colombo Fort - Jaffna,Intercity,2nd Class,225,210,210,205,100.0
2024-04-21,Colombo Fort - Jaffna,Intercity,3rd Class,487,463,504,472,91.87
2024-04-21,Colombo Fort - Kandy,Slow/Local,1st Class,25,24,24,24,100.0
2024-04-21,Colombo Fort - Kandy,Slow/Local,2nd Class,150,141,141,150,100.0
2024-04-21,Colombo Fort - Kandy,Slow/Local,3rd Class,325,312,335,316,93.13
2024-04-21,Colombo Fort - Negombo,Intercity,1st Class,37,34,34,37,100.0
2024-04-21,Colombo Fort - Negombo,Intercity,2nd Class,225,212,212,217,100.0
2024-04-21,Colombo Fort - Negombo,Intercity,3rd Class,487,456,503,477,90.66
2024-04-21,Colombo Fort - Ratnapura,Slow/Local,1st Class,25,24,24,25,100.0
2024-04-21,Colombo Fort - Ratnapura,Slow/Local,2nd Class,150,141,141,150,100.0
2024-04-21,Colombo Fort - Ratnapura,Slow/Local,3rd Class,325,312,335,305,93.13
2024-04-21,Maradana - Avissawella,Slow/Local,1st Class,25,23,23,25,100.0
2024-04-21,Maradana - Avissawella,Slow/Local,2nd Class,150,145,145,142,100.0
2024-04-21,Maradana - Avissawella,Slow/Local,3rd Class,325,311,332,318,93.67
2024-04-22,Colombo Fort - Badulla,Slow/Local,1st Class,25,22,30,25,73.33
2024-04-22,Colombo Fort - Badulla,Slow/Local,2nd Class,150,133,180,150,73.89
2024-04-22,Colombo Fort - Badulla,Slow/Local,3rd Class,325,287,290,325,98.97
2024-04-22,Colombo Fort - Jaffna,Slow/Local,1st Class,25,23,30,23,76.67
2024-04-22,Colombo Fort - Jaffna,Slow/Local,2nd Class,150,136,180,123,75.56
2024-04-22,Colombo Fort - Jaffna,Slow/Local,3rd Class,325,289,290,294,99.66
2024-04-22,Colombo Fort - Kandy,Express,1st Class,45,40,40,36,100.0
2024-04-22,Colombo Fort - Kandy,Express,2nd Class,270,239,239,240,100.0
2024-04-22,Colombo Fort - Kandy,Express,3rd Class,585,536,621,476,86.31
2024-04-22,Colombo Fort - Kandy,Slow/Local,1st Class,25,23,30,17,76.67
2024-04-22,Colombo Fort - Kandy,Slow/Local,2nd Class,150,134,180,101,74.44
2024-04-22,Colombo Fort - Kandy,Slow/Local,3rd Class,325,288,290,195,99.31
2024-04-22,Colombo Fort - Negombo,Slow/Local,1st Class,25,23,30,21,76.67
2024-04-22,Colombo Fort - Negombo,Slow/Local,2nd Class,150,131,180,127,72.78
2024-04-22,Colombo Fort - Negombo,Slow/Local,3rd Class,325,288,290,292,99.31
2024-04-22,Colombo Fort - Ratnapura,Intercity,1st Class,37,33,33,29,100.0
2024-04-22,Colombo Fort - Ratnapura,Intercity,2nd Class,225,201,201,186,100.0
2024-04-22,Colombo Fort - Ratnapura,Intercity,3rd Class,487,449,515,385,87.18
2024-04-22,Colombo Fort - Trincomalee,Express,1st Class,45,42,54,45,77.78
2024-04-22,Colombo Fort - Trincomalee,Express,2nd Class,270,225,324,266,69.44
2024-04-22,Colombo Fort - Trincomalee,Express,3rd Class,585,521,522,585,99.81
2024-04-22,Colombo Fort - Trincomalee,Intercity,1st Class,37,34,34,30,100.0
2024-04-22,Colombo Fort - Trincomalee,Intercity,2nd Class,225,201,201,209,100.0
2024-04-22,Colombo Fort - Trincomalee,Intercity,3rd Class,487,452,514,414,87.94
2024-04-23,Colombo Fort - Anuradhapura,Intercity,1st Class,37,33,44,31,75.0
2024-04-23,Colombo Fort - Anuradhapura,Intercity,2nd Class,225,203,270,187,75.19
2024-04-23,Colombo Fort - Anuradhapura,Intercity,3rd Class,487,434,435,435,99.77
2024-04-23,Colombo Fort - Badulla,Slow/Local,1st Class,25,23,30,23,76.67
2024-04-23,Colombo Fort - Badulla,Slow/Local,2nd Class,150,134,180,147,74.44
2024-04-23,Colombo Fort - Badulla,Slow/Local,3rd Class,325,288,290,310,99.31
2024-04-23,Colombo Fort - Galle,Slow/Local,1st Class,25,23,23,25,100.0
2024-04-23,Colombo Fort - Galle,Slow/Local,2nd Class,150,132,132,150,100.0
2024-04-23,Colombo Fort - Galle,Slow/Local,3rd Class,325,294,345,315,85.22
2024-04-23,Colombo Fort - Matara,Intercity,1st Class,37,34,34,37,100.0
2024-04-23,Colombo Fort - Matara,Intercity,2nd Class,225,202,202,221,100.0
2024-04-23,Colombo Fort - Matara,Intercity,3rd Class,487,452,513,487,88.11
2024-04-23,Colombo Fort - Ratnapura,Express,1st Class,45,42,42,43,100.0
2024-04-23,Colombo Fort - Ratnapura,Express,2nd Class,270,240,240,267,100.0
2024-04-23,Colombo Fort - Ratnapura,Express,3rd Class,585,559,618,585,90.45
2024-04-23,Colombo Fort - Trincomalee,Intercity,1st Class,37,33,33,26,100.0
2024-04-23,Colombo Fort - Trincomalee,Intercity,2nd Class,225,203,203,189,100.0
2024-04-23,Colombo Fort - Trincomalee,Intercity,3rd Class,487,448,513,373,87.33
2024-04-23,Colombo Fort - Vavuniya,Intercity,1st Class,37,34,34,36,100.0
2024-04-23,Colombo Fort - Vavuniya,Intercity,2nd Class,225,201,201,225,100.0
2024-04-23,Colombo Fort - Vavuniya,Intercity,3rd Class,487,453,514,484,88.13
2024-04-23,Colombo Fort - Vavuniya,Slow/Local,1st Class,25,23,30,25,76.67
2024-04-23,Colombo Fort - Vavuniya,Slow/Local,2nd Class,150,134,180,150,74.44
2024-04-23,Colombo Fort - Vavuniya,Slow/Local,3rd Class,325,287,290,310,98.97
2024-04-24,Colombo Fort - Badulla,Express,1st Class,45,40,40,45,100.0
2024-04-24,Colombo Fort - Badulla,Express,2nd Class,270,244,244,270,100.0
2024-04-24,Colombo Fort - Badulla,Express,3rd Class,585,538,616,585,87.34
2024-04-24,Colombo Fort - Jaffna,Slow/Local,1st Class,25,23,30,21,76.67
2024-04-24,Colombo Fort - Jaffna,Slow/Local,2nd Class,150,133,180,135,73.89
2024-04-24,Colombo Fort - Jaffna,Slow/Local,3rd Class,325,288,290,296,99.31
2024-04-24,Colombo Fort - Kandy,Night Mail,1st Class,32,25,38,32,65.79
2024-04-24,Colombo Fort - Kandy,Night Mail,2nd Class,195,171,234,195,73.08
2024-04-24,Colombo Fort - Kandy,Night Mail,3rd Class,422,338,377,422,89.66
2024-04-24,Colombo Fort - Kandy,Slow/Local,1st Class,25,21,30,25,70.0
2024-04-24,Colombo Fort - Kandy,Slow/Local,2nd Class,150,131,180,150,72.78
2024-04-24,Colombo Fort - Kandy,Slow/Local,3rd Class,325,289,290,325,99.66
2024-04-24,Colombo Fort - Matara,Express,1st Class,45,40,54,41,74.07
2024-04-24,Colombo Fort - Matara,Express,2nd Class,270,218,324,259,67.28
2024-04-24,Colombo Fort - Matara,Express,3rd Class,585,451,522,522,86.4
2024-04-24,Colombo Fort - Negombo,Slow/Local,1st Class,25,23,30,20,76.67
2024-04-24,Colombo Fort - Negombo,Slow/Local,2nd Class,150,131,180,121,72.78
2024-04-24,Colombo Fort - Negombo,Slow/Local,3rd Class,325,289,290,263,99.66
2024-04-24,Colombo Fort - Puttalam,Slow/Local,1st Class,25,23,30,23,76.67
2024-04-24,Colombo Fort - Puttalam,Slow/Local,2nd Class,150,133,180,150,73.89
2024-04-24,Colombo Fort - Puttalam,Slow/Local,3rd Class,325,289,290,314,99.66
2024-04-24,Colombo Fort - Trincomalee,Express,1st Class,45,42,42,43,100.0
2024-04-24,Colombo Fort - Trincomalee,Express,2nd Class,270,228,228,270,100.0
2024-04-24,Colombo Fort - Trincomalee,Express,3rd Class,585,554,630,585,87.94
2024-04-24,Colombo Fort - Trincomalee,Intercity,1st Class,37,33,33,37,100.0
2024-04-24,Colombo Fort - Trincomalee,Intercity,2nd Class,225,201,201,219,100.0
2024-04-24,Colombo Fort - Trincomalee,Intercity,3rd Class,487,448,515,487,86.99
2024-04-24,Kandy - Badulla,Intercity,1st Class,37,34,34,37,100.0
2024-04-24,Kandy - Badulla,Intercity,2nd Class,225,202,202,223,100.0
2024-04-24,Kandy - Badulla,Intercity,3rd Class,487,450,513,456,87.72
2024-04-25,Colombo Fort - Anuradhapura,Slow/Local,1st Class,25,23,30,25,76.67
2024-04-25,Colombo Fort - Anuradhapura,Slow/Local,2nd Class,150,134,180,146,74.44
2024-04-25,Colombo Fort - Anuradhapura,Slow/Local,3rd Class,325,290,290,325,100.0
2024-04-25,Colombo Fort - Matara,Slow/Local,1st Class,25,23,30,22,76.67
2024-04-25,Colombo Fort - Matara,Slow/Local,2nd Class,150,134,180,124,74.44
2024-04-25,Colombo Fort - Matara,Slow/Local,3rd Class,325,290,290,278,100.0
2024-04-25,Colombo Fort - Negombo,Night Mail,1st Class,32,28,38,22,73.68
2024-04-25,Colombo Fort - Negombo,Night Mail,2nd Class,195,173,234,149,73.93
2024-04-25,Colombo Fort - Negombo,Night Mail,3rd Class,422,368,377,303,97.61
2024-04-25,Colombo Fort - Puttalam,Slow/Local,1st Class,25,23,30,23,76.67
2024-04-25,Colombo Fort - Puttalam,Slow/Local,2nd Class,150,134,180,150,74.44
2024-04-25,Colombo Fort - Puttalam,Slow/Local,3rd Class,325,289,290,325,99.66
2024-04-25,Colombo Fort - Ratnapura,Express,1st Class,45,42,42,45,100.0
2024-04-25,Colombo Fort - Ratnapura,Express,2nd Class,270,243,243,261,100.0
2024-04-25,Colombo Fort - Ratnapura,Express,3rd Class,585,560,615,543,91.06
2024-04-25,Kandy - Badulla,Express,1st Class,45,41,41,45,100.0
2024-04-25,Kandy - Badulla,Express,2nd Class,270,242,242,268,100.0
2024-04-25,Kandy - Badulla,Express,3rd Class,585,537,617,585,87.03
2024-04-26,Colombo Fort - Badulla,Slow/Local,1st Class,25,24,24,25,100.0
2024-04-26,Colombo Fort - Badulla,Slow/Local,2nd Class,150,140,140,150,100.0
2024-04-26,Colombo Fort - Badulla,Slow/Local,3rd Class,325,308,336,317,91.67
2024-04-26,Colombo Fort - Kurunegala,Express,1st Class,45,41,41,30,100.0
2024-04-26,Colombo Fort - Kurunegala,Express,2nd Class,270,259,259,172,100.0
2024-04-26,Colombo Fort - Kurunegala,Express,3rd Class,585,557,600,417,92.83
2024-04-26,Colombo Fort - Kurunegala,Intercity,1st Class,37,34,34,32,100.0
2024-04-26,Colombo Fort - Kurunegala,Intercity,2nd Class,225,211,211,195,100.0
2024-04-26,Colombo Fort - Kurunegala,Intercity,3rd Class,487,449,504,432,89.09
2024-04-26,Colombo Fort - Negombo,Express,1st Class,45,41,41,44,100.0
2024-04-26,Colombo Fort - Negombo,Express,2nd Class,270,256,256,270,100.0
2024-04-26,Colombo Fort - Negombo,Express,3rd Class,585,555,603,585,92.04
2024-04-26,Colombo Fort - Negombo,Slow/Local,1st Class,25,23,23,23,100.0
2024-04-26,Colombo Fort - Negombo,Slow/Local,2nd Class,150,140,140,150,100.0
2024-04-26,Colombo Fort - Negombo,Slow/Local,3rd Class,325,305,337,321,90.5
2024-04-26,Colombo Fort - Puttalam,Intercity,1st Class,37,35,35,37,100.0
2024-04-26,Colombo Fort - Puttalam,Intercity,2nd Class,225,221,221,225,100.0
2024-04-26,Colombo Fort - Puttalam,Intercity,3rd Class,487,460,493,475,93.31
2024-04-26,Colombo Fort - Trincomalee,Slow/Local,1st Class,25,23,23,23,100.0
2024-04-26,Colombo Fort - Trincomalee,Slow/Local,2nd Class,150,138,138,139,100.0
2024-04-26,Colombo Fort - Trincomalee,Slow/Local,3rd Class,325,301,339,297,88.79
2024-04-26,Colombo Fort - Vavuniya,Intercity,1st Class,37,35,35,31,100.0
2024-04-26,Colombo Fort - Vavuniya,Intercity,2nd Class,225,214,214,164,100.0
2024-04-26,Colombo Fort - Vavuniya,Intercity,3rd Class,487,470,500,413,94.0
2024-04-27,Colombo Fort - Badulla,Express,1st Class,45,41,41,41,100.0
2024-04-27,Colombo Fort - Badulla,Express,2nd Class,270,252,252,242,100.0
2024-04-27,Colombo Fort - Badulla,Express,3rd Class,585,550,607,524,90.61
2024-04-27,Colombo Fort - Batticaloa,Night Mail,1st Class,32,29,29,31,100.0
2024-04-27,Colombo Fort - Batticaloa,Night Mail,2nd Class,195,177,177,190,100.0
2024-04-27,Colombo Fort - Batticaloa,Night Mail,3rd Class,422,384,443,422,86.68
2024-04-27,Colombo Fort - Galle,Intercity,1st Class,37,34,34,34,100.0
2024-04-27,Colombo Fort - Galle,Intercity,2nd Class,225,213,213,225,100.0
2024-04-27,Colombo Fort - Galle,Intercity,3rd Class,487,451,502,457,89.84
2024-04-27,Colombo Fort - Kandy,Express,1st Class,45,41,41,42,100.0
2024-04-27,Colombo Fort - Kandy,Express,2nd Class,270,256,256,270,100.0
2024-04-27,Colombo Fort - Kandy,Express,3rd Class,585,541,603,565,89.72
2024-04-27,Colombo Fort - Matara,Express,1st Class,45,43,54,41,79.63
2024-04-27,Colombo Fort - Matara,Express,2nd Class,270,245,324,212,75.62
2024-04-27,Colombo Fort - Matara,Express,3rd Class,585,518,522,565,99.23
2024-04-27,Colombo Fort - Negombo,Slow/Local,1st Class,25,23,23,22,100.0
2024-04-27,Colombo Fort - Negombo,Slow/Local,2nd Class,150,140,140,148,100.0
2024-04-27,Colombo Fort - Negombo,Slow/Local,3rd Class,325,309,337,325,91.69
2024-04-27,Colombo Fort - Puttalam,Slow/Local,1st Class,25,23,23,24,100.0
2024-04-27,Colombo Fort - Puttalam,Slow/Local,2nd Class,150,140,140,150,100.0
2024-04-27,Colombo Fort - Puttalam,Slow/Local,3rd Class,325,308,337,325,91.39
2024-04-27,Colombo Fort - Ratnapura,Intercity,1st Class,37,34,34,37,100.0
2024-04-27,Colombo Fort - Ratnapura,Intercity,2nd Class,225,208,208,221,100.0
2024-04-27,Colombo Fort - Ratnapura,Intercity,3rd Class,487,449,507,487,88.56
2024-04-27,Colombo Fort - Ratnapura,Slow/Local,1st Class,25,23,23,23,100.0
2024-04-27,Colombo Fort - Ratnapura,Slow/Local,2nd Class,150,139,139,150,100.0
2024-04-27,Colombo Fort - Ratnapura,Slow/Local,3rd Class,325,305,338,319,90.24
2024-04-27,Colombo Fort - Vavuniya,Intercity,1st Class,37,35,35,34,100.0
2024-04-27,Colombo Fort - Vavuniya,Intercity,2nd Class,225,209,209,223,100.0
2024-04-27,Colombo Fort - Vavuniya,Intercity,3rd Class,487,452,505,451,89.5
2024-04-27,Kandy - Badulla,Express,1st Class,45,42,42,45,100.0
2024-04-27,Kandy - Badulla,Express,2nd Class,270,255,255,265,100.0
2024-04-27,Kandy - Badulla,Express,3rd Class,585,568,603,585,94.2
2024-04-27,Kandy - Badulla,Slow/Local,1st Class,25,23,23,24,100.0
2024-04-27,Kandy - Badulla,Slow/Local,2nd Class,150,139,139,141,100.0
2024-04-27,Kandy - Badulla,Slow/Local,3rd Class,325,307,338,304,90.83
2024-04-27,Maradana - Avissawella,Intercity,1st Class,37,34,34,37,100.0
2024-04-27,Maradana - Avissawella,Intercity,2nd Class,225,207,207,225,100.0
2024-04-27,Maradana - Avissawella,Intercity,3rd Class,487,455,508,487,89.57
2024-04-28,Colombo Fort - Anuradhapura,Intercity,1st Class,37,35,35,37,100.0
2024-04-28,Colombo Fort - Anuradhapura,Intercity,2nd Class,225,211,211,225,100.0
2024-04-28,Colombo Fort - Anuradhapura,Intercity,3rd Class,487,454,503,480,90.26
2024-04-28,Colombo Fort - Badulla,Express,1st Class,45,40,40,45,100.0
2024-04-28,Colombo Fort - Badulla,Express,2nd Class,270,247,247,255,100.0
2024-04-28,Colombo Fort - Badulla,Express,3rd Class,585,545,613,585,88.91
2024-04-28,Colombo Fort - Batticaloa,Express,1st Class,45,42,42,45,100.0
2024-04-28,Colombo Fort - Batticaloa,Express,2nd Class,270,251,251,267,100.0
2024-04-28,Colombo Fort - Batticaloa,Express,3rd Class,585,567,607,585,93.41
2024-04-28,Colombo Fort - Kandy,Intercity,1st Class,37,35,35,37,100.0
2024-04-28,Colombo Fort - Kandy,Intercity,2nd Class,225,214,214,225,100.0
2024-04-28,Colombo Fort - Kandy,Intercity,3rd Class,487,455,500,487,91.0
2024-04-28,Colombo Fort - Kandy,Slow/Local,1st Class,25,24,24,25,100.0
2024-04-28,Colombo Fort - Kandy,Slow/Local,2nd Class,150,140,140,149,100.0
2024-04-28,Colombo Fort - Kandy,Slow/Local,3rd Class,325,309,336,320,91.96
2024-04-28,Colombo Fort - Kurunegala,Intercity,1st Class,37,34,34,37,100.0
2024-04-28,Colombo Fort - Kurunegala,Intercity,2nd Class,225,210,210,222,100.0
2024-04-28,Colombo Fort - Kurunegala,Intercity,3rd Class,487,458,505,487,90.69
2024-04-28,Colombo Fort - Kurunegala,Slow/Local,1st Class,25,24,24,23,100.0
2024-04-28,Colombo Fort - Kurunegala,Slow/Local,2nd Class,150,141,141,150,100.0
2024-04-28,Colombo Fort - Kurunegala,Slow/Local,3rd Class,325,298,335,316,88.96
2024-04-28,Colombo Fort - Negombo,Express,1st Class,45,41,41,43,100.0
2024-04-28,Colombo Fort - Negombo,Express,2nd Class,270,257,257,258,100.0
2024-04-28,Colombo Fort - Negombo,Express,3rd Class,585,552,602,565,91.69
2024-04-28,Colombo Fort - Negombo,Intercity,1st Class,37,34,34,37,100.0
2024-04-28,Colombo Fort - Negombo,Intercity,2nd Class,225,210,210,213,100.0
2024-04-28,Colombo Fort - Negombo,Intercity,3rd Class,487,446,505,487,88.32
2024-04-28,Colombo Fort - Puttalam,Intercity,1st Class,37,35,35,35,100.0
2024-04-28,Colombo Fort - Puttalam,Intercity,2nd Class,225,222,222,223,100.0
2024-04-28,Colombo Fort - Puttalam,Intercity,3rd Class,487,461,492,487,93.7
2024-04-28,Colombo Fort - Puttalam,Slow/Local,1st Class,25,24,24,25,100.0
2024-04-28,Colombo Fort - Puttalam,Slow/Local,2nd Class,150,139,139,148,100.0
2024-04-28,Colombo Fort - Puttalam,Slow/Local,3rd Class,325,309,337,325,91.69
2024-04-28,Colombo Fort - Ratnapura,Express,1st Class,45,41,41,42,100.0
2024-04-28,Colombo Fort - Ratnapura,Express,2nd Class,270,257,257,255,100.0
2024-04-28,Colombo Fort - Ratnapura,Express,3rd Class,585,559,602,585,92.86
2024-04-28,Kandy - Badulla,Night Mail,1st Class,32,32,32,29,100.0
2024-04-28,Kandy - Badulla,Night Mail,2nd Class,195,182,182,182,100.0
2024-04-28,Kandy - Badulla,Night Mail,3rd Class,422,387,435,337,88.97
2024-04-28,Maradana - Avissawella,Intercity,1st Class,37,34,34,34,100.0
2024-04-28,Maradana - Avissawella,Intercity,2nd Class,225,208,208,216,100.0
2024-04-28,Maradana - Avissawella,Intercity,3rd Class,487,471,507,484,92.9
2024-04-29,Colombo Fort - Batticaloa,Intercity,1st Class,37,33,44,31,75.0
2024-04-29,Colombo Fort - Batticaloa,Intercity,2nd Class,225,199,270,188,73.7
2024-04-29,Colombo Fort - Batticaloa,Intercity,3rd Class,487,433,435,401,99.54
2024-04-29,Colombo Fort - Galle,Express,1st Class,45,39,39,34,100.0
2024-04-29,Colombo Fort - Galle,Express,2nd Class,270,239,239,193,100.0
2024-04-29,Colombo Fort - Galle,Express,3rd Class,585,529,622,462,85.05
2024-04-29,Colombo Fort - Galle,Slow/Local,1st Class,25,23,23,20,100.0
2024-04-29,Colombo Fort - Galle,Slow/Local,2nd Class,150,133,133,124,100.0
2024-04-29,Colombo Fort - Galle,Slow/Local,3rd Class,325,293,344,271,85.17
2024-04-29,Colombo Fort - Jaffna,Night Mail,1st Class,32,27,38,31,71.05
2024-04-29,Colombo Fort - Jaffna,Night Mail,2nd Class,195,159,234,189,67.95
2024-04-29,Colombo Fort - Jaffna,Night Mail,3rd Class,422,349,377,404,92.57
2024-04-29,Colombo Fort - Kandy,Intercity,1st Class,37,33,33,37,100.0
2024-04-29,Colombo Fort - Kandy,Intercity,2nd Class,225,199,199,225,100.0
2024-04-29,Colombo Fort - Kandy,Intercity,3rd Class,487,438,517,487,84.72
2024-04-29,Colombo Fort - Kandy,Night Mail,1st Class,32,26,38,32,68.42
2024-04-29,Colombo Fort - Kandy,Night Mail,2nd Class,195,167,234,195,71.37
2024-04-29,Colombo Fort - Kandy,Night Mail,3rd Class,422,346,377,390,91.78
2024-04-29,Colombo Fort - Negombo,Slow/Local,1st Class,25,22,30,25,73.33
2024-04-29,Colombo Fort - Negombo,Slow/Local,2nd Class,150,134,180,137,74.44
2024-04-29,Colombo Fort - Negombo,Slow/Local,3rd Class,325,282,290,325,97.24
2024-04-29,Colombo Fort - Trincomalee,Slow/Local,1st Class,25,23,30,23,76.67
2024-04-29,Colombo Fort - Trincomalee,Slow/Local,2nd Class,150,134,180,150,74.44
2024-04-29,Colombo Fort - Trincomalee,Slow/Local,3rd Class,325,285,290,288,98.28
2024-04-29,Kandy - Badulla,Intercity,1st Class,37,33,44,37,75.0
2024-04-29,Kandy - Badulla,Intercity,2nd Class,225,204,270,223,75.56
2024-04-29,Kandy - Badulla,Intercity,3rd Class,487,433,435,487,99.54
2024-04-29,Maradana - Avissawella,Intercity,1st Class,37,33,44,33,75.0
2024-04-29,Maradana - Avissawella,Intercity,2nd Class,225,197,270,202,72.96
2024-04-29,Maradana - Avissawella,Intercity,3rd Class,487,429,435,460,98.62
2024-04-30,Colombo Fort - Batticaloa,Intercity,1st Class,37,33,44,36,75.0
2024-04-30,Colombo Fort - Batticaloa,Intercity,2nd Class,225,197,270,216,72.96
2024-04-30,Colombo Fort - Batticaloa,Intercity,3rd Class,487,427,435,487,98.16
2024-04-30,Colombo Fort - Kandy,Slow/Local,1st Class,25,22,30,23,73.33
2024-04-30,Colombo Fort - Kandy,Slow/Local,2nd Class,150,135,180,140,75.0
2024-04-30,Colombo Fort - Kandy,Slow/Local,3rd Class,325,285,290,304,98.28
2024-04-30,Colombo Fort - Matara,Intercity,1st Class,37,33,33,30,100.0
2024-04-30,Colombo Fort - Matara,Intercity,2nd Class,225,199,199,166,100.0
2024-04-30,Colombo Fort - Matara,Intercity,3rd Class,487,437,517,374,84.53
2024-04-30,Colombo Fort - Trincomalee,Express,1st Class,45,41,41,44,100.0
2024-04-30,Colombo Fort - Trincomalee,Express,2nd Class,270,231,231,270,100.0
2024-04-30,Colombo Fort - Trincomalee,Express,3rd Class,585,533,628,585,84.87
2024-04-30,Colombo Fort - Trincomalee,Slow/Local,1st Class,25,22,30,23,73.33
2024-04-30,Colombo Fort - Trincomalee,Slow/Local,2nd Class,150,134,180,149,74.44
2024-04-30,Colombo Fort - Trincomalee,Slow/Local,3rd Class,325,285,290,324,98.28
2024-04-30,Colombo Fort - Vavuniya,Slow/Local,1st Class,25,23,30,22,76.67
2024-04-30,Colombo Fort - Vavuniya,Slow/Local,2nd Class,150,134,180,126,74.44
2024-04-30,Colombo Fort - Vavuniya,Slow/Local,3rd Class,325,286,290,298,98.62
2024-05-01,Colombo Fort - Anuradhapura,Intercity,1st Class,37,31,44,32,70.45
2024-05-01,Colombo Fort - Anuradhapura,Intercity,2nd Class,225,185,270,199,68.52
2024-05-01,Colombo Fort - Anuradhapura,Intercity,3rd Class,487,412,435,432,94.71
2024-05-01,Colombo Fort - Batticaloa,Slow/Local,1st Class,25,21,30,15,70.0
2024-05-01,Colombo Fort - Batticaloa,Slow/Local,2nd Class,150,124,180,90,68.89
2024-05-01,Colombo Fort - Batticaloa,Slow/Local,3rd Class,325,263,290,205,90.69
2024-05-01,Colombo Fort - Galle,Intercity,1st Class,37,30,44,35,68.18
2024-05-01,Colombo Fort - Galle,Intercity,2nd Class,225,180,270,214,66.67
2024-05-01,Colombo Fort - Galle,Intercity,3rd Class,487,418,435,464,96.09
2024-05-01,Colombo Fort - Galle,Night Mail,1st Class,32,24,38,31,63.16
2024-05-01,Colombo Fort - Galle,Night Mail,2nd Class,195,167,234,191,71.37
2024-05-01,Colombo Fort - Galle,Night Mail,3rd Class,422,346,377,415,91.78
2024-05-01,Colombo Fort - Matara,Intercity,1st Class,37,31,44,30,70.45
2024-05-01,Colombo Fort - Matara,Intercity,2nd Class,225,183,270,189,67.78
2024-05-01,Colombo Fort - Matara,Intercity,3rd Class,487,418,435,413,96.09
2024-05-01,Colombo Fort - Negombo,Express,1st Class,45,37,54,44,68.52
2024-05-01,Colombo Fort - Negombo,Express,2nd Class,270,217,324,268,66.98
2024-05-01,Colombo Fort - Negombo,Express,3rd Class,585,451,522,585,86.4
2024-05-01,Colombo Fort - Trincomalee,Slow/Local,1st Class,25,21,30,24,70.0
2024-05-01,Colombo Fort - Trincomalee,Slow/Local,2nd Class,150,130,180,150,72.22
2024-05-01,Colombo Fort - Trincomalee,Slow/Local,3rd Class,325,259,290,325,89.31
2024-05-01,Kandy - Badulla,Night Mail,1st Class,32,29,29,25,100.0
2024-05-01,Kandy - Badulla,Night Mail,2nd Class,195,161,161,139,100.0
2024-05-01,Kandy - Badulla,Night Mail,3rd Class,422,403,459,319,87.8
2024-05-02,Colombo Fort - Anuradhapura,Slow/Local,1st Class,25,21,30,25,70.0
2024-05-02,Colombo Fort - Anuradhapura,Slow/Local,2nd Class,150,124,180,150,68.89
2024-05-02,Colombo Fort - Anuradhapura,Slow/Local,3rd Class,325,271,290,316,93.45
2024-05-02,Colombo Fort - Badulla,Express,1st Class,45,37,54,27,68.52
2024-05-02,Colombo Fort - Badulla,Express,2nd Class,270,224,324,190,69.14
2024-05-02,Colombo Fort - Badulla,Express,3rd Class,585,444,522,414,85.06
2024-05-02,Colombo Fort - Badulla,Slow/Local,1st Class,25,21,30,24,70.0
2024-05-02,Colombo Fort - Badulla,Slow/Local,2nd Class,150,125,180,136,69.44
2024-05-02,Colombo Fort - Badulla,Slow/Local,3rd Class,325,274,290,295,94.48
2024-05-02,Colombo Fort - Galle,Express,1st Class,45,37,54,45,68.52
2024-05-02,Colombo Fort - Galle,Express,2nd Class,270,217,324,259,66.98
2024-05-02,Colombo Fort - Galle,Express,3rd Class,585,480,522,585,91.95
2024-05-02,Colombo Fort - Galle,Slow/Local,1st Class,25,21,30,25,70.0
2024-05-02,Colombo Fort - Galle,Slow/Local,2nd Class,150,127,180,150,70.56
2024-05-02,Colombo Fort - Galle,Slow/Local,3rd Class,325,271,290,319,93.45
2024-05-02,Colombo Fort - Jaffna,Express,1st Class,45,37,54,44,68.52
2024-05-02,Colombo Fort - Jaffna,Express,2nd Class,270,219,324,255,67.59
2024-05-02,Colombo Fort - Jaffna,Express,3rd Class,585,481,522,574,92.15
2024-05-02,Colombo Fort - Jaffna,Intercity,1st Class,37,30,44,30,68.18
2024-05-02,Colombo Fort - Jaffna,Intercity,2nd Class,225,187,270,171,69.26
2024-05-02,Colombo Fort - Jaffna,Intercity,3rd Class,487,389,435,346,89.43
2024-05-02,Colombo Fort - Kurunegala,Intercity,1st Class,37,32,44,34,72.73
2024-05-02,Colombo Fort - Kurunegala,Intercity,2nd Class,225,189,270,201,70.0
2024-05-02,Colombo Fort - Kurunegala,Intercity,3rd Class,487,405,435,454,93.1
2024-05-02,Colombo Fort - Matara,Intercity,1st Class,37,32,44,31,72.73
2024-05-02,Colombo Fort - Matara,Intercity,2nd Class,225,185,270,184,68.52
2024-05-02,Colombo Fort - Matara,Intercity,3rd Class,487,402,435,427,92.41
2024-05-02,Colombo Fort - Matara,Night Mail,1st Class,32,27,38,32,71.05
2024-05-02,Colombo Fort - Matara,Night Mail,2nd Class,195,165,234,195,70.51
2024-05-02,Colombo Fort - Matara,Night Mail,3rd Class,422,343,377,422,90.98
2024-05-02,Colombo Fort - Vavuniya,Intercity,1st Class,37,32,44,28,72.73
2024-05-02,Colombo Fort - Vavuniya,Intercity,2nd Class,225,189,270,165,70.0
2024-05-02,Colombo Fort - Vavuniya,Intercity,3rd Class,487,405,435,322,93.1
2024-05-02,Maradana - Avissawella,Slow/Local,1st Class,25,21,30,25,70.0
2024-05-02,Maradana - Avissawella,Slow/Local,2nd Class,150,125,180,150,69.44
2024-05-02,Maradana - Avissawella,Slow/Local,3rd Class,325,266,290,325,91.72
2024-05-03,Colombo Fort - Batticaloa,Intercity,1st Class,37,34,34,27,100.0
2024-05-03,Colombo Fort - Batticaloa,Intercity,2nd Class,225,199,199,158,100.0
2024-05-03,Colombo Fort - Batticaloa,Intercity,3rd Class,487,436,516,372,84.5
2024-05-03,Colombo Fort - Jaffna,Slow/Local,1st Class,25,24,24,25,100.0
2024-05-03,Colombo Fort - Jaffna,Slow/Local,2nd Class,150,138,138,139,100.0
2024-05-03,Colombo Fort - Jaffna,Slow/Local,3rd Class,325,304,338,325,89.94
2024-05-03,Colombo Fort - Kurunegala,Slow/Local,1st Class,25,23,30,24,76.67
2024-05-03,Colombo Fort - Kurunegala,Slow/Local,2nd Class,150,140,180,150,77.78
2024-05-03,Colombo Fort - Kurunegala,Slow/Local,3rd Class,325,286,290,314,98.62
2024-05-03,Colombo Fort - Matara,Slow/Local,1st Class,25,23,23,19,100.0
2024-05-03,Colombo Fort - Matara,Slow/Local,2nd Class,150,139,139,113,100.0
2024-05-03,Colombo Fort - Matara,Slow/Local,3rd Class,325,304,338,247,89.94
2024-05-03,Colombo Fort - Negombo,Intercity,1st Class,37,33,44,29,75.0
2024-05-03,Colombo Fort - Negombo,Intercity,2nd Class,225,205,270,197,75.93
2024-05-03,Colombo Fort - Negombo,Intercity,3rd Class,487,428,435,412,98.39
2024-05-03,Colombo Fort - Puttalam,Intercity,1st Class,37,33,44,27,75.0
2024-05-03,Colombo Fort - Puttalam,Intercity,2nd Class,225,210,270,169,77.78
2024-05-03,Colombo Fort - Puttalam,Intercity,3rd Class,487,432,435,384,99.31
2024-05-04,Colombo Fort - Badulla,Express,1st Class,45,40,40,44,100.0
2024-05-04,Colombo Fort - Badulla,Express,2nd Class,270,234,234,270,100.0
2024-05-04,Colombo Fort - Badulla,Express,3rd Class,585,526,626,585,84.03
2024-05-04,Colombo Fort - Galle,Intercity,1st Class,37,33,44,35,75.0
2024-05-04,Colombo Fort - Galle,Intercity,2nd Class,225,214,270,209,79.26
2024-05-04,Colombo Fort - Galle,Intercity,3rd Class,487,431,435,461,99.08
2024-05-04,Colombo Fort - Matara,Slow/Local,1st Class,25,23,23,19,100.0
2024-05-04,Colombo Fort - Matara,Slow/Local,2nd Class,150,138,138,114,100.0
2024-05-04,Colombo Fort - Matara,Slow/Local,3rd Class,325,301,339,245,88.79
2024-05-04,Colombo Fort - Puttalam,Express,1st Class,45,42,42,44,100.0
2024-05-04,Colombo Fort - Puttalam,Express,2nd Class,270,252,252,249,100.0
2024-05-04,Colombo Fort - Puttalam,Express,3rd Class,585,574,606,549,94.72
2024-05-04,Colombo Fort - Ratnapura,Express,1st Class,45,39,39,45,100.0
2024-05-04,Colombo Fort - Ratnapura,Express,2nd Class,270,248,248,269,100.0
2024-05-04,Colombo Fort - Ratnapura,Express,3rd Class,585,547,613,585,89.23
2024-05-04,Colombo Fort - Trincomalee,Intercity,1st Class,37,34,44,36,77.27
2024-05-04,Colombo Fort - Trincomalee,Intercity,2nd Class,225,200,270,225,74.07
2024-05-04,Colombo Fort - Trincomalee,Intercity,3rd Class,487,406,435,487,93.33
2024-05-04,Colombo Fort - Trincomalee,Slow/Local,1st Class,25,23,23,24,100.0
2024-05-04,Colombo Fort - Trincomalee,Slow/Local,2nd Class,150,138,138,150,100.0
2024-05-04,Colombo Fort - Trincomalee,Slow/Local,3rd Class,325,303,339,314,89.38
2024-05-04,Colombo Fort - Vavuniya,Intercity,1st Class,37,33,33,37,100.0
2024-05-04,Colombo Fort - Vavuniya,Intercity,2nd Class,225,202,202,225,100.0
2024-05-04,Colombo Fort - Vavuniya,Intercity,3rd Class,487,438,514,476,85.21
2024-05-04,Kandy - Badulla,Express,1st Class,45,41,41,45,100.0
2024-05-04,Kandy - Badulla,Express,2nd Class,270,250,250,270,100.0
2024-05-04,Kandy - Badulla,Express,3rd Class,585,556,609,576,91.3
2024-05-04,Kandy - Badulla,Intercity,1st Class,37,34,34,29,100.0
2024-05-04,Kandy - Badulla,Intercity,2nd Class,225,207,207,187,100.0
2024-05-04,Kandy - Badulla,Intercity,3rd Class,487,448,508,389,88.19
2024-05-05,Colombo Fort - Kandy,Express,1st Class,45,41,41,34,100.0
2024-05-05,Colombo Fort - Kandy,Express,2nd Class,270,252,252,191,100.0
2024-05-05,Colombo Fort - Kandy,Express,3rd Class,585,555,607,428,91.43
2024-05-05,Colombo Fort - Negombo,Intercity,1st Class,37,33,33,36,100.0
2024-05-05,Colombo Fort - Negombo,Intercity,2nd Class,225,204,204,220,100.0
2024-05-05,Colombo Fort - Negombo,Intercity,3rd Class,487,447,512,487,87.3
2024-05-05,Colombo Fort - Ratnapura,Express,1st Class,45,40,40,40,100.0
2024-05-05,Colombo Fort - Ratnapura,Express,2nd Class,270,247,247,234,100.0
2024-05-05,Colombo Fort - Ratnapura,Express,3rd Class,585,545,613,531,88.91
2024-05-05,Maradana - Avissawella,Intercity,1st Class,37,33,33,26,100.0
2024-05-05,Maradana - Avissawella,Intercity,2nd Class,225,198,198,146,100.0
2024-05-05,Maradana - Avissawella,Intercity,3rd Class,487,438,518,305,84.56
2024-05-06,Colombo Fort - Badulla,Express,1st Class,45,39,54,40,72.22
2024-05-06,Colombo Fort - Badulla,Express,2nd Class,270,227,324,242,70.06
2024-05-06,Colombo Fort - Badulla,Express,3rd Class,585,495,522,533,94.83
2024-05-06,Colombo Fort - Badulla,Intercity,1st Class,37,31,44,29,70.45
2024-05-06,Colombo Fort - Badulla,Intercity,2nd Class,225,189,270,182,70.0
2024-05-06,Colombo Fort - Badulla,Intercity,3rd Class,487,405,435,389,93.1
2024-05-06,Colombo Fort - Galle,Intercity,1st Class,37,30,44,26,68.18
2024-05-06,Colombo Fort - Galle,Intercity,2nd Class,225,185,270,172,68.52
2024-05-06,Colombo Fort - Galle,Intercity,3rd Class,487,425,435,403,97.7
2024-05-06,Colombo Fort - Kurunegala,Intercity,1st Class,37,31,44,36,70.45
2024-05-06,Colombo Fort - Kurunegala,Intercity,2nd Class,225,189,270,212,70.0
2024-05-06,Colombo Fort - Kurunegala,Intercity,3rd Class,487,395,435,472,90.8
2024-05-06,Colombo Fort - Matara,Slow/Local,1st Class,25,20,30,25,66.67
2024-05-06,Colombo Fort - Matara,Slow/Local,2nd Class,150,120,180,150,66.67
2024-05-06,Colombo Fort - Matara,Slow/Local,3rd Class,325,262,290,317,90.34
2024-05-06,Colombo Fort - Ratnapura,Express,1st Class,45,38,54,45,70.37
2024-05-06,Colombo Fort - Ratnapura,Express,2nd Class,270,224,324,265,69.14
2024-05-06,Colombo Fort - Ratnapura,Express,3rd Class,585,461,522,584,88.31
2024-05-06,Colombo Fort - Ratnapura,Intercity,1st Class,37,31,44,37,70.45
2024-05-06,Colombo Fort - Ratnapura,Intercity,2nd Class,225,188,270,225,69.63
2024-05-06,Colombo Fort - Ratnapura,Intercity,3rd Class,487,431,435,487,99.08
2024-05-06,Colombo Fort - Trincomalee,Intercity,1st Class,37,32,44,37,72.73
2024-05-06,Colombo Fort - Trincomalee,Intercity,2nd Class,225,189,270,216,70.0
2024-05-06,Colombo Fort - Trincomalee,Intercity,3rd Class,487,402,435,487,92.41
2024-05-06,Kandy - Badulla,Intercity,1st Class,37,31,44,30,70.45
2024-05-06,Kandy - Badulla,Intercity,2nd Class,225,192,270,204,71.11
2024-05-06,Kandy - Badulla,Intercity,3rd Class,487,404,435,427,92.87
2024-05-06,Maradana - Avissawella,Intercity,1st Class,37,31,44,25,70.45
2024-05-06,Maradana - Avissawella,Intercity,2nd Class,225,185,270,139,68.52
2024-05-06,Maradana - Avissawella,Intercity,3rd Class,487,434,435,314,99.77
2024-05-06,Maradana - Avissawella,Slow/Local,1st Class,25,21,30,25,70.0
2024-05-06,Maradana - Avissawella,Slow/Local,2nd Class,150,126,180,149,70.0
2024-05-06,Maradana - Avissawella,Slow/Local,3rd Class,325,272,290,305,93.79
2024-05-07,Colombo Fort - Anuradhapura,Express,1st Class,45,38,54,41,70.37
2024-05-07,Colombo Fort - Anuradhapura,Express,2nd Class,270,222,324,241,68.52
2024-05-07,Colombo Fort - Anuradhapura,Express,3rd Class,585,497,522,527,95.21
2024-05-07,Colombo Fort - Puttalam,Night Mail,1st Class,32,27,38,28,71.05
2024-05-07,Colombo Fort - Puttalam,Night Mail,2nd Class,195,157,234,168,67.09
2024-05-07,Colombo Fort - Puttalam,Night Mail,3rd Class,422,341,377,367,90.45
2024-05-07,Colombo Fort - Puttalam,Slow/Local,1st Class,25,21,30,20,70.0
2024-05-07,Colombo Fort - Puttalam,Slow/Local,2nd Class,150,123,180,122,68.33
2024-05-07,Colombo Fort - Puttalam,Slow/Local,3rd Class,325,270,290,281,93.1
2024-05-07,Colombo Fort - Ratnapura,Slow/Local,1st Class,25,20,30,17,66.67
2024-05-07,Colombo Fort - Ratnapura,Slow/Local,2nd Class,150,122,180,114,67.78
2024-05-07,Colombo Fort - Ratnapura,Slow/Local,3rd Class,325,267,290,237,92.07
2024-05-08,Colombo Fort - Anuradhapura,Slow/Local,1st Class,25,22,30,22,73.33
2024-05-08,Colombo Fort - Anuradhapura,Slow/Local,2nd Class,150,128,180,150,71.11
2024-05-08,Colombo Fort - Anuradhapura,Slow/Local,3rd Class,325,272,290,311,93.79
2024-05-08,Colombo Fort - Badulla,Intercity,1st Class,37,31,44,34,70.45
2024-05-08,Colombo Fort - Badulla,Intercity,2nd Class,225,188,270,189,69.63
2024-05-08,Colombo Fort - Badulla,Intercity,3rd Class,487,414,435,419,95.17
2024-05-08,Colombo Fort - Galle,Intercity,1st Class,37,30,44,36,68.18
2024-05-08,Colombo Fort - Galle,Intercity,2nd Class,225,184,270,212,68.15
2024-05-08,Colombo Fort - Galle,Intercity,3rd Class,487,434,435,464,99.77
2024-05-08,Colombo Fort - Jaffna,Intercity,1st Class,37,31,44,28,70.45
2024-05-08,Colombo Fort - Jaffna,Intercity,2nd Class,225,189,270,147,70.0
2024-05-08,Colombo Fort - Jaffna,Intercity,3rd Class,487,411,435,311,94.48
2024-05-08,Colombo Fort - Kandy,Intercity,1st Class,37,31,44,34,70.45
2024-05-08,Colombo Fort - Kandy,Intercity,2nd Class,225,188,270,205,69.63
2024-05-08,Colombo Fort - Kandy,Intercity,3rd Class,487,407,435,404,93.56
2024-05-08,Colombo Fort - Kurunegala,Slow/Local,1st Class,25,21,30,23,70.0
2024-05-08,Colombo Fort - Kurunegala,Slow/Local,2nd Class,150,126,180,136,70.0
2024-05-08,Colombo Fort - Kurunegala,Slow/Local,3rd Class,325,265,290,290,91.38
2024-05-08,Colombo Fort - Ratnapura,Intercity,1st Class,37,31,44,34,70.45
2024-05-08,Colombo Fort - Ratnapura,Intercity,2nd Class,225,188,270,177,69.63
2024-05-08,Colombo Fort - Ratnapura,Intercity,3rd Class,487,429,435,396,98.62
2024-05-08,Colombo Fort - Trincomalee,Intercity,1st Class,37,31,44,36,70.45
2024-05-08,Colombo Fort - Trincomalee,Intercity,2nd Class,225,188,270,225,69.63
2024-05-08,Colombo Fort - Trincomalee,Intercity,3rd Class,487,412,435,437,94.71
2024-05-08,Colombo Fort - Trincomalee,Night Mail,1st Class,32,26,38,31,68.42
2024-05-08,Colombo Fort - Trincomalee,Night Mail,2nd Class,195,163,234,172,69.66
2024-05-08,Colombo Fort - Trincomalee,Night Mail,3rd Class,422,351,377,395,93.1
2024-05-08,Colombo Fort - Vavuniya,Intercity,1st Class,37,31,44,37,70.45
2024-05-08,Colombo Fort - Vavuniya,Intercity,2nd Class,225,189,270,225,70.0
2024-05-08,Colombo Fort - Vavuniya,Intercity,3rd Class,487,434,435,487,99.77
2024-05-09,Colombo Fort - Galle,Express,1st Class,45,37,54,36,68.52
2024-05-09,Colombo Fort - Galle,Express,2nd Class,270,224,324,219,69.14
2024-05-09,Colombo Fort - Galle,Express,3rd Class,585,492,522,506,94.25
2024-05-09,Colombo Fort - Galle,Slow/Local,1st Class,25,21,30,25,70.0
2024-05-09,Colombo Fort - Galle,Slow/Local,2nd Class,150,128,180,150,71.11
2024-05-09,Colombo Fort - Galle,Slow/Local,3rd Class,325,270,290,325,93.1
2024-05-09,Colombo Fort - Jaffna,Intercity,1st Class,37,32,44,32,72.73
2024-05-09,Colombo Fort - Jaffna,Intercity,2nd Class,225,181,270,210,67.04
2024-05-09,Colombo Fort - Jaffna,Intercity,3rd Class,487,419,435,458,96.32
2024-05-09,Colombo Fort - Kandy,Intercity,1st Class,37,32,44,36,72.73
2024-05-09,Colombo Fort - Kandy,Intercity,2nd Class,225,189,270,213,70.0
2024-05-09,Colombo Fort - Kandy,Intercity,3rd Class,487,427,435,457,98.16
2024-05-09,Colombo Fort - Kurunegala,Intercity,1st Class,37,32,44,26,72.73
2024-05-09,Colombo Fort - Kurunegala,Intercity,2nd Class,225,190,270,157,70.37
2024-05-09,Colombo Fort - Kurunegala,Intercity,3rd Class,487,422,435,336,97.01
2024-05-09,Colombo Fort - Puttalam,Intercity,1st Class,37,29,44,35,65.91
2024-05-09,Colombo Fort - Puttalam,Intercity,2nd Class,225,191,270,225,70.74
2024-05-09,Colombo Fort - Puttalam,Intercity,3rd Class,487,407,435,461,93.56
2024-05-09,Colombo Fort - Trincomalee,Intercity,1st Class,37,32,44,25,72.73
2024-05-09,Colombo Fort - Trincomalee,Intercity,2nd Class,225,191,270,146,70.74
2024-05-09,Colombo Fort - Trincomalee,Intercity,3rd Class,487,424,435,337,97.47
2024-05-09,Colombo Fort - Vavuniya,Intercity,1st Class,37,32,44,36,72.73
2024-05-09,Colombo Fort - Vavuniya,Intercity,2nd Class,225,190,270,225,70.37
2024-05-09,Colombo Fort - Vavuniya,Intercity,3rd Class,487,428,435,447,98.39
2024-05-09,Kandy - Badulla,Express,1st Class,45,38,54,40,70.37
2024-05-09,Kandy - Badulla,Express,2nd Class,270,229,324,247,70.68
2024-05-09,Kandy - Badulla,Express,3rd Class,585,460,522,502,88.12
2024-05-10,Colombo Fort - Anuradhapura,Intercity,1st Class,37,33,44,27,75.0
2024-05-10,Colombo Fort - Anuradhapura,Intercity,2nd Class,225,201,270,175,74.44
2024-05-10,Colombo Fort - Anuradhapura,Intercity,3rd Class,487,417,435,399,95.86
2024-05-10,Colombo Fort - Batticaloa,Slow/Local,1st Class,25,23,23,24,100.0
2024-05-10,Colombo Fort - Batticaloa,Slow/Local,2nd Class,150,137,137,143,100.0
2024-05-10,Colombo Fort - Batticaloa,Slow/Local,3rd Class,325,300,340,319,88.24
2024-05-10,Colombo Fort - Kurunegala,Slow/Local,1st Class,25,22,30,21,73.33
2024-05-10,Colombo Fort - Kurunegala,Slow/Local,2nd Class,150,136,180,125,75.56
2024-05-10,Colombo Fort - Kurunegala,Slow/Local,3rd Class,325,284,290,280,97.93
2024-05-10,Colombo Fort - Matara,Slow/Local,1st Class,25,23,23,21,100.0
2024-05-10,Colombo Fort - Matara,Slow/Local,2nd Class,150,137,137,117,100.0
2024-05-10,Colombo Fort - Matara,Slow/Local,3rd Class,325,297,340,239,87.35
2024-05-10,Colombo Fort - Ratnapura,Intercity,1st Class,37,33,33,27,100.0
2024-05-10,Colombo Fort - Ratnapura,Intercity,2nd Class,225,199,199,172,100.0
2024-05-10,Colombo Fort - Ratnapura,Intercity,3rd Class,487,438,517,358,84.72
2024-05-10,Colombo Fort - Trincomalee,Express,1st Class,45,41,41,45,100.0
2024-05-10,Colombo Fort - Trincomalee,Express,2nd Class,270,252,252,270,100.0
2024-05-10,Colombo Fort - Trincomalee,Express,3rd Class,585,558,607,585,91.93
2024-05-10,Colombo Fort - Trincomalee,Night Mail,1st Class,32,28,28,32,100.0
2024-05-10,Colombo Fort - Trincomalee,Night Mail,2nd Class,195,176,176,195,100.0
2024-05-10,Colombo Fort - Trincomalee,Night Mail,3rd Class,422,386,445,400,86.74
2024-05-10,Kandy - Badulla,Intercity,1st Class,37,33,33,26,100.0
2024-05-10,Kandy - Badulla,Intercity,2nd Class,225,199,199,151,100.0
2024-05-10,Kandy - Badulla,Intercity,3rd Class,487,445,517,322,86.07
2024-05-10,Maradana - Avissawella,Intercity,1st Class,37,32,32,34,100.0
2024-05-10,Maradana - Avissawella,Intercity,2nd Class,225,197,197,225,100.0
2024-05-10,Maradana - Avissawella,Intercity,3rd Class,487,439,520,481,84.42
2024-05-11,Colombo Fort - Anuradhapura,Intercity,1st Class,37,33,33,37,100.0
2024-05-11,Colombo Fort - Anuradhapura,Intercity,2nd Class,225,209,209,218,100.0
2024-05-11,Colombo Fort - Anuradhapura,Intercity,3rd Class,487,439,507,484,86.59
2024-05-11,Colombo Fort - Kandy,Slow/Local,1st Class,25,23,23,25,100.0
2024-05-11,Colombo Fort - Kandy,Slow/Local,2nd Class,150,138,138,150,100.0
2024-05-11,Colombo Fort - Kandy,Slow/Local,3rd Class,325,302,339,325,89.09
2024-05-11,Colombo Fort - Matara,Intercity,1st Class,37,34,44,37,77.27
2024-05-11,Colombo Fort - Matara,Intercity,2nd Class,225,202,270,225,74.81
2024-05-11,Colombo Fort - Matara,Intercity,3rd Class,487,435,435,459,100.0
2024-05-11,Colombo Fort - Puttalam,Night Mail,1st Class,32,29,38,32,76.32
2024-05-11,Colombo Fort - Puttalam,Night Mail,2nd Class,195,176,234,183,75.21
2024-05-11,Colombo Fort - Puttalam,Night Mail,3rd Class,422,377,377,421,100.0
2024-05-11,Maradana - Avissawella,Intercity,1st Class,37,33,44,33,75.0
2024-05-11,Maradana - Avissawella,Intercity,2nd Class,225,201,270,185,74.44
2024-05-11,Maradana - Avissawella,Intercity,3rd Class,487,427,435,447,98.16
2024-05-12,Colombo Fort - Anuradhapura,Intercity,1st Class,37,34,34,34,100.0
2024-05-12,Colombo Fort - Anuradhapura,Intercity,2nd Class,225,209,209,221,100.0
2024-05-12,Colombo Fort - Anuradhapura,Intercity,3rd Class,487,438,506,487,86.56
2024-05-12,Colombo Fort - Kandy,Express,1st Class,45,41,41,45,100.0
2024-05-12,Colombo Fort - Kandy,Express,2nd Class,270,248,248,268,100.0
2024-05-12,Colombo Fort - Kandy,Express,3rd Class,585,533,611,550,87.23
2024-05-12,Colombo Fort - Kandy,Slow/Local,1st Class,25,23,23,25,100.0
2024-05-12,Colombo Fort - Kandy,Slow/Local,2nd Class,150,138,138,149,100.0
2024-05-12,Colombo Fort - Kandy,Slow/Local,3rd Class,325,304,339,325,89.68
2024-05-12,Colombo Fort - Matara,Intercity,1st Class,37,34,44,37,77.27
2024-05-12,Colombo Fort - Matara,Intercity,2nd Class,225,206,270,218,76.3
2024-05-12,Colombo Fort - Matara,Intercity,3rd Class,487,434,435,487,99.77
2024-05-12,Colombo Fort - Matara,Night Mail,1st Class,32,29,29,31,100.0
2024-05-12,Colombo Fort - Matara,Night Mail,2nd Class,195,180,180,190,100.0
2024-05-12,Colombo Fort - Matara,Night Mail,3rd Class,422,397,440,416,90.23
2024-05-12,Kandy - Badulla,Intercity,1st Class,37,33,33,36,100.0
2024-05-12,Kandy - Badulla,Intercity,2nd Class,225,206,206,225,100.0
2024-05-12,Kandy - Badulla,Intercity,3rd Class,487,441,510,487,86.47
2024-05-12,Maradana - Avissawella,Slow/Local,1st Class,25,24,24,25,100.0
2024-05-12,Maradana - Avissawella,Slow/Local,2nd Class,150,140,140,150,100.0
2024-05-12,Maradana - Avissawella,Slow/Local,3rd Class,325,303,336,320,90.18
2024-05-13,Colombo Fort - Anuradhapura,Express,1st Class,45,39,54,37,72.22
2024-05-13,Colombo Fort - Anuradhapura,Express,2nd Class,270,228,324,211,70.37
2024-05-13,Colombo Fort - Anuradhapura,Express,3rd Class,585,494,522,511,94.64
2024-05-13,Colombo Fort - Badulla,Intercity,1st Class,37,31,44,34,70.45
2024-05-13,Colombo Fort - Badulla,Intercity,2nd Class,225,187,270,200,69.26
2024-05-13,Colombo Fort - Badulla,Intercity,3rd Class,487,415,435,428,95.4
2024-05-13,Colombo Fort - Batticaloa,Intercity,1st Class,37,31,44,33,70.45
2024-05-13,Colombo Fort - Batticaloa,Intercity,2nd Class,225,182,270,225,67.41
2024-05-13,Colombo Fort - Batticaloa,Intercity,3rd Class,487,421,435,460,96.78
2024-05-13,Colombo Fort - Galle,Slow/Local,1st Class,25,21,30,23,70.0
2024-05-13,Colombo Fort - Galle,Slow/Local,2nd Class,150,128,180,135,71.11
2024-05-13,Colombo Fort - Galle,Slow/Local,3rd Class,325,270,290,311,93.1
2024-05-13,Colombo Fort - Jaffna,Express,1st Class,45,37,54,45,68.52
2024-05-13,Colombo Fort - Jaffna,Express,2nd Class,270,224,324,270,69.14
2024-05-13,Colombo Fort - Jaffna,Express,3rd Class,585,499,522,548,95.59
2024-05-13,Colombo Fort - Kandy,Express,1st Class,45,37,54,41,68.52
2024-05-13,Colombo Fort - Kandy,Express,2nd Class,270,223,324,233,68.83
2024-05-13,Colombo Fort - Kandy,Express,3rd Class,585,497,522,466,95.21
2024-05-13,Colombo Fort - Kandy,Slow/Local,1st Class,25,21,30,24,70.0
2024-05-13,Colombo Fort - Kandy,Slow/Local,2nd Class,150,123,180,133,68.33
2024-05-13,Colombo Fort - Kandy,Slow/Local,3rd Class,325,268,290,311,92.41
2024-05-13,Colombo Fort - Kurunegala,Slow/Local,1st Class,25,21,30,16,70.0
2024-05-13,Colombo Fort - Kurunegala,Slow/Local,2nd Class,150,122,180,86,67.78
2024-05-13,Colombo Fort - Kurunegala,Slow/Local,3rd Class,325,267,290,187,92.07
2024-05-13,Colombo Fort - Negombo,Express,1st Class,45,38,54,41,70.37
2024-05-13,Colombo Fort - Negombo,Express,2nd Class,270,228,324,260,70.37
2024-05-13,Colombo Fort - Negombo,Express,3rd Class,585,472,522,585,90.42
2024-05-13,Colombo Fort - Negombo,Intercity,1st Class,37,31,44,28,70.45
2024-05-13,Colombo Fort - Negombo,Intercity,2nd Class,225,188,270,183,69.63
2024-05-13,Colombo Fort - Negombo,Intercity,3rd Class,487,405,435,366,93.1
2024-05-13,Colombo Fort - Ratnapura,Night Mail,1st Class,32,28,38,31,73.68
2024-05-13,Colombo Fort - Ratnapura,Night Mail,2nd Class,195,166,234,190,70.94
2024-05-13,Colombo Fort - Ratnapura,Night Mail,3rd Class,422,355,377,391,94.16
2024-05-13,Maradana - Avissawella,Night Mail,1st Class,32,28,38,32,73.68
2024-05-13,Maradana - Avissawella,Night Mail,2nd Class,195,163,234,192,69.66
2024-05-13,Maradana - Avissawella,Night Mail,3rd Class,422,374,377,422,99.2
2024-05-13,Maradana - Avissawella,Slow/Local,1st Class,25,21,30,25,70.0
2024-05-13,Maradana - Avissawella,Slow/Local,2nd Class,150,126,180,146,70.0
2024-05-13,Maradana - Avissawella,Slow/Local,3rd Class,325,271,290,325,93.45
2024-05-14,Colombo Fort - Anuradhapura,Intercity,1st Class,37,31,44,27,70.45
2024-05-14,Colombo Fort - Anuradhapura,Intercity,2nd Class,225,188,270,158,69.63
2024-05-14,Colombo Fort - Anuradhapura,Intercity,3rd Class,487,425,435,336,97.7
2024-05-14,Colombo Fort - Badulla,Night Mail,1st Class,32,24,38,30,63.16
2024-05-14,Colombo Fort - Badulla,Night Mail,2nd Class,195,169,234,190,72.22
2024-05-14,Colombo Fort - Badulla,Night Mail,3rd Class,422,327,377,396,86.74
2024-05-14,Colombo Fort - Batticaloa,Night Mail,1st Class,32,27,38,29,71.05
2024-05-14,Colombo Fort - Batticaloa,Night Mail,2nd Class,195,160,234,180,68.38
2024-05-14,Colombo Fort - Batticaloa,Night Mail,3rd Class,422,354,377,413,93.9
2024-05-14,Colombo Fort - Batticaloa,Slow/Local,1st Class,25,20,30,24,66.67
2024-05-14,Colombo Fort - Batticaloa,Slow/Local,2nd Class,150,122,180,150,67.78
2024-05-14,Colombo Fort - Batticaloa,Slow/Local,3rd Class,325,263,290,325,90.69
2024-05-14,Colombo Fort - Kandy,Express,1st Class,45,36,54,36,66.67
2024-05-14,Colombo Fort - Kandy,Express,2nd Class,270,220,324,204,67.9
2024-05-14,Colombo Fort - Kandy,Express,3rd Class,585,475,522,450,91.0
2024-05-14,Colombo Fort - Kurunegala,Intercity,1st Class,37,31,44,36,70.45
2024-05-14,Colombo Fort - Kurunegala,Intercity,2nd Class,225,183,270,216,67.78
2024-05-14,Colombo Fort - Kurunegala,Intercity,3rd Class,487,428,435,435,98.39
2024-05-14,Colombo Fort - Matara,Night Mail,1st Class,32,29,38,29,76.32
2024-05-14,Colombo Fort - Matara,Night Mail,2nd Class,195,173,234,195,73.93
2024-05-14,Colombo Fort - Matara,Night Mail,3rd Class,422,364,377,416,96.55
2024-05-14,Colombo Fort - Negombo,Express,1st Class,45,38,54,45,70.37
2024-05-14,Colombo Fort - Negombo,Express,2nd Class,270,225,324,263,69.44
2024-05-14,Colombo Fort - Negombo,Express,3rd Class,585,460,522,585,88.12
2024-05-14,Colombo Fort - Puttalam,Express,1st Class,45,36,54,43,66.67
2024-05-14,Colombo Fort - Puttalam,Express,2nd Class,270,221,324,270,68.21
2024-05-14,Colombo Fort - Puttalam,Express,3rd Class,585,481,522,554,92.15
2024-05-14,Colombo Fort - Ratnapura,Slow/Local,1st Class,25,20,30,18,66.67
2024-05-14,Colombo Fort - Ratnapura,Slow/Local,2nd Class,150,123,180,111,68.33
2024-05-14,Colombo Fort - Ratnapura,Slow/Local,3rd Class,325,264,290,276,91.03
2024-05-14,Colombo Fort - Vavuniya,Slow/Local,1st Class,25,21,30,25,70.0
2024-05-14,Colombo Fort - Vavuniya,Slow/Local,2nd Class,150,122,180,150,67.78
2024-05-14,Colombo Fort - Vavuniya,Slow/Local,3rd Class,325,264,290,325,91.03
2024-05-15,Colombo Fort - Anuradhapura,Slow/Local,1st Class,25,21,30,19,70.0
2024-05-15,Colombo Fort - Anuradhapura,Slow/Local,2nd Class,150,128,180,97,71.11
2024-05-15,Colombo Fort - Anuradhapura,Slow/Local,3rd Class,325,271,290,228,93.45
2024-05-15,Colombo Fort - Batticaloa,Slow/Local,1st Class,25,20,30,19,66.67
2024-05-15,Colombo Fort - Batticaloa,Slow/Local,2nd Class,150,123,180,102,68.33
2024-05-15,Colombo Fort - Batticaloa,Slow/Local,3rd Class,325,269,290,227,92.76
2024-05-15,Colombo Fort - Galle,Night Mail,1st Class,32,26,38,25,68.42
2024-05-15,Colombo Fort - Galle,Night Mail,2nd Class,195,164,234,142,70.09
2024-05-15,Colombo Fort - Galle,Night Mail,3rd Class,422,354,377,290,93.9
2024-05-15,Colombo Fort - Matara,Intercity,1st Class,37,31,44,32,70.45
2024-05-15,Colombo Fort - Matara,Intercity,2nd Class,225,184,270,195,68.15
2024-05-15,Colombo Fort - Matara,Intercity,3rd Class,487,413,435,447,94.94
2024-05-15,Colombo Fort - Negombo,Express,1st Class,45,37,54,41,68.52
2024-05-15,Colombo Fort - Negombo,Express,2nd Class,270,224,324,228,69.14
2024-05-15,Colombo Fort - Negombo,Express,3rd Class,585,458,522,525,87.74
2024-05-15,Colombo Fort - Trincomalee,Intercity,1st Class,37,31,44,25,70.45
2024-05-15,Colombo Fort - Trincomalee,Intercity,2nd Class,225,188,270,164,69.63
2024-05-15,Colombo Fort - Trincomalee,Intercity,3rd Class,487,431,435,362,99.08
2024-05-15,Kandy - Badulla,Intercity,1st Class,37,31,44,37,70.45
2024-05-15,Kandy - Badulla,Intercity,2nd Class,225,186,270,225,68.89
2024-05-15,Kandy - Badulla,Intercity,3rd Class,487,429,435,487,98.62
2024-05-15,Maradana - Avissawella,Intercity,1st Class,37,31,44,30,70.45
2024-05-15,Maradana - Avissawella,Intercity,2nd Class,225,186,270,174,68.89
2024-05-15,Maradana - Avissawella,Intercity,3rd Class,487,424,435,385,97.47
2024-05-16,Colombo Fort - Anuradhapura,Slow/Local,1st Class,25,21,30,20,70.0
2024-05-16,Colombo Fort - Anuradhapura,Slow/Local,2nd Class,150,119,180,118,66.11
2024-05-16,Colombo Fort - Anuradhapura,Slow/Local,3rd Class,325,268,290,252,92.41
2024-05-16,Colombo Fort - Badulla,Intercity,1st Class,37,31,44,22,70.45
2024-05-16,Colombo Fort - Badulla,Intercity,2nd Class,225,188,270,147,69.63
2024-05-16,Colombo Fort - Badulla,Intercity,3rd Class,487,420,435,343,96.55
2024-05-16,Colombo Fort - Galle,Express,1st Class,45,37,54,37,68.52
2024-05-16,Colombo Fort - Galle,Express,2nd Class,270,224,324,239,69.14
2024-05-16,Colombo Fort - Galle,Express,3rd Class,585,477,522,446,91.38
2024-05-16,Colombo Fort - Kandy,Express,1st Class,45,37,54,42,68.52
2024-05-16,Colombo Fort - Kandy,Express,2nd Class,270,224,324,245,69.14
2024-05-16,Colombo Fort - Kandy,Express,3rd Class,585,478,522,500,91.57
2024-05-16,Colombo Fort - Kurunegala,Intercity,1st Class,37,32,44,36,72.73
2024-05-16,Colombo Fort - Kurunegala,Intercity,2nd Class,225,189,270,225,70.0
2024-05-16,Colombo Fort - Kurunegala,Intercity,3rd Class,487,427,435,459,98.16
2024-05-16,Colombo Fort - Puttalam,Intercity,1st Class,37,28,44,33,63.64
2024-05-16,Colombo Fort - Puttalam,Intercity,2nd Class,225,189,270,207,70.0
2024-05-16,Colombo Fort - Puttalam,Intercity,3rd Class,487,397,435,423,91.26
2024-05-16,Colombo Fort - Trincomalee,Express,1st Class,45,37,54,41,68.52
2024-05-16,Colombo Fort - Trincomalee,Express,2nd Class,270,228,324,229,70.37
2024-05-16,Colombo Fort - Trincomalee,Express,3rd Class,585,496,522,509,95.02
2024-05-16,Colombo Fort - Trincomalee,Slow/Local,1st Class,25,21,30,21,70.0
2024-05-16,Colombo Fort - Trincomalee,Slow/Local,2nd Class,150,132,180,130,73.33
2024-05-16,Colombo Fort - Trincomalee,Slow/Local,3rd Class,325,269,290,287,92.76
2024-05-16,Colombo Fort - Vavuniya,Express,1st Class,45,37,54,44,68.52
2024-05-16,Colombo Fort - Vavuniya,Express,2nd Class,270,226,324,270,69.75
2024-05-16,Colombo Fort - Vavuniya,Express,3rd Class,585,496,522,565,95.02
2024-05-17,Colombo Fort - Anuradhapura,Express,1st Class,45,40,40,39,100.0
2024-05-17,Colombo Fort - Anuradhapura,Express,2nd Class,270,245,245,236,100.0
2024-05-17,Colombo Fort - Anuradhapura,Express,3rd Class,585,538,615,481,87.48
2024-05-17,Colombo Fort - Galle,Slow/Local,1st Class,25,23,23,25,100.0
2024-05-17,Colombo Fort - Galle,Slow/Local,2nd Class,150,137,137,143,100.0
2024-05-17,Colombo Fort - Galle,Slow/Local,3rd Class,325,291,340,309,85.59
2024-05-17,Colombo Fort - Kandy,Intercity,1st Class,37,33,44,25,75.0
2024-05-17,Colombo Fort - Kandy,Intercity,2nd Class,225,204,270,150,75.56
2024-05-17,Colombo Fort - Kandy,Intercity,3rd Class,487,424,435,303,97.47
2024-05-17,Colombo Fort - Matara,Slow/Local,1st Class,25,22,30,25,73.33
2024-05-17,Colombo Fort - Matara,Slow/Local,2nd Class,150,134,180,150,74.44
2024-05-17,Colombo Fort - Matara,Slow/Local,3rd Class,325,284,290,323,97.93
2024-05-17,Colombo Fort - Negombo,Intercity,1st Class,37,33,33,34,100.0
2024-05-17,Colombo Fort - Negombo,Intercity,2nd Class,225,206,206,225,100.0
2024-05-17,Colombo Fort - Negombo,Intercity,3rd Class,487,439,510,478,86.08
2024-05-17,Colombo Fort - Vavuniya,Night Mail,1st Class,32,29,29,32,100.0
2024-05-17,Colombo Fort - Vavuniya,Night Mail,2nd Class,195,177,177,193,100.0
2024-05-17,Colombo Fort - Vavuniya,Night Mail,3rd Class,422,384,443,422,86.68
2024-05-17,Kandy - Badulla,Slow/Local,1st Class,25,22,22,19,100.0
2024-05-17,Kandy - Badulla,Slow/Local,2nd Class,150,137,137,116,100.0
2024-05-17,Kandy - Badulla,Slow/Local,3rd Class,325,297,341,250,87.1
2024-05-18,Colombo Fort - Anuradhapura,Slow/Local,1st Class,25,23,23,22,100.0
2024-05-18,Colombo Fort - Anuradhapura,Slow/Local,2nd Class,150,136,136,126,100.0
2024-05-18,Colombo Fort - Anuradhapura,Slow/Local,3rd Class,325,297,341,292,87.1
2024-05-18,Colombo Fort - Badulla,Slow/Local,1st Class,25,23,23,24,100.0
2024-05-18,Colombo Fort - Badulla,Slow/Local,2nd Class,150,138,138,143,100.0
2024-05-18,Colombo Fort - Badulla,Slow/Local,3rd Class,325,301,339,325,88.79
2024-05-18,Colombo Fort - Batticaloa,Express,1st Class,45,41,41,43,100.0
2024-05-18,Colombo Fort - Batticaloa,Express,2nd Class,270,259,259,270,100.0
2024-05-18,Colombo Fort - Batticaloa,Express,3rd Class,585,564,600,585,94.0
2024-05-18,Colombo Fort - Batticaloa,Intercity,1st Class,37,33,44,37,75.0
2024-05-18,Colombo Fort - Batticaloa,Intercity,2nd Class,225,203,270,217,75.19
2024-05-18,Colombo Fort - Batticaloa,Intercity,3rd Class,487,425,435,487,97.7
2024-05-18,Colombo Fort - Kandy,Intercity,1st Class,37,33,33,31,100.0
2024-05-18,Colombo Fort - Kandy,Intercity,2nd Class,225,202,202,171,100.0
2024-05-18,Colombo Fort - Kandy,Intercity,3rd Class,487,436,514,394,84.82
2024-05-18,Colombo Fort - Kandy,Night Mail,1st Class,32,28,28,31,100.0
2024-05-18,Colombo Fort - Kandy,Night Mail,2nd Class,195,177,177,191,100.0
2024-05-18,Colombo Fort - Kandy,Night Mail,3rd Class,422,380,444,402,85.59
2024-05-18,Colombo Fort - Kandy,Slow/Local,1st Class,25,23,23,18,100.0
2024-05-18,Colombo Fort - Kandy,Slow/Local,2nd Class,150,137,137,102,100.0
2024-05-18,Colombo Fort - Kandy,Slow/Local,3rd Class,325,298,340,227,87.65
2024-05-18,Colombo Fort - Kurunegala,Slow/Local,1st Class,25,22,30,19,73.33
2024-05-18,Colombo Fort - Kurunegala,Slow/Local,2nd Class,150,135,180,132,75.0
2024-05-18,Colombo Fort - Kurunegala,Slow/Local,3rd Class,325,290,290,296,100.0
2024-05-18,Colombo Fort - Ratnapura,Intercity,1st Class,37,32,44,37,72.73
2024-05-18,Colombo Fort - Ratnapura,Intercity,2nd Class,225,198,270,225,73.33
2024-05-18,Colombo Fort - Ratnapura,Intercity,3rd Class,487,432,435,487,99.31
2024-05-18,Colombo Fort - Ratnapura,Slow/Local,1st Class,25,22,22,25,100.0
2024-05-18,Colombo Fort - Ratnapura,Slow/Local,2nd Class,150,136,136,150,100.0
2024-05-18,Colombo Fort - Ratnapura,Slow/Local,3rd Class,325,298,342,325,87.13
2024-05-18,Colombo Fort - Vavuniya,Intercity,1st Class,37,34,44,36,77.27
2024-05-18,Colombo Fort - Vavuniya,Intercity,2nd Class,225,201,270,214,74.44
2024-05-18,Colombo Fort - Vavuniya,Intercity,3rd Class,487,427,435,465,98.16
2024-05-18,Kandy - Badulla,Slow/Local,1st Class,25,23,23,23,100.0
2024-05-18,Kandy - Badulla,Slow/Local,2nd Class,150,136,136,142,100.0
2024-05-18,Kandy - Badulla,Slow/Local,3rd Class,325,299,341,292,87.68
2024-05-18,Maradana - Avissawella,Intercity,1st Class,37,33,44,37,75.0
2024-05-18,Maradana - Avissawella,Intercity,2nd Class,225,197,270,201,72.96
2024-05-18,Maradana - Avissawella,Intercity,3rd Class,487,429,435,455,98.62
2024-05-18,Maradana - Avissawella,Slow/Local,1st Class,25,23,23,25,100.0
2024-05-18,Maradana - Avissawella,Slow/Local,2nd Class,150,142,142,150,100.0
2024-05-18,Maradana - Avissawella,Slow/Local,3rd Class,325,304,335,317,90.75
2024-05-19,Colombo Fort - Anuradhapura,Slow/Local,1st Class,25,23,23,25,100.0
2024-05-19,Colombo Fort - Anuradhapura,Slow/Local,2nd Class,150,137,137,145,100.0
2024-05-19,Colombo Fort - Anuradhapura,Slow/Local,3rd Class,325,300,340,325,88.24
2024-05-19,Colombo Fort - Batticaloa,Intercity,1st Class,37,34,34,36,100.0
2024-05-19,Colombo Fort - Batticaloa,Intercity,2nd Class,225,198,198,225,100.0
2024-05-19,Colombo Fort - Batticaloa,Intercity,3rd Class,487,443,517,474,85.69
2024-05-19,Colombo Fort - Jaffna,Night Mail,1st Class,32,28,28,27,100.0
2024-05-19,Colombo Fort - Jaffna,Night Mail,2nd Class,195,177,177,143,100.0
2024-05-19,Colombo Fort - Jaffna,Night Mail,3rd Class,422,382,444,338,86.04
2024-05-19,Colombo Fort - Kurunegala,Intercity,1st Class,37,33,44,36,75.0
2024-05-19,Colombo Fort - Kurunegala,Intercity,2nd Class,225,197,270,217,72.96
2024-05-19,Colombo Fort - Kurunegala,Intercity,3rd Class,487,422,435,465,97.01
2024-05-19,Colombo Fort - Matara,Slow/Local,1st Class,25,23,23,22,100.0
2024-05-19,Colombo Fort - Matara,Slow/Local,2nd Class,150,136,136,133,100.0
2024-05-19,Colombo Fort - Matara,Slow/Local,3rd Class,325,292,341,273,85.63
2024-05-19,Colombo Fort - Trincomalee,Slow/Local,1st Class,25,22,22,25,100.0
2024-05-19,Colombo Fort - Trincomalee,Slow/Local,2nd Class,150,138,138,146,100.0
2024-05-19,Colombo Fort - Trincomalee,Slow/Local,3rd Class,325,299,340,325,87.94
2024-05-19,Colombo Fort - Vavuniya,Intercity,1st Class,37,34,44,32,77.27
2024-05-19,Colombo Fort - Vavuniya,Intercity,2nd Class,225,194,270,205,71.85
2024-05-19,Colombo Fort - Vavuniya,Intercity,3rd Class,487,421,435,398,96.78
2024-05-20,Colombo Fort - Badulla,Night Mail,1st Class,32,26,38,32,68.42
2024-05-20,Colombo Fort - Badulla,Night Mail,2nd Class,195,163,234,190,69.66
2024-05-20,Colombo Fort - Badulla,Night Mail,3rd Class,422,351,377,419,93.1
2024-05-20,Colombo Fort - Batticaloa,Slow/Local,1st Class,25,20,30,23,66.67
2024-05-20,Colombo Fort - Batticaloa,Slow/Local,2nd Class,150,117,180,130,65.0
2024-05-20,Colombo Fort - Batticaloa,Slow/Local,3rd Class,325,265,290,325,91.38
2024-05-20,Colombo Fort - Galle,Slow/Local,1st Class,25,21,30,23,70.0
2024-05-20,Colombo Fort - Galle,Slow/Local,2nd Class,150,126,180,142,70.0
2024-05-20,Colombo Fort - Galle,Slow/Local,3rd Class,325,267,290,305,92.07
2024-05-20,Colombo Fort - Jaffna,Express,1st Class,45,37,54,44,68.52
2024-05-20,Colombo Fort - Jaffna,Express,2nd Class,270,226,324,270,69.75
2024-05-20,Colombo Fort - Jaffna,Express,3rd Class,585,488,522,585,93.49
2024-05-20,Colombo Fort - Negombo,Express,1st Class,45,38,54,28,70.37
2024-05-20,Colombo Fort - Negombo,Express,2nd Class,270,224,324,174,69.14
2024-05-20,Colombo Fort - Negombo,Express,3rd Class,585,457,522,389,87.55
2024-05-20,Colombo Fort - Puttalam,Intercity,1st Class,37,27,44,37,61.36
2024-05-20,Colombo Fort - Puttalam,Intercity,2nd Class,225,185,270,213,68.52
2024-05-20,Colombo Fort - Puttalam,Intercity,3rd Class,487,402,435,487,92.41
2024-05-20,Colombo Fort - Puttalam,Night Mail,1st Class,32,28,38,24,73.68
2024-05-20,Colombo Fort - Puttalam,Night Mail,2nd Class,195,164,234,160,70.09
2024-05-20,Colombo Fort - Puttalam,Night Mail,3rd Class,422,348,377,365,92.31
2024-05-20,Colombo Fort - Trincomalee,Intercity,1st Class,37,31,44,34,70.45
2024-05-20,Colombo Fort - Trincomalee,Intercity,2nd Class,225,188,270,215,69.63
2024-05-20,Colombo Fort - Trincomalee,Intercity,3rd Class,487,407,435,487,93.56
2024-05-20,Kandy - Badulla,Intercity,1st Class,37,31,44,33,70.45
2024-05-20,Kandy - Badulla,Intercity,2nd Class,225,187,270,208,69.26
2024-05-20,Kandy - Badulla,Intercity,3rd Class,487,404,435,441,92.87
2024-05-21,Colombo Fort - Batticaloa,Slow/Local,1st Class,25,20,30,19,66.67
2024-05-21,Colombo Fort - Batticaloa,Slow/Local,2nd Class,150,121,180,105,67.22
2024-05-21,Colombo Fort - Batticaloa,Slow/Local,3rd Class,325,262,290,240,90.34
2024-05-21,Colombo Fort - Jaffna,Intercity,1st Class,37,31,44,29,70.45
2024-05-21,Colombo Fort - Jaffna,Intercity,2nd Class,225,187,270,179,69.26
2024-05-21,Colombo Fort - Jaffna,Intercity,3rd Class,487,404,435,344,92.87
2024-05-21,Colombo Fort - Jaffna,Slow/Local,1st Class,25,21,30,24,70.0
2024-05-21,Colombo Fort - Jaffna,Slow/Local,2nd Class,150,123,180,150,68.33
2024-05-21,Colombo Fort - Jaffna,Slow/Local,3rd Class,325,267,290,325,92.07
2024-05-21,Colombo Fort - Kandy,Intercity,1st Class,37,31,44,36,70.45
2024-05-21,Colombo Fort - Kandy,Intercity,2nd Class,225,186,270,214,68.89
2024-05-21,Colombo Fort - Kandy,Intercity,3rd Class,487,401,435,483,92.18
2024-05-21,Colombo Fort - Kurunegala,Intercity,1st Class,37,31,44,34,70.45
2024-05-21,Colombo Fort - Kurunegala,Intercity,2nd Class,225,188,270,209,69.63
2024-05-21,Colombo Fort - Kurunegala,Intercity,3rd Class,487,416,435,472,95.63
2024-05-21,Colombo Fort - Kurunegala,Night Mail,1st Class,32,24,38,29,63.16
2024-05-21,Colombo Fort - Kurunegala,Night Mail,2nd Class,195,148,234,195,63.25
2024-05-21,Colombo Fort - Kurunegala,Night Mail,3rd Class,422,315,377,413,83.55
2024-05-21,Colombo Fort - Negombo,Express,1st Class,45,37,54,44,68.52
2024-05-21,Colombo Fort - Negombo,Express,2nd Class,270,219,324,267,67.59
2024-05-21,Colombo Fort - Negombo,Express,3rd Class,585,455,522,550,87.16
2024-05-21,Colombo Fort - Ratnapura,Intercity,1st Class,37,31,44,35,70.45
2024-05-21,Colombo Fort - Ratnapura,Intercity,2nd Class,225,187,270,205,69.26
2024-05-21,Colombo Fort - Ratnapura,Intercity,3rd Class,487,404,435,428,92.87
2024-05-21,Maradana - Avissawella,Intercity,1st Class,37,31,44,37,70.45
2024-05-21,Maradana - Avissawella,Intercity,2nd Class,225,185,270,225,68.52
2024-05-21,Maradana - Avissawella,Intercity,3rd Class,487,393,435,483,90.34
2024-05-22,Colombo Fort - Anuradhapura,Express,1st Class,45,38,54,31,70.37
2024-05-22,Colombo Fort - Anuradhapura,Express,2nd Class,270,220,324,195,67.9
2024-05-22,Colombo Fort - Anuradhapura,Express,3rd Class,585,469,522,461,89.85
2024-05-22,Colombo Fort - Galle,Night Mail,1st Class,32,25,38,20,65.79
2024-05-22,Colombo Fort - Galle,Night Mail,2nd Class,195,148,234,135,63.25
2024-05-22,Colombo Fort - Galle,Night Mail,3rd Class,422,345,377,294,91.51
2024-05-22,Colombo Fort - Trincomalee,Intercity,1st Class,37,31,44,37,70.45
2024-05-22,Colombo Fort - Trincomalee,Intercity,2nd Class,225,188,270,221,69.63
2024-05-22,Colombo Fort - Trincomalee,Intercity,3rd Class,487,402,435,487,92.41
2024-05-22,Colombo Fort - Trincomalee,Slow/Local,1st Class,25,21,30,24,70.0
2024-05-22,Colombo Fort - Trincomalee,Slow/Local,2nd Class,150,131,180,150,72.78
2024-05-22,Colombo Fort - Trincomalee,Slow/Local,3rd Class,325,265,290,325,91.38
2024-05-22,Colombo Fort - Vavuniya,Night Mail,1st Class,32,28,38,32,73.68
2024-05-22,Colombo Fort - Vavuniya,Night Mail,2nd Class,195,178,234,194,76.07
2024-05-22,Colombo Fort - Vavuniya,Night Mail,3rd Class,422,370,377,418,98.14
2024-05-22,Colombo Fort - Vavuniya,Slow/Local,1st Class,25,21,30,23,70.0
2024-05-22,Colombo Fort - Vavuniya,Slow/Local,2nd Class,150,124,180,136,68.89
2024-05-22,Colombo Fort - Vavuniya,Slow/Local,3rd Class,325,259,290,310,89.31
2024-05-23,Colombo Fort - Badulla,Intercity,1st Class,37,31,44,37,70.45
2024-05-23,Colombo Fort - Badulla,Intercity,2nd Class,225,223,270,225,82.59
2024-05-23,Colombo Fort - Badulla,Intercity,3rd Class,487,413,435,458,94.94
2024-05-23,Colombo Fort - Jaffna,Express,1st Class,45,37,54,45,68.52
2024-05-23,Colombo Fort - Jaffna,Express,2nd Class,270,252,324,270,77.78
2024-05-23,Colombo Fort - Jaffna,Express,3rd Class,585,487,522,562,93.3
2024-05-23,Colombo Fort - Kandy,Slow/Local,1st Class,25,24,24,25,100.0
2024-05-23,Colombo Fort - Kandy,Slow/Local,2nd Class,150,123,123,143,100.0
2024-05-23,Colombo Fort - Kandy,Slow/Local,3rd Class,325,296,353,325,83.85
2024-05-23,Colombo Fort - Kurunegala,Express,1st Class,45,36,54,45,66.67
2024-05-23,Colombo Fort - Kurunegala,Express,2nd Class,270,238,324,253,73.46
2024-05-23,Colombo Fort - Kurunegala,Express,3rd Class,585,477,522,558,91.38
2024-05-23,Colombo Fort - Matara,Intercity,1st Class,37,31,44,32,70.45
2024-05-23,Colombo Fort - Matara,Intercity,2nd Class,225,209,270,203,77.41
2024-05-23,Colombo Fort - Matara,Intercity,3rd Class,487,406,435,430,93.33
2024-05-23,Colombo Fort - Puttalam,Intercity,1st Class,37,28,44,35,63.64
2024-05-23,Colombo Fort - Puttalam,Intercity,2nd Class,225,213,270,225,78.89
2024-05-23,Colombo Fort - Puttalam,Intercity,3rd Class,487,400,435,487,91.95
2024-05-23,Colombo Fort - Ratnapura,Express,1st Class,45,37,54,38,68.52
2024-05-23,Colombo Fort - Ratnapura,Express,2nd Class,270,245,324,243,75.62
2024-05-23,Colombo Fort - Ratnapura,Express,3rd Class,585,460,522,449,88.12
2024-05-23,Colombo Fort - Vavuniya,Slow/Local,1st Class,25,24,24,24,100.0
2024-05-23,Colombo Fort - Vavuniya,Slow/Local,2nd Class,150,126,126,150,100.0
2024-05-23,Colombo Fort - Vavuniya,Slow/Local,3rd Class,325,311,350,322,88.86
2024-05-23,Maradana - Avissawella,Slow/Local,1st Class,25,27,27,25,100.0
2024-05-23,Maradana - Avissawella,Slow/Local,2nd Class,150,148,148,150,100.0
2024-05-23,Maradana - Avissawella,Slow/Local,3rd Class,325,319,325,325,98.15
2024-05-24,Colombo Fort - Badulla,Express,1st Class,45,39,39,41,100.0
2024-05-24,Colombo Fort - Badulla,Express,2nd Class,270,241,241,261,100.0
2024-05-24,Colombo Fort - Badulla,Express,3rd Class,585,527,620,550,85.0
2024-05-24,Colombo Fort - Kandy,Intercity,1st Class,37,34,44,37,77.27
2024-05-24,Colombo Fort - Kandy,Intercity,2nd Class,225,207,270,208,76.67
2024-05-24,Colombo Fort - Kandy,Intercity,3rd Class,487,429,435,485,98.62
2024-05-24,Colombo Fort - Kurunegala,Intercity,1st Class,37,33,44,37,75.0
2024-05-24,Colombo Fort - Kurunegala,Intercity,2nd Class,225,193,270,202,71.48
2024-05-24,Colombo Fort - Kurunegala,Intercity,3rd Class,487,425,435,437,97.7
2024-05-24,Colombo Fort - Matara,Express,1st Class,45,41,41,36,100.0
2024-05-24,Colombo Fort - Matara,Express,2nd Class,270,244,244,187,100.0
2024-05-24,Colombo Fort - Matara,Express,3rd Class,585,555,615,416,90.24
2024-05-24,Colombo Fort - Vavuniya,Slow/Local,1st Class,25,22,22,23,100.0
2024-05-24,Colombo Fort - Vavuniya,Slow/Local,2nd Class,150,134,134,150,100.0
2024-05-24,Colombo Fort - Vavuniya,Slow/Local,3rd Class,325,293,344,325,85.17
2024-05-24,Maradana - Avissawella,Slow/Local,1st Class,25,25,25,20,100.0
2024-05-24,Maradana - Avissawella,Slow/Local,2nd Class,150,139,139,129,100.0
2024-05-24,Maradana - Avissawella,Slow/Local,3rd Class,325,297,336,313,88.39
2024-05-25,Colombo Fort - Anuradhapura,Night Mail,1st Class,32,28,38,26,73.68
2024-05-25,Colombo Fort - Anuradhapura,Night Mail,2nd Class,195,173,234,150,73.93
2024-05-25,Colombo Fort - Anuradhapura,Night Mail,3rd Class,422,377,377,335,100.0
2024-05-25,Colombo Fort - Galle,Night Mail,1st Class,32,28,38,24,73.68
2024-05-25,Colombo Fort - Galle,Night Mail,2nd Class,195,174,234,147,74.36
2024-05-25,Colombo Fort - Galle,Night Mail,3rd Class,422,361,377,313,95.76
2024-05-25,Colombo Fort - Galle,Slow/Local,1st Class,25,23,23,24,100.0
2024-05-25,Colombo Fort - Galle,Slow/Local,2nd Class,150,138,138,145,100.0
2024-05-25,Colombo Fort - Galle,Slow/Local,3rd Class,325,292,339,313,86.14
2024-05-25,Colombo Fort - Kurunegala,Intercity,1st Class,37,33,44,37,75.0
2024-05-25,Colombo Fort - Kurunegala,Intercity,2nd Class,225,197,270,223,72.96
2024-05-25,Colombo Fort - Kurunegala,Intercity,3rd Class,487,425,435,467,97.7
2024-05-25,Colombo Fort - Matara,Slow/Local,1st Class,25,22,30,24,73.33
2024-05-25,Colombo Fort - Matara,Slow/Local,2nd Class,150,136,180,150,75.56
2024-05-25,Colombo Fort - Matara,Slow/Local,3rd Class,325,287,290,325,98.97
2024-05-25,Colombo Fort - Negombo,Slow/Local,1st Class,25,23,23,25,100.0
2024-05-25,Colombo Fort - Negombo,Slow/Local,2nd Class,150,138,138,150,100.0
2024-05-25,Colombo Fort - Negombo,Slow/Local,3rd Class,325,300,339,320,88.5
2024-05-25,Colombo Fort - Puttalam,Intercity,1st Class,37,33,44,34,75.0
2024-05-25,Colombo Fort - Puttalam,Intercity,2nd Class,225,206,270,225,76.3
2024-05-25,Colombo Fort - Puttalam,Intercity,3rd Class,487,429,435,487,98.62
2024-05-26,Colombo Fort - Anuradhapura,Slow/Local,1st Class,25,23,23,25,100.0
2024-05-26,Colombo Fort - Anuradhapura,Slow/Local,2nd Class,150,137,137,150,100.0
2024-05-26,Colombo Fort - Anuradhapura,Slow/Local,3rd Class,325,300,340,325,88.24
2024-05-26,Colombo Fort - Batticaloa,Intercity,1st Class,37,34,34,34,100.0
2024-05-26,Colombo Fort - Batticaloa,Intercity,2nd Class,225,201,201,217,100.0
2024-05-26,Colombo Fort - Batticaloa,Intercity,3rd Class,487,441,514,465,85.8
2024-05-26,Colombo Fort - Batticaloa,Slow/Local,1st Class,25,23,23,24,100.0
2024-05-26,Colombo Fort - Batticaloa,Slow/Local,2nd Class,150,135,135,145,100.0
2024-05-26,Colombo Fort - Batticaloa,Slow/Local,3rd Class,325,300,342,317,87.72
2024-05-26,Colombo Fort - Kandy,Express,1st Class,45,40,40,43,100.0
2024-05-26,Colombo Fort - Kandy,Express,2nd Class,270,252,252,254,100.0
2024-05-26,Colombo Fort - Kandy,Express,3rd Class,585,537,608,585,88.32
2024-05-26,Colombo Fort - Kandy,Night Mail,1st Class,32,29,29,32,100.0
2024-05-26,Colombo Fort - Kandy,Night Mail,2nd Class,195,177,177,182,100.0
2024-05-26,Colombo Fort - Kandy,Night Mail,3rd Class,422,382,443,396,86.23
2024-05-26,Colombo Fort - Matara,Express,1st Class,45,41,54,37,75.93
2024-05-26,Colombo Fort - Matara,Express,2nd Class,270,242,324,206,74.69
2024-05-26,Colombo Fort - Matara,Express,3rd Class,585,519,522,493,99.43
2024-05-26,Colombo Fort - Ratnapura,Intercity,1st Class,37,34,44,37,77.27
2024-05-26,Colombo Fort - Ratnapura,Intercity,2nd Class,225,195,270,207,72.22
2024-05-26,Colombo Fort - Ratnapura,Intercity,3rd Class,487,429,435,487,98.62
2024-05-26,Kandy - Badulla,Intercity,1st Class,37,34,44,36,77.27
2024-05-26,Kandy - Badulla,Intercity,2nd Class,225,198,270,221,73.33
2024-05-26,Kandy - Badulla,Intercity,3rd Class,487,424,435,487,97.47
2024-05-26,Maradana - Avissawella,Express,1st Class,45,41,41,44,100.0
2024-05-26,Maradana - Avissawella,Express,2nd Class,270,250,250,269,100.0
2024-05-26,Maradana - Avissawella,Express,3rd Class,585,546,609,558,89.66
2024-05-27,Colombo Fort - Anuradhapura,Express,1st Class,45,38,54,40,70.37
2024-05-27,Colombo Fort - Anuradhapura,Express,2nd Class,270,226,324,214,69.75
2024-05-27,Colombo Fort - Anuradhapura,Express,3rd Class,585,484,522,484,92.72
2024-05-27,Colombo Fort - Anuradhapura,Intercity,1st Class,37,31,44,27,70.45
2024-05-27,Colombo Fort - Anuradhapura,Intercity,2nd Class,225,185,270,166,68.52
2024-05-27,Colombo Fort - Anuradhapura,Intercity,3rd Class,487,408,435,378,93.79
2024-05-27,Colombo Fort - Batticaloa,Intercity,1st Class,37,31,44,36,70.45
2024-05-27,Colombo Fort - Batticaloa,Intercity,2nd Class,225,184,270,207,68.15
2024-05-27,Colombo Fort - Batticaloa,Intercity,3rd Class,487,401,435,486,92.18
2024-05-27,Colombo Fort - Galle,Slow/Local,1st Class,25,21,30,23,70.0
2024-05-27,Colombo Fort - Galle,Slow/Local,2nd Class,150,123,180,137,68.33
2024-05-27,Colombo Fort - Galle,Slow/Local,3rd Class,325,271,290,287,93.45
2024-05-27,Colombo Fort - Kandy,Night Mail,1st Class,32,26,38,27,68.42
2024-05-27,Colombo Fort - Kandy,Night Mail,2nd Class,195,165,234,180,70.51
2024-05-27,Colombo Fort - Kandy,Night Mail,3rd Class,422,356,377,345,94.43
2024-05-27,Colombo Fort - Matara,Intercity,1st Class,37,31,44,33,70.45
2024-05-27,Colombo Fort - Matara,Intercity,2nd Class,225,184,270,205,68.15
2024-05-27,Colombo Fort - Matara,Intercity,3rd Class,487,405,435,390,93.1
2024-05-27,Colombo Fort - Matara,Night Mail,1st Class,32,29,38,25,76.32
2024-05-27,Colombo Fort - Matara,Night Mail,2nd Class,195,175,234,167,74.79
2024-05-27,Colombo Fort - Matara,Night Mail,3rd Class,422,368,377,335,97.61
2024-05-27,Colombo Fort - Matara,Slow/Local,1st Class,25,20,30,25,66.67
2024-05-27,Colombo Fort - Matara,Slow/Local,2nd Class,150,122,180,140,67.78
2024-05-27,Colombo Fort - Matara,Slow/Local,3rd Class,325,272,290,317,93.79
2024-05-27,Colombo Fort - Trincomalee,Intercity,1st Class,37,31,44,30,70.45
2024-05-27,Colombo Fort - Trincomalee,Intercity,2nd Class,225,188,270,192,69.63
2024-05-27,Colombo Fort - Trincomalee,Intercity,3rd Class,487,402,435,413,92.41
2024-05-27,Colombo Fort - Vavuniya,Express,1st Class,45,37,54,45,68.52
2024-05-27,Colombo Fort - Vavuniya,Express,2nd Class,270,225,324,265,69.44
2024-05-27,Colombo Fort - Vavuniya,Express,3rd Class,585,494,522,585,94.64
2024-05-27,Colombo Fort - Vavuniya,Intercity,1st Class,37,31,44,37,70.45
2024-05-27,Colombo Fort - Vavuniya,Intercity,2nd Class,225,189,270,225,70.0
2024-05-27,Colombo Fort - Vavuniya,Intercity,3rd Class,487,407,435,487,93.56
2024-05-27,Colombo Fort - Vavuniya,Slow/Local,1st Class,25,21,30,18,70.0
2024-05-27,Colombo Fort - Vavuniya,Slow/Local,2nd Class,150,127,180,111,70.56
2024-05-27,Colombo Fort - Vavuniya,Slow/Local,3rd Class,325,272,290,243,93.79
2024-05-28,Colombo Fort - Anuradhapura,Express,1st Class,45,36,54,32,66.67
2024-05-28,Colombo Fort - Anuradhapura,Express,2nd Class,270,219,324,164,67.59
2024-05-28,Colombo Fort - Anuradhapura,Express,3rd Class,585,472,522,439,90.42
2024-05-28,Colombo Fort - Badulla,Intercity,1st Class,37,31,44,37,70.45
2024-05-28,Colombo Fort - Badulla,Intercity,2nd Class,225,186,270,209,68.89
2024-05-28,Colombo Fort - Badulla,Intercity,3rd Class,487,397,435,454,91.26
2024-05-28,Colombo Fort - Badulla,Slow/Local,1st Class,25,21,30,16,70.0
2024-05-28,Colombo Fort - Badulla,Slow/Local,2nd Class,150,123,180,103,68.33
2024-05-28,Colombo Fort - Badulla,Slow/Local,3rd Class,325,269,290,205,92.76
2024-05-28,Colombo Fort - Batticaloa,Express,1st Class,45,36,54,34,66.67
2024-05-28,Colombo Fort - Batticaloa,Express,2nd Class,270,226,324,182,69.75
2024-05-28,Colombo Fort - Batticaloa,Express,3rd Class,585,478,522,436,91.57
2024-05-28,Colombo Fort - Galle,Express,1st Class,45,36,54,43,66.67
2024-05-28,Colombo Fort - Galle,Express,2nd Class,270,221,324,268,68.21
2024-05-28,Colombo Fort - Galle,Express,3rd Class,585,467,522,546,89.46
2024-05-28,Colombo Fort - Jaffna,Intercity,1st Class,37,31,44,32,70.45
2024-05-28,Colombo Fort - Jaffna,Intercity,2nd Class,225,188,270,200,69.63
2024-05-28,Colombo Fort - Jaffna,Intercity,3rd Class,487,400,435,386,91.95
2024-05-28,Colombo Fort - Kandy,Intercity,1st Class,37,31,44,34,70.45
2024-05-28,Colombo Fort - Kandy,Intercity,2nd Class,225,185,270,217,68.52
2024-05-28,Colombo Fort - Kandy,Intercity,3rd Class,487,391,435,431,89.89
2024-05-28,Colombo Fort - Matara,Night Mail,1st Class,32,27,38,29,71.05
2024-05-28,Colombo Fort - Matara,Night Mail,2nd Class,195,173,234,175,73.93
2024-05-28,Colombo Fort - Matara,Night Mail,3rd Class,422,350,377,398,92.84
2024-05-28,Colombo Fort - Ratnapura,Slow/Local,1st Class,25,20,30,21,66.67
2024-05-28,Colombo Fort - Ratnapura,Slow/Local,2nd Class,150,123,180,114,68.33
2024-05-28,Colombo Fort - Ratnapura,Slow/Local,3rd Class,325,264,290,292,91.03
2024-05-28,Colombo Fort - Trincomalee,Express,1st Class,45,38,54,23,70.37
2024-05-28,Colombo Fort - Trincomalee,Express,2nd Class,270,226,324,129,69.75
2024-05-28,Colombo Fort - Trincomalee,Express,3rd Class,585,466,522,264,89.27
2024-05-28,Colombo Fort - Vavuniya,Express,1st Class,45,36,54,38,66.67
2024-05-28,Colombo Fort - Vavuniya,Express,2nd Class,270,223,324,247,68.83
2024-05-28,Colombo Fort - Vavuniya,Express,3rd Class,585,495,522,486,94.83
2024-05-28,Kandy - Badulla,Slow/Local,1st Class,25,20,30,21,66.67
2024-05-28,Kandy - Badulla,Slow/Local,2nd Class,150,121,180,123,67.22
2024-05-28,Kandy - Badulla,Slow/Local,3rd Class,325,262,290,289,90.34
2024-05-28,Maradana - Avissawella,Slow/Local,1st Class,25,21,30,21,70.0
2024-05-28,Maradana - Avissawella,Slow/Local,2nd Class,150,125,180,128,69.44
2024-05-28,Maradana - Avissawella,Slow/Local,3rd Class,325,274,290,269,94.48
2024-05-29,Colombo Fort - Anuradhapura,Intercity,1st Class,37,31,44,32,70.45
2024-05-29,Colombo Fort - Anuradhapura,Intercity,2nd Class,225,187,270,225,69.26
2024-05-29,Colombo Fort - Anuradhapura,Intercity,3rd Class,487,399,435,425,91.72
2024-05-29,Colombo Fort - Anuradhapura,Slow/Local,1st Class,25,20,30,24,66.67
2024-05-29,Colombo Fort - Anuradhapura,Slow/Local,2nd Class,150,123,180,142,68.33
2024-05-29,Colombo Fort - Anuradhapura,Slow/Local,3rd Class,325,268,290,300,92.41
2024-05-29,Colombo Fort - Galle,Night Mail,1st Class,32,26,38,27,68.42
2024-05-29,Colombo Fort - Galle,Night Mail,2nd Class,195,152,234,160,64.96
2024-05-29,Colombo Fort - Galle,Night Mail,3rd Class,422,341,377,357,90.45
2024-05-29,Colombo Fort - Jaffna,Intercity,1st Class,37,31,44,35,70.45
2024-05-29,Colombo Fort - Jaffna,Intercity,2nd Class,225,188,270,214,69.63
2024-05-29,Colombo Fort - Jaffna,Intercity,3rd Class,487,401,435,487,92.18
2024-05-29,Colombo Fort - Kandy,Slow/Local,1st Class,25,21,30,24,70.0
2024-05-29,Colombo Fort - Kandy,Slow/Local,2nd Class,150,124,180,148,68.89
2024-05-29,Colombo Fort - Kandy,Slow/Local,3rd Class,325,267,290,325,92.07
2024-05-29,Colombo Fort - Negombo,Night Mail,1st Class,32,25,38,22,65.79
2024-05-29,Colombo Fort - Negombo,Night Mail,2nd Class,195,149,234,125,63.68
2024-05-29,Colombo Fort - Negombo,Night Mail,3rd Class,422,350,377,291,92.84
2024-05-29,Colombo Fort - Puttalam,Express,1st Class,45,36,54,44,66.67
2024-05-29,Colombo Fort - Puttalam,Express,2nd Class,270,220,324,256,67.9
2024-05-29,Colombo Fort - Puttalam,Express,3rd Class,585,479,522,565,91.76
2024-05-29,Colombo Fort - Vavuniya,Intercity,1st Class,37,31,44,30,70.45
2024-05-29,Colombo Fort - Vavuniya,Intercity,2nd Class,225,188,270,162,69.63
2024-05-29,Colombo Fort - Vavuniya,Intercity,3rd Class,487,392,435,359,90.11
2024-05-29,Kandy - Badulla,Intercity,1st Class,37,31,44,37,70.45
2024-05-29,Kandy - Badulla,Intercity,2nd Class,225,185,270,225,68.52
2024-05-29,Kandy - Badulla,Intercity,3rd Class,487,392,435,478,90.11
2024-05-29,Maradana - Avissawella,Express,1st Class,45,36,54,38,66.67
2024-05-29,Maradana - Avissawella,Express,2nd Class,270,222,324,227,68.52
2024-05-29,Maradana - Avissawella,Express,3rd Class,585,472,522,460,90.42
2024-05-29,Maradana - Avissawella,Intercity,1st Class,37,31,44,37,70.45
2024-05-29,Maradana - Avissawella,Intercity,2nd Class,225,185,270,203,68.52
2024-05-29,Maradana - Avissawella,Intercity,3rd Class,487,394,435,461,90.57
2024-05-30,Colombo Fort - Anuradhapura,Slow/Local,1st Class,25,20,30,19,66.67
2024-05-30,Colombo Fort - Anuradhapura,Slow/Local,2nd Class,150,123,180,108,68.33
2024-05-30,Colombo Fort - Anuradhapura,Slow/Local,3rd Class,325,270,290,243,93.1
2024-05-30,Colombo Fort - Badulla,Intercity,1st Class,37,31,44,36,70.45
2024-05-30,Colombo Fort - Badulla,Intercity,2nd Class,225,188,270,225,69.63
2024-05-30,Colombo Fort - Badulla,Intercity,3rd Class,487,399,435,456,91.72
2024-05-30,Colombo Fort - Badulla,Slow/Local,1st Class,25,21,30,24,70.0
2024-05-30,Colombo Fort - Badulla,Slow/Local,2nd Class,150,121,180,143,67.22
2024-05-30,Colombo Fort - Badulla,Slow/Local,3rd Class,325,269,290,325,92.76
2024-05-30,Colombo Fort - Batticaloa,Express,1st Class,45,37,54,38,68.52
2024-05-30,Colombo Fort - Batticaloa,Express,2nd Class,270,224,324,225,69.14
2024-05-30,Colombo Fort - Batticaloa,Express,3rd Class,585,449,522,501,86.02
2024-05-30,Colombo Fort - Batticaloa,Slow/Local,1st Class,25,20,30,24,66.67
2024-05-30,Colombo Fort - Batticaloa,Slow/Local,2nd Class,150,122,180,148,67.78
2024-05-30,Colombo Fort - Batticaloa,Slow/Local,3rd Class,325,267,290,325,92.07
2024-05-30,Colombo Fort - Galle,Express,1st Class,45,37,54,34,68.52
2024-05-30,Colombo Fort - Galle,Express,2nd Class,270,224,324,202,69.14
2024-05-30,Colombo Fort - Galle,Express,3rd Class,585,477,522,447,91.38
2024-05-30,Colombo Fort - Kandy,Slow/Local,1st Class,25,21,30,24,70.0
2024-05-30,Colombo Fort - Kandy,Slow/Local,2nd Class,150,124,180,141,68.89
2024-05-30,Colombo Fort - Kandy,Slow/Local,3rd Class,325,270,290,310,93.1
2024-05-30,Colombo Fort - Kurunegala,Intercity,1st Class,37,28,44,23,63.64
2024-05-30,Colombo Fort - Kurunegala,Intercity,2nd Class,225,187,270,137,69.26
2024-05-30,Colombo Fort - Kurunegala,Intercity,3rd Class,487,384,435,329,88.28
2024-05-30,Colombo Fort - Ratnapura,Express,1st Class,45,38,54,40,70.37
2024-05-30,Colombo Fort - Ratnapura,Express,2nd Class,270,227,324,235,70.06
2024-05-30,Colombo Fort - Ratnapura,Express,3rd Class,585,451,522,514,86.4
2024-05-30,Colombo Fort - Trincomalee,Express,1st Class,45,37,54,37,68.52
2024-05-30,Colombo Fort - Trincomalee,Express,2nd Class,270,211,324,225,65.12
2024-05-30,Colombo Fort - Trincomalee,Express,3rd Class,585,432,522,513,82.76
2024-05-30,Colombo Fort - Vavuniya,Express,1st Class,45,38,54,44,70.37
2024-05-30,Colombo Fort - Vavuniya,Express,2nd Class,270,226,324,237,69.75
2024-05-30,Colombo Fort - Vavuniya,Express,3rd Class,585,458,522,526,87.74
2024-05-30,Colombo Fort - Vavuniya,Night Mail,1st Class,32,29,29,30,100.0
2024-05-30,Colombo Fort - Vavuniya,Night Mail,2nd Class,195,179,179,191,100.0
2024-05-30,Colombo Fort - Vavuniya,Night Mail,3rd Class,422,379,441,402,85.94
2024-05-30,Colombo Fort - Vavuniya,Slow/Local,1st Class,25,21,30,20,70.0
2024-05-30,Colombo Fort - Vavuniya,Slow/Local,2nd Class,150,122,180,129,67.78
2024-05-30,Colombo Fort - Vavuniya,Slow/Local,3rd Class,325,268,290,262,92.41
2024-05-30,Maradana - Avissawella,Night Mail,1st Class,32,28,38,28,73.68
2024-05-30,Maradana - Avissawella,Night Mail,2nd Class,195,172,234,174,73.5
2024-05-30,Maradana - Avissawella,Night Mail,3rd Class,422,375,377,388,99.47
2024-05-31,Colombo Fort - Badulla,Slow/Local,1st Class,25,23,23,25,100.0
2024-05-31,Colombo Fort - Badulla,Slow/Local,2nd Class,150,137,137,150,100.0
2024-05-31,Colombo Fort - Badulla,Slow/Local,3rd Class,325,297,340,325,87.35
2024-05-31,Colombo Fort - Jaffna,Express,1st Class,45,40,40,41,100.0
2024-05-31,Colombo Fort - Jaffna,Express,2nd Class,270,254,254,270,100.0
2024-05-31,Colombo Fort - Jaffna,Express,3rd Class,585,537,606,585,88.61
2024-05-31,Colombo Fort - Jaffna,Intercity,1st Class,37,33,44,37,75.0
2024-05-31,Colombo Fort - Jaffna,Intercity,2nd Class,225,195,270,222,72.22
2024-05-31,Colombo Fort - Jaffna,Intercity,3rd Class,487,421,435,472,96.78
2024-05-31,Colombo Fort - Negombo,Slow/Local,1st Class,25,22,22,24,100.0
2024-05-31,Colombo Fort - Negombo,Slow/Local,2nd Class,150,137,137,140,100.0
2024-05-31,Colombo Fort - Negombo,Slow/Local,3rd Class,325,294,341,294,86.22
2024-05-31,Colombo Fort - Puttalam,Express,1st Class,45,40,40,35,100.0
2024-05-31,Colombo Fort - Puttalam,Express,2nd Class,270,257,257,214,100.0
2024-05-31,Colombo Fort - Puttalam,Express,3rd Class,585,549,603,455,91.04
2024-05-31,Colombo Fort - Trincomalee,Express,1st Class,45,39,39,45,100.0
2024-05-31,Colombo Fort - Trincomalee,Express,2nd Class,270,234,234,270,100.0
2024-05-31,Colombo Fort - Trincomalee,Express,3rd Class,585,531,627,559,84.69
2024-05-31,Colombo Fort - Trincomalee,Slow/Local,1st Class,25,22,30,23,73.33
2024-05-31,Colombo Fort - Trincomalee,Slow/Local,2nd Class,150,139,180,136,77.22
2024-05-31,Colombo Fort - Trincomalee,Slow/Local,3rd Class,325,289,290,279,99.66
2024-06-01,Colombo Fort - Badulla,Slow/Local,1st Class,25,23,23,24,100.0
2024-06-01,Colombo Fort - Badulla,Slow/Local,2nd Class,150,136,136,150,100.0
2024-06-01,Colombo Fort - Badulla,Slow/Local,3rd Class,325,291,341,316,85.34
2024-06-01,Colombo Fort - Jaffna,Express,1st Class,45,39,39,41,100.0
2024-06-01,Colombo Fort - Jaffna,Express,2nd Class,270,238,238,233,100.0
2024-06-01,Colombo Fort - Jaffna,Express,3rd Class,585,548,623,537,87.96
2024-06-01,Colombo Fort - Kurunegala,Express,1st Class,45,40,40,45,100.0
2024-06-01,Colombo Fort - Kurunegala,Express,2nd Class,270,245,245,270,100.0
2024-06-01,Colombo Fort - Kurunegala,Express,3rd Class,585,534,615,554,86.83
2024-06-01,Colombo Fort - Kurunegala,Night Mail,1st Class,32,27,27,32,100.0
2024-06-01,Colombo Fort - Kurunegala,Night Mail,2nd Class,195,171,171,192,100.0
2024-06-01,Colombo Fort - Kurunegala,Night Mail,3rd Class,422,388,451,422,86.03
2024-06-01,Colombo Fort - Matara,Express,1st Class,45,40,40,36,100.0
2024-06-01,Colombo Fort - Matara,Express,2nd Class,270,242,242,249,100.0
2024-06-01,Colombo Fort - Matara,Express,3rd Class,585,530,618,534,85.76
2024-06-01,Colombo Fort - Negombo,Slow/Local,1st Class,25,22,22,25,100.0
2024-06-01,Colombo Fort - Negombo,Slow/Local,2nd Class,150,136,136,139,100.0
2024-06-01,Colombo Fort - Negombo,Slow/Local,3rd Class,325,294,342,299,85.96
2024-06-01,Colombo Fort - Puttalam,Slow/Local,1st Class,25,22,22,22,100.0
2024-06-01,Colombo Fort - Puttalam,Slow/Local,2nd Class,150,139,139,148,100.0
2024-06-01,Colombo Fort - Puttalam,Slow/Local,3rd Class,325,295,339,308,87.02
2024-06-01,Colombo Fort - Ratnapura,Slow/Local,1st Class,25,22,22,25,100.0
2024-06-01,Colombo Fort - Ratnapura,Slow/Local,2nd Class,150,134,134,143,100.0
2024-06-01,Colombo Fort - Ratnapura,Slow/Local,3rd Class,325,296,344,325,86.05
2024-06-01,Colombo Fort - Trincomalee,Express,1st Class,45,39,54,41,72.22
2024-06-01,Colombo Fort - Trincomalee,Express,2nd Class,270,232,324,228,71.6
2024-06-01,Colombo Fort - Trincomalee,Express,3rd Class,585,509,522,493,97.51
2024-06-01,Colombo Fort - Vavuniya,Slow/Local,1st Class,25,22,30,23,73.33
2024-06-01,Colombo Fort - Vavuniya,Slow/Local,2nd Class,150,136,180,140,75.56
2024-06-01,Colombo Fort - Vavuniya,Slow/Local,3rd Class,325,271,290,314,93.45
2024-06-01,Kandy - Badulla,Intercity,1st Class,37,31,44,37,70.45
2024-06-01,Kandy - Badulla,Intercity,2nd Class,225,199,270,225,73.7
2024-06-01,Kandy - Badulla,Intercity,3rd Class,487,416,435,487,95.63
2024-06-01,Maradana - Avissawella,Intercity,1st Class,37,32,44,37,72.73
2024-06-01,Maradana - Avissawella,Intercity,2nd Class,225,193,270,207,71.48
2024-06-01,Maradana - Avissawella,Intercity,3rd Class,487,419,435,442,96.32
2024-06-02,Colombo Fort - Anuradhapura,Intercity,1st Class,37,32,44,37,72.73
2024-06-02,Colombo Fort - Anuradhapura,Intercity,2nd Class,225,194,270,225,71.85
2024-06-02,Colombo Fort - Anuradhapura,Intercity,3rd Class,487,412,435,487,94.71
2024-06-02,Colombo Fort - Galle,Intercity,1st Class,37,32,44,30,72.73
2024-06-02,Colombo Fort - Galle,Intercity,2nd Class,225,207,270,168,76.67
2024-06-02,Colombo Fort - Galle,Intercity,3rd Class,487,416,435,357,95.63
2024-06-02,Colombo Fort - Kurunegala,Intercity,1st Class,37,31,44,37,70.45
2024-06-02,Colombo Fort - Kurunegala,Intercity,2nd Class,225,196,270,225,72.59
2024-06-02,Colombo Fort - Kurunegala,Intercity,3rd Class,487,420,435,483,96.55
2024-06-02,Colombo Fort - Puttalam,Express,1st Class,45,40,54,44,74.07
2024-06-02,Colombo Fort - Puttalam,Express,2nd Class,270,226,324,270,69.75
2024-06-02,Colombo Fort - Puttalam,Express,3rd Class,585,514,522,585,98.47
2024-06-02,Kandy - Badulla,Intercity,1st Class,37,32,44,34,72.73
2024-06-02,Kandy - Badulla,Intercity,2nd Class,225,195,270,222,72.22
2024-06-02,Kandy - Badulla,Intercity,3rd Class,487,419,435,463,96.32
2024-06-02,Kandy - Badulla,Night Mail,1st Class,32,31,31,27,100.0
2024-06-02,Kandy - Badulla,Night Mail,2nd Class,195,175,175,175,100.0
2024-06-02,Kandy - Badulla,Night Mail,3rd Class,422,381,443,327,86.0
2024-06-02,Maradana - Avissawella,Night Mail,1st Class,32,29,38,25,76.32
2024-06-02,Maradana - Avissawella,Night Mail,2nd Class,195,173,234,149,73.93
2024-06-02,Maradana - Avissawella,Night Mail,3rd Class,422,373,377,329,98.94
2024-06-03,Colombo Fort - Badulla,Slow/Local,1st Class,25,21,30,15,70.0
2024-06-03,Colombo Fort - Badulla,Slow/Local,2nd Class,150,123,180,82,68.33
2024-06-03,Colombo Fort - Badulla,Slow/Local,3rd Class,325,269,290,195,92.76
2024-06-03,Colombo Fort - Batticaloa,Express,1st Class,45,36,54,32,66.67
2024-06-03,Colombo Fort - Batticaloa,Express,2nd Class,270,212,324,188,65.43
2024-06-03,Colombo Fort - Batticaloa,Express,3rd Class,585,480,522,421,91.95
2024-06-03,Colombo Fort - Kurunegala,Slow/Local,1st Class,25,19,30,17,63.33
2024-06-03,Colombo Fort - Kurunegala,Slow/Local,2nd Class,150,120,180,112,66.67
2024-06-03,Colombo Fort - Kurunegala,Slow/Local,3rd Class,325,264,290,222,91.03
2024-06-03,Colombo Fort - Matara,Slow/Local,1st Class,25,21,30,16,70.0
2024-06-03,Colombo Fort - Matara,Slow/Local,2nd Class,150,122,180,111,67.78
2024-06-03,Colombo Fort - Matara,Slow/Local,3rd Class,325,271,290,260,93.45
2024-06-03,Colombo Fort - Negombo,Express,1st Class,45,37,54,42,68.52
2024-06-03,Colombo Fort - Negombo,Express,2nd Class,270,216,324,243,66.67
2024-06-03,Colombo Fort - Negombo,Express,3rd Class,585,459,522,547,87.93
2024-06-03,Kandy - Badulla,Slow/Local,1st Class,25,20,30,24,66.67
2024-06-03,Kandy - Badulla,Slow/Local,2nd Class,150,119,180,142,66.11
2024-06-03,Kandy - Badulla,Slow/Local,3rd Class,325,267,290,319,92.07
2024-06-03,Maradana - Avissawella,Slow/Local,1st Class,25,21,30,25,70.0
2024-06-03,Maradana - Avissawella,Slow/Local,2nd Class,150,124,180,139,68.89
2024-06-03,Maradana - Avissawella,Slow/Local,3rd Class,325,265,290,288,91.38
2024-06-04,Colombo Fort - Anuradhapura,Intercity,1st Class,37,31,44,30,70.45
2024-06-04,Colombo Fort - Anuradhapura,Intercity,2nd Class,225,185,270,170,68.52
2024-06-04,Colombo Fort - Anuradhapura,Intercity,3rd Class,487,398,435,315,91.49
2024-06-04,Colombo Fort - Badulla,Intercity,1st Class,37,31,44,36,70.45
2024-06-04,Colombo Fort - Badulla,Intercity,2nd Class,225,184,270,212,68.15
2024-06-04,Colombo Fort - Badulla,Intercity,3rd Class,487,402,435,450,92.41
2024-06-04,Colombo Fort - Galle,Express,1st Class,45,35,54,34,64.81
2024-06-04,Colombo Fort - Galle,Express,2nd Class,270,207,324,161,63.89
2024-06-04,Colombo Fort - Galle,Express,3rd Class,585,463,522,368,88.7
2024-06-04,Colombo Fort - Galle,Slow/Local,1st Class,25,21,30,25,70.0
2024-06-04,Colombo Fort - Galle,Slow/Local,2nd Class,150,125,180,145,69.44
2024-06-04,Colombo Fort - Galle,Slow/Local,3rd Class,325,267,290,308,92.07
2024-06-04,Colombo Fort - Kurunegala,Express,1st Class,45,36,54,45,66.67
2024-06-04,Colombo Fort - Kurunegala,Express,2nd Class,270,211,324,270,65.12
2024-06-04,Colombo Fort - Kurunegala,Express,3rd Class,585,448,522,585,85.82
2024-06-04,Colombo Fort - Puttalam,Express,1st Class,45,35,54,33,64.81
2024-06-04,Colombo Fort - Puttalam,Express,2nd Class,270,210,324,205,64.81
2024-06-04,Colombo Fort - Puttalam,Express,3rd Class,585,450,522,441,86.21
2024-06-04,Colombo Fort - Puttalam,Slow/Local,1st Class,25,20,30,22,66.67
2024-06-04,Colombo Fort - Puttalam,Slow/Local,2nd Class,150,126,180,129,70.0
2024-06-04,Colombo Fort - Puttalam,Slow/Local,3rd Class,325,265,290,287,91.38
2024-06-04,Colombo Fort - Ratnapura,Express,1st Class,45,37,54,41,68.52
2024-06-04,Colombo Fort - Ratnapura,Express,2nd Class,270,212,324,243,65.43
2024-06-04,Colombo Fort - Ratnapura,Express,3rd Class,585,442,522,509,84.67
2024-06-04,Colombo Fort - Ratnapura,Slow/Local,1st Class,25,20,30,25,66.67
2024-06-04,Colombo Fort - Ratnapura,Slow/Local,2nd Class,150,121,180,150,67.22
2024-06-04,Colombo Fort - Ratnapura,Slow/Local,3rd Class,325,263,290,322,90.69
2024-06-04,Colombo Fort - Trincomalee,Intercity,1st Class,37,31,44,36,70.45
2024-06-04,Colombo Fort - Trincomalee,Intercity,2nd Class,225,187,270,225,69.26
2024-06-04,Colombo Fort - Trincomalee,Intercity,3rd Class,487,389,435,472,89.43
2024-06-05,Colombo Fort - Galle,Intercity,1st Class,37,30,44,34,68.18
2024-06-05,Colombo Fort - Galle,Intercity,2nd Class,225,181,270,190,67.04
2024-06-05,Colombo Fort - Galle,Intercity,3rd Class,487,396,435,410,91.03
2024-06-05,Colombo Fort - Jaffna,Intercity,1st Class,37,31,44,29,70.45
2024-06-05,Colombo Fort - Jaffna,Intercity,2nd Class,225,185,270,175,68.52
2024-06-05,Colombo Fort - Jaffna,Intercity,3rd Class,487,397,435,369,91.26
2024-06-05,Colombo Fort - Kurunegala,Intercity,1st Class,37,28,44,35,63.64
2024-06-05,Colombo Fort - Kurunegala,Intercity,2nd Class,225,186,270,188,68.89
2024-06-05,Colombo Fort - Kurunegala,Intercity,3rd Class,487,393,435,456,90.34
2024-06-05,Colombo Fort - Kurunegala,Slow/Local,1st Class,25,19,30,21,63.33
2024-06-05,Colombo Fort - Kurunegala,Slow/Local,2nd Class,150,117,180,124,65.0
2024-06-05,Colombo Fort - Kurunegala,Slow/Local,3rd Class,325,256,290,271,88.28
2024-06-05,Colombo Fort - Matara,Intercity,1st Class,37,31,44,36,70.45
2024-06-05,Colombo Fort - Matara,Intercity,2nd Class,225,182,270,225,67.41
2024-06-05,Colombo Fort - Matara,Intercity,3rd Class,487,388,435,485,89.2
2024-06-05,Colombo Fort - Matara,Slow/Local,1st Class,25,20,30,24,66.67
2024-06-05,Colombo Fort - Matara,Slow/Local,2nd Class,150,120,180,133,66.67
2024-06-05,Colombo Fort - Matara,Slow/Local,3rd Class,325,266,290,325,91.72
2024-06-05,Colombo Fort - Negombo,Intercity,1st Class,37,31,44,36,70.45
2024-06-05,Colombo Fort - Negombo,Intercity,2nd Class,225,184,270,210,68.15
2024-06-05,Colombo Fort - Negombo,Intercity,3rd Class,487,386,435,466,88.74
2024-06-05,Colombo Fort - Puttalam,Intercity,1st Class,37,28,44,36,63.64
2024-06-05,Colombo Fort - Puttalam,Intercity,2nd Class,225,188,270,199,69.63
2024-06-05,Colombo Fort - Puttalam,Intercity,3rd Class,487,359,435,449,82.53
2024-06-05,Colombo Fort - Puttalam,Slow/Local,1st Class,25,20,30,16,66.67
2024-06-05,Colombo Fort - Puttalam,Slow/Local,2nd Class,150,126,180,91,70.0
2024-06-05,Colombo Fort - Puttalam,Slow/Local,3rd Class,325,266,290,186,91.72
2024-06-05,Colombo Fort - Vavuniya,Express,1st Class,45,37,54,45,68.52
2024-06-05,Colombo Fort - Vavuniya,Express,2nd Class,270,214,324,257,66.05
2024-06-05,Colombo Fort - Vavuniya,Express,3rd Class,585,464,522,585,88.89
2024-06-05,Kandy - Badulla,Night Mail,1st Class,32,28,38,20,73.68
2024-06-05,Kandy - Badulla,Night Mail,2nd Class,195,162,234,125,69.23
2024-06-05,Kandy - Badulla,Night Mail,3rd Class,422,372,377,288,98.67
2024-06-05,Kandy - Badulla,Slow/Local,1st Class,25,20,30,21,66.67
2024-06-05,Kandy - Badulla,Slow/Local,2nd Class,150,122,180,127,67.78
2024-06-05,Kandy - Badulla,Slow/Local,3rd Class,325,258,290,287,88.97
2024-06-05,Maradana - Avissawella,Intercity,1st Class,37,31,44,23,70.45
2024-06-05,Maradana - Avissawella,Intercity,2nd Class,225,184,270,153,68.15
2024-06-05,Maradana - Avissawella,Intercity,3rd Class,487,368,435,333,84.6
2024-06-05,Maradana - Avissawella,Slow/Local,1st Class,25,21,30,23,70.0
2024-06-05,Maradana - Avissawella,Slow/Local,2nd Class,150,122,180,143,67.78
2024-06-05,Maradana - Avissawella,Slow/Local,3rd Class,325,262,290,299,90.34
2024-06-06,Colombo Fort - Anuradhapura,Express,1st Class,45,36,54,29,66.67
2024-06-06,Colombo Fort - Anuradhapura,Express,2nd Class,270,214,324,171,66.05
2024-06-06,Colombo Fort - Anuradhapura,Express,3rd Class,585,474,522,379,90.8
2024-06-06,Colombo Fort - Badulla,Express,1st Class,45,38,54,40,70.37
2024-06-06,Colombo Fort - Badulla,Express,2nd Class,270,221,324,235,68.21
2024-06-06,Colombo Fort - Badulla,Express,3rd Class,585,463,522,498,88.7
2024-06-06,Colombo Fort - Badulla,Night Mail,1st Class,32,26,38,24,68.42
2024-06-06,Colombo Fort - Badulla,Night Mail,2nd Class,195,170,234,139,72.65
2024-06-06,Colombo Fort - Badulla,Night Mail,3rd Class,422,353,377,314,93.63
2024-06-06,Colombo Fort - Kandy,Express,1st Class,45,36,54,40,66.67
2024-06-06,Colombo Fort - Kandy,Express,2nd Class,270,207,324,254,63.89
2024-06-06,Colombo Fort - Kandy,Express,3rd Class,585,460,522,563,88.12
2024-06-06,Colombo Fort - Kandy,Slow/Local,1st Class,25,21,30,17,70.0
2024-06-06,Colombo Fort - Kandy,Slow/Local,2nd Class,150,123,180,100,68.33
2024-06-06,Colombo Fort - Kandy,Slow/Local,3rd Class,325,264,290,226,91.03
2024-06-06,Colombo Fort - Matara,Express,1st Class,45,36,54,31,66.67
2024-06-06,Colombo Fort - Matara,Express,2nd Class,270,207,324,160,63.89
2024-06-06,Colombo Fort - Matara,Express,3rd Class,585,443,522,377,84.87
2024-06-06,Colombo Fort - Ratnapura,Slow/Local,1st Class,25,20,30,23,66.67
2024-06-06,Colombo Fort - Ratnapura,Slow/Local,2nd Class,150,121,180,147,67.22
2024-06-06,Colombo Fort - Ratnapura,Slow/Local,3rd Class,325,265,290,287,91.38
2024-06-06,Colombo Fort - Trincomalee,Express,1st Class,45,36,54,43,66.67
2024-06-06,Colombo Fort - Trincomalee,Express,2nd Class,270,209,324,259,64.51
2024-06-06,Colombo Fort - Trincomalee,Express,3rd Class,585,475,522,558,91.0
2024-06-06,Colombo Fort - Trincomalee,Slow/Local,1st Class,25,21,30,18,70.0
2024-06-06,Colombo Fort - Trincomalee,Slow/Local,2nd Class,150,131,180,113,72.78
2024-06-06,Colombo Fort - Trincomalee,Slow/Local,3rd Class,325,268,290,256,92.41
2024-06-06,Kandy - Badulla,Slow/Local,1st Class,25,20,30,22,66.67
2024-06-06,Kandy - Badulla,Slow/Local,2nd Class,150,121,180,138,67.22
2024-06-06,Kandy - Badulla,Slow/Local,3rd Class,325,265,290,291,91.38
2024-06-06,Maradana - Avissawella,Express,1st Class,45,35,54,30,64.81
2024-06-06,Maradana - Avissawella,Express,2nd Class,270,210,324,203,64.81
2024-06-06,Maradana - Avissawella,Express,3rd Class,585,455,522,415,87.16
2024-06-07,Colombo Fort - Batticaloa,Night Mail,1st Class,32,28,38,23,73.68
2024-06-07,Colombo Fort - Batticaloa,Night Mail,2nd Class,195,168,234,146,71.79
2024-06-07,Colombo Fort - Batticaloa,Night Mail,3rd Class,422,367,377,314,97.35
2024-06-07,Colombo Fort - Batticaloa,Slow/Local,1st Class,25,23,23,21,100.0
2024-06-07,Colombo Fort - Batticaloa,Slow/Local,2nd Class,150,136,136,116,100.0
2024-06-07,Colombo Fort - Batticaloa,Slow/Local,3rd Class,325,300,341,248,87.98
2024-06-07,Colombo Fort - Jaffna,Express,1st Class,45,39,39,32,100.0
2024-06-07,Colombo Fort - Jaffna,Express,2nd Class,270,230,230,195,100.0
2024-06-07,Colombo Fort - Jaffna,Express,3rd Class,585,525,631,410,83.2
2024-06-07,Colombo Fort - Matara,Slow/Local,1st Class,25,22,22,17,100.0
2024-06-07,Colombo Fort - Matara,Slow/Local,2nd Class,150,135,135,103,100.0
2024-06-07,Colombo Fort - Matara,Slow/Local,3rd Class,325,294,343,223,85.71
2024-06-07,Colombo Fort - Puttalam,Intercity,1st Class,37,34,44,32,77.27
2024-06-07,Colombo Fort - Puttalam,Intercity,2nd Class,225,197,270,191,72.96
2024-06-07,Colombo Fort - Puttalam,Intercity,3rd Class,487,422,435,412,97.01
2024-06-07,Colombo Fort - Trincomalee,Night Mail,1st Class,32,28,38,18,73.68
2024-06-07,Colombo Fort - Trincomalee,Night Mail,2nd Class,195,173,234,125,73.93
2024-06-07,Colombo Fort - Trincomalee,Night Mail,3rd Class,422,357,377,251,94.69
2024-06-07,Maradana - Avissawella,Slow/Local,1st Class,25,22,30,25,73.33
2024-06-07,Maradana - Avissawella,Slow/Local,2nd Class,150,137,180,144,76.11
2024-06-07,Maradana - Avissawella,Slow/Local,3rd Class,325,289,290,323,99.66
2024-06-08,Colombo Fort - Anuradhapura,Express,1st Class,45,39,54,45,72.22
2024-06-08,Colombo Fort - Anuradhapura,Express,2nd Class,270,229,324,261,70.68
2024-06-08,Colombo Fort - Anuradhapura,Express,3rd Class,585,515,522,585,98.66
2024-06-08,Colombo Fort - Jaffna,Slow/Local,1st Class,25,23,23,19,100.0
2024-06-08,Colombo Fort - Jaffna,Slow/Local,2nd Class,150,139,139,113,100.0
2024-06-08,Colombo Fort - Jaffna,Slow/Local,3rd Class,325,301,338,244,89.05
2024-06-08,Colombo Fort - Kurunegala,Intercity,1st Class,37,32,44,32,72.73
2024-06-08,Colombo Fort - Kurunegala,Intercity,2nd Class,225,197,270,172,72.96
2024-06-08,Colombo Fort - Kurunegala,Intercity,3rd Class,487,423,435,412,97.24
2024-06-08,Colombo Fort - Matara,Express,1st Class,45,40,54,37,74.07
2024-06-08,Colombo Fort - Matara,Express,2nd Class,270,233,324,227,71.91
2024-06-08,Colombo Fort - Matara,Express,3rd Class,585,511,522,481,97.89
2024-06-08,Colombo Fort - Negombo,Night Mail,1st Class,32,27,27,29,100.0
2024-06-08,Colombo Fort - Negombo,Night Mail,2nd Class,195,171,171,171,100.0
2024-06-08,Colombo Fort - Negombo,Night Mail,3rd Class,422,379,451,380,84.04
2024-06-08,Colombo Fort - Puttalam,Slow/Local,1st Class,25,22,22,23,100.0
2024-06-08,Colombo Fort - Puttalam,Slow/Local,2nd Class,150,134,134,142,100.0
2024-06-08,Colombo Fort - Puttalam,Slow/Local,3rd Class,325,295,344,312,85.76
2024-06-08,Colombo Fort - Ratnapura,Night Mail,1st Class,32,29,29,32,100.0
2024-06-08,Colombo Fort - Ratnapura,Night Mail,2nd Class,195,173,173,184,100.0
2024-06-08,Colombo Fort - Ratnapura,Night Mail,3rd Class,422,380,447,422,85.01
2024-06-08,Colombo Fort - Vavuniya,Slow/Local,1st Class,25,23,30,23,76.67
2024-06-08,Colombo Fort - Vavuniya,Slow/Local,2nd Class,150,137,180,124,76.11
2024-06-08,Colombo Fort - Vavuniya,Slow/Local,3rd Class,325,281,290,275,96.9
2024-06-09,Colombo Fort - Badulla,Intercity,1st Class,37,32,44,29,72.73
2024-06-09,Colombo Fort - Badulla,Intercity,2nd Class,225,201,270,182,74.44
2024-06-09,Colombo Fort - Badulla,Intercity,3rd Class,487,414,435,431,95.17
2024-06-09,Colombo Fort - Galle,Night Mail,1st Class,32,29,38,32,76.32
2024-06-09,Colombo Fort - Galle,Night Mail,2nd Class,195,175,234,183,74.79
2024-06-09,Colombo Fort - Galle,Night Mail,3rd Class,422,373,377,422,98.94
2024-06-09,Colombo Fort - Kandy,Slow/Local,1st Class,25,23,23,24,100.0
2024-06-09,Colombo Fort - Kandy,Slow/Local,2nd Class,150,134,134,144,100.0
2024-06-09,Colombo Fort - Kandy,Slow/Local,3rd Class,325,297,343,324,86.59
2024-06-09,Colombo Fort - Kurunegala,Slow/Local,1st Class,25,22,30,25,73.33
2024-06-09,Colombo Fort - Kurunegala,Slow/Local,2nd Class,150,134,180,150,74.44
2024-06-09,Colombo Fort - Kurunegala,Slow/Local,3rd Class,325,290,290,325,100.0
2024-06-09,Colombo Fort - Negombo,Night Mail,1st Class,32,27,38,29,71.05
2024-06-09,Colombo Fort - Negombo,Night Mail,2nd Class,195,175,234,175,74.79
2024-06-09,Colombo Fort - Negombo,Night Mail,3rd Class,422,377,377,335,100.0
2024-06-09,Colombo Fort - Trincomalee,Express,1st Class,45,39,54,37,72.22
2024-06-09,Colombo Fort - Trincomalee,Express,2nd Class,270,234,324,213,72.22
2024-06-09,Colombo Fort - Trincomalee,Express,3rd Class,585,504,522,480,96.55
2024-06-09,Kandy - Badulla,Express,1st Class,45,39,54,43,72.22
2024-06-09,Kandy - Badulla,Express,2nd Class,270,229,324,258,70.68
2024-06-09,Kandy - Badulla,Express,3rd Class,585,502,522,562,96.17
2024-06-09,Maradana - Avissawella,Express,1st Class,45,39,54,42,72.22
2024-06-09,Maradana - Avissawella,Express,2nd Class,270,227,324,263,70.06
2024-06-09,Maradana - Avissawella,Express,3rd Class,585,498,522,545,95.4
2024-06-09,Maradana - Avissawella,Slow/Local,1st Class,25,22,30,18,73.33
2024-06-09,Maradana - Avissawella,Slow/Local,2nd Class,150,138,180,105,76.67
2024-06-09,Maradana - Avissawella,Slow/Local,3rd Class,325,286,290,239,98.62
2024-06-10,Colombo Fort - Batticaloa,Intercity,1st Class,37,31,44,29,70.45
2024-06-10,Colombo Fort - Batticaloa,Intercity,2nd Class,225,185,270,153,68.52
2024-06-10,Colombo Fort - Batticaloa,Intercity,3rd Class,487,415,435,369,95.4
2024-06-10,Colombo Fort - Galle,Night Mail,1st Class,32,27,38,32,71.05
2024-06-10,Colombo Fort - Galle,Night Mail,2nd Class,195,161,234,195,68.8
2024-06-10,Colombo Fort - Galle,Night Mail,3rd Class,422,347,377,421,92.04
2024-06-10,Colombo Fort - Jaffna,Slow/Local,1st Class,25,21,30,24,70.0
2024-06-10,Colombo Fort - Jaffna,Slow/Local,2nd Class,150,120,180,144,66.67
2024-06-10,Colombo Fort - Jaffna,Slow/Local,3rd Class,325,267,290,325,92.07
2024-06-10,Colombo Fort - Kandy,Express,1st Class,45,36,54,45,66.67
2024-06-10,Colombo Fort - Kandy,Express,2nd Class,270,209,324,263,64.51
2024-06-10,Colombo Fort - Kandy,Express,3rd Class,585,475,522,585,91.0
2024-06-10,Colombo Fort - Kandy,Night Mail,1st Class,32,27,38,25,71.05
2024-06-10,Colombo Fort - Kandy,Night Mail,2nd Class,195,160,234,146,68.38
2024-06-10,Colombo Fort - Kandy,Night Mail,3rd Class,422,354,377,324,93.9
2024-06-10,Colombo Fort - Kurunegala,Intercity,1st Class,37,28,44,37,63.64
2024-06-10,Colombo Fort - Kurunegala,Intercity,2nd Class,225,187,270,214,69.26
2024-06-10,Colombo Fort - Kurunegala,Intercity,3rd Class,487,384,435,461,88.28
2024-06-10,Colombo Fort - Matara,Slow/Local,1st Class,25,19,30,20,63.33
2024-06-10,Colombo Fort - Matara,Slow/Local,2nd Class,150,116,180,127,64.44
2024-06-10,Colombo Fort - Matara,Slow/Local,3rd Class,325,266,290,288,91.72
2024-06-10,Colombo Fort - Negombo,Intercity,1st Class,37,31,44,28,70.45
2024-06-10,Colombo Fort - Negombo,Intercity,2nd Class,225,186,270,157,68.89
2024-06-10,Colombo Fort - Negombo,Intercity,3rd Class,487,412,435,360,94.71
2024-06-10,Colombo Fort - Negombo,Slow/Local,1st Class,25,21,30,17,70.0
2024-06-10,Colombo Fort - Negombo,Slow/Local,2nd Class,150,121,180,118,67.22
2024-06-10,Colombo Fort - Negombo,Slow/Local,3rd Class,325,270,290,217,93.1
2024-06-10,Colombo Fort - Puttalam,Slow/Local,1st Class,25,20,30,21,66.67
2024-06-10,Colombo Fort - Puttalam,Slow/Local,2nd Class,150,121,180,134,67.22
2024-06-10,Colombo Fort - Puttalam,Slow/Local,3rd Class,325,259,290,312,89.31
2024-06-10,Colombo Fort - Ratnapura,Intercity,1st Class,37,31,44,36,70.45
2024-06-10,Colombo Fort - Ratnapura,Intercity,2nd Class,225,186,270,225,68.89
2024-06-10,Colombo Fort - Ratnapura,Intercity,3rd Class,487,405,435,487,93.1
2024-06-10,Colombo Fort - Ratnapura,Slow/Local,1st Class,25,20,30,21,66.67
2024-06-10,Colombo Fort - Ratnapura,Slow/Local,2nd Class,150,120,180,115,66.67
2024-06-10,Colombo Fort - Ratnapura,Slow/Local,3rd Class,325,271,290,250,93.45
2024-06-10,Colombo Fort - Vavuniya,Express,1st Class,45,38,54,26,70.37
2024-06-10,Colombo Fort - Vavuniya,Express,2nd Class,270,220,324,180,67.9
2024-06-10,Colombo Fort - Vavuniya,Express,3rd Class,585,490,522,396,93.87
2024-06-10,Kandy - Badulla,Express,1st Class,45,37,54,43,68.52
2024-06-10,Kandy - Badulla,Express,2nd Class,270,218,324,261,67.28
2024-06-10,Kandy - Badulla,Express,3rd Class,585,478,522,557,91.57
2024-06-11,Colombo Fort - Anuradhapura,Slow/Local,1st Class,25,20,30,25,66.67
2024-06-11,Colombo Fort - Anuradhapura,Slow/Local,2nd Class,150,117,180,150,65.0
2024-06-11,Colombo Fort - Anuradhapura,Slow/Local,3rd Class,325,266,290,311,91.72
2024-06-11,Colombo Fort - Badulla,Intercity,1st Class,37,31,44,36,70.45
2024-06-11,Colombo Fort - Badulla,Intercity,2nd Class,225,186,270,225,68.89
2024-06-11,Colombo Fort - Badulla,Intercity,3rd Class,487,405,435,487,93.1
2024-06-11,Colombo Fort - Badulla,Slow/Local,1st Class,25,19,30,25,63.33
2024-06-11,Colombo Fort - Badulla,Slow/Local,2nd Class,150,113,180,150,62.78
2024-06-11,Colombo Fort - Badulla,Slow/Local,3rd Class,325,257,290,303,88.62
2024-06-11,Colombo Fort - Batticaloa,Slow/Local,1st Class,25,20,30,23,66.67
2024-06-11,Colombo Fort - Batticaloa,Slow/Local,2nd Class,150,119,180,150,66.11
2024-06-11,Colombo Fort - Batticaloa,Slow/Local,3rd Class,325,255,290,315,87.93
2024-06-11,Colombo Fort - Jaffna,Intercity,1st Class,37,31,44,23,70.45
2024-06-11,Colombo Fort - Jaffna,Intercity,2nd Class,225,186,270,142,68.89
2024-06-11,Colombo Fort - Jaffna,Intercity,3rd Class,487,398,435,300,91.49
2024-06-11,Colombo Fort - Kandy,Intercity,1st Class,37,31,44,37,70.45
2024-06-11,Colombo Fort - Kandy,Intercity,2nd Class,225,183,270,220,67.78
2024-06-11,Colombo Fort - Kandy,Intercity,3rd Class,487,397,435,473,91.26
2024-06-11,Colombo Fort - Kurunegala,Night Mail,1st Class,32,27,38,26,71.05
2024-06-11,Colombo Fort - Kurunegala,Night Mail,2nd Class,195,164,234,144,70.09
2024-06-11,Colombo Fort - Kurunegala,Night Mail,3rd Class,422,357,377,323,94.69
2024-06-11,Colombo Fort - Matara,Intercity,1st Class,37,31,44,28,70.45
2024-06-11,Colombo Fort - Matara,Intercity,2nd Class,225,181,270,182,67.04
2024-06-11,Colombo Fort - Matara,Intercity,3rd Class,487,406,435,338,93.33
2024-06-11,Colombo Fort - Negombo,Slow/Local,1st Class,25,20,30,21,66.67
2024-06-11,Colombo Fort - Negombo,Slow/Local,2nd Class,150,121,180,126,67.22
2024-06-11,Colombo Fort - Negombo,Slow/Local,3rd Class,325,261,290,279,90.0
2024-06-11,Colombo Fort - Vavuniya,Express,1st Class,45,36,54,33,66.67
2024-06-11,Colombo Fort - Vavuniya,Express,2nd Class,270,213,324,230,65.74
2024-06-11,Colombo Fort - Vavuniya,Express,3rd Class,585,478,522,472,91.57
2024-06-11,Maradana - Avissawella,Express,1st Class,45,35,54,38,64.81
2024-06-11,Maradana - Avissawella,Express,2nd Class,270,204,324,214,62.96
2024-06-11,Maradana - Avissawella,Express,3rd Class,585,453,522,451,86.78
2024-06-12,Colombo Fort - Anuradhapura,Intercity,1st Class,37,31,44,32,70.45
2024-06-12,Colombo Fort - Anuradhapura,Intercity,2nd Class,225,187,270,177,69.26
2024-06-12,Colombo Fort - Anuradhapura,Intercity,3rd Class,487,401,435,371,92.18
2024-06-12,Colombo Fort - Badulla,Intercity,1st Class,37,30,44,36,68.18
2024-06-12,Colombo Fort - Badulla,Intercity,2nd Class,225,184,270,215,68.15
2024-06-12,Colombo Fort - Badulla,Intercity,3rd Class,487,400,435,472,91.95
2024-06-12,Colombo Fort - Badulla,Slow/Local,1st Class,25,20,30,16,66.67
2024-06-12,Colombo Fort - Badulla,Slow/Local,2nd Class,150,121,180,79,67.22
2024-06-12,Colombo Fort - Badulla,Slow/Local,3rd Class,325,256,290,211,88.28
2024-06-12,Colombo Fort - Batticaloa,Express,1st Class,45,35,54,32,64.81
2024-06-12,Colombo Fort - Batticaloa,Express,2nd Class,270,206,324,188,63.58
2024-06-12,Colombo Fort - Batticaloa,Express,3rd Class,585,467,522,497,89.46
2024-06-12,Colombo Fort - Galle,Intercity,1st Class,37,30,44,26,68.18
2024-06-12,Colombo Fort - Galle,Intercity,2nd Class,225,182,270,175,67.41
2024-06-12,Colombo Fort - Galle,Intercity,3rd Class,487,392,435,382,90.11
2024-06-12,Colombo Fort - Jaffna,Slow/Local,1st Class,25,20,30,23,66.67
2024-06-12,Colombo Fort - Jaffna,Slow/Local,2nd Class,150,122,180,142,67.78
2024-06-12,Colombo Fort - Jaffna,Slow/Local,3rd Class,325,264,290,307,91.03
2024-06-12,Colombo Fort - Negombo,Intercity,1st Class,37,31,44,21,70.45
2024-06-12,Colombo Fort - Negombo,Intercity,2nd Class,225,183,270,151,67.78
2024-06-12,Colombo Fort - Negombo,Intercity,3rd Class,487,387,435,312,88.97
2024-06-12,Colombo Fort - Negombo,Slow/Local,1st Class,25,20,30,21,66.67
2024-06-12,Colombo Fort - Negombo,Slow/Local,2nd Class,150,122,180,127,67.78
2024-06-12,Colombo Fort - Negombo,Slow/Local,3rd Class,325,257,290,257,88.62
2024-06-12,Colombo Fort - Puttalam,Express,1st Class,45,35,54,43,64.81
2024-06-12,Colombo Fort - Puttalam,Express,2nd Class,270,214,324,268,66.05
2024-06-12,Colombo Fort - Puttalam,Express,3rd Class,585,472,522,515,90.42
2024-06-12,Colombo Fort - Ratnapura,Intercity,1st Class,37,31,44,29,70.45
2024-06-12,Colombo Fort - Ratnapura,Intercity,2nd Class,225,184,270,184,68.15
2024-06-12,Colombo Fort - Ratnapura,Intercity,3rd Class,487,408,435,361,93.79
2024-06-12,Colombo Fort - Trincomalee,Intercity,1st Class,37,31,44,26,70.45
2024-06-12,Colombo Fort - Trincomalee,Intercity,2nd Class,225,186,270,161,68.89
2024-06-12,Colombo Fort - Trincomalee,Intercity,3rd Class,487,397,435,343,91.26
2024-06-12,Colombo Fort - Vavuniya,Express,1st Class,45,35,54,36,64.81
2024-06-12,Colombo Fort - Vavuniya,Express,2nd Class,270,216,324,208,66.67
2024-06-12,Colombo Fort - Vavuniya,Express,3rd Class,585,484,522,474,92.72
2024-06-12,Colombo Fort - Vavuniya,Intercity,1st Class,37,31,44,24,70.45
2024-06-12,Colombo Fort - Vavuniya,Intercity,2nd Class,225,186,270,149,68.89
2024-06-12,Colombo Fort - Vavuniya,Intercity,3rd Class,487,408,435,345,93.79
2024-06-13,Colombo Fort - Badulla,Express,1st Class,45,39,54,28,72.22
2024-06-13,Colombo Fort - Badulla,Express,2nd Class,270,224,324,199,69.14
2024-06-13,Colombo Fort - Badulla,Express,3rd Class,585,466,522,412,89.27
2024-06-13,Colombo Fort - Galle,Express,1st Class,45,36,54,37,66.67
2024-06-13,Colombo Fort - Galle,Express,2nd Class,270,204,324,214,62.96
2024-06-13,Colombo Fort - Galle,Express,3rd Class,585,453,522,495,86.78
2024-06-13,Colombo Fort - Galle,Slow/Local,1st Class,25,21,30,24,70.0
2024-06-13,Colombo Fort - Galle,Slow/Local,2nd Class,150,124,180,140,68.89
2024-06-13,Colombo Fort - Galle,Slow/Local,3rd Class,325,266,290,280,91.72
2024-06-13,Colombo Fort - Kurunegala,Intercity,1st Class,37,27,44,35,61.36
2024-06-13,Colombo Fort - Kurunegala,Intercity,2nd Class,225,186,270,222,68.89
2024-06-13,Colombo Fort - Kurunegala,Intercity,3rd Class,487,389,435,487,89.43
2024-06-13,Colombo Fort - Matara,Intercity,1st Class,37,31,44,37,70.45
2024-06-13,Colombo Fort - Matara,Intercity,2nd Class,225,184,270,220,68.15
2024-06-13,Colombo Fort - Matara,Intercity,3rd Class,487,397,435,466,91.26
2024-06-13,Colombo Fort - Negombo,Slow/Local,1st Class,25,20,30,24,66.67
2024-06-13,Colombo Fort - Negombo,Slow/Local,2nd Class,150,121,180,130,67.22
2024-06-13,Colombo Fort - Negombo,Slow/Local,3rd Class,325,257,290,258,88.62
2024-06-13,Colombo Fort - Puttalam,Express,1st Class,45,36,54,34,66.67
2024-06-13,Colombo Fort - Puttalam,Express,2nd Class,270,218,324,199,67.28
2024-06-13,Colombo Fort - Puttalam,Express,3rd Class,585,462,522,411,88.51
2024-06-13,Kandy - Badulla,Intercity,1st Class,37,31,44,26,70.45
2024-06-13,Kandy - Badulla,Intercity,2nd Class,225,193,270,149,71.48
2024-06-13,Kandy - Badulla,Intercity,3rd Class,487,410,435,369,94.25
2024-06-14,Colombo Fort - Anuradhapura,Intercity,1st Class,37,32,44,29,72.73
2024-06-14,Colombo Fort - Anuradhapura,Intercity,2nd Class,225,190,270,177,70.37
2024-06-14,Colombo Fort - Anuradhapura,Intercity,3rd Class,487,410,435,381,94.25
2024-06-14,Colombo Fort - Batticaloa,Express,1st Class,45,39,54,37,72.22
2024-06-14,Colombo Fort - Batticaloa,Express,2nd Class,270,234,324,222,72.22
2024-06-14,Colombo Fort - Batticaloa,Express,3rd Class,585,518,522,511,99.23
2024-06-14,Colombo Fort - Batticaloa,Intercity,1st Class,37,32,44,32,72.73
2024-06-14,Colombo Fort - Batticaloa,Intercity,2nd Class,225,196,270,190,72.59
2024-06-14,Colombo Fort - Batticaloa,Intercity,3rd Class,487,416,435,431,95.63
2024-06-14,Colombo Fort - Kurunegala,Express,1st Class,45,38,38,45,100.0
2024-06-14,Colombo Fort - Kurunegala,Express,2nd Class,270,239,239,256,100.0
2024-06-14,Colombo Fort - Kurunegala,Express,3rd Class,585,538,623,585,86.36
2024-06-14,Colombo Fort - Ratnapura,Express,1st Class,45,37,54,44,68.52
2024-06-14,Colombo Fort - Ratnapura,Express,2nd Class,270,229,324,257,70.68
2024-06-14,Colombo Fort - Ratnapura,Express,3rd Class,585,480,522,538,91.95
2024-06-14,Kandy - Badulla,Intercity,1st Class,37,31,44,28,70.45
2024-06-14,Kandy - Badulla,Intercity,2nd Class,225,201,270,176,74.44
2024-06-14,Kandy - Badulla,Intercity,3rd Class,487,426,435,387,97.93
2024-06-15,Colombo Fort - Badulla,Slow/Local,1st Class,25,22,30,24,73.33
2024-06-15,Colombo Fort - Badulla,Slow/Local,2nd Class,150,133,180,130,73.89
2024-06-15,Colombo Fort - Badulla,Slow/Local,3rd Class,325,289,290,276,99.66
2024-06-15,Colombo Fort - Batticaloa,Express,1st Class,45,39,54,36,72.22
2024-06-15,Colombo Fort - Batticaloa,Express,2nd Class,270,242,324,261,74.69
2024-06-15,Colombo Fort - Batticaloa,Express,3rd Class,585,520,522,484,99.62
2024-06-15,Colombo Fort - Batticaloa,Intercity,1st Class,37,32,44,36,72.73
2024-06-15,Colombo Fort - Batticaloa,Intercity,2nd Class,225,199,270,210,73.7
2024-06-15,Colombo Fort - Batticaloa,Intercity,3rd Class,487,416,435,468,95.63
2024-06-15,Colombo Fort - Galle,Night Mail,1st Class,32,28,38,26,73.68
2024-06-15,Colombo Fort - Galle,Night Mail,2nd Class,195,172,234,159,73.5
2024-06-15,Colombo Fort - Galle,Night Mail,3rd Class,422,375,377,362,99.47
2024-06-15,Colombo Fort - Galle,Slow/Local,1st Class,25,23,30,24,76.67
2024-06-15,Colombo Fort - Galle,Slow/Local,2nd Class,150,137,180,143,76.11
2024-06-15,Colombo Fort - Galle,Slow/Local,3rd Class,325,287,290,322,98.97
2024-06-15,Colombo Fort - Kandy,Express,1st Class,45,39,39,31,100.0
2024-06-15,Colombo Fort - Kandy,Express,2nd Class,270,241,241,210,100.0
2024-06-15,Colombo Fort - Kandy,Express,3rd Class,585,539,620,420,86.94
2024-06-15,Colombo Fort - Matara,Slow/Local,1st Class,25,22,22,24,100.0
2024-06-15,Colombo Fort - Matara,Slow/Local,2nd Class,150,134,134,150,100.0
2024-06-15,Colombo Fort - Matara,Slow/Local,3rd Class,325,294,344,325,85.47
2024-06-15,Colombo Fort - Negombo,Express,1st Class,45,37,54,45,68.52
2024-06-15,Colombo Fort - Negombo,Express,2nd Class,270,234,324,262,72.22
2024-06-15,Colombo Fort - Negombo,Express,3rd Class,585,459,522,585,87.93
2024-06-15,Colombo Fort - Negombo,Slow/Local,1st Class,25,23,23,25,100.0
2024-06-15,Colombo Fort - Negombo,Slow/Local,2nd Class,150,136,136,141,100.0
2024-06-15,Colombo Fort - Negombo,Slow/Local,3rd Class,325,291,341,325,85.34
2024-06-15,Colombo Fort - Puttalam,Slow/Local,1st Class,25,22,22,25,100.0
2024-06-15,Colombo Fort - Puttalam,Slow/Local,2nd Class,150,135,135,147,100.0
2024-06-15,Colombo Fort - Puttalam,Slow/Local,3rd Class,325,296,343,324,86.3
2024-06-15,Colombo Fort - Ratnapura,Express,1st Class,45,37,54,45,68.52
2024-06-15,Colombo Fort - Ratnapura,Express,2nd Class,270,230,324,256,70.99
2024-06-15,Colombo Fort - Ratnapura,Express,3rd Class,585,489,522,585,93.68
2024-06-16,Colombo Fort - Badulla,Intercity,1st Class,37,32,44,37,72.73
2024-06-16,Colombo Fort - Badulla,Intercity,2nd Class,225,196,270,225,72.59
2024-06-16,Colombo Fort - Badulla,Intercity,3rd Class,487,407,435,487,93.56
2024-06-16,Colombo Fort - Kandy,Intercity,1st Class,37,32,44,35,72.73
2024-06-16,Colombo Fort - Kandy,Intercity,2nd Class,225,202,270,209,74.81
2024-06-16,Colombo Fort - Kandy,Intercity,3rd Class,487,412,435,467,94.71
2024-06-16,Colombo Fort - Negombo,Intercity,1st Class,37,31,44,28,70.45
2024-06-16,Colombo Fort - Negombo,Intercity,2nd Class,225,195,270,164,72.22
2024-06-16,Colombo Fort - Negombo,Intercity,3rd Class,487,420,435,390,96.55
2024-06-16,Colombo Fort - Puttalam,Express,1st Class,45,38,54,45,70.37
2024-06-16,Colombo Fort - Puttalam,Express,2nd Class,270,225,324,266,69.44
2024-06-16,Colombo Fort - Puttalam,Express,3rd Class,585,486,522,585,93.1
2024-06-16,Colombo Fort - Puttalam,Slow/Local,1st Class,25,22,22,22,100.0
2024-06-16,Colombo Fort - Puttalam,Slow/Local,2nd Class,150,135,135,130,100.0
2024-06-16,Colombo Fort - Puttalam,Slow/Local,3rd Class,325,292,343,285,85.13
2024-06-16,Colombo Fort - Ratnapura,Slow/Local,1st Class,25,23,30,23,76.67
2024-06-16,Colombo Fort - Ratnapura,Slow/Local,2nd Class,150,134,180,124,74.44
2024-06-16,Colombo Fort - Ratnapura,Slow/Local,3rd Class,325,290,290,283,100.0
2024-06-16,Colombo Fort - Trincomalee,Intercity,1st Class,37,31,44,33,70.45
2024-06-16,Colombo Fort - Trincomalee,Intercity,2nd Class,225,193,270,215,71.48
2024-06-16,Colombo Fort - Trincomalee,Intercity,3rd Class,487,418,435,441,96.09
2024-06-16,Colombo Fort - Trincomalee,Night Mail,1st Class,32,28,38,29,73.68
2024-06-16,Colombo Fort - Trincomalee,Night Mail,2nd Class,195,175,234,175,74.79
2024-06-16,Colombo Fort - Trincomalee,Night Mail,3rd Class,422,358,377,389,94.96
2024-06-16,Colombo Fort - Vavuniya,Express,1st Class,45,38,54,35,70.37
2024-06-16,Colombo Fort - Vavuniya,Express,2nd Class,270,224,324,203,69.14
2024-06-16,Colombo Fort - Vavuniya,Express,3rd Class,585,506,522,429,96.93
2024-06-16,Colombo Fort - Vavuniya,Intercity,1st Class,37,31,44,37,70.45
2024-06-16,Colombo Fort - Vavuniya,Intercity,2nd Class,225,198,270,222,73.33
2024-06-16,Colombo Fort - Vavuniya,Intercity,3rd Class,487,418,435,487,96.09
2024-06-16,Maradana - Avissawella,Slow/Local,1st Class,25,21,30,25,70.0
2024-06-16,Maradana - Avissawella,Slow/Local,2nd Class,150,134,180,150,74.44
2024-06-16,Maradana - Avissawella,Slow/Local,3rd Class,325,284,290,325,97.93
2024-06-17,Colombo Fort - Badulla,Slow/Local,1st Class,25,20,30,18,66.67
2024-06-17,Colombo Fort - Badulla,Slow/Local,2nd Class,150,120,180,113,66.67
2024-06-17,Colombo Fort - Badulla,Slow/Local,3rd Class,325,259,290,231,89.31
2024-06-17,Colombo Fort - Batticaloa,Intercity,1st Class,37,30,44,36,68.18
2024-06-17,Colombo Fort - Batticaloa,Intercity,2nd Class,225,183,270,218,67.78
2024-06-17,Colombo Fort - Batticaloa,Intercity,3rd Class,487,419,435,407,96.32
2024-06-17,Colombo Fort - Jaffna,Slow/Local,1st Class,25,21,30,15,70.0
2024-06-17,Colombo Fort - Jaffna,Slow/Local,2nd Class,150,121,180,90,67.22
2024-06-17,Colombo Fort - Jaffna,Slow/Local,3rd Class,325,268,290,194,92.41
2024-06-17,Colombo Fort - Kandy,Express,1st Class,45,36,54,30,66.67
2024-06-17,Colombo Fort - Kandy,Express,2nd Class,270,213,324,197,65.74
2024-06-17,Colombo Fort - Kandy,Express,3rd Class,585,474,522,446,90.8
2024-06-17,Colombo Fort - Kurunegala,Intercity,1st Class,37,26,26,33,100.0
2024-06-17,Colombo Fort - Kurunegala,Intercity,2nd Class,225,187,270,178,69.26
2024-06-17,Colombo Fort - Kurunegala,Intercity,3rd Class,487,363,453,412,80.13
2024-06-17,Colombo Fort - Matara,Intercity,1st Class,37,30,44,29,68.18
2024-06-17,Colombo Fort - Matara,Intercity,2nd Class,225,182,270,165,67.41
2024-06-17,Colombo Fort - Matara,Intercity,3rd Class,487,395,435,388,90.8
2024-06-17,Colombo Fort - Matara,Slow/Local,1st Class,25,20,30,18,66.67
2024-06-17,Colombo Fort - Matara,Slow/Local,2nd Class,150,121,180,119,67.22
2024-06-17,Colombo Fort - Matara,Slow/Local,3rd Class,325,265,290,252,91.38
2024-06-17,Colombo Fort - Negombo,Intercity,1st Class,37,31,44,29,70.45
2024-06-17,Colombo Fort - Negombo,Intercity,2nd Class,225,185,270,157,68.52
2024-06-17,Colombo Fort - Negombo,Intercity,3rd Class,487,387,435,351,88.97
2024-06-17,Kandy - Badulla,Intercity,1st Class,37,31,44,37,70.45
2024-06-17,Kandy - Badulla,Intercity,2nd Class,225,186,270,225,68.89
2024-06-17,Kandy - Badulla,Intercity,3rd Class,487,390,435,484,89.66
2024-06-17,Kandy - Badulla,Slow/Local,1st Class,25,20,30,22,66.67
2024-06-17,Kandy - Badulla,Slow/Local,2nd Class,150,120,180,138,66.67
2024-06-17,Kandy - Badulla,Slow/Local,3rd Class,325,263,290,264,90.69
2024-06-17,Maradana - Avissawella,Night Mail,1st Class,32,28,38,31,73.68
2024-06-17,Maradana - Avissawella,Night Mail,2nd Class,195,161,234,191,68.8
2024-06-17,Maradana - Avissawella,Night Mail,3rd Class,422,371,377,422,98.41
2024-06-17,Maradana - Avissawella,Slow/Local,1st Class,25,20,30,25,66.67
2024-06-17,Maradana - Avissawella,Slow/Local,2nd Class,150,120,180,146,66.67
2024-06-17,Maradana - Avissawella,Slow/Local,3rd Class,325,263,290,325,90.69
2024-06-18,Colombo Fort - Anuradhapura,Slow/Local,1st Class,25,21,30,25,70.0
2024-06-18,Colombo Fort - Anuradhapura,Slow/Local,2nd Class,150,122,180,144,67.78
2024-06-18,Colombo Fort - Anuradhapura,Slow/Local,3rd Class,325,271,290,311,93.45
2024-06-18,Colombo Fort - Badulla,Express,1st Class,45,37,54,44,68.52
2024-06-18,Colombo Fort - Badulla,Express,2nd Class,270,221,324,270,68.21
2024-06-18,Colombo Fort - Badulla,Express,3rd Class,585,483,522,585,92.53
2024-06-18,Colombo Fort - Galle,Night Mail,1st Class,32,27,38,30,71.05
2024-06-18,Colombo Fort - Galle,Night Mail,2nd Class,195,162,234,186,69.23
2024-06-18,Colombo Fort - Galle,Night Mail,3rd Class,422,349,377,377,92.57
2024-06-18,Colombo Fort - Kandy,Slow/Local,1st Class,25,20,30,20,66.67
2024-06-18,Colombo Fort - Kandy,Slow/Local,2nd Class,150,120,180,121,66.67
2024-06-18,Colombo Fort - Kandy,Slow/Local,3rd Class,325,265,290,280,91.38
2024-06-18,Colombo Fort - Kurunegala,Intercity,1st Class,37,28,44,33,63.64
2024-06-18,Colombo Fort - Kurunegala,Intercity,2nd Class,225,186,270,197,68.89
2024-06-18,Colombo Fort - Kurunegala,Intercity,3rd Class,487,372,435,454,85.52
2024-06-18,Colombo Fort - Negombo,Slow/Local,1st Class,25,20,30,15,66.67
2024-06-18,Colombo Fort - Negombo,Slow/Local,2nd Class,150,120,180,93,66.67
2024-06-18,Colombo Fort - Negombo,Slow/Local,3rd Class,325,258,290,188,88.97
2024-06-18,Colombo Fort - Puttalam,Express,1st Class,45,35,54,34,64.81
2024-06-18,Colombo Fort - Puttalam,Express,2nd Class,270,212,324,203,65.43
2024-06-18,Colombo Fort - Puttalam,Express,3rd Class,585,474,522,504,90.8
2024-06-18,Colombo Fort - Vavuniya,Slow/Local,1st Class,25,20,30,21,66.67
2024-06-18,Colombo Fort - Vavuniya,Slow/Local,2nd Class,150,121,180,129,67.22
2024-06-18,Colombo Fort - Vavuniya,Slow/Local,3rd Class,325,261,290,277,90.0
2024-06-18,Kandy - Badulla,Express,1st Class,45,37,54,40,68.52
2024-06-18,Kandy - Badulla,Express,2nd Class,270,216,324,234,66.67
2024-06-18,Kandy - Badulla,Express,3rd Class,585,463,522,508,88.7
2024-06-18,Kandy - Badulla,Slow/Local,1st Class,25,20,30,20,66.67
2024-06-18,Kandy - Badulla,Slow/Local,2nd Class,150,119,180,115,66.11
2024-06-18,Kandy - Badulla,Slow/Local,3rd Class,325,265,290,244,91.38
2024-06-18,Maradana - Avissawella,Express,1st Class,45,35,54,27,64.81
2024-06-18,Maradana - Avissawella,Express,2nd Class,270,206,324,170,63.58
2024-06-18,Maradana - Avissawella,Express,3rd Class,585,464,522,411,88.89
2024-06-19,Colombo Fort - Badulla,Slow/Local,1st Class,25,19,30,24,63.33
2024-06-19,Colombo Fort - Badulla,Slow/Local,2nd Class,150,118,180,148,65.56
2024-06-19,Colombo Fort - Badulla,Slow/Local,3rd Class,325,249,290,312,85.86
2024-06-19,Colombo Fort - Kandy,Night Mail,1st Class,32,26,38,26,68.42
2024-06-19,Colombo Fort - Kandy,Night Mail,2nd Class,195,152,234,150,64.96
2024-06-19,Colombo Fort - Kandy,Night Mail,3rd Class,422,346,377,350,91.78
2024-06-19,Colombo Fort - Kandy,Slow/Local,1st Class,25,20,30,19,66.67
2024-06-19,Colombo Fort - Kandy,Slow/Local,2nd Class,150,120,180,117,66.67
2024-06-19,Colombo Fort - Kandy,Slow/Local,3rd Class,325,272,290,246,93.79
2024-06-19,Colombo Fort - Kurunegala,Night Mail,1st Class,32,27,38,21,71.05
2024-06-19,Colombo Fort - Kurunegala,Night Mail,2nd Class,195,154,234,154,65.81
2024-06-19,Colombo Fort - Kurunegala,Night Mail,3rd Class,422,348,377,276,92.31
2024-06-19,Colombo Fort - Matara,Intercity,1st Class,37,30,44,36,68.18
2024-06-19,Colombo Fort - Matara,Intercity,2nd Class,225,182,270,201,67.41
2024-06-19,Colombo Fort - Matara,Intercity,3rd Class,487,396,435,437,91.03
2024-06-19,Colombo Fort - Negombo,Intercity,1st Class,37,30,44,32,68.18
2024-06-19,Colombo Fort - Negombo,Intercity,2nd Class,225,182,270,191,67.41
2024-06-19,Colombo Fort - Negombo,Intercity,3rd Class,487,392,435,397,90.11
2024-06-19,Colombo Fort - Ratnapura,Express,1st Class,45,37,54,36,68.52
2024-06-19,Colombo Fort - Ratnapura,Express,2nd Class,270,214,324,197,66.05
2024-06-19,Colombo Fort - Ratnapura,Express,3rd Class,585,455,522,480,87.16
2024-06-19,Colombo Fort - Vavuniya,Intercity,1st Class,37,30,44,23,68.18
2024-06-19,Colombo Fort - Vavuniya,Intercity,2nd Class,225,185,270,164,68.52
2024-06-19,Colombo Fort - Vavuniya,Intercity,3rd Class,487,392,435,351,90.11
2024-06-20,Colombo Fort - Anuradhapura,Intercity,1st Class,37,31,44,28,70.45
2024-06-20,Colombo Fort - Anuradhapura,Intercity,2nd Class,225,186,270,181,68.89
2024-06-20,Colombo Fort - Anuradhapura,Intercity,3rd Class,487,402,435,378,92.41
2024-06-20,Colombo Fort - Galle,Express,1st Class,45,36,54,35,66.67
2024-06-20,Colombo Fort - Galle,Express,2nd Class,270,211,324,235,65.12
2024-06-20,Colombo Fort - Galle,Express,3rd Class,585,456,522,507,87.36
2024-06-20,Colombo Fort - Jaffna,Express,1st Class,45,36,54,33,66.67
2024-06-20,Colombo Fort - Jaffna,Express,2nd Class,270,219,324,216,67.59
2024-06-20,Colombo Fort - Jaffna,Express,3rd Class,585,469,522,458,89.85
2024-06-20,Colombo Fort - Kandy,Slow/Local,1st Class,25,19,30,18,63.33
2024-06-20,Colombo Fort - Kandy,Slow/Local,2nd Class,150,120,180,101,66.67
2024-06-20,Colombo Fort - Kandy,Slow/Local,3rd Class,325,263,290,226,90.69
2024-06-20,Colombo Fort - Negombo,Express,1st Class,45,37,54,42,68.52
2024-06-20,Colombo Fort - Negombo,Express,2nd Class,270,224,324,247,69.14
2024-06-20,Colombo Fort - Negombo,Express,3rd Class,585,461,522,530,88.31
2024-06-20,Colombo Fort - Trincomalee,Intercity,1st Class,37,31,44,30,70.45
2024-06-20,Colombo Fort - Trincomalee,Intercity,2nd Class,225,187,270,173,69.26
2024-06-20,Colombo Fort - Trincomalee,Intercity,3rd Class,487,396,435,369,91.03
2024-06-20,Kandy - Badulla,Express,1st Class,45,37,54,31,68.52
2024-06-20,Kandy - Badulla,Express,2nd Class,270,219,324,153,67.59
2024-06-20,Kandy - Badulla,Express,3rd Class,585,466,522,328,89.27
2024-06-20,Kandy - Badulla,Intercity,1st Class,37,31,44,26,70.45
2024-06-20,Kandy - Badulla,Intercity,2nd Class,225,184,270,138,68.15
2024-06-20,Kandy - Badulla,Intercity,3rd Class,487,403,435,348,92.64
2024-06-20,Maradana - Avissawella,Express,1st Class,45,35,54,40,64.81
2024-06-20,Maradana - Avissawella,Express,2nd Class,270,207,324,225,63.89
2024-06-20,Maradana - Avissawella,Express,3rd Class,585,457,522,490,87.55
2024-06-20,Maradana - Avissawella,Slow/Local,1st Class,25,21,30,19,70.0
2024-06-20,Maradana - Avissawella,Slow/Local,2nd Class,150,124,180,112,68.89
2024-06-20,Maradana - Avissawella,Slow/Local,3rd Class,325,269,290,221,92.76
2024-06-21,Colombo Fort - Galle,Express,1st Class,45,38,54,30,70.37
2024-06-21,Colombo Fort - Galle,Express,2nd Class,270,242,324,195,74.69
2024-06-21,Colombo Fort - Galle,Express,3rd Class,585,522,522,459,100.0
2024-06-21,Colombo Fort - Galle,Night Mail,1st Class,32,28,38,27,73.68
2024-06-21,Colombo Fort - Galle,Night Mail,2nd Class,195,173,234,149,73.93
2024-06-21,Colombo Fort - Galle,Night Mail,3rd Class,422,372,377,334,98.67
2024-06-21,Colombo Fort - Galle,Slow/Local,1st Class,25,22,30,23,73.33
2024-06-21,Colombo Fort - Galle,Slow/Local,2nd Class,150,136,180,146,75.56
2024-06-21,Colombo Fort - Galle,Slow/Local,3rd Class,325,279,290,316,96.21
2024-06-21,Colombo Fort - Jaffna,Express,1st Class,45,38,54,35,70.37
2024-06-21,Colombo Fort - Jaffna,Express,2nd Class,270,223,324,216,68.83
2024-06-21,Colombo Fort - Jaffna,Express,3rd Class,585,494,522,469,94.64
2024-06-21,Colombo Fort - Jaffna,Intercity,1st Class,37,30,44,36,68.18
2024-06-21,Colombo Fort - Jaffna,Intercity,2nd Class,225,195,270,225,72.22
2024-06-21,Colombo Fort - Jaffna,Intercity,3rd Class,487,410,435,482,94.25
2024-06-21,Colombo Fort - Kurunegala,Express,1st Class,45,38,38,30,100.0
2024-06-21,Colombo Fort - Kurunegala,Express,2nd Class,270,238,238,163,100.0
2024-06-21,Colombo Fort - Kurunegala,Express,3rd Class,585,529,624,409,84.78
2024-06-21,Colombo Fort - Matara,Slow/Local,1st Class,25,22,30,20,73.33
2024-06-21,Colombo Fort - Matara,Slow/Local,2nd Class,150,133,180,104,73.89
2024-06-21,Colombo Fort - Matara,Slow/Local,3rd Class,325,281,290,252,96.9
2024-06-21,Colombo Fort - Negombo,Express,1st Class,45,36,54,43,66.67
2024-06-21,Colombo Fort - Negombo,Express,2nd Class,270,232,324,270,71.6
2024-06-21,Colombo Fort - Negombo,Express,3rd Class,585,454,522,575,86.97
2024-06-21,Colombo Fort - Puttalam,Slow/Local,1st Class,25,22,30,18,73.33
2024-06-21,Colombo Fort - Puttalam,Slow/Local,2nd Class,150,135,180,98,75.0
2024-06-21,Colombo Fort - Puttalam,Slow/Local,3rd Class,325,280,290,224,96.55
2024-06-21,Colombo Fort - Ratnapura,Slow/Local,1st Class,25,22,30,20,73.33
2024-06-21,Colombo Fort - Ratnapura,Slow/Local,2nd Class,150,135,180,132,75.0
2024-06-21,Colombo Fort - Ratnapura,Slow/Local,3rd Class,325,287,290,291,98.97
2024-06-21,Colombo Fort - Vavuniya,Slow/Local,1st Class,25,22,30,19,73.33
2024-06-21,Colombo Fort - Vavuniya,Slow/Local,2nd Class,150,135,180,124,75.0
2024-06-21,Colombo Fort - Vavuniya,Slow/Local,3rd Class,325,282,290,259,97.24
2024-06-21,Kandy - Badulla,Express,1st Class,45,37,54,35,68.52
2024-06-21,Kandy - Badulla,Express,2nd Class,270,216,324,214,66.67
2024-06-21,Kandy - Badulla,Express,3rd Class,585,489,522,474,93.68
2024-06-22,Colombo Fort - Badulla,Express,1st Class,45,38,54,33,70.37
2024-06-22,Colombo Fort - Badulla,Express,2nd Class,270,231,324,207,71.3
2024-06-22,Colombo Fort - Badulla,Express,3rd Class,585,499,522,442,95.59
2024-06-22,Colombo Fort - Badulla,Night Mail,1st Class,32,28,38,29,73.68
2024-06-22,Colombo Fort - Badulla,Night Mail,2nd Class,195,179,234,186,76.5
2024-06-22,Colombo Fort - Badulla,Night Mail,3rd Class,422,373,377,397,98.94
2024-06-22,Colombo Fort - Batticaloa,Intercity,1st Class,37,32,44,21,72.73
2024-06-22,Colombo Fort - Batticaloa,Intercity,2nd Class,225,196,270,110,72.59
2024-06-22,Colombo Fort - Batticaloa,Intercity,3rd Class,487,425,435,252,97.7
2024-06-22,Colombo Fort - Jaffna,Intercity,1st Class,37,31,44,30,70.45
2024-06-22,Colombo Fort - Jaffna,Intercity,2nd Class,225,197,270,169,72.96
2024-06-22,Colombo Fort - Jaffna,Intercity,3rd Class,487,405,435,355,93.1
2024-06-22,Colombo Fort - Kurunegala,Express,1st Class,45,37,54,45,68.52
2024-06-22,Colombo Fort - Kurunegala,Express,2nd Class,270,229,324,257,70.68
2024-06-22,Colombo Fort - Kurunegala,Express,3rd Class,585,504,522,585,96.55
2024-06-22,Colombo Fort - Negombo,Express,1st Class,45,37,54,44,68.52
2024-06-22,Colombo Fort - Negombo,Express,2nd Class,270,234,324,270,72.22
2024-06-22,Colombo Fort - Negombo,Express,3rd Class,585,471,522,562,90.23
2024-06-22,Colombo Fort - Ratnapura,Slow/Local,1st Class,25,22,22,18,100.0
2024-06-22,Colombo Fort - Ratnapura,Slow/Local,2nd Class,150,135,135,99,100.0
2024-06-22,Colombo Fort - Ratnapura,Slow/Local,3rd Class,325,294,343,220,85.71
2024-06-22,Colombo Fort - Vavuniya,Night Mail,1st Class,32,29,38,29,76.32
2024-06-22,Colombo Fort - Vavuniya,Night Mail,2nd Class,195,168,234,190,71.79
2024-06-22,Colombo Fort - Vavuniya,Night Mail,3rd Class,422,368,377,398,97.61
2024-06-22,Maradana - Avissawella,Express,1st Class,45,40,54,44,74.07
2024-06-22,Maradana - Avissawella,Express,2nd Class,270,232,324,260,71.6
2024-06-22,Maradana - Avissawella,Express,3rd Class,585,512,522,585,98.08
2024-06-23,Colombo Fort - Anuradhapura,Express,1st Class,45,39,39,45,100.0
2024-06-23,Colombo Fort - Anuradhapura,Express,2nd Class,270,237,237,251,100.0
2024-06-23,Colombo Fort - Anuradhapura,Express,3rd Class,585,543,624,572,87.02
2024-06-23,Colombo Fort - Anuradhapura,Slow/Local,1st Class,25,23,30,24,76.67
2024-06-23,Colombo Fort - Anuradhapura,Slow/Local,2nd Class,150,137,180,150,76.11
2024-06-23,Colombo Fort - Anuradhapura,Slow/Local,3rd Class,325,286,290,325,98.62
2024-06-23,Colombo Fort - Jaffna,Intercity,1st Class,37,32,44,29,72.73
2024-06-23,Colombo Fort - Jaffna,Intercity,2nd Class,225,191,270,164,70.74
2024-06-23,Colombo Fort - Jaffna,Intercity,3rd Class,487,410,435,414,94.25
2024-06-23,Colombo Fort - Negombo,Express,1st Class,45,37,54,37,68.52
2024-06-23,Colombo Fort - Negombo,Express,2nd Class,270,234,324,221,72.22
2024-06-23,Colombo Fort - Negombo,Express,3rd Class,585,464,522,460,88.89
2024-06-23,Colombo Fort - Puttalam,Express,1st Class,45,38,38,42,100.0
2024-06-23,Colombo Fort - Puttalam,Express,2nd Class,270,232,232,262,100.0
2024-06-23,Colombo Fort - Puttalam,Express,3rd Class,585,526,630,556,83.49
2024-06-23,Colombo Fort - Ratnapura,Slow/Local,1st Class,25,22,30,24,73.33
2024-06-23,Colombo Fort - Ratnapura,Slow/Local,2nd Class,150,133,180,136,73.89
2024-06-23,Colombo Fort - Ratnapura,Slow/Local,3rd Class,325,289,290,303,99.66
2024-06-23,Colombo Fort - Trincomalee,Slow/Local,1st Class,25,22,22,21,100.0
2024-06-23,Colombo Fort - Trincomalee,Slow/Local,2nd Class,150,134,134,126,100.0
2024-06-23,Colombo Fort - Trincomalee,Slow/Local,3rd Class,325,295,344,292,85.76
2024-06-23,Colombo Fort - Vavuniya,Slow/Local,1st Class,25,22,30,19,73.33
2024-06-23,Colombo Fort - Vavuniya,Slow/Local,2nd Class,150,134,180,119,74.44
2024-06-23,Colombo Fort - Vavuniya,Slow/Local,3rd Class,325,288,290,248,99.31
2024-06-23,Maradana - Avissawella,Slow/Local,1st Class,25,22,30,25,73.33
2024-06-23,Maradana - Avissawella,Slow/Local,2nd Class,150,134,180,150,74.44
2024-06-23,Maradana - Avissawella,Slow/Local,3rd Class,325,280,290,319,96.55
2024-06-24,Colombo Fort - Badulla,Intercity,1st Class,37,31,44,30,70.45
2024-06-24,Colombo Fort - Badulla,Intercity,2nd Class,225,186,270,169,68.89
2024-06-24,Colombo Fort - Badulla,Intercity,3rd Class,487,414,435,356,95.17
2024-06-24,Colombo Fort - Galle,Express,1st Class,45,35,54,42,64.81
2024-06-24,Colombo Fort - Galle,Express,2nd Class,270,211,324,242,65.12
2024-06-24,Colombo Fort - Galle,Express,3rd Class,585,452,522,526,86.59
2024-06-24,Colombo Fort - Galle,Slow/Local,1st Class,25,21,30,21,70.0
2024-06-24,Colombo Fort - Galle,Slow/Local,2nd Class,150,125,180,124,69.44
2024-06-24,Colombo Fort - Galle,Slow/Local,3rd Class,325,271,290,274,93.45
2024-06-24,Colombo Fort - Jaffna,Slow/Local,1st Class,25,19,30,18,63.33
2024-06-24,Colombo Fort - Jaffna,Slow/Local,2nd Class,150,115,180,112,63.89
2024-06-24,Colombo Fort - Jaffna,Slow/Local,3rd Class,325,263,290,228,90.69
2024-06-24,Colombo Fort - Kandy,Slow/Local,1st Class,25,19,30,20,63.33
2024-06-24,Colombo Fort - Kandy,Slow/Local,2nd Class,150,116,180,125,64.44
2024-06-24,Colombo Fort - Kandy,Slow/Local,3rd Class,325,258,290,274,88.97
2024-06-24,Colombo Fort - Kurunegala,Slow/Local,1st Class,25,20,30,25,66.67
2024-06-24,Colombo Fort - Kurunegala,Slow/Local,2nd Class,150,120,180,147,66.67
2024-06-24,Colombo Fort - Kurunegala,Slow/Local,3rd Class,325,254,290,325,87.59
2024-06-24,Colombo Fort - Matara,Intercity,1st Class,37,30,44,28,68.18
2024-06-24,Colombo Fort - Matara,Intercity,2nd Class,225,183,270,169,67.78
2024-06-24,Colombo Fort - Matara,Intercity,3rd Class,487,397,435,379,91.26
2024-06-24,Colombo Fort - Matara,Slow/Local,1st Class,25,19,30,19,63.33
2024-06-24,Colombo Fort - Matara,Slow/Local,2nd Class,150,116,180,109,64.44
2024-06-24,Colombo Fort - Matara,Slow/Local,3rd Class,325,266,290,252,91.72
2024-06-24,Colombo Fort - Negombo,Night Mail,1st Class,32,27,38,32,71.05
2024-06-24,Colombo Fort - Negombo,Night Mail,2nd Class,195,163,234,192,69.66
2024-06-24,Colombo Fort - Negombo,Night Mail,3rd Class,422,358,377,422,94.96
2024-06-24,Colombo Fort - Negombo,Slow/Local,1st Class,25,19,30,21,63.33
2024-06-24,Colombo Fort - Negombo,Slow/Local,2nd Class,150,115,180,117,63.89
2024-06-24,Colombo Fort - Negombo,Slow/Local,3rd Class,325,249,290,268,85.86
2024-06-24,Colombo Fort - Puttalam,Slow/Local,1st Class,25,19,30,21,63.33
2024-06-24,Colombo Fort - Puttalam,Slow/Local,2nd Class,150,115,180,123,63.89
2024-06-24,Colombo Fort - Puttalam,Slow/Local,3rd Class,325,262,290,268,90.34
2024-06-24,Colombo Fort - Ratnapura,Intercity,1st Class,37,31,44,37,70.45
2024-06-24,Colombo Fort - Ratnapura,Intercity,2nd Class,225,186,270,225,68.89
2024-06-24,Colombo Fort - Ratnapura,Intercity,3rd Class,487,393,435,487,90.34
2024-06-24,Colombo Fort - Ratnapura,Slow/Local,1st Class,25,20,30,20,66.67
2024-06-24,Colombo Fort - Ratnapura,Slow/Local,2nd Class,150,120,180,130,66.67
2024-06-24,Colombo Fort - Ratnapura,Slow/Local,3rd Class,325,261,290,287,90.0
2024-06-24,Kandy - Badulla,Intercity,1st Class,37,30,44,30,68.18
2024-06-24,Kandy - Badulla,Intercity,2nd Class,225,175,270,169,64.81
2024-06-24,Kandy - Badulla,Intercity,3rd Class,487,373,435,345,85.75
2024-06-24,Kandy - Badulla,Night Mail,1st Class,32,26,38,24,68.42
2024-06-24,Kandy - Badulla,Night Mail,2nd Class,195,162,234,156,69.23
2024-06-24,Kandy - Badulla,Night Mail,3rd Class,422,360,377,332,95.49
2024-06-25,Colombo Fort - Anuradhapura,Slow/Local,1st Class,25,21,30,20,70.0
2024-06-25,Colombo Fort - Anuradhapura,Slow/Local,2nd Class,150,123,180,135,68.33
2024-06-25,Colombo Fort - Anuradhapura,Slow/Local,3rd Class,325,264,290,295,91.03
2024-06-25,Colombo Fort - Badulla,Intercity,1st Class,37,30,44,22,68.18
2024-06-25,Colombo Fort - Badulla,Intercity,2nd Class,225,186,270,145,68.89
2024-06-25,Colombo Fort - Badulla,Intercity,3rd Class,487,424,435,288,97.47
2024-06-25,Colombo Fort - Badulla,Slow/Local,1st Class,25,19,30,20,63.33
2024-06-25,Colombo Fort - Badulla,Slow/Local,2nd Class,150,119,180,124,66.11
2024-06-25,Colombo Fort - Badulla,Slow/Local,3rd Class,325,247,290,265,85.17
2024-06-25,Colombo Fort - Batticaloa,Express,1st Class,45,34,54,40,62.96
2024-06-25,Colombo Fort - Batticaloa,Express,2nd Class,270,210,324,253,64.81
2024-06-25,Colombo Fort - Batticaloa,Express,3rd Class,585,461,522,556,88.31
2024-06-25,Colombo Fort - Batticaloa,Intercity,1st Class,37,30,44,32,68.18
2024-06-25,Colombo Fort - Batticaloa,Intercity,2nd Class,225,162,270,204,60.0
2024-06-25,Colombo Fort - Batticaloa,Intercity,3rd Class,487,366,435,420,84.14
2024-06-25,Colombo Fort - Galle,Express,1st Class,45,34,54,45,62.96
2024-06-25,Colombo Fort - Galle,Express,2nd Class,270,210,324,270,64.81
2024-06-25,Colombo Fort - Galle,Express,3rd Class,585,464,522,585,88.89
2024-06-25,Colombo Fort - Jaffna,Slow/Local,1st Class,25,19,30,13,63.33
2024-06-25,Colombo Fort - Jaffna,Slow/Local,2nd Class,150,118,180,90,65.56
2024-06-25,Colombo Fort - Jaffna,Slow/Local,3rd Class,325,253,290,199,87.24
2024-06-25,Colombo Fort - Kandy,Night Mail,1st Class,32,26,38,20,68.42
2024-06-25,Colombo Fort - Kandy,Night Mail,2nd Class,195,155,234,122,66.24
2024-06-25,Colombo Fort - Kandy,Night Mail,3rd Class,422,343,377,273,90.98
2024-06-25,Colombo Fort - Kurunegala,Intercity,1st Class,37,28,44,36,63.64
2024-06-25,Colombo Fort - Kurunegala,Intercity,2nd Class,225,186,270,225,68.89
2024-06-25,Colombo Fort - Kurunegala,Intercity,3rd Class,487,400,435,480,91.95
2024-06-25,Colombo Fort - Kurunegala,Slow/Local,1st Class,25,20,30,22,66.67
2024-06-25,Colombo Fort - Kurunegala,Slow/Local,2nd Class,150,120,180,140,66.67
2024-06-25,Colombo Fort - Kurunegala,Slow/Local,3rd Class,325,257,290,304,88.62
2024-06-25,Colombo Fort - Matara,Slow/Local,1st Class,25,19,30,23,63.33
2024-06-25,Colombo Fort - Matara,Slow/Local,2nd Class,150,117,180,138,65.0
2024-06-25,Colombo Fort - Matara,Slow/Local,3rd Class,325,252,290,287,86.9
2024-06-25,Colombo Fort - Puttalam,Intercity,1st Class,37,29,44,21,65.91
2024-06-25,Colombo Fort - Puttalam,Intercity,2nd Class,225,188,270,126,69.63
2024-06-25,Colombo Fort - Puttalam,Intercity,3rd Class,487,393,435,288,90.34
2024-06-25,Colombo Fort - Ratnapura,Night Mail,1st Class,32,28,38,17,73.68
2024-06-25,Colombo Fort - Ratnapura,Night Mail,2nd Class,195,168,234,100,71.79
2024-06-25,Colombo Fort - Ratnapura,Night Mail,3rd Class,422,354,377,254,93.9
2024-06-25,Colombo Fort - Ratnapura,Slow/Local,1st Class,25,19,30,21,63.33
2024-06-25,Colombo Fort - Ratnapura,Slow/Local,2nd Class,150,120,180,124,66.67
2024-06-25,Colombo Fort - Ratnapura,Slow/Local,3rd Class,325,259,290,256,89.31
2024-06-25,Colombo Fort - Vavuniya,Intercity,1st Class,37,30,44,36,68.18
2024-06-25,Colombo Fort - Vavuniya,Intercity,2nd Class,225,186,270,225,68.89
2024-06-25,Colombo Fort - Vavuniya,Intercity,3rd Class,487,391,435,453,89.89
2024-06-26,Colombo Fort - Anuradhapura,Intercity,1st Class,37,30,44,32,68.18
2024-06-26,Colombo Fort - Anuradhapura,Intercity,2nd Class,225,185,270,196,68.52
2024-06-26,Colombo Fort - Anuradhapura,Intercity,3rd Class,487,403,435,418,92.64
2024-06-26,Colombo Fort - Batticaloa,Slow/Local,1st Class,25,20,30,18,66.67
2024-06-26,Colombo Fort - Batticaloa,Slow/Local,2nd Class,150,120,180,105,66.67
2024-06-26,Colombo Fort - Batticaloa,Slow/Local,3rd Class,325,267,290,238,92.07
2024-06-26,Colombo Fort - Negombo,Intercity,1st Class,37,30,44,34,68.18
2024-06-26,Colombo Fort - Negombo,Intercity,2nd Class,225,182,270,193,67.41
2024-06-26,Colombo Fort - Negombo,Intercity,3rd Class,487,386,435,455,88.74
2024-06-26,Colombo Fort - Puttalam,Intercity,1st Class,37,28,44,20,63.64
2024-06-26,Colombo Fort - Puttalam,Intercity,2nd Class,225,181,270,142,67.04
2024-06-26,Colombo Fort - Puttalam,Intercity,3rd Class,487,368,435,280,84.6
2024-06-26,Colombo Fort - Trincomalee,Intercity,1st Class,37,30,44,33,68.18
2024-06-26,Colombo Fort - Trincomalee,Intercity,2nd Class,225,187,270,205,69.26
2024-06-26,Colombo Fort - Trincomalee,Intercity,3rd Class,487,387,435,408,88.97
2024-06-26,Colombo Fort - Trincomalee,Slow/Local,1st Class,25,20,30,15,66.67
2024-06-26,Colombo Fort - Trincomalee,Slow/Local,2nd Class,150,122,180,95,67.78
2024-06-26,Colombo Fort - Trincomalee,Slow/Local,3rd Class,325,262,290,204,90.34
2024-06-27,Colombo Fort - Batticaloa,Intercity,1st Class,37,30,44,34,68.18
2024-06-27,Colombo Fort - Batticaloa,Intercity,2nd Class,225,184,270,204,68.15
2024-06-27,Colombo Fort - Batticaloa,Intercity,3rd Class,487,400,435,471,91.95
2024-06-27,Colombo Fort - Galle,Slow/Local,1st Class,25,21,30,20,70.0
2024-06-27,Colombo Fort - Galle,Slow/Local,2nd Class,150,122,180,132,67.78
2024-06-27,Colombo Fort - Galle,Slow/Local,3rd Class,325,271,290,250,93.45
2024-06-27,Colombo Fort - Kandy,Slow/Local,1st Class,25,19,30,24,63.33
2024-06-27,Colombo Fort - Kandy,Slow/Local,2nd Class,150,119,180,150,66.11
2024-06-27,Colombo Fort - Kandy,Slow/Local,3rd Class,325,252,290,325,86.9
2024-06-27,Colombo Fort - Ratnapura,Express,1st Class,45,37,54,40,68.52
2024-06-27,Colombo Fort - Ratnapura,Express,2nd Class,270,219,324,230,67.59
2024-06-27,Colombo Fort - Ratnapura,Express,3rd Class,585,462,522,514,88.51
2024-06-27,Colombo Fort - Ratnapura,Intercity,1st Class,37,31,44,37,70.45
2024-06-27,Colombo Fort - Ratnapura,Intercity,2nd Class,225,185,270,225,68.52
2024-06-27,Colombo Fort - Ratnapura,Intercity,3rd Class,487,386,435,487,88.74
2024-06-27,Colombo Fort - Trincomalee,Express,1st Class,45,35,54,30,64.81
2024-06-27,Colombo Fort - Trincomalee,Express,2nd Class,270,211,324,187,65.12
2024-06-27,Colombo Fort - Trincomalee,Express,3rd Class,585,480,522,406,91.95
2024-06-27,Kandy - Badulla,Slow/Local,1st Class,25,20,30,21,66.67
2024-06-27,Kandy - Badulla,Slow/Local,2nd Class,150,118,180,131,65.56
2024-06-27,Kandy - Badulla,Slow/Local,3rd Class,325,259,290,282,89.31
2024-06-27,Maradana - Avissawella,Slow/Local,1st Class,25,21,30,22,70.0
2024-06-27,Maradana - Avissawella,Slow/Local,2nd Class,150,125,180,128,69.44
2024-06-27,Maradana - Avissawella,Slow/Local,3rd Class,325,267,290,276,92.07
2024-06-28,Colombo Fort - Anuradhapura,Slow/Local,1st Class,25,22,30,25,73.33
2024-06-28,Colombo Fort - Anuradhapura,Slow/Local,2nd Class,150,136,180,150,75.56
2024-06-28,Colombo Fort - Anuradhapura,Slow/Local,3rd Class,325,287,290,325,98.97
2024-06-28,Colombo Fort - Galle,Night Mail,1st Class,32,29,38,32,76.32
2024-06-28,Colombo Fort - Galle,Night Mail,2nd Class,195,176,234,194,75.21
2024-06-28,Colombo Fort - Galle,Night Mail,3rd Class,422,365,377,383,96.82
2024-06-28,Colombo Fort - Kurunegala,Intercity,1st Class,37,35,44,18,79.55
2024-06-28,Colombo Fort - Kurunegala,Intercity,2nd Class,225,192,270,98,71.11
2024-06-28,Colombo Fort - Kurunegala,Intercity,3rd Class,487,419,435,221,96.32
2024-06-28,Colombo Fort - Vavuniya,Intercity,1st Class,37,32,44,28,72.73
2024-06-28,Colombo Fort - Vavuniya,Intercity,2nd Class,225,194,270,172,71.85
2024-06-28,Colombo Fort - Vavuniya,Intercity,3rd Class,487,408,435,412,93.79
2024-06-28,Kandy - Badulla,Express,1st Class,45,38,54,42,70.37
2024-06-28,Kandy - Badulla,Express,2nd Class,270,217,324,270,66.98
2024-06-28,Kandy - Badulla,Express,3rd Class,585,512,522,581,98.08
2024-06-28,Kandy - Badulla,Intercity,1st Class,37,32,44,28,72.73
2024-06-28,Kandy - Badulla,Intercity,2nd Class,225,196,270,174,72.59
2024-06-28,Kandy - Badulla,Intercity,3rd Class,487,422,435,361,97.01
2024-06-28,Kandy - Badulla,Slow/Local,1st Class,25,22,22,22,100.0
2024-06-28,Kandy - Badulla,Slow/Local,2nd Class,150,135,135,126,100.0
2024-06-28,Kandy - Badulla,Slow/Local,3rd Class,325,291,343,285,84.84
2024-06-28,Maradana - Avissawella,Express,1st Class,45,40,40,39,100.0
2024-06-28,Maradana - Avissawella,Express,2nd Class,270,233,233,246,100.0
2024-06-28,Maradana - Avissawella,Express,3rd Class,585,538,627,491,85.81
2024-06-28,Maradana - Avissawella,Slow/Local,1st Class,25,21,30,20,70.0
2024-06-28,Maradana - Avissawella,Slow/Local,2nd Class,150,137,180,129,76.11
2024-06-28,Maradana - Avissawella,Slow/Local,3rd Class,325,281,290,286,96.9
2024-06-29,Colombo Fort - Badulla,Slow/Local,1st Class,25,23,30,21,76.67
2024-06-29,Colombo Fort - Badulla,Slow/Local,2nd Class,150,134,180,136,74.44
2024-06-29,Colombo Fort - Badulla,Slow/Local,3rd Class,325,287,290,231,98.97
2024-06-29,Colombo Fort - Jaffna,Intercity,1st Class,37,32,44,36,72.73
2024-06-29,Colombo Fort - Jaffna,Intercity,2nd Class,225,198,270,224,73.33
2024-06-29,Colombo Fort - Jaffna,Intercity,3rd Class,487,412,435,487,94.71
2024-06-29,Colombo Fort - Kurunegala,Slow/Local,1st Class,25,22,30,20,73.33
2024-06-29,Colombo Fort - Kurunegala,Slow/Local,2nd Class,150,135,180,110,75.0
2024-06-29,Colombo Fort - Kurunegala,Slow/Local,3rd Class,325,279,290,251,96.21
2024-06-29,Colombo Fort - Matara,Intercity,1st Class,37,33,44,33,75.0
2024-06-29,Colombo Fort - Matara,Intercity,2nd Class,225,198,270,195,73.33
2024-06-29,Colombo Fort - Matara,Intercity,3rd Class,487,423,435,370,97.24
2024-06-29,Colombo Fort - Puttalam,Slow/Local,1st Class,25,22,30,22,73.33
2024-06-29,Colombo Fort - Puttalam,Slow/Local,2nd Class,150,134,180,133,74.44
2024-06-29,Colombo Fort - Puttalam,Slow/Local,3rd Class,325,280,290,287,96.55
2024-06-29,Colombo Fort - Vavuniya,Express,1st Class,45,38,54,33,70.37
2024-06-29,Colombo Fort - Vavuniya,Express,2nd Class,270,232,324,194,71.6
2024-06-29,Colombo Fort - Vavuniya,Express,3rd Class,585,497,522,434,95.21
2024-06-30,Colombo Fort - Anuradhapura,Slow/Local,1st Class,25,22,30,25,73.33
2024-06-30,Colombo Fort - Anuradhapura,Slow/Local,2nd Class,150,136,180,137,75.56
2024-06-30,Colombo Fort - Anuradhapura,Slow/Local,3rd Class,325,281,290,325,96.9
2024-06-30,Colombo Fort - Batticaloa,Slow/Local,1st Class,25,23,23,20,100.0
2024-06-30,Colombo Fort - Batticaloa,Slow/Local,2nd Class,150,134,134,129,100.0
2024-06-30,Colombo Fort - Batticaloa,Slow/Local,3rd Class,325,296,343,251,86.3
2024-06-30,Colombo Fort - Kandy,Slow/Local,1st Class,25,22,30,23,73.33
2024-06-30,Colombo Fort - Kandy,Slow/Local,2nd Class,150,135,180,148,75.0
2024-06-30,Colombo Fort - Kandy,Slow/Local,3rd Class,325,281,290,317,96.9
2024-06-30,Colombo Fort - Kurunegala,Express,1st Class,45,38,38,37,100.0
2024-06-30,Colombo Fort - Kurunegala,Express,2nd Class,270,240,240,225,100.0
2024-06-30,Colombo Fort - Kurunegala,Express,3rd Class,585,534,622,500,85.85
2024-06-30,Colombo Fort - Matara,Slow/Local,1st Class,25,22,30,22,73.33
2024-06-30,Colombo Fort - Matara,Slow/Local,2nd Class,150,135,180,142,75.0
2024-06-30,Colombo Fort - Matara,Slow/Local,3rd Class,325,281,290,321,96.9
2024-06-30,Colombo Fort - Trincomalee,Slow/Local,1st Class,25,22,22,21,100.0
2024-06-30,Colombo Fort - Trincomalee,Slow/Local,2nd Class,150,133,133,115,100.0
2024-06-30,Colombo Fort - Trincomalee,Slow/Local,3rd Class,325,293,345,240,84.93
2024-06-30,Colombo Fort - Vavuniya,Night Mail,1st Class,32,29,38,29,76.32
2024-06-30,Colombo Fort - Vavuniya,Night Mail,2nd Class,195,169,234,174,72.22
2024-06-30,Colombo Fort - Vavuniya,Night Mail,3rd Class,422,370,377,366,98.14
2024-06-30,Maradana - Avissawella,Intercity,1st Class,37,31,44,37,70.45
2024-06-30,Maradana - Avissawella,Intercity,2nd Class,225,195,270,225,72.22
2024-06-30,Maradana - Avissawella,Intercity,3rd Class,487,430,435,480,98.85
2024-07-01,Colombo Fort - Anuradhapura,Express,1st Class,45,36,54,28,66.67
2024-07-01,Colombo Fort - Anuradhapura,Express,2nd Class,270,212,324,199,65.43
2024-07-01,Colombo Fort - Anuradhapura,Express,3rd Class,585,502,522,477,96.17
2024-07-01,Colombo Fort - Badulla,Night Mail,1st Class,32,26,38,21,68.42
2024-07-01,Colombo Fort - Badulla,Night Mail,2nd Class,195,158,234,131,67.52
2024-07-01,Colombo Fort - Badulla,Night Mail,3rd Class,422,351,377,290,93.1
2024-07-01,Colombo Fort - Batticaloa,Intercity,1st Class,37,31,44,20,70.45
2024-07-01,Colombo Fort - Batticaloa,Intercity,2nd Class,225,183,270,126,67.78
2024-07-01,Colombo Fort - Batticaloa,Intercity,3rd Class,487,397,435,250,91.26
2024-07-01,Colombo Fort - Galle,Slow/Local,1st Class,25,21,30,22,70.0
2024-07-01,Colombo Fort - Galle,Slow/Local,2nd Class,150,123,180,132,68.33
2024-07-01,Colombo Fort - Galle,Slow/Local,3rd Class,325,274,290,266,94.48
2024-07-01,Colombo Fort - Jaffna,Night Mail,1st Class,32,26,38,30,68.42
2024-07-01,Colombo Fort - Jaffna,Night Mail,2nd Class,195,154,234,164,65.81
2024-07-01,Colombo Fort - Jaffna,Night Mail,3rd Class,422,357,377,403,94.69
2024-07-01,Colombo Fort - Kandy,Express,1st Class,45,36,54,40,66.67
2024-07-01,Colombo Fort - Kandy,Express,2nd Class,270,215,324,252,66.36
2024-07-01,Colombo Fort - Kandy,Express,3rd Class,585,469,522,585,89.85
2024-07-01,Colombo Fort - Kandy,Intercity,1st Class,37,31,44,34,70.45
2024-07-01,Colombo Fort - Kandy,Intercity,2nd Class,225,184,270,206,68.15
2024-07-01,Colombo Fort - Kandy,Intercity,3rd Class,487,385,435,471,88.51
2024-07-01,Colombo Fort - Kurunegala,Intercity,1st Class,37,29,44,29,65.91
2024-07-01,Colombo Fort - Kurunegala,Intercity,2nd Class,225,170,270,161,62.96
2024-07-01,Colombo Fort - Kurunegala,Intercity,3rd Class,487,352,435,377,80.92
2024-07-01,Colombo Fort - Kurunegala,Slow/Local,1st Class,25,19,30,21,63.33
2024-07-01,Colombo Fort - Kurunegala,Slow/Local,2nd Class,150,116,180,119,64.44
2024-07-01,Colombo Fort - Kurunegala,Slow/Local,3rd Class,325,262,290,275,90.34
2024-07-01,Colombo Fort - Ratnapura,Intercity,1st Class,37,29,44,30,65.91
2024-07-01,Colombo Fort - Ratnapura,Intercity,2nd Class,225,184,270,171,68.15
2024-07-01,Colombo Fort - Ratnapura,Intercity,3rd Class,487,396,435,370,91.03
2024-07-01,Colombo Fort - Trincomalee,Night Mail,1st Class,32,27,38,23,71.05
2024-07-01,Colombo Fort - Trincomalee,Night Mail,2nd Class,195,163,234,158,69.66
2024-07-01,Colombo Fort - Trincomalee,Night Mail,3rd Class,422,362,377,315,96.02
2024-07-01,Colombo Fort - Vavuniya,Express,1st Class,45,36,54,45,66.67
2024-07-01,Colombo Fort - Vavuniya,Express,2nd Class,270,217,324,267,66.98
2024-07-01,Colombo Fort - Vavuniya,Express,3rd Class,585,475,522,575,91.0
2024-07-01,Maradana - Avissawella,Express,1st Class,45,35,54,39,64.81
2024-07-01,Maradana - Avissawella,Express,2nd Class,270,213,324,240,65.74
2024-07-01,Maradana - Avissawella,Express,3rd Class,585,455,522,477,87.16
2024-07-01,Maradana - Avissawella,Slow/Local,1st Class,25,20,30,17,66.67
2024-07-01,Maradana - Avissawella,Slow/Local,2nd Class,150,124,180,102,68.89
2024-07-01,Maradana - Avissawella,Slow/Local,3rd Class,325,272,290,203,93.79
2024-07-02,Colombo Fort - Badulla,Intercity,1st Class,37,30,44,31,68.18
2024-07-02,Colombo Fort - Badulla,Intercity,2nd Class,225,183,270,202,67.78
2024-07-02,Colombo Fort - Badulla,Intercity,3rd Class,487,385,435,406,88.51
2024-07-02,Colombo Fort - Batticaloa,Slow/Local,1st Class,25,19,30,18,63.33
2024-07-02,Colombo Fort - Batticaloa,Slow/Local,2nd Class,150,119,180,90,66.11
2024-07-02,Colombo Fort - Batticaloa,Slow/Local,3rd Class,325,264,290,221,91.03
2024-07-02,Colombo Fort - Galle,Express,1st Class,45,35,54,36,64.81
2024-07-02,Colombo Fort - Galle,Express,2nd Class,270,217,324,208,66.98
2024-07-02,Colombo Fort - Galle,Express,3rd Class,585,449,522,452,86.02
2024-07-02,Colombo Fort - Negombo,Express,1st Class,45,36,54,31,66.67
2024-07-02,Colombo Fort - Negombo,Express,2nd Class,270,218,324,177,67.28
2024-07-02,Colombo Fort - Negombo,Express,3rd Class,585,451,522,439,86.4
2024-07-02,Colombo Fort - Negombo,Intercity,1st Class,37,30,44,37,68.18
2024-07-02,Colombo Fort - Negombo,Intercity,2nd Class,225,181,270,222,67.04
2024-07-02,Colombo Fort - Negombo,Intercity,3rd Class,487,387,435,487,88.97
2024-07-02,Colombo Fort - Negombo,Slow/Local,1st Class,25,20,30,18,66.67
2024-07-02,Colombo Fort - Negombo,Slow/Local,2nd Class,150,118,180,108,65.56
2024-07-02,Colombo Fort - Negombo,Slow/Local,3rd Class,325,250,290,213,86.21
2024-07-02,Colombo Fort - Puttalam,Night Mail,1st Class,32,26,38,25,68.42
2024-07-02,Colombo Fort - Puttalam,Night Mail,2nd Class,195,164,234,160,70.09
2024-07-02,Colombo Fort - Puttalam,Night Mail,3rd Class,422,353,377,317,93.63
2024-07-02,Colombo Fort - Puttalam,Slow/Local,1st Class,25,20,30,23,66.67
2024-07-02,Colombo Fort - Puttalam,Slow/Local,2nd Class,150,120,180,139,66.67
2024-07-02,Colombo Fort - Puttalam,Slow/Local,3rd Class,325,261,290,311,90.0
2024-07-02,Colombo Fort - Ratnapura,Slow/Local,1st Class,25,19,30,16,63.33
2024-07-02,Colombo Fort - Ratnapura,Slow/Local,2nd Class,150,118,180,101,65.56
2024-07-02,Colombo Fort - Ratnapura,Slow/Local,3rd Class,325,257,290,223,88.62
2024-07-02,Colombo Fort - Trincomalee,Night Mail,1st Class,32,26,38,30,68.42
2024-07-02,Colombo Fort - Trincomalee,Night Mail,2nd Class,195,160,234,195,68.38
2024-07-02,Colombo Fort - Trincomalee,Night Mail,3rd Class,422,361,377,413,95.76
2024-07-02,Colombo Fort - Vavuniya,Slow/Local,1st Class,25,19,30,25,63.33
2024-07-02,Colombo Fort - Vavuniya,Slow/Local,2nd Class,150,118,180,150,65.56
2024-07-02,Colombo Fort - Vavuniya,Slow/Local,3rd Class,325,253,290,324,87.24
2024-07-03,Colombo Fort - Anuradhapura,Intercity,1st Class,37,30,44,28,68.18
2024-07-03,Colombo Fort - Anuradhapura,Intercity,2nd Class,225,186,270,173,68.89
2024-07-03,Colombo Fort - Anuradhapura,Intercity,3rd Class,487,399,435,386,91.72
2024-07-03,Colombo Fort - Badulla,Night Mail,1st Class,32,26,38,27,68.42
2024-07-03,Colombo Fort - Badulla,Night Mail,2nd Class,195,155,234,150,66.24
2024-07-03,Colombo Fort - Badulla,Night Mail,3rd Class,422,349,377,327,92.57
2024-07-03,Colombo Fort - Galle,Night Mail,1st Class,32,27,38,30,71.05
2024-07-03,Colombo Fort - Galle,Night Mail,2nd Class,195,160,234,189,68.38
2024-07-03,Colombo Fort - Galle,Night Mail,3rd Class,422,341,377,411,90.45
2024-07-03,Colombo Fort - Galle,Slow/Local,1st Class,25,21,30,24,70.0
2024-07-03,Colombo Fort - Galle,Slow/Local,2nd Class,150,122,180,150,67.78
2024-07-03,Colombo Fort - Galle,Slow/Local,3rd Class,325,267,290,325,92.07
2024-07-03,Colombo Fort - Kurunegala,Intercity,1st Class,37,27,44,18,61.36
2024-07-03,Colombo Fort - Kurunegala,Intercity,2nd Class,225,186,270,101,68.89
2024-07-03,Colombo Fort - Kurunegala,Intercity,3rd Class,487,369,435,219,84.83
2024-07-03,Colombo Fort - Ratnapura,Express,1st Class,45,36,54,45,66.67
2024-07-03,Colombo Fort - Ratnapura,Express,2nd Class,270,215,324,270,66.36
2024-07-03,Colombo Fort - Ratnapura,Express,3rd Class,585,461,522,585,88.31
2024-07-03,Colombo Fort - Ratnapura,Slow/Local,1st Class,25,19,30,24,63.33
2024-07-03,Colombo Fort - Ratnapura,Slow/Local,2nd Class,150,115,180,131,63.89
2024-07-03,Colombo Fort - Ratnapura,Slow/Local,3rd Class,325,253,290,289,87.24
2024-07-03,Colombo Fort - Vavuniya,Intercity,1st Class,37,30,44,21,68.18
2024-07-03,Colombo Fort - Vavuniya,Intercity,2nd Class,225,186,270,140,68.89
2024-07-03,Colombo Fort - Vavuniya,Intercity,3rd Class,487,383,435,301,88.05
2024-07-04,Colombo Fort - Anuradhapura,Slow/Local,1st Class,25,21,30,23,70.0
2024-07-04,Colombo Fort - Anuradhapura,Slow/Local,2nd Class,150,122,180,143,67.78
2024-07-04,Colombo Fort - Anuradhapura,Slow/Local,3rd Class,325,275,290,291,94.83
2024-07-04,Colombo Fort - Badulla,Intercity,1st Class,37,30,44,31,68.18
2024-07-04,Colombo Fort - Badulla,Intercity,2nd Class,225,185,270,188,68.52
2024-07-04,Colombo Fort - Badulla,Intercity,3rd Class,487,397,435,427,91.26
2024-07-04,Colombo Fort - Batticaloa,Express,1st Class,45,35,54,39,64.81
2024-07-04,Colombo Fort - Batticaloa,Express,2nd Class,270,215,324,225,66.36
2024-07-04,Colombo Fort - Batticaloa,Express,3rd Class,585,464,522,529,88.89
2024-07-04,Colombo Fort - Jaffna,Intercity,1st Class,37,31,44,37,70.45
2024-07-04,Colombo Fort - Jaffna,Intercity,2nd Class,225,187,270,204,69.26
2024-07-04,Colombo Fort - Jaffna,Intercity,3rd Class,487,390,435,448,89.66
2024-07-04,Colombo Fort - Puttalam,Slow/Local,1st Class,25,20,30,19,66.67
2024-07-04,Colombo Fort - Puttalam,Slow/Local,2nd Class,150,120,180,119,66.67
2024-07-04,Colombo Fort - Puttalam,Slow/Local,3rd Class,325,263,290,258,90.69
2024-07-04,Kandy - Badulla,Intercity,1st Class,37,30,44,37,68.18
2024-07-04,Kandy - Badulla,Intercity,2nd Class,225,184,270,225,68.15
2024-07-04,Kandy - Badulla,Intercity,3rd Class,487,387,435,471,88.97
2024-07-05,Colombo Fort - Batticaloa,Night Mail,1st Class,32,29,29,30,100.0
2024-07-05,Colombo Fort - Batticaloa,Night Mail,2nd Class,195,179,179,173,100.0
2024-07-05,Colombo Fort - Batticaloa,Night Mail,3rd Class,422,386,441,422,87.53
2024-07-05,Colombo Fort - Galle,Slow/Local,1st Class,25,22,30,19,73.33
2024-07-05,Colombo Fort - Galle,Slow/Local,2nd Class,150,136,180,93,75.56
2024-07-05,Colombo Fort - Galle,Slow/Local,3rd Class,325,284,290,203,97.93
2024-07-05,Colombo Fort - Jaffna,Intercity,1st Class,37,33,44,36,75.0
2024-07-05,Colombo Fort - Jaffna,Intercity,2nd Class,225,194,270,216,71.85
2024-07-05,Colombo Fort - Jaffna,Intercity,3rd Class,487,408,435,487,93.79
2024-07-05,Colombo Fort - Jaffna,Slow/Local,1st Class,25,22,22,22,100.0
2024-07-05,Colombo Fort - Jaffna,Slow/Local,2nd Class,150,134,134,143,100.0
2024-07-05,Colombo Fort - Jaffna,Slow/Local,3rd Class,325,292,344,280,84.88
2024-07-05,Colombo Fort - Kandy,Express,1st Class,45,39,39,42,100.0
2024-07-05,Colombo Fort - Kandy,Express,2nd Class,270,248,248,265,100.0
2024-07-05,Colombo Fort - Kandy,Express,3rd Class,585,526,613,583,85.81
2024-07-05,Colombo Fort - Negombo,Intercity,1st Class,37,32,44,26,72.73
2024-07-05,Colombo Fort - Negombo,Intercity,2nd Class,225,194,270,174,71.85
2024-07-05,Colombo Fort - Negombo,Intercity,3rd Class,487,411,435,384,94.48
2024-07-05,Colombo Fort - Puttalam,Intercity,1st Class,37,31,44,31,70.45
2024-07-05,Colombo Fort - Puttalam,Intercity,2nd Class,225,191,270,176,70.74
2024-07-05,Colombo Fort - Puttalam,Intercity,3rd Class,487,419,435,400,96.32
2024-07-05,Colombo Fort - Ratnapura,Slow/Local,1st Class,25,22,30,19,73.33
2024-07-05,Colombo Fort - Ratnapura,Slow/Local,2nd Class,150,135,180,110,75.0
2024-07-05,Colombo Fort - Ratnapura,Slow/Local,3rd Class,325,285,290,243,98.28
2024-07-05,Kandy - Badulla,Intercity,1st Class,37,33,44,20,75.0
2024-07-05,Kandy - Badulla,Intercity,2nd Class,225,198,270,130,73.33
2024-07-05,Kandy - Badulla,Intercity,3rd Class,487,423,435,287,97.24
2024-07-05,Maradana - Avissawella,Slow/Local,1st Class,25,21,30,18,70.0
2024-07-05,Maradana - Avissawella,Slow/Local,2nd Class,150,140,180,110,77.78
2024-07-05,Maradana - Avissawella,Slow/Local,3rd Class,325,283,290,238,97.59
2024-07-06,Colombo Fort - Galle,Express,1st Class,45,40,40,32,100.0
2024-07-06,Colombo Fort - Galle,Express,2nd Class,270,243,243,184,100.0
2024-07-06,Colombo Fort - Galle,Express,3rd Class,585,535,617,446,86.71
2024-07-06,Colombo Fort - Jaffna,Intercity,1st Class,37,33,44,35,75.0
2024-07-06,Colombo Fort - Jaffna,Intercity,2nd Class,225,195,270,223,72.22
2024-07-06,Colombo Fort - Jaffna,Intercity,3rd Class,487,416,435,487,95.63
2024-07-06,Colombo Fort - Kurunegala,Intercity,1st Class,37,31,44,35,70.45
2024-07-06,Colombo Fort - Kurunegala,Intercity,2nd Class,225,172,270,208,63.7
2024-07-06,Colombo Fort - Kurunegala,Intercity,3rd Class,487,400,435,457,91.95
2024-07-06,Colombo Fort - Ratnapura,Slow/Local,1st Class,25,22,30,23,73.33
2024-07-06,Colombo Fort - Ratnapura,Slow/Local,2nd Class,150,133,180,150,73.89
2024-07-06,Colombo Fort - Ratnapura,Slow/Local,3rd Class,325,287,290,303,98.97
2024-07-06,Colombo Fort - Trincomalee,Intercity,1st Class,37,32,44,37,72.73
2024-07-06,Colombo Fort - Trincomalee,Intercity,2nd Class,225,195,270,225,72.22
2024-07-06,Colombo Fort - Trincomalee,Intercity,3rd Class,487,419,435,487,96.32
2024-07-06,Colombo Fort - Vavuniya,Intercity,1st Class,37,32,44,36,72.73
2024-07-06,Colombo Fort - Vavuniya,Intercity,2nd Class,225,194,270,217,71.85
2024-07-06,Colombo Fort - Vavuniya,Intercity,3rd Class,487,428,435,487,98.39
2024-07-06,Kandy - Badulla,Slow/Local,1st Class,25,22,22,25,100.0
2024-07-06,Kandy - Badulla,Slow/Local,2nd Class,150,135,135,150,100.0
2024-07-06,Kandy - Badulla,Slow/Local,3rd Class,325,299,343,321,87.17
2024-07-07,Colombo Fort - Anuradhapura,Express,1st Class,45,40,40,37,100.0
2024-07-07,Colombo Fort - Anuradhapura,Express,2nd Class,270,233,233,206,100.0
2024-07-07,Colombo Fort - Anuradhapura,Express,3rd Class,585,527,627,446,84.05
2024-07-07,Colombo Fort - Anuradhapura,Slow/Local,1st Class,25,23,30,25,76.67
2024-07-07,Colombo Fort - Anuradhapura,Slow/Local,2nd Class,150,139,180,147,77.22
2024-07-07,Colombo Fort - Anuradhapura,Slow/Local,3rd Class,325,290,290,319,100.0
2024-07-07,Colombo Fort - Batticaloa,Express,1st Class,45,40,40,45,100.0
2024-07-07,Colombo Fort - Batticaloa,Express,2nd Class,270,240,240,270,100.0
2024-07-07,Colombo Fort - Batticaloa,Express,3rd Class,585,535,620,574,86.29
2024-07-07,Colombo Fort - Kurunegala,Intercity,1st Class,37,32,44,31,72.73
2024-07-07,Colombo Fort - Kurunegala,Intercity,2nd Class,225,193,270,179,71.48
2024-07-07,Colombo Fort - Kurunegala,Intercity,3rd Class,487,411,435,354,94.48
2024-07-07,Colombo Fort - Matara,Slow/Local,1st Class,25,22,30,18,73.33
2024-07-07,Colombo Fort - Matara,Slow/Local,2nd Class,150,135,180,123,75.0
2024-07-07,Colombo Fort - Matara,Slow/Local,3rd Class,325,289,290,284,99.66
2024-07-07,Colombo Fort - Negombo,Night Mail,1st Class,32,29,29,27,100.0
2024-07-07,Colombo Fort - Negombo,Night Mail,2nd Class,195,176,176,152,100.0
2024-07-07,Colombo Fort - Negombo,Night Mail,3rd Class,422,394,444,314,88.74
2024-07-07,Colombo Fort - Trincomalee,Express,1st Class,45,40,40,45,100.0
2024-07-07,Colombo Fort - Trincomalee,Express,2nd Class,270,240,240,259,100.0
2024-07-07,Colombo Fort - Trincomalee,Express,3rd Class,585,523,620,561,84.35
2024-07-07,Colombo Fort - Vavuniya,Intercity,1st Class,37,33,44,34,75.0
2024-07-07,Colombo Fort - Vavuniya,Intercity,2nd Class,225,197,270,207,72.96
2024-07-07,Colombo Fort - Vavuniya,Intercity,3rd Class,487,412,435,479,94.71
2024-07-07,Colombo Fort - Vavuniya,Slow/Local,1st Class,25,23,30,21,76.67
2024-07-07,Colombo Fort - Vavuniya,Slow/Local,2nd Class,150,136,180,141,75.56
2024-07-07,Colombo Fort - Vavuniya,Slow/Local,3rd Class,325,290,290,287,100.0
2024-07-08,Colombo Fort - Badulla,Slow/Local,1st Class,25,19,30,19,63.33
2024-07-08,Colombo Fort - Badulla,Slow/Local,2nd Class,150,120,180,133,66.67
2024-07-08,Colombo Fort - Badulla,Slow/Local,3rd Class,325,252,290,228,86.9
2024-07-08,Colombo Fort - Jaffna,Intercity,1st Class,37,31,44,31,70.45
2024-07-08,Colombo Fort - Jaffna,Intercity,2nd Class,225,187,270,178,69.26
2024-07-08,Colombo Fort - Jaffna,Intercity,3rd Class,487,412,435,396,94.71
2024-07-08,Colombo Fort - Kandy,Express,1st Class,45,36,54,35,66.67
2024-07-08,Colombo Fort - Kandy,Express,2nd Class,270,216,324,230,66.67
2024-07-08,Colombo Fort - Kandy,Express,3rd Class,585,481,522,479,92.15
2024-07-08,Colombo Fort - Kandy,Intercity,1st Class,37,31,44,32,70.45
2024-07-08,Colombo Fort - Kandy,Intercity,2nd Class,225,184,270,203,68.15
2024-07-08,Colombo Fort - Kandy,Intercity,3rd Class,487,398,435,403,91.49
2024-07-08,Colombo Fort - Kurunegala,Slow/Local,1st Class,25,20,30,25,66.67
2024-07-08,Colombo Fort - Kurunegala,Slow/Local,2nd Class,150,119,180,150,66.11
2024-07-08,Colombo Fort - Kurunegala,Slow/Local,3rd Class,325,268,290,312,92.41
2024-07-08,Colombo Fort - Matara,Night Mail,1st Class,32,27,38,29,71.05
2024-07-08,Colombo Fort - Matara,Night Mail,2nd Class,195,169,234,188,72.22
2024-07-08,Colombo Fort - Matara,Night Mail,3rd Class,422,346,377,399,91.78
2024-07-08,Colombo Fort - Puttalam,Express,1st Class,45,36,54,44,66.67
2024-07-08,Colombo Fort - Puttalam,Express,2nd Class,270,218,324,260,67.28
2024-07-08,Colombo Fort - Puttalam,Express,3rd Class,585,475,522,571,91.0
2024-07-08,Colombo Fort - Ratnapura,Intercity,1st Class,37,30,44,35,68.18
2024-07-08,Colombo Fort - Ratnapura,Intercity,2nd Class,225,186,270,225,68.89
2024-07-08,Colombo Fort - Ratnapura,Intercity,3rd Class,487,401,435,456,92.18
2024-07-08,Colombo Fort - Ratnapura,Slow/Local,1st Class,25,20,30,25,66.67
2024-07-08,Colombo Fort - Ratnapura,Slow/Local,2nd Class,150,120,180,150,66.67
2024-07-08,Colombo Fort - Ratnapura,Slow/Local,3rd Class,325,257,290,325,88.62
2024-07-08,Colombo Fort - Vavuniya,Slow/Local,1st Class,25,20,30,25,66.67
2024-07-08,Colombo Fort - Vavuniya,Slow/Local,2nd Class,150,120,180,150,66.67
2024-07-08,Colombo Fort - Vavuniya,Slow/Local,3rd Class,325,261,290,325,90.0
2024-07-09,Colombo Fort - Anuradhapura,Intercity,1st Class,37,30,44,33,68.18
2024-07-09,Colombo Fort - Anuradhapura,Intercity,2nd Class,225,185,270,203,68.52
2024-07-09,Colombo Fort - Anuradhapura,Intercity,3rd Class,487,389,435,457,89.43
2024-07-09,Colombo Fort - Badulla,Slow/Local,1st Class,25,19,30,23,63.33
2024-07-09,Colombo Fort - Badulla,Slow/Local,2nd Class,150,120,180,139,66.67
2024-07-09,Colombo Fort - Badulla,Slow/Local,3rd Class,325,256,290,306,88.28
2024-07-09,Colombo Fort - Batticaloa,Intercity,1st Class,37,30,44,28,68.18
2024-07-09,Colombo Fort - Batticaloa,Intercity,2nd Class,225,174,270,166,64.44
2024-07-09,Colombo Fort - Batticaloa,Intercity,3rd Class,487,363,435,376,83.45
2024-07-09,Colombo Fort - Kurunegala,Express,1st Class,45,37,54,42,68.52
2024-07-09,Colombo Fort - Kurunegala,Express,2nd Class,270,217,324,250,66.98
2024-07-09,Colombo Fort - Kurunegala,Express,3rd Class,585,455,522,585,87.16
2024-07-09,Colombo Fort - Kurunegala,Intercity,1st Class,37,27,44,27,61.36
2024-07-09,Colombo Fort - Kurunegala,Intercity,2nd Class,225,186,270,161,68.89
2024-07-09,Colombo Fort - Kurunegala,Intercity,3rd Class,487,367,435,391,84.37
2024-07-09,Colombo Fort - Negombo,Night Mail,1st Class,32,27,38,32,71.05
2024-07-09,Colombo Fort - Negombo,Night Mail,2nd Class,195,160,234,182,68.38
2024-07-09,Colombo Fort - Negombo,Night Mail,3rd Class,422,359,377,395,95.23
2024-07-09,Colombo Fort - Puttalam,Express,1st Class,45,35,54,30,64.81
2024-07-09,Colombo Fort - Puttalam,Express,2nd Class,270,217,324,161,66.98
2024-07-09,Colombo Fort - Puttalam,Express,3rd Class,585,474,522,386,90.8
2024-07-09,Colombo Fort - Trincomalee,Express,1st Class,45,35,54,43,64.81
2024-07-09,Colombo Fort - Trincomalee,Express,2nd Class,270,211,324,265,65.12
2024-07-09,Colombo Fort - Trincomalee,Express,3rd Class,585,465,522,567,89.08
2024-07-09,Colombo Fort - Trincomalee,Night Mail,1st Class,32,27,38,23,71.05
2024-07-09,Colombo Fort - Trincomalee,Night Mail,2nd Class,195,161,234,155,68.8
2024-07-09,Colombo Fort - Trincomalee,Night Mail,3rd Class,422,367,377,301,97.35
2024-07-09,Kandy - Badulla,Intercity,1st Class,37,28,44,26,63.64
2024-07-09,Kandy - Badulla,Intercity,2nd Class,225,179,270,161,66.3
2024-07-09,Kandy - Badulla,Intercity,3rd Class,487,383,435,311,88.05
2024-07-09,Maradana - Avissawella,Slow/Local,1st Class,25,19,30,25,63.33
2024-07-09,Maradana - Avissawella,Slow/Local,2nd Class,150,120,180,150,66.67
2024-07-09,Maradana - Avissawella,Slow/Local,3rd Class,325,248,290,309,85.52
2024-07-10,Colombo Fort - Badulla,Night Mail,1st Class,32,27,38,29,71.05
2024-07-10,Colombo Fort - Badulla,Night Mail,2nd Class,195,151,234,183,64.53
2024-07-10,Colombo Fort - Badulla,Night Mail,3rd Class,422,354,377,394,93.9
2024-07-10,Colombo Fort - Badulla,Slow/Local,1st Class,25,20,30,16,66.67
2024-07-10,Colombo Fort - Badulla,Slow/Local,2nd Class,150,120,180,101,66.67
2024-07-10,Colombo Fort - Badulla,Slow/Local,3rd Class,325,252,290,231,86.9
2024-07-10,Colombo Fort - Batticaloa,Night Mail,1st Class,32,27,38,23,71.05
2024-07-10,Colombo Fort - Batticaloa,Night Mail,2nd Class,195,162,234,163,69.23
2024-07-10,Colombo Fort - Batticaloa,Night Mail,3rd Class,422,354,377,324,93.9
2024-07-10,Colombo Fort - Batticaloa,Slow/Local,1st Class,25,19,30,16,63.33
2024-07-10,Colombo Fort - Batticaloa,Slow/Local,2nd Class,150,114,180,104,63.33
2024-07-10,Colombo Fort - Batticaloa,Slow/Local,3rd Class,325,253,290,204,87.24
2024-07-10,Colombo Fort - Kurunegala,Slow/Local,1st Class,25,20,30,25,66.67
2024-07-10,Colombo Fort - Kurunegala,Slow/Local,2nd Class,150,121,180,150,67.22
2024-07-10,Colombo Fort - Kurunegala,Slow/Local,3rd Class,325,266,290,321,91.72
2024-07-10,Colombo Fort - Matara,Express,1st Class,45,35,54,31,64.81
2024-07-10,Colombo Fort - Matara,Express,2nd Class,270,206,324,202,63.58
2024-07-10,Colombo Fort - Matara,Express,3rd Class,585,460,522,384,88.12
2024-07-10,Colombo Fort - Matara,Slow/Local,1st Class,25,19,30,18,63.33
2024-07-10,Colombo Fort - Matara,Slow/Local,2nd Class,150,119,180,111,66.11
2024-07-10,Colombo Fort - Matara,Slow/Local,3rd Class,325,256,290,243,88.28
2024-07-10,Colombo Fort - Negombo,Express,1st Class,45,37,54,44,68.52
2024-07-10,Colombo Fort - Negombo,Express,2nd Class,270,217,324,270,66.98
2024-07-10,Colombo Fort - Negombo,Express,3rd Class,585,458,522,585,87.74
2024-07-10,Colombo Fort - Negombo,Slow/Local,1st Class,25,19,30,25,63.33
2024-07-10,Colombo Fort - Negombo,Slow/Local,2nd Class,150,116,180,149,64.44
2024-07-10,Colombo Fort - Negombo,Slow/Local,3rd Class,325,253,290,302,87.24
2024-07-10,Colombo Fort - Trincomalee,Intercity,1st Class,37,30,44,32,68.18
2024-07-10,Colombo Fort - Trincomalee,Intercity,2nd Class,225,186,270,193,68.89
2024-07-10,Colombo Fort - Trincomalee,Intercity,3rd Class,487,391,435,427,89.89
2024-07-10,Maradana - Avissawella,Slow/Local,1st Class,25,20,30,23,66.67
2024-07-10,Maradana - Avissawella,Slow/Local,2nd Class,150,123,180,147,68.33
2024-07-10,Maradana - Avissawella,Slow/Local,3rd Class,325,250,290,325,86.21
2024-07-11,Colombo Fort - Batticaloa,Express,1st Class,45,36,54,43,66.67
2024-07-11,Colombo Fort - Batticaloa,Express,2nd Class,270,216,324,270,66.67
2024-07-11,Colombo Fort - Batticaloa,Express,3rd Class,585,476,522,585,91.19
2024-07-11,Colombo Fort - Batticaloa,Slow/Local,1st Class,25,19,30,18,63.33
2024-07-11,Colombo Fort - Batticaloa,Slow/Local,2nd Class,150,116,180,101,64.44
2024-07-11,Colombo Fort - Batticaloa,Slow/Local,3rd Class,325,255,290,212,87.93
2024-07-11,Colombo Fort - Jaffna,Intercity,1st Class,37,31,44,22,70.45
2024-07-11,Colombo Fort - Jaffna,Intercity,2nd Class,225,187,270,147,69.26
2024-07-11,Colombo Fort - Jaffna,Intercity,3rd Class,487,401,435,375,92.18
2024-07-11,Colombo Fort - Matara,Slow/Local,1st Class,25,19,30,25,63.33
2024-07-11,Colombo Fort - Matara,Slow/Local,2nd Class,150,117,180,150,65.0
2024-07-11,Colombo Fort - Matara,Slow/Local,3rd Class,325,258,290,325,88.97
2024-07-11,Colombo Fort - Negombo,Slow/Local,1st Class,25,20,30,20,66.67
2024-07-11,Colombo Fort - Negombo,Slow/Local,2nd Class,150,119,180,127,66.11
2024-07-11,Colombo Fort - Negombo,Slow/Local,3rd Class,325,249,290,269,85.86
2024-07-11,Colombo Fort - Puttalam,Intercity,1st Class,37,27,44,26,61.36
2024-07-11,Colombo Fort - Puttalam,Intercity,2nd Class,225,184,270,154,68.15
2024-07-11,Colombo Fort - Puttalam,Intercity,3rd Class,487,375,435,357,86.21
2024-07-11,Colombo Fort - Ratnapura,Intercity,1st Class,37,28,44,27,63.64
2024-07-11,Colombo Fort - Ratnapura,Intercity,2nd Class,225,187,270,159,69.26
2024-07-11,Colombo Fort - Ratnapura,Intercity,3rd Class,487,409,435,318,94.02
2024-07-11,Colombo Fort - Trincomalee,Express,1st Class,45,36,54,44,66.67
2024-07-11,Colombo Fort - Trincomalee,Express,2nd Class,270,216,324,257,66.67
2024-07-11,Colombo Fort - Trincomalee,Express,3rd Class,585,469,522,533,89.85
2024-07-11,Colombo Fort - Vavuniya,Express,1st Class,45,36,54,29,66.67
2024-07-11,Colombo Fort - Vavuniya,Express,2nd Class,270,212,324,187,65.43
2024-07-11,Colombo Fort - Vavuniya,Express,3rd Class,585,490,522,425,93.87
2024-07-11,Colombo Fort - Vavuniya,Slow/Local,1st Class,25,20,30,25,66.67
2024-07-11,Colombo Fort - Vavuniya,Slow/Local,2nd Class,150,121,180,150,67.22
2024-07-11,Colombo Fort - Vavuniya,Slow/Local,3rd Class,325,263,290,325,90.69
2024-07-11,Kandy - Badulla,Night Mail,1st Class,32,27,38,20,71.05
2024-07-11,Kandy - Badulla,Night Mail,2nd Class,195,161,234,141,68.8
2024-07-11,Kandy - Badulla,Night Mail,3rd Class,422,356,377,277,94.43
2024-07-11,Kandy - Badulla,Slow/Local,1st Class,25,20,30,19,66.67
2024-07-11,Kandy - Badulla,Slow/Local,2nd Class,150,119,180,101,66.11
2024-07-11,Kandy - Badulla,Slow/Local,3rd Class,325,261,290,228,90.0
2024-07-12,Colombo Fort - Batticaloa,Slow/Local,1st Class,25,22,30,16,73.33
2024-07-12,Colombo Fort - Batticaloa,Slow/Local,2nd Class,150,127,180,103,70.56
2024-07-12,Colombo Fort - Batticaloa,Slow/Local,3rd Class,325,281,290,224,96.9
2024-07-12,Colombo Fort - Negombo,Intercity,1st Class,37,32,44,28,72.73
2024-07-12,Colombo Fort - Negombo,Intercity,2nd Class,225,189,270,188,70.0
2024-07-12,Colombo Fort - Negombo,Intercity,3rd Class,487,429,435,404,98.62
2024-07-12,Colombo Fort - Negombo,Slow/Local,1st Class,25,22,30,20,73.33
2024-07-12,Colombo Fort - Negombo,Slow/Local,2nd Class,150,134,180,122,74.44
2024-07-12,Colombo Fort - Negombo,Slow/Local,3rd Class,325,279,290,279,96.21
2024-07-12,Colombo Fort - Puttalam,Intercity,1st Class,37,31,44,34,70.45
2024-07-12,Colombo Fort - Puttalam,Intercity,2nd Class,225,188,270,206,69.63
2024-07-12,Colombo Fort - Puttalam,Intercity,3rd Class,487,425,435,487,97.7
2024-07-12,Colombo Fort - Puttalam,Night Mail,1st Class,32,28,38,28,73.68
2024-07-12,Colombo Fort - Puttalam,Night Mail,2nd Class,195,175,234,167,74.79
2024-07-12,Colombo Fort - Puttalam,Night Mail,3rd Class,422,372,377,372,98.67
2024-07-12,Colombo Fort - Trincomalee,Express,1st Class,45,39,54,45,72.22
2024-07-12,Colombo Fort - Trincomalee,Express,2nd Class,270,246,324,270,75.93
2024-07-12,Colombo Fort - Trincomalee,Express,3rd Class,585,511,522,540,97.89
2024-07-12,Colombo Fort - Trincomalee,Intercity,1st Class,37,32,44,28,72.73
2024-07-12,Colombo Fort - Trincomalee,Intercity,2nd Class,225,192,270,171,71.11
2024-07-12,Colombo Fort - Trincomalee,Intercity,3rd Class,487,409,435,368,94.02
2024-07-12,Colombo Fort - Vavuniya,Express,1st Class,45,39,54,29,72.22
2024-07-12,Colombo Fort - Vavuniya,Express,2nd Class,270,240,324,151,74.07
2024-07-12,Colombo Fort - Vavuniya,Express,3rd Class,585,509,522,364,97.51
2024-07-12,Colombo Fort - Vavuniya,Intercity,1st Class,37,33,44,35,75.0
2024-07-12,Colombo Fort - Vavuniya,Intercity,2nd Class,225,192,270,218,71.11
2024-07-12,Colombo Fort - Vavuniya,Intercity,3rd Class,487,413,435,463,94.94
2024-07-13,Colombo Fort - Anuradhapura,Intercity,1st Class,37,33,44,29,75.0
2024-07-13,Colombo Fort - Anuradhapura,Intercity,2nd Class,225,198,270,186,73.33
2024-07-13,Colombo Fort - Anuradhapura,Intercity,3rd Class,487,423,435,369,97.24
2024-07-13,Colombo Fort - Anuradhapura,Slow/Local,1st Class,25,22,30,22,73.33
2024-07-13,Colombo Fort - Anuradhapura,Slow/Local,2nd Class,150,136,180,128,75.56
2024-07-13,Colombo Fort - Anuradhapura,Slow/Local,3rd Class,325,282,290,302,97.24
2024-07-13,Colombo Fort - Galle,Express,1st Class,45,40,54,45,74.07
2024-07-13,Colombo Fort - Galle,Express,2nd Class,270,244,324,266,75.31
2024-07-13,Colombo Fort - Galle,Express,3rd Class,585,511,522,574,97.89
2024-07-13,Colombo Fort - Jaffna,Intercity,1st Class,37,32,44,35,72.73
2024-07-13,Colombo Fort - Jaffna,Intercity,2nd Class,225,197,270,206,72.96
2024-07-13,Colombo Fort - Jaffna,Intercity,3rd Class,487,423,435,439,97.24
2024-07-13,Colombo Fort - Jaffna,Night Mail,1st Class,32,29,29,32,100.0
2024-07-13,Colombo Fort - Jaffna,Night Mail,2nd Class,195,173,173,172,100.0
2024-07-13,Colombo Fort - Jaffna,Night Mail,3rd Class,422,383,447,415,85.68
2024-07-13,Colombo Fort - Kurunegala,Intercity,1st Class,37,32,44,36,72.73
2024-07-13,Colombo Fort - Kurunegala,Intercity,2nd Class,225,194,270,218,71.85
2024-07-13,Colombo Fort - Kurunegala,Intercity,3rd Class,487,430,435,487,98.85
2024-07-13,Colombo Fort - Negombo,Intercity,1st Class,37,32,44,34,72.73
2024-07-13,Colombo Fort - Negombo,Intercity,2nd Class,225,196,270,203,72.59
2024-07-13,Colombo Fort - Negombo,Intercity,3rd Class,487,425,435,436,97.7
2024-07-13,Colombo Fort - Puttalam,Express,1st Class,45,39,54,45,72.22
2024-07-13,Colombo Fort - Puttalam,Express,2nd Class,270,229,324,270,70.68
2024-07-13,Colombo Fort - Puttalam,Express,3rd Class,585,496,522,579,95.02
2024-07-13,Colombo Fort - Ratnapura,Express,1st Class,45,38,54,39,70.37
2024-07-13,Colombo Fort - Ratnapura,Express,2nd Class,270,231,324,223,71.3
2024-07-13,Colombo Fort - Ratnapura,Express,3rd Class,585,499,522,538,95.59
2024-07-13,Colombo Fort - Ratnapura,Slow/Local,1st Class,25,22,30,23,73.33
2024-07-13,Colombo Fort - Ratnapura,Slow/Local,2nd Class,150,135,180,135,75.0
2024-07-13,Colombo Fort - Ratnapura,Slow/Local,3rd Class,325,285,290,296,98.28
2024-07-13,Maradana - Avissawella,Night Mail,1st Class,32,29,29,31,100.0
2024-07-13,Maradana - Avissawella,Night Mail,2nd Class,195,173,173,195,100.0
2024-07-13,Maradana - Avissawella,Night Mail,3rd Class,422,384,447,406,85.91
2024-07-14,Colombo Fort - Kandy,Express,1st Class,45,40,54,45,74.07
2024-07-14,Colombo Fort - Kandy,Express,2nd Class,270,246,324,261,75.93
2024-07-14,Colombo Fort - Kandy,Express,3rd Class,585,520,522,556,99.62
2024-07-14,Colombo Fort - Matara,Slow/Local,1st Class,25,22,30,25,73.33
2024-07-14,Colombo Fort - Matara,Slow/Local,2nd Class,150,135,180,143,75.0
2024-07-14,Colombo Fort - Matara,Slow/Local,3rd Class,325,287,290,323,98.97
2024-07-14,Colombo Fort - Negombo,Intercity,1st Class,37,32,44,37,72.73
2024-07-14,Colombo Fort - Negombo,Intercity,2nd Class,225,194,270,225,71.85
2024-07-14,Colombo Fort - Negombo,Intercity,3rd Class,487,420,435,487,96.55
2024-07-14,Colombo Fort - Puttalam,Intercity,1st Class,37,32,44,37,72.73
2024-07-14,Colombo Fort - Puttalam,Intercity,2nd Class,225,201,270,219,74.44
2024-07-14,Colombo Fort - Puttalam,Intercity,3rd Class,487,433,435,483,99.54
2024-07-14,Colombo Fort - Trincomalee,Express,1st Class,45,39,54,43,72.22
2024-07-14,Colombo Fort - Trincomalee,Express,2nd Class,270,236,324,248,72.84
2024-07-14,Colombo Fort - Trincomalee,Express,3rd Class,585,514,522,533,98.47
2024-07-14,Colombo Fort - Trincomalee,Slow/Local,1st Class,25,22,22,21,100.0
2024-07-14,Colombo Fort - Trincomalee,Slow/Local,2nd Class,150,133,133,107,100.0
2024-07-14,Colombo Fort - Trincomalee,Slow/Local,3rd Class,325,294,345,268,85.22
2024-07-14,Colombo Fort - Vavuniya,Night Mail,1st Class,32,29,29,29,100.0
2024-07-14,Colombo Fort - Vavuniya,Night Mail,2nd Class,195,167,167,185,100.0
2024-07-14,Colombo Fort - Vavuniya,Night Mail,3rd Class,422,382,453,407,84.33
2024-07-14,Kandy - Badulla,Slow/Local,1st Class,25,22,22,24,100.0
2024-07-14,Kandy - Badulla,Slow/Local,2nd Class,150,134,134,150,100.0
2024-07-14,Kandy - Badulla,Slow/Local,3rd Class,325,293,344,325,85.17
2024-07-15,Colombo Fort - Anuradhapura,Express,1st Class,45,36,54,30,66.67
2024-07-15,Colombo Fort - Anuradhapura,Express,2nd Class,270,207,324,182,63.89
2024-07-15,Colombo Fort - Anuradhapura,Express,3rd Class,585,492,522,398,94.25
2024-07-15,Colombo Fort - Anuradhapura,Slow/Local,1st Class,25,21,30,23,70.0
2024-07-15,Colombo Fort - Anuradhapura,Slow/Local,2nd Class,150,123,180,139,68.33
2024-07-15,Colombo Fort - Anuradhapura,Slow/Local,3rd Class,325,273,290,311,94.14
2024-07-15,Colombo Fort - Badulla,Express,1st Class,45,38,54,37,70.37
2024-07-15,Colombo Fort - Badulla,Express,2nd Class,270,223,324,220,68.83
2024-07-15,Colombo Fort - Badulla,Express,3rd Class,585,499,522,530,95.59
2024-07-15,Colombo Fort - Batticaloa,Express,1st Class,45,36,54,35,66.67
2024-07-15,Colombo Fort - Batticaloa,Express,2nd Class,270,219,324,207,67.59
2024-07-15,Colombo Fort - Batticaloa,Express,3rd Class,585,492,522,512,94.25
2024-07-15,Colombo Fort - Kandy,Express,1st Class,45,36,54,28,66.67
2024-07-15,Colombo Fort - Kandy,Express,2nd Class,270,219,324,181,67.59
2024-07-15,Colombo Fort - Kandy,Express,3rd Class,585,483,522,353,92.53
2024-07-15,Colombo Fort - Matara,Slow/Local,1st Class,25,20,30,25,66.67
2024-07-15,Colombo Fort - Matara,Slow/Local,2nd Class,150,121,180,148,67.22
2024-07-15,Colombo Fort - Matara,Slow/Local,3rd Class,325,272,290,300,93.79
2024-07-15,Colombo Fort - Puttalam,Night Mail,1st Class,32,28,38,28,73.68
2024-07-15,Colombo Fort - Puttalam,Night Mail,2nd Class,195,162,234,183,69.23
2024-07-15,Colombo Fort - Puttalam,Night Mail,3rd Class,422,343,377,365,90.98
2024-07-15,Colombo Fort - Trincomalee,Express,1st Class,45,36,54,45,66.67
2024-07-15,Colombo Fort - Trincomalee,Express,2nd Class,270,216,324,270,66.67
2024-07-15,Colombo Fort - Trincomalee,Express,3rd Class,585,487,522,573,93.3
2024-07-15,Colombo Fort - Trincomalee,Intercity,1st Class,37,30,44,29,68.18
2024-07-15,Colombo Fort - Trincomalee,Intercity,2nd Class,225,182,270,194,67.41
2024-07-15,Colombo Fort - Trincomalee,Intercity,3rd Class,487,387,435,379,88.97
2024-07-15,Colombo Fort - Vavuniya,Intercity,1st Class,37,30,44,34,68.18
2024-07-15,Colombo Fort - Vavuniya,Intercity,2nd Class,225,184,270,220,68.15
2024-07-15,Colombo Fort - Vavuniya,Intercity,3rd Class,487,393,435,465,90.34
2024-07-15,Colombo Fort - Vavuniya,Night Mail,1st Class,32,29,38,26,76.32
2024-07-15,Colombo Fort - Vavuniya,Night Mail,2nd Class,195,176,234,156,75.21
2024-07-15,Colombo Fort - Vavuniya,Night Mail,3rd Class,422,367,377,309,97.35
2024-07-15,Colombo Fort - Vavuniya,Slow/Local,1st Class,25,20,30,25,66.67
2024-07-15,Colombo Fort - Vavuniya,Slow/Local,2nd Class,150,121,180,150,67.22
2024-07-15,Colombo Fort - Vavuniya,Slow/Local,3rd Class,325,266,290,325,91.72
2024-07-15,Maradana - Avissawella,Intercity,1st Class,37,29,44,34,65.91
2024-07-15,Maradana - Avissawella,Intercity,2nd Class,225,184,270,177,68.15
2024-07-15,Maradana - Avissawella,Intercity,3rd Class,487,386,435,435,88.74
2024-07-16,Colombo Fort - Anuradhapura,Express,1st Class,45,35,54,43,64.81
2024-07-16,Colombo Fort - Anuradhapura,Express,2nd Class,270,205,324,252,63.27
2024-07-16,Colombo Fort - Anuradhapura,Express,3rd Class,585,457,522,569,87.55
2024-07-16,Colombo Fort - Badulla,Slow/Local,1st Class,25,19,30,20,63.33
2024-07-16,Colombo Fort - Badulla,Slow/Local,2nd Class,150,116,180,140,64.44
2024-07-16,Colombo Fort - Badulla,Slow/Local,3rd Class,325,257,290,256,88.62
2024-07-16,Colombo Fort - Batticaloa,Express,1st Class,45,35,54,28,64.81
2024-07-16,Colombo Fort - Batticaloa,Express,2nd Class,270,214,324,181,66.05
2024-07-16,Colombo Fort - Batticaloa,Express,3rd Class,585,465,522,335,89.08
2024-07-16,Colombo Fort - Galle,Intercity,1st Class,37,30,44,28,68.18
2024-07-16,Colombo Fort - Galle,Intercity,2nd Class,225,179,270,165,66.3
2024-07-16,Colombo Fort - Galle,Intercity,3rd Class,487,377,435,379,86.67
2024-07-16,Colombo Fort - Kandy,Intercity,1st Class,37,30,44,35,68.18
2024-07-16,Colombo Fort - Kandy,Intercity,2nd Class,225,186,270,199,68.89
2024-07-16,Colombo Fort - Kandy,Intercity,3rd Class,487,419,435,457,96.32
2024-07-16,Colombo Fort - Matara,Express,1st Class,45,35,54,34,64.81
2024-07-16,Colombo Fort - Matara,Express,2nd Class,270,205,324,233,63.27
2024-07-16,Colombo Fort - Matara,Express,3rd Class,585,455,522,471,87.16
2024-07-16,Colombo Fort - Puttalam,Express,1st Class,45,35,54,36,64.81
2024-07-16,Colombo Fort - Puttalam,Express,2nd Class,270,214,324,239,66.05
2024-07-16,Colombo Fort - Puttalam,Express,3rd Class,585,477,522,538,91.38
2024-07-16,Colombo Fort - Puttalam,Slow/Local,1st Class,25,19,30,20,63.33
2024-07-16,Colombo Fort - Puttalam,Slow/Local,2nd Class,150,120,180,139,66.67
2024-07-16,Colombo Fort - Puttalam,Slow/Local,3rd Class,325,253,290,283,87.24
2024-07-16,Colombo Fort - Ratnapura,Express,1st Class,45,37,54,29,68.52
2024-07-16,Colombo Fort - Ratnapura,Express,2nd Class,270,217,324,194,66.98
2024-07-16,Colombo Fort - Ratnapura,Express,3rd Class,585,470,522,408,90.04
2024-07-16,Colombo Fort - Ratnapura,Slow/Local,1st Class,25,20,30,22,66.67
2024-07-16,Colombo Fort - Ratnapura,Slow/Local,2nd Class,150,119,180,124,66.11
2024-07-16,Colombo Fort - Ratnapura,Slow/Local,3rd Class,325,263,290,293,90.69
2024-07-16,Colombo Fort - Vavuniya,Slow/Local,1st Class,25,20,30,19,66.67
2024-07-16,Colombo Fort - Vavuniya,Slow/Local,2nd Class,150,122,180,106,67.78
2024-07-16,Colombo Fort - Vavuniya,Slow/Local,3rd Class,325,272,290,214,93.79
2024-07-16,Kandy - Badulla,Slow/Local,1st Class,25,20,30,17,66.67
2024-07-16,Kandy - Badulla,Slow/Local,2nd Class,150,120,180,100,66.67
2024-07-16,Kandy - Badulla,Slow/Local,3rd Class,325,261,290,222,90.0
2024-07-17,Colombo Fort - Batticaloa,Intercity,1st Class,37,30,44,33,68.18
2024-07-17,Colombo Fort - Batticaloa,Intercity,2nd Class,225,181,270,201,67.04
2024-07-17,Colombo Fort - Batticaloa,Intercity,3rd Class,487,389,435,438,89.43
2024-07-17,Colombo Fort - Galle,Night Mail,1st Class,32,28,38,30,73.68
2024-07-17,Colombo Fort - Galle,Night Mail,2nd Class,195,158,234,195,67.52
2024-07-17,Colombo Fort - Galle,Night Mail,3rd Class,422,343,377,422,90.98
2024-07-17,Colombo Fort - Kandy,Express,1st Class,45,34,54,41,62.96
2024-07-17,Colombo Fort - Kandy,Express,2nd Class,270,214,324,252,66.05
2024-07-17,Colombo Fort - Kandy,Express,3rd Class,585,453,522,585,86.78
2024-07-17,Colombo Fort - Kandy,Intercity,1st Class,37,30,44,30,68.18
2024-07-17,Colombo Fort - Kandy,Intercity,2nd Class,225,185,270,169,68.52
2024-07-17,Colombo Fort - Kandy,Intercity,3rd Class,487,404,435,358,92.87
2024-07-17,Colombo Fort - Kandy,Slow/Local,1st Class,25,20,30,12,66.67
2024-07-17,Colombo Fort - Kandy,Slow/Local,2nd Class,150,121,180,82,67.22
2024-07-17,Colombo Fort - Kandy,Slow/Local,3rd Class,325,256,290,164,88.28
2024-07-17,Colombo Fort - Matara,Intercity,1st Class,37,30,44,22,68.18
2024-07-17,Colombo Fort - Matara,Intercity,2nd Class,225,182,270,120,67.41
2024-07-17,Colombo Fort - Matara,Intercity,3rd Class,487,386,435,257,88.74
2024-07-17,Colombo Fort - Negombo,Express,1st Class,45,37,54,35,68.52
2024-07-17,Colombo Fort - Negombo,Express,2nd Class,270,217,324,191,66.98
2024-07-17,Colombo Fort - Negombo,Express,3rd Class,585,456,522,475,87.36
2024-07-17,Colombo Fort - Puttalam,Express,1st Class,45,35,54,38,64.81
2024-07-17,Colombo Fort - Puttalam,Express,2nd Class,270,218,324,214,67.28
2024-07-17,Colombo Fort - Puttalam,Express,3rd Class,585,464,522,487,88.89
2024-07-17,Colombo Fort - Trincomalee,Intercity,1st Class,37,30,44,22,68.18
2024-07-17,Colombo Fort - Trincomalee,Intercity,2nd Class,225,184,270,124,68.15
2024-07-17,Colombo Fort - Trincomalee,Intercity,3rd Class,487,382,435,278,87.82
2024-07-17,Colombo Fort - Trincomalee,Slow/Local,1st Class,25,20,30,17,66.67
2024-07-17,Colombo Fort - Trincomalee,Slow/Local,2nd Class,150,117,180,92,65.0
2024-07-17,Colombo Fort - Trincomalee,Slow/Local,3rd Class,325,250,290,220,86.21
2024-07-17,Colombo Fort - Vavuniya,Intercity,1st Class,37,30,44,31,68.18
2024-07-17,Colombo Fort - Vavuniya,Intercity,2nd Class,225,182,270,190,67.41
2024-07-17,Colombo Fort - Vavuniya,Intercity,3rd Class,487,373,435,398,85.75
2024-07-17,Colombo Fort - Vavuniya,Slow/Local,1st Class,25,20,30,20,66.67
2024-07-17,Colombo Fort - Vavuniya,Slow/Local,2nd Class,150,118,180,119,65.56
2024-07-17,Colombo Fort - Vavuniya,Slow/Local,3rd Class,325,264,290,251,91.03
2024-07-18,Colombo Fort - Badulla,Night Mail,1st Class,32,27,38,17,71.05
2024-07-18,Colombo Fort - Badulla,Night Mail,2nd Class,195,162,234,100,69.23
2024-07-18,Colombo Fort - Badulla,Night Mail,3rd Class,422,357,377,202,94.69
2024-07-18,Colombo Fort - Jaffna,Night Mail,1st Class,32,29,38,24,76.32
2024-07-18,Colombo Fort - Jaffna,Night Mail,2nd Class,195,167,234,147,71.37
2024-07-18,Colombo Fort - Jaffna,Night Mail,3rd Class,422,366,377,305,97.08
2024-07-18,Colombo Fort - Matara,Slow/Local,1st Class,25,20,30,25,66.67
2024-07-18,Colombo Fort - Matara,Slow/Local,2nd Class,150,123,180,150,68.33
2024-07-18,Colombo Fort - Matara,Slow/Local,3rd Class,325,267,290,325,92.07
2024-07-18,Colombo Fort - Puttalam,Intercity,1st Class,37,27,44,34,61.36
2024-07-18,Colombo Fort - Puttalam,Intercity,2nd Class,225,187,270,217,69.26
2024-07-18,Colombo Fort - Puttalam,Intercity,3rd Class,487,393,435,442,90.34
2024-07-18,Colombo Fort - Puttalam,Night Mail,1st Class,32,28,38,30,73.68
2024-07-18,Colombo Fort - Puttalam,Night Mail,2nd Class,195,165,234,184,70.51
2024-07-18,Colombo Fort - Puttalam,Night Mail,3rd Class,422,347,377,391,92.04
2024-07-18,Colombo Fort - Puttalam,Slow/Local,1st Class,25,19,30,15,63.33
2024-07-18,Colombo Fort - Puttalam,Slow/Local,2nd Class,150,120,180,89,66.67
2024-07-18,Colombo Fort - Puttalam,Slow/Local,3rd Class,325,259,290,158,89.31
2024-07-18,Colombo Fort - Ratnapura,Express,1st Class,45,37,54,38,68.52
2024-07-18,Colombo Fort - Ratnapura,Express,2nd Class,270,218,324,246,67.28
2024-07-18,Colombo Fort - Ratnapura,Express,3rd Class,585,470,522,518,90.04
2024-07-18,Colombo Fort - Vavuniya,Intercity,1st Class,37,30,44,31,68.18
2024-07-18,Colombo Fort - Vavuniya,Intercity,2nd Class,225,183,270,203,67.78
2024-07-18,Colombo Fort - Vavuniya,Intercity,3rd Class,487,378,435,442,86.9
2024-07-18,Colombo Fort - Vavuniya,Night Mail,1st Class,32,28,38,29,73.68
2024-07-18,Colombo Fort - Vavuniya,Night Mail,2nd Class,195,167,234,152,71.37
2024-07-18,Colombo Fort - Vavuniya,Night Mail,3rd Class,422,356,377,367,94.43
2024-07-19,Colombo Fort - Anuradhapura,Intercity,1st Class,37,33,44,30,75.0
2024-07-19,Colombo Fort - Anuradhapura,Intercity,2nd Class,225,192,270,171,71.11
2024-07-19,Colombo Fort - Anuradhapura,Intercity,3rd Class,487,424,435,387,97.47
2024-07-19,Colombo Fort - Anuradhapura,Slow/Local,1st Class,25,22,30,23,73.33
2024-07-19,Colombo Fort - Anuradhapura,Slow/Local,2nd Class,150,136,180,147,75.56
2024-07-19,Colombo Fort - Anuradhapura,Slow/Local,3rd Class,325,283,290,297,97.59
2024-07-19,Colombo Fort - Badulla,Slow/Local,1st Class,25,22,30,25,73.33
2024-07-19,Colombo Fort - Badulla,Slow/Local,2nd Class,150,137,180,145,76.11
2024-07-19,Colombo Fort - Badulla,Slow/Local,3rd Class,325,289,290,325,99.66
2024-07-19,Colombo Fort - Batticaloa,Express,1st Class,45,40,54,31,74.07
2024-07-19,Colombo Fort - Batticaloa,Express,2nd Class,270,241,324,195,74.38
2024-07-19,Colombo Fort - Batticaloa,Express,3rd Class,585,498,522,438,95.4
2024-07-19,Colombo Fort - Batticaloa,Intercity,1st Class,37,33,33,35,100.0
2024-07-19,Colombo Fort - Batticaloa,Intercity,2nd Class,225,196,196,208,100.0
2024-07-19,Colombo Fort - Batticaloa,Intercity,3rd Class,487,437,520,486,84.04
2024-07-19,Colombo Fort - Kurunegala,Express,1st Class,45,38,54,37,70.37
2024-07-19,Colombo Fort - Kurunegala,Express,2nd Class,270,247,324,252,76.23
2024-07-19,Colombo Fort - Kurunegala,Express,3rd Class,585,513,522,511,98.28
2024-07-19,Colombo Fort - Negombo,Intercity,1st Class,37,32,44,37,72.73
2024-07-19,Colombo Fort - Negombo,Intercity,2nd Class,225,191,270,225,70.74
2024-07-19,Colombo Fort - Negombo,Intercity,3rd Class,487,416,435,474,95.63
2024-07-19,Colombo Fort - Puttalam,Slow/Local,1st Class,25,22,30,22,73.33
2024-07-19,Colombo Fort - Puttalam,Slow/Local,2nd Class,150,132,180,133,73.33
2024-07-19,Colombo Fort - Puttalam,Slow/Local,3rd Class,325,261,290,280,90.0
2024-07-19,Colombo Fort - Vavuniya,Slow/Local,1st Class,25,21,30,22,70.0
2024-07-19,Colombo Fort - Vavuniya,Slow/Local,2nd Class,150,135,180,133,75.0
2024-07-19,Colombo Fort - Vavuniya,Slow/Local,3rd Class,325,283,290,274,97.59
2024-07-19,Kandy - Badulla,Express,1st Class,45,39,39,29,100.0
2024-07-19,Kandy - Badulla,Express,2nd Class,270,236,236,175,100.0
2024-07-19,Kandy - Badulla,Express,3rd Class,585,532,625,412,85.12
2024-07-20,Colombo Fort - Badulla,Slow/Local,1st Class,25,22,30,21,73.33
2024-07-20,Colombo Fort - Badulla,Slow/Local,2nd Class,150,136,180,135,75.56
2024-07-20,Colombo Fort - Badulla,Slow/Local,3rd Class,325,287,290,298,98.97
2024-07-20,Colombo Fort - Batticaloa,Express,1st Class,45,40,54,40,74.07
2024-07-20,Colombo Fort - Batticaloa,Express,2nd Class,270,242,324,233,74.69
2024-07-20,Colombo Fort - Batticaloa,Express,3rd Class,585,500,522,546,95.79
2024-07-20,Colombo Fort - Batticaloa,Intercity,1st Class,37,33,44,19,75.0
2024-07-20,Colombo Fort - Batticaloa,Intercity,2nd Class,225,199,270,100,73.7
2024-07-20,Colombo Fort - Batticaloa,Intercity,3rd Class,487,418,435,256,96.09
2024-07-20,Colombo Fort - Galle,Intercity,1st Class,37,33,44,34,75.0
2024-07-20,Colombo Fort - Galle,Intercity,2nd Class,225,199,270,208,73.7
2024-07-20,Colombo Fort - Galle,Intercity,3rd Class,487,421,435,425,96.78
2024-07-20,Colombo Fort - Jaffna,Express,1st Class,45,39,54,30,72.22
2024-07-20,Colombo Fort - Jaffna,Express,2nd Class,270,237,324,158,73.15
2024-07-20,Colombo Fort - Jaffna,Express,3rd Class,585,505,522,391,96.74
2024-07-20,Colombo Fort - Jaffna,Slow/Local,1st Class,25,22,30,19,73.33
2024-07-20,Colombo Fort - Jaffna,Slow/Local,2nd Class,150,136,180,96,75.56
2024-07-20,Colombo Fort - Jaffna,Slow/Local,3rd Class,325,286,290,205,98.62
2024-07-20,Colombo Fort - Kandy,Slow/Local,1st Class,25,21,30,21,70.0
2024-07-20,Colombo Fort - Kandy,Slow/Local,2nd Class,150,133,180,150,73.89
2024-07-20,Colombo Fort - Kandy,Slow/Local,3rd Class,325,282,290,277,97.24
2024-07-20,Kandy - Badulla,Intercity,1st Class,37,32,44,31,72.73
2024-07-20,Kandy - Badulla,Intercity,2nd Class,225,198,270,180,73.33
2024-07-20,Kandy - Badulla,Intercity,3rd Class,487,428,435,418,98.39
2024-07-20,Kandy - Badulla,Slow/Local,1st Class,25,22,22,21,100.0
2024-07-20,Kandy - Badulla,Slow/Local,2nd Class,150,134,134,125,100.0
2024-07-20,Kandy - Badulla,Slow/Local,3rd Class,325,291,344,270,84.59
2024-07-20,Maradana - Avissawella,Intercity,1st Class,37,32,44,37,72.73
2024-07-20,Maradana - Avissawella,Intercity,2nd Class,225,197,270,219,72.96
2024-07-20,Maradana - Avissawella,Intercity,3rd Class,487,421,435,485,96.78
2024-07-21,Colombo Fort - Badulla,Slow/Local,1st Class,25,23,23,23,100.0
2024-07-21,Colombo Fort - Badulla,Slow/Local,2nd Class,150,137,137,143,100.0
2024-07-21,Colombo Fort - Badulla,Slow/Local,3rd Class,325,291,340,322,85.59
2024-07-21,Colombo Fort - Batticaloa,Express,1st Class,45,41,41,44,100.0
2024-07-21,Colombo Fort - Batticaloa,Express,2nd Class,270,242,242,261,100.0
2024-07-21,Colombo Fort - Batticaloa,Express,3rd Class,585,523,617,552,84.76
2024-07-21,Colombo Fort - Batticaloa,Intercity,1st Class,37,32,44,32,72.73
2024-07-21,Colombo Fort - Batticaloa,Intercity,2nd Class,225,175,270,200,64.81
2024-07-21,Colombo Fort - Batticaloa,Intercity,3rd Class,487,433,435,372,99.54
2024-07-21,Colombo Fort - Galle,Slow/Local,1st Class,25,22,30,24,73.33
2024-07-21,Colombo Fort - Galle,Slow/Local,2nd Class,150,139,180,146,77.22
2024-07-21,Colombo Fort - Galle,Slow/Local,3rd Class,325,286,290,325,98.62
2024-07-21,Colombo Fort - Jaffna,Intercity,1st Class,37,33,44,37,75.0
2024-07-21,Colombo Fort - Jaffna,Intercity,2nd Class,225,194,270,225,71.85
2024-07-21,Colombo Fort - Jaffna,Intercity,3rd Class,487,421,435,481,96.78
2024-07-21,Colombo Fort - Jaffna,Slow/Local,1st Class,25,22,22,20,100.0
2024-07-21,Colombo Fort - Jaffna,Slow/Local,2nd Class,150,131,131,125,100.0
2024-07-21,Colombo Fort - Jaffna,Slow/Local,3rd Class,325,294,347,255,84.73
2024-07-21,Colombo Fort - Kandy,Intercity,1st Class,37,33,44,37,75.0
2024-07-21,Colombo Fort - Kandy,Intercity,2nd Class,225,195,270,224,72.22
2024-07-21,Colombo Fort - Kandy,Intercity,3rd Class,487,423,435,483,97.24
2024-07-21,Colombo Fort - Matara,Express,1st Class,45,41,41,43,100.0
2024-07-21,Colombo Fort - Matara,Express,2nd Class,270,241,241,244,100.0
2024-07-21,Colombo Fort - Matara,Express,3rd Class,585,528,618,527,85.44
2024-07-21,Colombo Fort - Negombo,Slow/Local,1st Class,25,22,30,25,73.33
2024-07-21,Colombo Fort - Negombo,Slow/Local,2nd Class,150,134,180,150,74.44
2024-07-21,Colombo Fort - Negombo,Slow/Local,3rd Class,325,288,290,319,99.31
2024-07-21,Colombo Fort - Puttalam,Intercity,1st Class,37,34,34,37,100.0
2024-07-21,Colombo Fort - Puttalam,Intercity,2nd Class,225,201,201,215,100.0
2024-07-21,Colombo Fort - Puttalam,Intercity,3rd Class,487,442,514,473,85.99
2024-07-21,Colombo Fort - Ratnapura,Slow/Local,1st Class,25,22,30,25,73.33
2024-07-21,Colombo Fort - Ratnapura,Slow/Local,2nd Class,150,134,180,135,74.44
2024-07-21,Colombo Fort - Ratnapura,Slow/Local,3rd Class,325,288,290,325,99.31
2024-07-21,Colombo Fort - Trincomalee,Slow/Local,1st Class,25,22,30,25,73.33
2024-07-21,Colombo Fort - Trincomalee,Slow/Local,2nd Class,150,127,180,150,70.56
2024-07-21,Colombo Fort - Trincomalee,Slow/Local,3rd Class,325,285,290,321,98.28
2024-07-21,Maradana - Avissawella,Slow/Local,1st Class,25,22,30,23,73.33
2024-07-21,Maradana - Avissawella,Slow/Local,2nd Class,150,137,180,137,76.11
2024-07-21,Maradana - Avissawella,Slow/Local,3rd Class,325,289,290,312,99.66
2024-07-22,Colombo Fort - Badulla,Slow/Local,1st Class,25,20,30,23,66.67
2024-07-22,Colombo Fort - Badulla,Slow/Local,2nd Class,150,122,180,136,67.78
2024-07-22,Colombo Fort - Badulla,Slow/Local,3rd Class,325,270,290,319,93.1
2024-07-22,Colombo Fort - Batticaloa,Night Mail,1st Class,32,26,38,26,68.42
2024-07-22,Colombo Fort - Batticaloa,Night Mail,2nd Class,195,162,234,160,69.23
2024-07-22,Colombo Fort - Batticaloa,Night Mail,3rd Class,422,350,377,323,92.84
2024-07-22,Colombo Fort - Galle,Intercity,1st Class,37,30,44,33,68.18
2024-07-22,Colombo Fort - Galle,Intercity,2nd Class,225,181,270,216,67.04
2024-07-22,Colombo Fort - Galle,Intercity,3rd Class,487,395,435,437,90.8
2024-07-22,Colombo Fort - Galle,Night Mail,1st Class,32,27,38,19,71.05
2024-07-22,Colombo Fort - Galle,Night Mail,2nd Class,195,158,234,127,67.52
2024-07-22,Colombo Fort - Galle,Night Mail,3rd Class,422,343,377,289,90.98
2024-07-22,Colombo Fort - Jaffna,Intercity,1st Class,37,31,44,29,70.45
2024-07-22,Colombo Fort - Jaffna,Intercity,2nd Class,225,186,270,198,68.89
2024-07-22,Colombo Fort - Jaffna,Intercity,3rd Class,487,406,435,422,93.33
2024-07-22,Colombo Fort - Kandy,Express,1st Class,45,36,54,40,66.67
2024-07-22,Colombo Fort - Kandy,Express,2nd Class,270,215,324,250,66.36
2024-07-22,Colombo Fort - Kandy,Express,3rd Class,585,489,522,523,93.68
2024-07-22,Colombo Fort - Kurunegala,Express,1st Class,45,37,54,42,68.52
2024-07-22,Colombo Fort - Kurunegala,Express,2nd Class,270,218,324,232,67.28
2024-07-22,Colombo Fort - Kurunegala,Express,3rd Class,585,458,522,523,87.74
2024-07-22,Colombo Fort - Matara,Express,1st Class,45,35,54,41,64.81
2024-07-22,Colombo Fort - Matara,Express,2nd Class,270,210,324,223,64.81
2024-07-22,Colombo Fort - Matara,Express,3rd Class,585,453,522,500,86.78
2024-07-22,Colombo Fort - Negombo,Slow/Local,1st Class,25,20,30,25,66.67
2024-07-22,Colombo Fort - Negombo,Slow/Local,2nd Class,150,120,180,142,66.67
2024-07-22,Colombo Fort - Negombo,Slow/Local,3rd Class,325,251,290,325,86.55
2024-07-22,Colombo Fort - Puttalam,Slow/Local,1st Class,25,20,30,16,66.67
2024-07-22,Colombo Fort - Puttalam,Slow/Local,2nd Class,150,120,180,96,66.67
2024-07-22,Colombo Fort - Puttalam,Slow/Local,3rd Class,325,255,290,227,87.93
2024-07-22,Colombo Fort - Trincomalee,Slow/Local,1st Class,25,20,30,22,66.67
2024-07-22,Colombo Fort - Trincomalee,Slow/Local,2nd Class,150,119,180,143,66.11
2024-07-22,Colombo Fort - Trincomalee,Slow/Local,3rd Class,325,251,290,279,86.55
2024-07-23,Colombo Fort - Anuradhapura,Express,1st Class,45,35,54,45,64.81
2024-07-23,Colombo Fort - Anuradhapura,Express,2nd Class,270,212,324,270,65.43
2024-07-23,Colombo Fort - Anuradhapura,Express,3rd Class,585,476,522,585,91.19
2024-07-23,Colombo Fort - Badulla,Intercity,1st Class,37,30,44,27,68.18
2024-07-23,Colombo Fort - Badulla,Intercity,2nd Class,225,184,270,143,68.15
2024-07-23,Colombo Fort - Badulla,Intercity,3rd Class,487,392,435,357,90.11
2024-07-23,Colombo Fort - Jaffna,Night Mail,1st Class,32,28,38,28,73.68
2024-07-23,Colombo Fort - Jaffna,Night Mail,2nd Class,195,153,234,171,65.38
2024-07-23,Colombo Fort - Jaffna,Night Mail,3rd Class,422,359,377,384,95.23
2024-07-23,Colombo Fort - Kurunegala,Intercity,1st Class,37,28,44,26,63.64
2024-07-23,Colombo Fort - Kurunegala,Intercity,2nd Class,225,179,270,152,66.3
2024-07-23,Colombo Fort - Kurunegala,Intercity,3rd Class,487,361,435,334,82.99
2024-07-23,Colombo Fort - Kurunegala,Slow/Local,1st Class,25,21,30,18,70.0
2024-07-23,Colombo Fort - Kurunegala,Slow/Local,2nd Class,150,122,180,99,67.78
2024-07-23,Colombo Fort - Kurunegala,Slow/Local,3rd Class,325,260,290,216,89.66
2024-07-23,Colombo Fort - Negombo,Express,1st Class,45,37,54,36,68.52
2024-07-23,Colombo Fort - Negombo,Express,2nd Class,270,221,324,194,68.21
2024-07-23,Colombo Fort - Negombo,Express,3rd Class,585,464,522,437,88.89
2024-07-23,Colombo Fort - Trincomalee,Express,1st Class,45,35,54,34,64.81
2024-07-23,Colombo Fort - Trincomalee,Express,2nd Class,270,216,324,194,66.67
2024-07-23,Colombo Fort - Trincomalee,Express,3rd Class,585,476,522,491,91.19
2024-07-23,Colombo Fort - Vavuniya,Express,1st Class,45,34,54,44,62.96
2024-07-23,Colombo Fort - Vavuniya,Express,2nd Class,270,207,324,267,63.89
2024-07-23,Colombo Fort - Vavuniya,Express,3rd Class,585,451,522,585,86.4
2024-07-23,Maradana - Avissawella,Slow/Local,1st Class,25,20,30,23,66.67
2024-07-23,Maradana - Avissawella,Slow/Local,2nd Class,150,124,180,126,68.89
2024-07-23,Maradana - Avissawella,Slow/Local,3rd Class,325,264,290,320,91.03
2024-07-24,Colombo Fort - Anuradhapura,Express,1st Class,45,35,54,32,64.81
2024-07-24,Colombo Fort - Anuradhapura,Express,2nd Class,270,212,324,191,65.43
2024-07-24,Colombo Fort - Anuradhapura,Express,3rd Class,585,489,522,393,93.68
2024-07-24,Colombo Fort - Anuradhapura,Intercity,1st Class,37,30,44,37,68.18
2024-07-24,Colombo Fort - Anuradhapura,Intercity,2nd Class,225,185,270,216,68.52
2024-07-24,Colombo Fort - Anuradhapura,Intercity,3rd Class,487,401,435,487,92.18
2024-07-24,Colombo Fort - Batticaloa,Express,1st Class,45,33,54,43,61.11
2024-07-24,Colombo Fort - Batticaloa,Express,2nd Class,270,210,324,238,64.81
2024-07-24,Colombo Fort - Batticaloa,Express,3rd Class,585,474,522,564,90.8
2024-07-24,Colombo Fort - Galle,Intercity,1st Class,37,30,44,27,68.18
2024-07-24,Colombo Fort - Galle,Intercity,2nd Class,225,182,270,166,67.41
2024-07-24,Colombo Fort - Galle,Intercity,3rd Class,487,390,435,364,89.66
2024-07-24,Colombo Fort - Kurunegala,Express,1st Class,45,35,54,45,64.81
2024-07-24,Colombo Fort - Kurunegala,Express,2nd Class,270,213,324,270,65.74
2024-07-24,Colombo Fort - Kurunegala,Express,3rd Class,585,456,522,572,87.36
2024-07-24,Colombo Fort - Kurunegala,Intercity,1st Class,37,29,44,34,65.91
2024-07-24,Colombo Fort - Kurunegala,Intercity,2nd Class,225,178,270,221,65.93
2024-07-24,Colombo Fort - Kurunegala,Intercity,3rd Class,487,394,435,487,90.57
2024-07-24,Colombo Fort - Kurunegala,Slow/Local,1st Class,25,20,30,25,66.67
2024-07-24,Colombo Fort - Kurunegala,Slow/Local,2nd Class,150,116,180,146,64.44
2024-07-24,Colombo Fort - Kurunegala,Slow/Local,3rd Class,325,254,290,325,87.59
2024-07-24,Colombo Fort - Puttalam,Express,1st Class,45,35,54,45,64.81
2024-07-24,Colombo Fort - Puttalam,Express,2nd Class,270,214,324,266,66.05
2024-07-24,Colombo Fort - Puttalam,Express,3rd Class,585,463,522,578,88.7
2024-07-24,Colombo Fort - Ratnapura,Intercity,1st Class,37,30,44,31,68.18
2024-07-24,Colombo Fort - Ratnapura,Intercity,2nd Class,225,184,270,225,68.15
2024-07-24,Colombo Fort - Ratnapura,Intercity,3rd Class,487,383,435,387,88.05
2024-07-24,Colombo Fort - Trincomalee,Intercity,1st Class,37,30,44,16,68.18
2024-07-24,Colombo Fort - Trincomalee,Intercity,2nd Class,225,164,270,118,60.74
2024-07-24,Colombo Fort - Trincomalee,Intercity,3rd Class,487,375,435,237,86.21
2024-07-24,Colombo Fort - Vavuniya,Slow/Local,1st Class,25,20,30,21,66.67
2024-07-24,Colombo Fort - Vavuniya,Slow/Local,2nd Class,150,121,180,131,67.22
2024-07-24,Colombo Fort - Vavuniya,Slow/Local,3rd Class,325,260,290,273,89.66
2024-07-24,Maradana - Avissawella,Intercity,1st Class,37,26,26,29,100.0
2024-07-24,Maradana - Avissawella,Intercity,2nd Class,225,183,270,172,67.78
2024-07-24,Maradana - Avissawella,Intercity,3rd Class,487,368,453,404,81.24
2024-07-25,Colombo Fort - Batticaloa,Express,1st Class,45,36,54,37,66.67
2024-07-25,Colombo Fort - Batticaloa,Express,2nd Class,270,213,324,227,65.74
2024-07-25,Colombo Fort - Batticaloa,Express,3rd Class,585,475,522,475,91.0
2024-07-25,Colombo Fort - Batticaloa,Intercity,1st Class,37,30,44,33,68.18
2024-07-25,Colombo Fort - Batticaloa,Intercity,2nd Class,225,185,270,184,68.52
2024-07-25,Colombo Fort - Batticaloa,Intercity,3rd Class,487,384,435,398,88.28
2024-07-25,Colombo Fort - Galle,Intercity,1st Class,37,30,44,31,68.18
2024-07-25,Colombo Fort - Galle,Intercity,2nd Class,225,182,270,186,67.41
2024-07-25,Colombo Fort - Galle,Intercity,3rd Class,487,397,435,395,91.26
2024-07-25,Colombo Fort - Kandy,Express,1st Class,45,36,54,36,66.67
2024-07-25,Colombo Fort - Kandy,Express,2nd Class,270,221,324,246,68.21
2024-07-25,Colombo Fort - Kandy,Express,3rd Class,585,467,522,479,89.46
2024-07-25,Colombo Fort - Kandy,Intercity,1st Class,37,31,44,31,70.45
2024-07-25,Colombo Fort - Kandy,Intercity,2nd Class,225,186,270,178,68.89
2024-07-25,Colombo Fort - Kandy,Intercity,3rd Class,487,398,435,414,91.49
2024-07-25,Colombo Fort - Kurunegala,Express,1st Class,45,37,54,37,68.52
2024-07-25,Colombo Fort - Kurunegala,Express,2nd Class,270,219,324,224,67.59
2024-07-25,Colombo Fort - Kurunegala,Express,3rd Class,585,489,522,502,93.68
2024-07-25,Colombo Fort - Kurunegala,Slow/Local,1st Class,25,20,30,14,66.67
2024-07-25,Colombo Fort - Kurunegala,Slow/Local,2nd Class,150,121,180,93,67.22
2024-07-25,Colombo Fort - Kurunegala,Slow/Local,3rd Class,325,265,290,193,91.38
2024-07-25,Colombo Fort - Matara,Express,1st Class,45,35,54,40,64.81
2024-07-25,Colombo Fort - Matara,Express,2nd Class,270,211,324,236,65.12
2024-07-25,Colombo Fort - Matara,Express,3rd Class,585,445,522,559,85.25
2024-07-25,Colombo Fort - Matara,Intercity,1st Class,37,30,44,22,68.18
2024-07-25,Colombo Fort - Matara,Intercity,2nd Class,225,168,270,138,62.22
2024-07-25,Colombo Fort - Matara,Intercity,3rd Class,487,351,435,281,80.69
2024-07-25,Colombo Fort - Negombo,Express,1st Class,45,37,54,34,68.52
2024-07-25,Colombo Fort - Negombo,Express,2nd Class,270,223,324,213,68.83
2024-07-25,Colombo Fort - Negombo,Express,3rd Class,585,461,522,450,88.31
2024-07-25,Colombo Fort - Negombo,Slow/Local,1st Class,25,20,30,25,66.67
2024-07-25,Colombo Fort - Negombo,Slow/Local,2nd Class,150,120,180,137,66.67
2024-07-25,Colombo Fort - Negombo,Slow/Local,3rd Class,325,268,290,318,92.41
2024-07-25,Colombo Fort - Puttalam,Express,1st Class,45,36,54,36,66.67
2024-07-25,Colombo Fort - Puttalam,Express,2nd Class,270,218,324,205,67.28
2024-07-25,Colombo Fort - Puttalam,Express,3rd Class,585,474,522,480,90.8
2024-07-25,Colombo Fort - Puttalam,Slow/Local,1st Class,25,19,30,23,63.33
2024-07-25,Colombo Fort - Puttalam,Slow/Local,2nd Class,150,116,180,140,64.44
2024-07-25,Colombo Fort - Puttalam,Slow/Local,3rd Class,325,254,290,282,87.59
2024-07-25,Colombo Fort - Trincomalee,Express,1st Class,45,36,54,39,66.67
2024-07-25,Colombo Fort - Trincomalee,Express,2nd Class,270,217,324,232,66.98
2024-07-25,Colombo Fort - Trincomalee,Express,3rd Class,585,457,522,495,87.55
2024-07-25,Colombo Fort - Vavuniya,Slow/Local,1st Class,25,20,30,19,66.67
2024-07-25,Colombo Fort - Vavuniya,Slow/Local,2nd Class,150,122,180,99,67.78
2024-07-25,Colombo Fort - Vavuniya,Slow/Local,3rd Class,325,260,290,210,89.66
2024-07-25,Kandy - Badulla,Intercity,1st Class,37,29,44,33,65.91
2024-07-25,Kandy - Badulla,Intercity,2nd Class,225,180,270,201,66.67
2024-07-25,Kandy - Badulla,Intercity,3rd Class,487,376,435,469,86.44
2024-07-25,Kandy - Badulla,Slow/Local,1st Class,25,20,30,20,66.67
2024-07-25,Kandy - Badulla,Slow/Local,2nd Class,150,119,180,131,66.11
2024-07-25,Kandy - Badulla,Slow/Local,3rd Class,325,259,290,285,89.31
2024-07-26,Colombo Fort - Anuradhapura,Express,1st Class,45,40,54,30,74.07
2024-07-26,Colombo Fort - Anuradhapura,Express,2nd Class,270,242,324,210,74.69
2024-07-26,Colombo Fort - Anuradhapura,Express,3rd Class,585,510,522,459,97.7
2024-07-26,Colombo Fort - Badulla,Express,1st Class,45,40,40,28,100.0
2024-07-26,Colombo Fort - Badulla,Express,2nd Class,270,234,234,179,100.0
2024-07-26,Colombo Fort - Badulla,Express,3rd Class,585,532,626,378,84.98
2024-07-26,Colombo Fort - Batticaloa,Intercity,1st Class,37,33,44,33,75.0
2024-07-26,Colombo Fort - Batticaloa,Intercity,2nd Class,225,195,270,196,72.22
2024-07-26,Colombo Fort - Batticaloa,Intercity,3rd Class,487,427,435,421,98.16
2024-07-26,Colombo Fort - Galle,Express,1st Class,45,40,40,45,100.0
2024-07-26,Colombo Fort - Galle,Express,2nd Class,270,246,246,270,100.0
2024-07-26,Colombo Fort - Galle,Express,3rd Class,585,527,614,575,85.83
2024-07-26,Colombo Fort - Kurunegala,Express,1st Class,45,38,54,39,70.37
2024-07-26,Colombo Fort - Kurunegala,Express,2nd Class,270,242,324,238,74.69
2024-07-26,Colombo Fort - Kurunegala,Express,3rd Class,585,515,522,478,98.66
2024-07-26,Colombo Fort - Kurunegala,Slow/Local,1st Class,25,22,30,15,73.33
2024-07-26,Colombo Fort - Kurunegala,Slow/Local,2nd Class,150,133,180,89,73.89
2024-07-26,Colombo Fort - Kurunegala,Slow/Local,3rd Class,325,275,290,186,94.83
2024-07-26,Colombo Fort - Matara,Express,1st Class,45,41,41,45,100.0
2024-07-26,Colombo Fort - Matara,Express,2nd Class,270,243,243,266,100.0
2024-07-26,Colombo Fort - Matara,Express,3rd Class,585,533,616,585,86.53
2024-07-26,Colombo Fort - Matara,Intercity,1st Class,37,33,33,24,100.0
2024-07-26,Colombo Fort - Matara,Intercity,2nd Class,225,196,196,151,100.0
2024-07-26,Colombo Fort - Matara,Intercity,3rd Class,487,447,520,305,85.96
2024-07-26,Colombo Fort - Negombo,Intercity,1st Class,37,33,44,29,75.0
2024-07-26,Colombo Fort - Negombo,Intercity,2nd Class,225,193,270,148,71.48
2024-07-26,Colombo Fort - Negombo,Intercity,3rd Class,487,423,435,350,97.24
2024-07-26,Colombo Fort - Puttalam,Express,1st Class,45,39,54,23,72.22
2024-07-26,Colombo Fort - Puttalam,Express,2nd Class,270,235,324,144,72.53
2024-07-26,Colombo Fort - Puttalam,Express,3rd Class,585,519,522,248,99.43
2024-07-26,Colombo Fort - Ratnapura,Intercity,1st Class,37,33,44,29,75.0
2024-07-26,Colombo Fort - Ratnapura,Intercity,2nd Class,225,195,270,190,72.22
2024-07-26,Colombo Fort - Ratnapura,Intercity,3rd Class,487,424,435,355,97.47
2024-07-26,Colombo Fort - Vavuniya,Night Mail,1st Class,32,29,29,30,100.0
2024-07-26,Colombo Fort - Vavuniya,Night Mail,2nd Class,195,181,181,195,100.0
2024-07-26,Colombo Fort - Vavuniya,Night Mail,3rd Class,422,390,439,422,88.84
2024-07-26,Kandy - Badulla,Express,1st Class,45,39,54,45,72.22
2024-07-26,Kandy - Badulla,Express,2nd Class,270,230,324,258,70.99
2024-07-26,Kandy - Badulla,Express,3rd Class,585,517,522,558,99.04
2024-07-26,Kandy - Badulla,Intercity,1st Class,37,33,44,37,75.0
2024-07-26,Kandy - Badulla,Intercity,2nd Class,225,198,270,219,73.33
2024-07-26,Kandy - Badulla,Intercity,3rd Class,487,417,435,471,95.86
2024-07-27,Colombo Fort - Badulla,Intercity,1st Class,37,33,44,34,75.0
2024-07-27,Colombo Fort - Badulla,Intercity,2nd Class,225,196,270,198,72.59
2024-07-27,Colombo Fort - Badulla,Intercity,3rd Class,487,429,435,460,98.62
2024-07-27,Colombo Fort - Jaffna,Intercity,1st Class,37,33,44,31,75.0
2024-07-27,Colombo Fort - Jaffna,Intercity,2nd Class,225,197,270,177,72.96
2024-07-27,Colombo Fort - Jaffna,Intercity,3rd Class,487,423,435,420,97.24
2024-07-27,Colombo Fort - Kurunegala,Express,1st Class,45,39,54,45,72.22
2024-07-27,Colombo Fort - Kurunegala,Express,2nd Class,270,250,324,259,77.16
2024-07-27,Colombo Fort - Kurunegala,Express,3rd Class,585,516,522,559,98.85
2024-07-27,Colombo Fort - Matara,Intercity,1st Class,37,33,44,37,75.0
2024-07-27,Colombo Fort - Matara,Intercity,2nd Class,225,196,270,225,72.59
2024-07-27,Colombo Fort - Matara,Intercity,3rd Class,487,430,435,487,98.85
2024-07-27,Colombo Fort - Negombo,Intercity,1st Class,37,33,44,37,75.0
2024-07-27,Colombo Fort - Negombo,Intercity,2nd Class,225,195,270,213,72.22
2024-07-27,Colombo Fort - Negombo,Intercity,3rd Class,487,427,435,467,98.16
2024-07-27,Colombo Fort - Negombo,Slow/Local,1st Class,25,21,30,17,70.0
2024-07-27,Colombo Fort - Negombo,Slow/Local,2nd Class,150,136,180,102,75.56
2024-07-27,Colombo Fort - Negombo,Slow/Local,3rd Class,325,288,290,254,99.31
2024-07-27,Colombo Fort - Ratnapura,Express,1st Class,45,38,54,37,70.37
2024-07-27,Colombo Fort - Ratnapura,Express,2nd Class,270,244,324,224,75.31
2024-07-27,Colombo Fort - Ratnapura,Express,3rd Class,585,507,522,480,97.13
2024-07-27,Colombo Fort - Trincomalee,Intercity,1st Class,37,32,44,33,72.73
2024-07-27,Colombo Fort - Trincomalee,Intercity,2nd Class,225,194,270,202,71.85
2024-07-27,Colombo Fort - Trincomalee,Intercity,3rd Class,487,418,435,457,96.09
2024-07-27,Colombo Fort - Vavuniya,Night Mail,1st Class,32,30,38,28,78.95
2024-07-27,Colombo Fort - Vavuniya,Night Mail,2nd Class,195,181,234,169,77.35
2024-07-27,Colombo Fort - Vavuniya,Night Mail,3rd Class,422,374,377,365,99.2
2024-07-27,Kandy - Badulla,Intercity,1st Class,37,34,44,37,77.27
2024-07-27,Kandy - Badulla,Intercity,2nd Class,225,201,270,225,74.44
2024-07-27,Kandy - Badulla,Intercity,3rd Class,487,419,435,484,96.32
2024-07-27,Maradana - Avissawella,Night Mail,1st Class,32,29,29,32,100.0
2024-07-27,Maradana - Avissawella,Night Mail,2nd Class,195,172,172,195,100.0
2024-07-27,Maradana - Avissawella,Night Mail,3rd Class,422,385,448,422,85.94
2024-07-28,Colombo Fort - Anuradhapura,Intercity,1st Class,37,34,44,24,77.27
2024-07-28,Colombo Fort - Anuradhapura,Intercity,2nd Class,225,198,270,140,73.33
2024-07-28,Colombo Fort - Anuradhapura,Intercity,3rd Class,487,419,435,278,96.32
2024-07-28,Colombo Fort - Badulla,Slow/Local,1st Class,25,23,23,22,100.0
2024-07-28,Colombo Fort - Badulla,Slow/Local,2nd Class,150,137,137,128,100.0
2024-07-28,Colombo Fort - Badulla,Slow/Local,3rd Class,325,297,340,280,87.35
2024-07-28,Colombo Fort - Batticaloa,Express,1st Class,45,40,54,39,74.07
2024-07-28,Colombo Fort - Batticaloa,Express,2nd Class,270,241,324,233,74.38
2024-07-28,Colombo Fort - Batticaloa,Express,3rd Class,585,515,522,537,98.66
2024-07-28,Colombo Fort - Batticaloa,Night Mail,1st Class,32,29,29,25,100.0
2024-07-28,Colombo Fort - Batticaloa,Night Mail,2nd Class,195,178,178,136,100.0
2024-07-28,Colombo Fort - Batticaloa,Night Mail,3rd Class,422,397,442,253,89.82
2024-07-28,Colombo Fort - Galle,Express,1st Class,45,40,40,45,100.0
2024-07-28,Colombo Fort - Galle,Express,2nd Class,270,235,235,268,100.0
2024-07-28,Colombo Fort - Galle,Express,3rd Class,585,526,625,560,84.16
2024-07-28,Colombo Fort - Kandy,Intercity,1st Class,37,33,44,37,75.0
2024-07-28,Colombo Fort - Kandy,Intercity,2nd Class,225,200,270,215,74.07
2024-07-28,Colombo Fort - Kandy,Intercity,3rd Class,487,429,435,470,98.62
2024-07-28,Colombo Fort - Kandy,Night Mail,1st Class,32,29,29,30,100.0
2024-07-28,Colombo Fort - Kandy,Night Mail,2nd Class,195,180,180,174,100.0
2024-07-28,Colombo Fort - Kandy,Night Mail,3rd Class,422,381,440,387,86.59
2024-07-28,Colombo Fort - Kurunegala,Intercity,1st Class,37,32,44,26,72.73
2024-07-28,Colombo Fort - Kurunegala,Intercity,2nd Class,225,195,270,164,72.22
2024-07-28,Colombo Fort - Kurunegala,Intercity,3rd Class,487,411,435,362,94.48
2024-07-28,Colombo Fort - Matara,Intercity,1st Class,37,34,44,17,77.27
2024-07-28,Colombo Fort - Matara,Intercity,2nd Class,225,197,270,112,72.96
2024-07-28,Colombo Fort - Matara,Intercity,3rd Class,487,429,435,239,98.62
2024-07-28,Colombo Fort - Matara,Night Mail,1st Class,32,29,29,32,100.0
2024-07-28,Colombo Fort - Matara,Night Mail,2nd Class,195,178,178,195,100.0
2024-07-28,Colombo Fort - Matara,Night Mail,3rd Class,422,397,442,422,89.82
2024-07-28,Colombo Fort - Matara,Slow/Local,1st Class,25,23,30,23,76.67
2024-07-28,Colombo Fort - Matara,Slow/Local,2nd Class,150,136,180,131,75.56
2024-07-28,Colombo Fort - Matara,Slow/Local,3rd Class,325,290,290,307,100.0
2024-07-28,Colombo Fort - Negombo,Intercity,1st Class,37,33,44,32,75.0
2024-07-28,Colombo Fort - Negombo,Intercity,2nd Class,225,197,270,198,72.96
2024-07-28,Colombo Fort - Negombo,Intercity,3rd Class,487,421,435,431,96.78
2024-07-28,Colombo Fort - Puttalam,Intercity,1st Class,37,36,36,31,100.0
2024-07-28,Colombo Fort - Puttalam,Intercity,2nd Class,225,203,203,193,100.0
2024-07-28,Colombo Fort - Puttalam,Intercity,3rd Class,487,472,510,423,92.55
2024-07-28,Colombo Fort - Puttalam,Slow/Local,1st Class,25,22,30,19,73.33
2024-07-28,Colombo Fort - Puttalam,Slow/Local,2nd Class,150,135,180,109,75.0
2024-07-28,Colombo Fort - Puttalam,Slow/Local,3rd Class,325,284,290,255,97.93
2024-07-28,Colombo Fort - Trincomalee,Express,1st Class,45,39,54,45,72.22
2024-07-28,Colombo Fort - Trincomalee,Express,2nd Class,270,238,324,270,73.46
2024-07-28,Colombo Fort - Trincomalee,Express,3rd Class,585,519,522,585,99.43
2024-07-29,Colombo Fort - Anuradhapura,Express,1st Class,45,36,54,40,66.67
2024-07-29,Colombo Fort - Anuradhapura,Express,2nd Class,270,213,324,233,65.74
2024-07-29,Colombo Fort - Anuradhapura,Express,3rd Class,585,480,522,530,91.95
2024-07-29,Colombo Fort - Badulla,Intercity,1st Class,37,31,44,37,70.45
2024-07-29,Colombo Fort - Badulla,Intercity,2nd Class,225,186,270,211,68.89
2024-07-29,Colombo Fort - Badulla,Intercity,3rd Class,487,396,435,470,91.03
2024-07-29,Colombo Fort - Galle,Express,1st Class,45,36,54,45,66.67
2024-07-29,Colombo Fort - Galle,Express,2nd Class,270,218,324,270,67.28
2024-07-29,Colombo Fort - Galle,Express,3rd Class,585,482,522,553,92.34
2024-07-29,Colombo Fort - Kandy,Slow/Local,1st Class,25,20,30,20,66.67
2024-07-29,Colombo Fort - Kandy,Slow/Local,2nd Class,150,122,180,117,67.78
2024-07-29,Colombo Fort - Kandy,Slow/Local,3rd Class,325,254,290,241,87.59
2024-07-29,Colombo Fort - Kurunegala,Intercity,1st Class,37,30,44,31,68.18
2024-07-29,Colombo Fort - Kurunegala,Intercity,2nd Class,225,185,270,191,68.52
2024-07-29,Colombo Fort - Kurunegala,Intercity,3rd Class,487,386,435,405,88.74
2024-07-29,Colombo Fort - Kurunegala,Slow/Local,1st Class,25,20,30,20,66.67
2024-07-29,Colombo Fort - Kurunegala,Slow/Local,2nd Class,150,115,180,115,63.89
2024-07-29,Colombo Fort - Kurunegala,Slow/Local,3rd Class,325,256,290,252,88.28
2024-07-29,Colombo Fort - Negombo,Express,1st Class,45,37,54,42,68.52
2024-07-29,Colombo Fort - Negombo,Express,2nd Class,270,211,324,263,65.12
2024-07-29,Colombo Fort - Negombo,Express,3rd Class,585,479,522,580,91.76
2024-07-29,Colombo Fort - Puttalam,Intercity,1st Class,37,29,44,37,65.91
2024-07-29,Colombo Fort - Puttalam,Intercity,2nd Class,225,188,270,225,69.63
2024-07-29,Colombo Fort - Puttalam,Intercity,3rd Class,487,376,435,480,86.44
2024-07-29,Colombo Fort - Ratnapura,Intercity,1st Class,37,28,44,34,63.64
2024-07-29,Colombo Fort - Ratnapura,Intercity,2nd Class,225,184,270,225,68.15
2024-07-29,Colombo Fort - Ratnapura,Intercity,3rd Class,487,379,435,462,87.13
2024-07-29,Kandy - Badulla,Intercity,1st Class,37,26,26,30,100.0
2024-07-29,Kandy - Badulla,Intercity,2nd Class,225,180,270,207,66.67
2024-07-29,Kandy - Badulla,Intercity,3rd Class,487,368,453,395,81.24
2024-07-29,Maradana - Avissawella,Slow/Local,1st Class,25,20,30,21,66.67
2024-07-29,Maradana - Avissawella,Slow/Local,2nd Class,150,126,180,133,70.0
2024-07-29,Maradana - Avissawella,Slow/Local,3rd Class,325,271,290,260,93.45
2024-07-30,Colombo Fort - Batticaloa,Slow/Local,1st Class,25,19,30,18,63.33
2024-07-30,Colombo Fort - Batticaloa,Slow/Local,2nd Class,150,116,180,96,64.44
2024-07-30,Colombo Fort - Batticaloa,Slow/Local,3rd Class,325,259,290,201,89.31
2024-07-30,Colombo Fort - Galle,Express,1st Class,45,36,54,41,66.67
2024-07-30,Colombo Fort - Galle,Express,2nd Class,270,216,324,256,66.67
2024-07-30,Colombo Fort - Galle,Express,3rd Class,585,468,522,513,89.66
2024-07-30,Colombo Fort - Jaffna,Intercity,1st Class,37,30,44,28,68.18
2024-07-30,Colombo Fort - Jaffna,Intercity,2nd Class,225,185,270,174,68.52
2024-07-30,Colombo Fort - Jaffna,Intercity,3rd Class,487,377,435,374,86.67
2024-07-30,Colombo Fort - Kandy,Express,1st Class,45,35,54,44,64.81
2024-07-30,Colombo Fort - Kandy,Express,2nd Class,270,219,324,265,67.59
2024-07-30,Colombo Fort - Kandy,Express,3rd Class,585,475,522,585,91.0
2024-07-30,Colombo Fort - Puttalam,Express,1st Class,45,35,54,43,64.81
2024-07-30,Colombo Fort - Puttalam,Express,2nd Class,270,220,324,248,67.9
2024-07-30,Colombo Fort - Puttalam,Express,3rd Class,585,449,522,553,86.02
2024-07-30,Colombo Fort - Puttalam,Slow/Local,1st Class,25,19,30,23,63.33
2024-07-30,Colombo Fort - Puttalam,Slow/Local,2nd Class,150,118,180,150,65.56
2024-07-30,Colombo Fort - Puttalam,Slow/Local,3rd Class,325,255,290,318,87.93
2024-07-30,Colombo Fort - Trincomalee,Slow/Local,1st Class,25,20,30,25,66.67
2024-07-30,Colombo Fort - Trincomalee,Slow/Local,2nd Class,150,120,180,138,66.67
2024-07-30,Colombo Fort - Trincomalee,Slow/Local,3rd Class,325,250,290,314,86.21
2024-07-30,Maradana - Avissawella,Slow/Local,1st Class,25,20,30,25,66.67
2024-07-30,Maradana - Avissawella,Slow/Local,2nd Class,150,125,180,150,69.44
2024-07-30,Maradana - Avissawella,Slow/Local,3rd Class,325,268,290,317,92.41
2024-07-31,Colombo Fort - Badulla,Express,1st Class,45,36,54,22,66.67
2024-07-31,Colombo Fort - Badulla,Express,2nd Class,270,219,324,135,67.59
2024-07-31,Colombo Fort - Badulla,Express,3rd Class,585,467,522,341,89.46
2024-07-31,Colombo Fort - Batticaloa,Slow/Local,1st Class,25,18,18,22,100.0
2024-07-31,Colombo Fort - Batticaloa,Slow/Local,2nd Class,150,116,180,122,64.44
2024-07-31,Colombo Fort - Batticaloa,Slow/Local,3rd Class,325,262,302,232,86.75
2024-07-31,Colombo Fort - Jaffna,Intercity,1st Class,37,30,44,31,68.18
2024-07-31,Colombo Fort - Jaffna,Intercity,2nd Class,225,184,270,171,68.15
2024-07-31,Colombo Fort - Jaffna,Intercity,3rd Class,487,393,435,357,90.34
2024-07-31,Colombo Fort - Matara,Express,1st Class,45,35,54,33,64.81
2024-07-31,Colombo Fort - Matara,Express,2nd Class,270,213,324,194,65.74
2024-07-31,Colombo Fort - Matara,Express,3rd Class,585,473,522,453,90.61
2024-07-31,Colombo Fort - Puttalam,Slow/Local,1st Class,25,20,30,24,66.67
2024-07-31,Colombo Fort - Puttalam,Slow/Local,2nd Class,150,120,180,150,66.67
2024-07-31,Colombo Fort - Puttalam,Slow/Local,3rd Class,325,256,290,325,88.28
2024-07-31,Colombo Fort - Vavuniya,Night Mail,1st Class,32,27,38,25,71.05
2024-07-31,Colombo Fort - Vavuniya,Night Mail,2nd Class,195,164,234,158,70.09
2024-07-31,Colombo Fort - Vavuniya,Night Mail,3rd Class,422,362,377,338,96.02
2024-08-01,Colombo Fort - Anuradhapura,Slow/Local,1st Class,25,22,30,23,73.33
2024-08-01,Colombo Fort - Anuradhapura,Slow/Local,2nd Class,150,129,180,124,71.67
2024-08-01,Colombo Fort - Anuradhapura,Slow/Local,3rd Class,325,280,290,257,96.55
2024-08-01,Colombo Fort - Batticaloa,Night Mail,1st Class,32,26,38,32,68.42
2024-08-01,Colombo Fort - Batticaloa,Night Mail,2nd Class,195,160,234,191,68.38
2024-08-01,Colombo Fort - Batticaloa,Night Mail,3rd Class,422,343,377,422,90.98
2024-08-01,Colombo Fort - Jaffna,Intercity,1st Class,37,31,44,35,70.45
2024-08-01,Colombo Fort - Jaffna,Intercity,2nd Class,225,190,270,205,70.37
2024-08-01,Colombo Fort - Jaffna,Intercity,3rd Class,487,405,435,487,93.1
2024-08-01,Colombo Fort - Jaffna,Slow/Local,1st Class,25,20,30,23,66.67
2024-08-01,Colombo Fort - Jaffna,Slow/Local,2nd Class,150,121,180,136,67.22
2024-08-01,Colombo Fort - Jaffna,Slow/Local,3rd Class,325,256,290,299,88.28
2024-08-01,Colombo Fort - Kurunegala,Night Mail,1st Class,32,26,38,26,68.42
2024-08-01,Colombo Fort - Kurunegala,Night Mail,2nd Class,195,167,234,160,71.37
2024-08-01,Colombo Fort - Kurunegala,Night Mail,3rd Class,422,352,377,350,93.37
2024-08-01,Colombo Fort - Matara,Intercity,1st Class,37,30,44,34,68.18
2024-08-01,Colombo Fort - Matara,Intercity,2nd Class,225,172,270,216,63.7
2024-08-01,Colombo Fort - Matara,Intercity,3rd Class,487,356,435,430,81.84
2024-08-01,Colombo Fort - Puttalam,Express,1st Class,45,37,54,32,68.52
2024-08-01,Colombo Fort - Puttalam,Express,2nd Class,270,220,324,184,67.9
2024-08-01,Colombo Fort - Puttalam,Express,3rd Class,585,489,522,359,93.68
2024-08-01,Colombo Fort - Vavuniya,Express,1st Class,45,36,54,36,66.67
2024-08-01,Colombo Fort - Vavuniya,Express,2nd Class,270,217,324,204,66.98
2024-08-01,Colombo Fort - Vavuniya,Express,3rd Class,585,497,522,453,95.21
2024-08-01,Maradana - Avissawella,Intercity,1st Class,37,29,44,37,65.91
2024-08-01,Maradana - Avissawella,Intercity,2nd Class,225,186,270,214,68.89
2024-08-01,Maradana - Avissawella,Intercity,3rd Class,487,380,435,451,87.36
2024-08-02,Colombo Fort - Batticaloa,Slow/Local,1st Class,25,22,30,25,73.33
2024-08-02,Colombo Fort - Batticaloa,Slow/Local,2nd Class,150,130,180,150,72.22
2024-08-02,Colombo Fort - Batticaloa,Slow/Local,3rd Class,325,255,290,325,87.93
2024-08-02,Colombo Fort - Galle,Slow/Local,1st Class,25,22,22,22,100.0
2024-08-02,Colombo Fort - Galle,Slow/Local,2nd Class,150,137,137,133,100.0
2024-08-02,Colombo Fort - Galle,Slow/Local,3rd Class,325,295,341,292,86.51
2024-08-02,Colombo Fort - Jaffna,Intercity,1st Class,37,33,44,35,75.0
2024-08-02,Colombo Fort - Jaffna,Intercity,2nd Class,225,197,270,221,72.96
2024-08-02,Colombo Fort - Jaffna,Intercity,3rd Class,487,431,435,479,99.08
2024-08-02,Colombo Fort - Jaffna,Slow/Local,1st Class,25,22,22,24,100.0
2024-08-02,Colombo Fort - Jaffna,Slow/Local,2nd Class,150,133,133,149,100.0
2024-08-02,Colombo Fort - Jaffna,Slow/Local,3rd Class,325,291,345,325,84.35
2024-08-02,Colombo Fort - Puttalam,Express,1st Class,45,41,54,41,75.93
2024-08-02,Colombo Fort - Puttalam,Express,2nd Class,270,243,324,260,75.0
2024-08-02,Colombo Fort - Puttalam,Express,3rd Class,585,512,522,537,98.08
2024-08-02,Colombo Fort - Ratnapura,Slow/Local,1st Class,25,22,22,25,100.0
2024-08-02,Colombo Fort - Ratnapura,Slow/Local,2nd Class,150,136,136,150,100.0
2024-08-02,Colombo Fort - Ratnapura,Slow/Local,3rd Class,325,297,342,325,86.84
2024-08-02,Maradana - Avissawella,Express,1st Class,45,39,39,27,100.0
2024-08-02,Maradana - Avissawella,Express,2nd Class,270,234,234,161,100.0
2024-08-02,Maradana - Avissawella,Express,3rd Class,585,533,627,303,85.01
2024-08-03,Colombo Fort - Anuradhapura,Intercity,1st Class,37,33,33,34,100.0
2024-08-03,Colombo Fort - Anuradhapura,Intercity,2nd Class,225,200,200,225,100.0
2024-08-03,Colombo Fort - Anuradhapura,Intercity,3rd Class,487,439,516,483,85.08
2024-08-03,Colombo Fort - Badulla,Night Mail,1st Class,32,26,38,25,68.42
2024-08-03,Colombo Fort - Badulla,Night Mail,2nd Class,195,162,234,158,69.23
2024-08-03,Colombo Fort - Badulla,Night Mail,3rd Class,422,365,377,337,96.82
2024-08-03,Colombo Fort - Batticaloa,Intercity,1st Class,37,34,44,37,77.27
2024-08-03,Colombo Fort - Batticaloa,Intercity,2nd Class,225,203,270,225,75.19
2024-08-03,Colombo Fort - Batticaloa,Intercity,3rd Class,487,433,435,459,99.54
2024-08-03,Colombo Fort - Galle,Intercity,1st Class,37,33,33,37,100.0
2024-08-03,Colombo Fort - Galle,Intercity,2nd Class,225,206,206,225,100.0
2024-08-03,Colombo Fort - Galle,Intercity,3rd Class,487,438,510,481,85.88
2024-08-03,Colombo Fort - Galle,Night Mail,1st Class,32,28,28,29,100.0
2024-08-03,Colombo Fort - Galle,Night Mail,2nd Class,195,180,180,184,100.0
2024-08-03,Colombo Fort - Galle,Night Mail,3rd Class,422,378,441,391,85.71
2024-08-03,Colombo Fort - Jaffna,Intercity,1st Class,37,33,44,31,75.0
2024-08-03,Colombo Fort - Jaffna,Intercity,2nd Class,225,201,270,190,74.44
2024-08-03,Colombo Fort - Jaffna,Intercity,3rd Class,487,435,435,413,100.0
2024-08-03,Colombo Fort - Matara,Intercity,1st Class,37,34,44,37,77.27
2024-08-03,Colombo Fort - Matara,Intercity,2nd Class,225,201,270,214,74.44
2024-08-03,Colombo Fort - Matara,Intercity,3rd Class,487,432,435,482,99.31
2024-08-03,Colombo Fort - Trincomalee,Express,1st Class,45,39,54,45,72.22
2024-08-03,Colombo Fort - Trincomalee,Express,2nd Class,270,233,324,270,71.91
2024-08-03,Colombo Fort - Trincomalee,Express,3rd Class,585,497,522,583,95.21
2024-08-03,Colombo Fort - Vavuniya,Intercity,1st Class,37,33,33,35,100.0
2024-08-03,Colombo Fort - Vavuniya,Intercity,2nd Class,225,201,201,225,100.0
2024-08-03,Colombo Fort - Vavuniya,Intercity,3rd Class,487,436,515,472,84.66
2024-08-03,Kandy - Badulla,Slow/Local,1st Class,25,23,23,20,100.0
2024-08-03,Kandy - Badulla,Slow/Local,2nd Class,150,136,136,134,100.0
2024-08-03,Kandy - Badulla,Slow/Local,3rd Class,325,304,341,245,89.15
2024-08-04,Colombo Fort - Anuradhapura,Slow/Local,1st Class,25,23,23,22,100.0
2024-08-04,Colombo Fort - Anuradhapura,Slow/Local,2nd Class,150,138,138,142,100.0
2024-08-04,Colombo Fort - Anuradhapura,Slow/Local,3rd Class,325,299,339,282,88.2
2024-08-04,Colombo Fort - Badulla,Express,1st Class,45,40,40,45,100.0
2024-08-04,Colombo Fort - Badulla,Express,2nd Class,270,232,232,270,100.0
2024-08-04,Colombo Fort - Badulla,Express,3rd Class,585,526,628,585,83.76
2024-08-04,Colombo Fort - Jaffna,Intercity,1st Class,37,33,44,33,75.0
2024-08-04,Colombo Fort - Jaffna,Intercity,2nd Class,225,199,270,202,73.7
2024-08-04,Colombo Fort - Jaffna,Intercity,3rd Class,487,434,435,431,99.77
2024-08-04,Colombo Fort - Kandy,Express,1st Class,45,41,41,40,100.0
2024-08-04,Colombo Fort - Kandy,Express,2nd Class,270,246,246,216,100.0
2024-08-04,Colombo Fort - Kandy,Express,3rd Class,585,533,613,516,86.95
2024-08-04,Colombo Fort - Kandy,Intercity,1st Class,37,33,44,30,75.0
2024-08-04,Colombo Fort - Kandy,Intercity,2nd Class,225,202,270,200,74.81
2024-08-04,Colombo Fort - Kandy,Intercity,3rd Class,487,431,435,422,99.08
2024-08-04,Colombo Fort - Kandy,Night Mail,1st Class,32,29,29,32,100.0
2024-08-04,Colombo Fort - Kandy,Night Mail,2nd Class,195,174,174,194,100.0
2024-08-04,Colombo Fort - Kandy,Night Mail,3rd Class,422,387,446,418,86.77
2024-08-04,Colombo Fort - Kandy,Slow/Local,1st Class,25,22,22,23,100.0
2024-08-04,Colombo Fort - Kandy,Slow/Local,2nd Class,150,134,134,150,100.0
2024-08-04,Colombo Fort - Kandy,Slow/Local,3rd Class,325,292,344,319,84.88
2024-08-04,Colombo Fort - Kurunegala,Express,1st Class,45,40,54,44,74.07
2024-08-04,Colombo Fort - Kurunegala,Express,2nd Class,270,246,324,269,75.93
2024-08-04,Colombo Fort - Kurunegala,Express,3rd Class,585,516,522,579,98.85
2024-08-04,Colombo Fort - Negombo,Intercity,1st Class,37,33,44,37,75.0
2024-08-04,Colombo Fort - Negombo,Intercity,2nd Class,225,199,270,225,73.7
2024-08-04,Colombo Fort - Negombo,Intercity,3rd Class,487,430,435,487,98.85
2024-08-04,Colombo Fort - Trincomalee,Intercity,1st Class,37,33,44,37,75.0
2024-08-04,Colombo Fort - Trincomalee,Intercity,2nd Class,225,201,270,225,74.44
2024-08-04,Colombo Fort - Trincomalee,Intercity,3rd Class,487,421,435,484,96.78
2024-08-04,Colombo Fort - Vavuniya,Intercity,1st Class,37,33,33,37,100.0
2024-08-04,Colombo Fort - Vavuniya,Intercity,2nd Class,225,203,203,219,100.0
2024-08-04,Colombo Fort - Vavuniya,Intercity,3rd Class,487,444,513,487,86.55
2024-08-05,Colombo Fort - Anuradhapura,Slow/Local,1st Class,25,22,30,25,73.33
2024-08-05,Colombo Fort - Anuradhapura,Slow/Local,2nd Class,150,128,180,147,71.11
2024-08-05,Colombo Fort - Anuradhapura,Slow/Local,3rd Class,325,286,290,325,98.62
2024-08-05,Colombo Fort - Badulla,Intercity,1st Class,37,31,44,37,70.45
2024-08-05,Colombo Fort - Badulla,Intercity,2nd Class,225,189,270,224,70.0
2024-08-05,Colombo Fort - Badulla,Intercity,3rd Class,487,410,435,453,94.25
2024-08-05,Colombo Fort - Jaffna,Slow/Local,1st Class,25,21,30,18,70.0
2024-08-05,Colombo Fort - Jaffna,Slow/Local,2nd Class,150,122,180,124,67.78
2024-08-05,Colombo Fort - Jaffna,Slow/Local,3rd Class,325,260,290,271,89.66
2024-08-05,Colombo Fort - Kurunegala,Express,1st Class,45,38,54,42,70.37
2024-08-05,Colombo Fort - Kurunegala,Express,2nd Class,270,223,324,252,68.83
2024-08-05,Colombo Fort - Kurunegala,Express,3rd Class,585,498,522,557,95.4
2024-08-05,Colombo Fort - Kurunegala,Intercity,1st Class,37,31,44,36,70.45
2024-08-05,Colombo Fort - Kurunegala,Intercity,2nd Class,225,187,270,207,69.26
2024-08-05,Colombo Fort - Kurunegala,Intercity,3rd Class,487,404,435,462,92.87
2024-08-05,Colombo Fort - Kurunegala,Slow/Local,1st Class,25,20,30,25,66.67
2024-08-05,Colombo Fort - Kurunegala,Slow/Local,2nd Class,150,121,180,150,67.22
2024-08-05,Colombo Fort - Kurunegala,Slow/Local,3rd Class,325,259,290,300,89.31
2024-08-05,Colombo Fort - Matara,Intercity,1st Class,37,30,44,27,68.18
2024-08-05,Colombo Fort - Matara,Intercity,2nd Class,225,183,270,184,67.78
2024-08-05,Colombo Fort - Matara,Intercity,3rd Class,487,365,435,449,83.91
2024-08-05,Colombo Fort - Negombo,Slow/Local,1st Class,25,21,30,25,70.0
2024-08-05,Colombo Fort - Negombo,Slow/Local,2nd Class,150,121,180,135,67.22
2024-08-05,Colombo Fort - Negombo,Slow/Local,3rd Class,325,275,290,325,94.83
2024-08-05,Colombo Fort - Trincomalee,Night Mail,1st Class,32,27,38,28,71.05
2024-08-05,Colombo Fort - Trincomalee,Night Mail,2nd Class,195,161,234,154,68.8
2024-08-05,Colombo Fort - Trincomalee,Night Mail,3rd Class,422,369,377,344,97.88
2024-08-06,Colombo Fort - Badulla,Express,1st Class,45,35,54,45,64.81
2024-08-06,Colombo Fort - Badulla,Express,2nd Class,270,215,324,249,66.36
2024-08-06,Colombo Fort - Badulla,Express,3rd Class,585,496,522,533,95.02
2024-08-06,Colombo Fort - Jaffna,Express,1st Class,45,36,54,36,66.67
2024-08-06,Colombo Fort - Jaffna,Express,2nd Class,270,204,324,214,62.96
2024-08-06,Colombo Fort - Jaffna,Express,3rd Class,585,491,522,421,94.06
2024-08-06,Colombo Fort - Kurunegala,Night Mail,1st Class,32,27,38,23,71.05
2024-08-06,Colombo Fort - Kurunegala,Night Mail,2nd Class,195,164,234,135,70.09
2024-08-06,Colombo Fort - Kurunegala,Night Mail,3rd Class,422,361,377,359,95.76
2024-08-06,Colombo Fort - Matara,Express,1st Class,45,36,54,45,66.67
2024-08-06,Colombo Fort - Matara,Express,2nd Class,270,217,324,270,66.98
2024-08-06,Colombo Fort - Matara,Express,3rd Class,585,472,522,581,90.42
2024-08-06,Colombo Fort - Negombo,Night Mail,1st Class,32,28,38,32,73.68
2024-08-06,Colombo Fort - Negombo,Night Mail,2nd Class,195,165,234,188,70.51
2024-08-06,Colombo Fort - Negombo,Night Mail,3rd Class,422,363,377,378,96.29
2024-08-06,Colombo Fort - Puttalam,Express,1st Class,45,35,54,32,64.81
2024-08-06,Colombo Fort - Puttalam,Express,2nd Class,270,216,324,206,66.67
2024-08-06,Colombo Fort - Puttalam,Express,3rd Class,585,463,522,403,88.7
2024-08-06,Colombo Fort - Ratnapura,Express,1st Class,45,37,54,43,68.52
2024-08-06,Colombo Fort - Ratnapura,Express,2nd Class,270,218,324,270,67.28
2024-08-06,Colombo Fort - Ratnapura,Express,3rd Class,585,476,522,576,91.19
2024-08-06,Colombo Fort - Ratnapura,Slow/Local,1st Class,25,21,30,25,70.0
2024-08-06,Colombo Fort - Ratnapura,Slow/Local,2nd Class,150,124,180,150,68.89
2024-08-06,Colombo Fort - Ratnapura,Slow/Local,3rd Class,325,278,290,313,95.86
2024-08-06,Colombo Fort - Trincomalee,Slow/Local,1st Class,25,21,30,25,70.0
2024-08-06,Colombo Fort - Trincomalee,Slow/Local,2nd Class,150,122,180,148,67.78
2024-08-06,Colombo Fort - Trincomalee,Slow/Local,3rd Class,325,260,290,305,89.66
2024-08-06,Maradana - Avissawella,Slow/Local,1st Class,25,21,30,23,70.0
2024-08-06,Maradana - Avissawella,Slow/Local,2nd Class,150,129,180,125,71.67
2024-08-06,Maradana - Avissawella,Slow/Local,3rd Class,325,282,290,292,97.24
2024-08-07,Colombo Fort - Badulla,Intercity,1st Class,37,30,44,32,68.18
2024-08-07,Colombo Fort - Badulla,Intercity,2nd Class,225,188,270,211,69.63
2024-08-07,Colombo Fort - Badulla,Intercity,3rd Class,487,405,435,432,93.1
2024-08-07,Colombo Fort - Badulla,Slow/Local,1st Class,25,21,30,25,70.0
2024-08-07,Colombo Fort - Badulla,Slow/Local,2nd Class,150,123,180,150,68.33
2024-08-07,Colombo Fort - Badulla,Slow/Local,3rd Class,325,279,290,307,96.21
2024-08-07,Colombo Fort - Kurunegala,Night Mail,1st Class,32,26,38,32,68.42
2024-08-07,Colombo Fort - Kurunegala,Night Mail,2nd Class,195,155,234,195,66.24
2024-08-07,Colombo Fort - Kurunegala,Night Mail,3rd Class,422,364,377,422,96.55
2024-08-07,Colombo Fort - Matara,Night Mail,1st Class,32,28,38,31,73.68
2024-08-07,Colombo Fort - Matara,Night Mail,2nd Class,195,176,234,195,75.21
2024-08-07,Colombo Fort - Matara,Night Mail,3rd Class,422,353,377,408,93.63
2024-08-07,Colombo Fort - Negombo,Intercity,1st Class,37,31,44,30,70.45
2024-08-07,Colombo Fort - Negombo,Intercity,2nd Class,225,189,270,181,70.0
2024-08-07,Colombo Fort - Negombo,Intercity,3rd Class,487,377,435,401,86.67
2024-08-07,Colombo Fort - Puttalam,Intercity,1st Class,37,30,44,37,68.18
2024-08-07,Colombo Fort - Puttalam,Intercity,2nd Class,225,195,270,225,72.22
2024-08-07,Colombo Fort - Puttalam,Intercity,3rd Class,487,363,435,472,83.45
2024-08-07,Colombo Fort - Ratnapura,Intercity,1st Class,37,30,44,36,68.18
2024-08-07,Colombo Fort - Ratnapura,Intercity,2nd Class,225,187,270,220,69.26
2024-08-07,Colombo Fort - Ratnapura,Intercity,3rd Class,487,393,435,487,90.34
2024-08-07,Colombo Fort - Trincomalee,Express,1st Class,45,37,54,43,68.52
2024-08-07,Colombo Fort - Trincomalee,Express,2nd Class,270,228,324,237,70.37
2024-08-07,Colombo Fort - Trincomalee,Express,3rd Class,585,483,522,532,92.53
2024-08-08,Colombo Fort - Batticaloa,Intercity,1st Class,37,31,44,33,70.45
2024-08-08,Colombo Fort - Batticaloa,Intercity,2nd Class,225,188,270,197,69.63
2024-08-08,Colombo Fort - Batticaloa,Intercity,3rd Class,487,412,435,428,94.71
2024-08-08,Colombo Fort - Galle,Slow/Local,1st Class,25,21,30,24,70.0
2024-08-08,Colombo Fort - Galle,Slow/Local,2nd Class,150,129,180,138,71.67
2024-08-08,Colombo Fort - Galle,Slow/Local,3rd Class,325,279,290,299,96.21
2024-08-08,Colombo Fort - Kandy,Express,1st Class,45,37,54,31,68.52
2024-08-08,Colombo Fort - Kandy,Express,2nd Class,270,225,324,176,69.44
2024-08-08,Colombo Fort - Kandy,Express,3rd Class,585,474,522,443,90.8
2024-08-08,Colombo Fort - Kandy,Intercity,1st Class,37,31,44,28,70.45
2024-08-08,Colombo Fort - Kandy,Intercity,2nd Class,225,186,270,174,68.89
2024-08-08,Colombo Fort - Kandy,Intercity,3rd Class,487,394,435,364,90.57
2024-08-08,Colombo Fort - Kandy,Slow/Local,1st Class,25,21,30,24,70.0
2024-08-08,Colombo Fort - Kandy,Slow/Local,2nd Class,150,125,180,144,69.44
2024-08-08,Colombo Fort - Kandy,Slow/Local,3rd Class,325,275,290,325,94.83
2024-08-08,Colombo Fort - Matara,Express,1st Class,45,36,54,44,66.67
2024-08-08,Colombo Fort - Matara,Express,2nd Class,270,227,324,263,70.06
2024-08-08,Colombo Fort - Matara,Express,3rd Class,585,479,522,580,91.76
2024-08-08,Colombo Fort - Negombo,Slow/Local,1st Class,25,21,30,25,70.0
2024-08-08,Colombo Fort - Negombo,Slow/Local,2nd Class,150,124,180,146,68.89
2024-08-08,Colombo Fort - Negombo,Slow/Local,3rd Class,325,275,290,316,94.83
2024-08-08,Colombo Fort - Puttalam,Slow/Local,1st Class,25,20,30,25,66.67
2024-08-08,Colombo Fort - Puttalam,Slow/Local,2nd Class,150,125,180,137,69.44
2024-08-08,Colombo Fort - Puttalam,Slow/Local,3rd Class,325,261,290,325,90.0
2024-08-08,Colombo Fort - Ratnapura,Express,1st Class,45,37,54,35,68.52
2024-08-08,Colombo Fort - Ratnapura,Express,2nd Class,270,223,324,213,68.83
2024-08-08,Colombo Fort - Ratnapura,Express,3rd Class,585,483,522,481,92.53
2024-08-08,Colombo Fort - Vavuniya,Slow/Local,1st Class,25,21,30,17,70.0
2024-08-08,Colombo Fort - Vavuniya,Slow/Local,2nd Class,150,121,180,93,67.22
2024-08-08,Colombo Fort - Vavuniya,Slow/Local,3rd Class,325,264,290,216,91.03
2024-08-08,Maradana - Avissawella,Intercity,1st Class,37,28,44,36,63.64
2024-08-08,Maradana - Avissawella,Intercity,2nd Class,225,188,270,224,69.63
2024-08-08,Maradana - Avissawella,Intercity,3rd Class,487,390,435,487,89.66
2024-08-08,Maradana - Avissawella,Slow/Local,1st Class,25,22,30,24,73.33
2024-08-08,Maradana - Avissawella,Slow/Local,2nd Class,150,132,180,143,73.33
2024-08-08,Maradana - Avissawella,Slow/Local,3rd Class,325,281,290,312,96.9
2024-08-09,Colombo Fort - Badulla,Intercity,1st Class,37,33,44,30,75.0
2024-08-09,Colombo Fort - Badulla,Intercity,2nd Class,225,199,270,162,73.7
2024-08-09,Colombo Fort - Badulla,Intercity,3rd Class,487,432,435,435,99.31
2024-08-09,Colombo Fort - Kandy,Slow/Local,1st Class,25,22,22,23,100.0
2024-08-09,Colombo Fort - Kandy,Slow/Local,2nd Class,150,137,137,150,100.0
2024-08-09,Colombo Fort - Kandy,Slow/Local,3rd Class,325,299,341,308,87.68
2024-08-09,Colombo Fort - Trincomalee,Intercity,1st Class,37,33,44,31,75.0
2024-08-09,Colombo Fort - Trincomalee,Intercity,2nd Class,225,200,270,189,74.07
2024-08-09,Colombo Fort - Trincomalee,Intercity,3rd Class,487,418,435,400,96.09
2024-08-09,Maradana - Avissawella,Slow/Local,1st Class,25,22,22,24,100.0
2024-08-09,Maradana - Avissawella,Slow/Local,2nd Class,150,137,137,144,100.0
2024-08-09,Maradana - Avissawella,Slow/Local,3rd Class,325,294,341,288,86.22
2024-08-10,Colombo Fort - Anuradhapura,Express,1st Class,45,41,41,42,100.0
2024-08-10,Colombo Fort - Anuradhapura,Express,2nd Class,270,246,246,266,100.0
2024-08-10,Colombo Fort - Anuradhapura,Express,3rd Class,585,540,613,555,88.09
2024-08-10,Colombo Fort - Anuradhapura,Intercity,1st Class,37,33,33,36,100.0
2024-08-10,Colombo Fort - Anuradhapura,Intercity,2nd Class,225,205,205,221,100.0
2024-08-10,Colombo Fort - Anuradhapura,Intercity,3rd Class,487,438,511,487,85.71
2024-08-10,Colombo Fort - Galle,Intercity,1st Class,37,33,33,37,100.0
2024-08-10,Colombo Fort - Galle,Intercity,2nd Class,225,204,204,223,100.0
2024-08-10,Colombo Fort - Galle,Intercity,3rd Class,487,439,512,487,85.74
2024-08-10,Colombo Fort - Jaffna,Night Mail,1st Class,32,29,29,32,100.0
2024-08-10,Colombo Fort - Jaffna,Night Mail,2nd Class,195,176,176,195,100.0
2024-08-10,Colombo Fort - Jaffna,Night Mail,3rd Class,422,388,444,422,87.39
2024-08-10,Colombo Fort - Kurunegala,Express,1st Class,45,39,54,45,72.22
2024-08-10,Colombo Fort - Kurunegala,Express,2nd Class,270,239,324,270,73.77
2024-08-10,Colombo Fort - Kurunegala,Express,3rd Class,585,477,522,568,91.38
2024-08-10,Colombo Fort - Ratnapura,Slow/Local,1st Class,25,22,22,25,100.0
2024-08-10,Colombo Fort - Ratnapura,Slow/Local,2nd Class,150,139,139,145,100.0
2024-08-10,Colombo Fort - Ratnapura,Slow/Local,3rd Class,325,298,339,325,87.91
2024-08-10,Colombo Fort - Trincomalee,Intercity,1st Class,37,33,44,28,75.0
2024-08-10,Colombo Fort - Trincomalee,Intercity,2nd Class,225,200,270,181,74.07
2024-08-10,Colombo Fort - Trincomalee,Intercity,3rd Class,487,422,435,384,97.01
2024-08-10,Colombo Fort - Trincomalee,Slow/Local,1st Class,25,22,22,24,100.0
2024-08-10,Colombo Fort - Trincomalee,Slow/Local,2nd Class,150,136,136,145,100.0
2024-08-10,Colombo Fort - Trincomalee,Slow/Local,3rd Class,325,301,342,324,88.01
2024-08-11,Colombo Fort - Galle,Express,1st Class,45,41,41,34,100.0
2024-08-11,Colombo Fort - Galle,Express,2nd Class,270,250,250,227,100.0
2024-08-11,Colombo Fort - Galle,Express,3rd Class,585,535,609,462,87.85
2024-08-11,Colombo Fort - Jaffna,Express,1st Class,45,40,54,45,74.07
2024-08-11,Colombo Fort - Jaffna,Express,2nd Class,270,245,324,270,75.62
2024-08-11,Colombo Fort - Jaffna,Express,3rd Class,585,512,522,564,98.08
2024-08-11,Colombo Fort - Kurunegala,Express,1st Class,45,39,54,41,72.22
2024-08-11,Colombo Fort - Kurunegala,Express,2nd Class,270,227,324,270,70.06
2024-08-11,Colombo Fort - Kurunegala,Express,3rd Class,585,507,522,541,97.13
2024-08-11,Colombo Fort - Matara,Slow/Local,1st Class,25,23,23,22,100.0
2024-08-11,Colombo Fort - Matara,Slow/Local,2nd Class,150,137,137,137,100.0
2024-08-11,Colombo Fort - Matara,Slow/Local,3rd Class,325,299,340,302,87.94
2024-08-11,Colombo Fort - Ratnapura,Slow/Local,1st Class,25,22,22,24,100.0
2024-08-11,Colombo Fort - Ratnapura,Slow/Local,2nd Class,150,139,139,146,100.0
2024-08-11,Colombo Fort - Ratnapura,Slow/Local,3rd Class,325,298,339,313,87.91
2024-08-11,Colombo Fort - Trincomalee,Slow/Local,1st Class,25,23,23,24,100.0
2024-08-11,Colombo Fort - Trincomalee,Slow/Local,2nd Class,150,136,136,150,100.0
2024-08-11,Colombo Fort - Trincomalee,Slow/Local,3rd Class,325,301,341,325,88.27
2024-08-11,Colombo Fort - Vavuniya,Express,1st Class,45,41,41,45,100.0
2024-08-11,Colombo Fort - Vavuniya,Express,2nd Class,270,242,242,270,100.0
2024-08-11,Colombo Fort - Vavuniya,Express,3rd Class,585,526,617,585,85.25
2024-08-11,Maradana - Avissawella,Intercity,1st Class,37,34,44,36,77.27
2024-08-11,Maradana - Avissawella,Intercity,2nd Class,225,198,270,225,73.33
2024-08-11,Maradana - Avissawella,Intercity,3rd Class,487,434,435,487,99.77
2024-08-12,Colombo Fort - Anuradhapura,Intercity,1st Class,37,31,44,37,70.45
2024-08-12,Colombo Fort - Anuradhapura,Intercity,2nd Class,225,189,270,225,70.0
2024-08-12,Colombo Fort - Anuradhapura,Intercity,3rd Class,487,406,435,460,93.33
2024-08-12,Colombo Fort - Galle,Express,1st Class,45,37,54,45,68.52
2024-08-12,Colombo Fort - Galle,Express,2nd Class,270,227,324,270,70.06
2024-08-12,Colombo Fort - Galle,Express,3rd Class,585,477,522,585,91.38
2024-08-12,Colombo Fort - Jaffna,Intercity,1st Class,37,31,44,37,70.45
2024-08-12,Colombo Fort - Jaffna,Intercity,2nd Class,225,189,270,219,70.0
2024-08-12,Colombo Fort - Jaffna,Intercity,3rd Class,487,406,435,487,93.33
2024-08-12,Colombo Fort - Kandy,Express,1st Class,45,36,54,45,66.67
2024-08-12,Colombo Fort - Kandy,Express,2nd Class,270,224,324,270,69.14
2024-08-12,Colombo Fort - Kandy,Express,3rd Class,585,487,522,585,93.3
2024-08-12,Colombo Fort - Matara,Slow/Local,1st Class,25,22,30,25,73.33
2024-08-12,Colombo Fort - Matara,Slow/Local,2nd Class,150,124,180,150,68.89
2024-08-12,Colombo Fort - Matara,Slow/Local,3rd Class,325,280,290,305,96.55
2024-08-12,Colombo Fort - Puttalam,Slow/Local,1st Class,25,21,30,25,70.0
2024-08-12,Colombo Fort - Puttalam,Slow/Local,2nd Class,150,124,180,150,68.89
2024-08-12,Colombo Fort - Puttalam,Slow/Local,3rd Class,325,279,290,325,96.21
2024-08-12,Colombo Fort - Trincomalee,Intercity,1st Class,37,30,44,28,68.18
2024-08-12,Colombo Fort - Trincomalee,Intercity,2nd Class,225,191,270,191,70.74
2024-08-12,Colombo Fort - Trincomalee,Intercity,3rd Class,487,408,435,387,93.79
2024-08-12,Kandy - Badulla,Slow/Local,1st Class,25,20,30,21,66.67
2024-08-12,Kandy - Badulla,Slow/Local,2nd Class,150,124,180,127,68.89
2024-08-12,Kandy - Badulla,Slow/Local,3rd Class,325,261,290,274,90.0
2024-08-12,Maradana - Avissawella,Slow/Local,1st Class,25,22,30,23,73.33
2024-08-12,Maradana - Avissawella,Slow/Local,2nd Class,150,129,180,135,71.67
2024-08-12,Maradana - Avissawella,Slow/Local,3rd Class,325,277,290,283,95.52
2024-08-13,Colombo Fort - Badulla,Slow/Local,1st Class,25,21,30,25,70.0
2024-08-13,Colombo Fort - Badulla,Slow/Local,2nd Class,150,125,180,139,69.44
2024-08-13,Colombo Fort - Badulla,Slow/Local,3rd Class,325,280,290,325,96.55
2024-08-13,Colombo Fort - Batticaloa,Express,1st Class,45,36,54,39,66.67
2024-08-13,Colombo Fort - Batticaloa,Express,2nd Class,270,221,324,235,68.21
2024-08-13,Colombo Fort - Batticaloa,Express,3rd Class,585,487,522,479,93.3
2024-08-13,Colombo Fort - Galle,Slow/Local,1st Class,25,22,30,21,73.33
2024-08-13,Colombo Fort - Galle,Slow/Local,2nd Class,150,126,180,125,70.0
2024-08-13,Colombo Fort - Galle,Slow/Local,3rd Class,325,280,290,287,96.55
2024-08-13,Colombo Fort - Kandy,Night Mail,1st Class,32,27,38,31,71.05
2024-08-13,Colombo Fort - Kandy,Night Mail,2nd Class,195,161,234,190,68.8
2024-08-13,Colombo Fort - Kandy,Night Mail,3rd Class,422,359,377,422,95.23
2024-08-13,Colombo Fort - Matara,Night Mail,1st Class,32,28,38,27,73.68
2024-08-13,Colombo Fort - Matara,Night Mail,2nd Class,195,175,234,159,74.79
2024-08-13,Colombo Fort - Matara,Night Mail,3rd Class,422,355,377,328,94.16
2024-08-13,Colombo Fort - Negombo,Express,1st Class,45,37,54,43,68.52
2024-08-13,Colombo Fort - Negombo,Express,2nd Class,270,219,324,249,67.59
2024-08-13,Colombo Fort - Negombo,Express,3rd Class,585,489,522,531,93.68
2024-08-13,Colombo Fort - Puttalam,Slow/Local,1st Class,25,21,30,14,70.0
2024-08-13,Colombo Fort - Puttalam,Slow/Local,2nd Class,150,125,180,96,69.44
2024-08-13,Colombo Fort - Puttalam,Slow/Local,3rd Class,325,282,290,167,97.24
2024-08-13,Colombo Fort - Ratnapura,Intercity,1st Class,37,30,44,37,68.18
2024-08-13,Colombo Fort - Ratnapura,Intercity,2nd Class,225,185,270,211,68.52
2024-08-13,Colombo Fort - Ratnapura,Intercity,3rd Class,487,399,435,452,91.72
2024-08-13,Colombo Fort - Ratnapura,Slow/Local,1st Class,25,22,30,22,73.33
2024-08-13,Colombo Fort - Ratnapura,Slow/Local,2nd Class,150,125,180,126,69.44
2024-08-13,Colombo Fort - Ratnapura,Slow/Local,3rd Class,325,274,290,284,94.48
2024-08-13,Colombo Fort - Trincomalee,Intercity,1st Class,37,30,44,29,68.18
2024-08-13,Colombo Fort - Trincomalee,Intercity,2nd Class,225,190,270,193,70.37
2024-08-13,Colombo Fort - Trincomalee,Intercity,3rd Class,487,391,435,451,89.89
2024-08-14,Colombo Fort - Badulla,Slow/Local,1st Class,25,22,30,25,73.33
2024-08-14,Colombo Fort - Badulla,Slow/Local,2nd Class,150,125,180,147,69.44
2024-08-14,Colombo Fort - Badulla,Slow/Local,3rd Class,325,273,290,320,94.14
2024-08-14,Colombo Fort - Galle,Express,1st Class,45,37,54,45,68.52
2024-08-14,Colombo Fort - Galle,Express,2nd Class,270,230,324,270,70.99
2024-08-14,Colombo Fort - Galle,Express,3rd Class,585,488,522,585,93.49
2024-08-14,Colombo Fort - Galle,Intercity,1st Class,37,31,44,35,70.45
2024-08-14,Colombo Fort - Galle,Intercity,2nd Class,225,187,270,216,69.26
2024-08-14,Colombo Fort - Galle,Intercity,3rd Class,487,405,435,487,93.1
2024-08-14,Colombo Fort - Kandy,Express,1st Class,45,36,54,42,66.67
2024-08-14,Colombo Fort - Kandy,Express,2nd Class,270,223,324,244,68.83
2024-08-14,Colombo Fort - Kandy,Express,3rd Class,585,482,522,466,92.34
2024-08-14,Colombo Fort - Matara,Slow/Local,1st Class,25,22,30,25,73.33
2024-08-14,Colombo Fort - Matara,Slow/Local,2nd Class,150,128,180,150,71.11
2024-08-14,Colombo Fort - Matara,Slow/Local,3rd Class,325,275,290,318,94.83
2024-08-14,Colombo Fort - Negombo,Slow/Local,1st Class,25,22,30,24,73.33
2024-08-14,Colombo Fort - Negombo,Slow/Local,2nd Class,150,125,180,140,69.44
2024-08-14,Colombo Fort - Negombo,Slow/Local,3rd Class,325,272,290,321,93.79
2024-08-14,Colombo Fort - Trincomalee,Express,1st Class,45,38,54,31,70.37
2024-08-14,Colombo Fort - Trincomalee,Express,2nd Class,270,231,324,170,71.3
2024-08-14,Colombo Fort - Trincomalee,Express,3rd Class,585,485,522,400,92.91
2024-08-14,Colombo Fort - Vavuniya,Slow/Local,1st Class,25,20,30,20,66.67
2024-08-14,Colombo Fort - Vavuniya,Slow/Local,2nd Class,150,119,180,127,66.11
2024-08-14,Colombo Fort - Vavuniya,Slow/Local,3rd Class,325,256,290,268,88.28
2024-08-14,Maradana - Avissawella,Slow/Local,1st Class,25,22,30,25,73.33
2024-08-14,Maradana - Avissawella,Slow/Local,2nd Class,150,128,180,150,71.11
2024-08-14,Maradana - Avissawella,Slow/Local,3rd Class,325,276,290,318,95.17
2024-08-15,Colombo Fort - Batticaloa,Express,1st Class,45,37,54,43,68.52
2024-08-15,Colombo Fort - Batticaloa,Express,2nd Class,270,221,324,265,68.21
2024-08-15,Colombo Fort - Batticaloa,Express,3rd Class,585,486,522,585,93.1
2024-08-15,Colombo Fort - Galle,Slow/Local,1st Class,25,22,30,23,73.33
2024-08-15,Colombo Fort - Galle,Slow/Local,2nd Class,150,129,180,144,71.67
2024-08-15,Colombo Fort - Galle,Slow/Local,3rd Class,325,281,290,307,96.9
2024-08-15,Colombo Fort - Matara,Slow/Local,1st Class,25,22,30,25,73.33
2024-08-15,Colombo Fort - Matara,Slow/Local,2nd Class,150,127,180,137,70.56
2024-08-15,Colombo Fort - Matara,Slow/Local,3rd Class,325,276,290,306,95.17
2024-08-15,Colombo Fort - Negombo,Slow/Local,1st Class,25,22,30,23,73.33
2024-08-15,Colombo Fort - Negombo,Slow/Local,2nd Class,150,125,180,136,69.44
2024-08-15,Colombo Fort - Negombo,Slow/Local,3rd Class,325,270,290,288,93.1
2024-08-15,Colombo Fort - Trincomalee,Intercity,1st Class,37,29,44,34,65.91
2024-08-15,Colombo Fort - Trincomalee,Intercity,2nd Class,225,189,270,213,70.0
2024-08-15,Colombo Fort - Trincomalee,Intercity,3rd Class,487,395,435,455,90.8
2024-08-15,Colombo Fort - Vavuniya,Slow/Local,1st Class,25,20,30,24,66.67
2024-08-15,Colombo Fort - Vavuniya,Slow/Local,2nd Class,150,121,180,138,67.22
2024-08-15,Colombo Fort - Vavuniya,Slow/Local,3rd Class,325,251,290,318,86.55
2024-08-15,Kandy - Badulla,Intercity,1st Class,37,30,44,27,68.18
2024-08-15,Kandy - Badulla,Intercity,2nd Class,225,185,270,175,68.52
2024-08-15,Kandy - Badulla,Intercity,3rd Class,487,395,435,332,90.8
2024-08-16,Colombo Fort - Badulla,Intercity,1st Class,37,33,44,34,75.0
2024-08-16,Colombo Fort - Badulla,Intercity,2nd Class,225,198,270,197,73.33
2024-08-16,Colombo Fort - Badulla,Intercity,3rd Class,487,431,435,451,99.08
2024-08-16,Colombo Fort - Negombo,Intercity,1st Class,37,33,44,29,75.0
2024-08-16,Colombo Fort - Negombo,Intercity,2nd Class,225,197,270,181,72.96
2024-08-16,Colombo Fort - Negombo,Intercity,3rd Class,487,428,435,370,98.39
2024-08-16,Colombo Fort - Puttalam,Slow/Local,1st Class,25,22,30,19,73.33
2024-08-16,Colombo Fort - Puttalam,Slow/Local,2nd Class,150,135,180,93,75.0
2024-08-16,Colombo Fort - Puttalam,Slow/Local,3rd Class,325,286,290,235,98.62
2024-08-16,Colombo Fort - Ratnapura,Intercity,1st Class,37,36,44,34,81.82
2024-08-16,Colombo Fort - Ratnapura,Intercity,2nd Class,225,200,270,203,74.07
2024-08-16,Colombo Fort - Ratnapura,Intercity,3rd Class,487,427,435,396,98.16
2024-08-16,Colombo Fort - Trincomalee,Express,1st Class,45,39,54,40,72.22
2024-08-16,Colombo Fort - Trincomalee,Express,2nd Class,270,228,324,260,70.37
2024-08-16,Colombo Fort - Trincomalee,Express,3rd Class,585,517,522,520,99.04
2024-08-16,Colombo Fort - Vavuniya,Express,1st Class,45,41,41,44,100.0
2024-08-16,Colombo Fort - Vavuniya,Express,2nd Class,270,244,244,243,100.0
2024-08-16,Colombo Fort - Vavuniya,Express,3rd Class,585,530,615,533,86.18
2024-08-16,Maradana - Avissawella,Intercity,1st Class,37,35,44,37,79.55
2024-08-16,Maradana - Avissawella,Intercity,2nd Class,225,196,270,221,72.59
2024-08-16,Maradana - Avissawella,Intercity,3rd Class,487,432,435,447,99.31
2024-08-17,Colombo Fort - Badulla,Night Mail,1st Class,32,28,38,28,73.68
2024-08-17,Colombo Fort - Badulla,Night Mail,2nd Class,195,178,234,159,76.07
2024-08-17,Colombo Fort - Badulla,Night Mail,3rd Class,422,376,377,380,99.73
2024-08-17,Colombo Fort - Kandy,Slow/Local,1st Class,25,22,22,25,100.0
2024-08-17,Colombo Fort - Kandy,Slow/Local,2nd Class,150,137,137,144,100.0
2024-08-17,Colombo Fort - Kandy,Slow/Local,3rd Class,325,297,341,325,87.1
2024-08-17,Colombo Fort - Negombo,Night Mail,1st Class,32,29,29,32,100.0
2024-08-17,Colombo Fort - Negombo,Night Mail,2nd Class,195,179,179,195,100.0
2024-08-17,Colombo Fort - Negombo,Night Mail,3rd Class,422,384,441,422,87.07
2024-08-17,Colombo Fort - Trincomalee,Intercity,1st Class,37,33,44,35,75.0
2024-08-17,Colombo Fort - Trincomalee,Intercity,2nd Class,225,200,270,214,74.07
2024-08-17,Colombo Fort - Trincomalee,Intercity,3rd Class,487,427,435,415,98.16
2024-08-17,Maradana - Avissawella,Slow/Local,1st Class,25,22,22,25,100.0
2024-08-17,Maradana - Avissawella,Slow/Local,2nd Class,150,137,137,147,100.0
2024-08-17,Maradana - Avissawella,Slow/Local,3rd Class,325,296,341,323,86.8
2024-08-18,Colombo Fort - Batticaloa,Night Mail,1st Class,32,29,29,30,100.0
2024-08-18,Colombo Fort - Batticaloa,Night Mail,2nd Class,195,179,179,178,100.0
2024-08-18,Colombo Fort - Batticaloa,Night Mail,3rd Class,422,390,441,358,88.44
2024-08-18,Colombo Fort - Kurunegala,Slow/Local,1st Class,25,23,23,25,100.0
2024-08-18,Colombo Fort - Kurunegala,Slow/Local,2nd Class,150,136,136,150,100.0
2024-08-18,Colombo Fort - Kurunegala,Slow/Local,3rd Class,325,295,341,324,86.51
2024-08-18,Colombo Fort - Ratnapura,Slow/Local,1st Class,25,23,23,21,100.0
2024-08-18,Colombo Fort - Ratnapura,Slow/Local,2nd Class,150,137,137,137,100.0
2024-08-18,Colombo Fort - Ratnapura,Slow/Local,3rd Class,325,297,340,254,87.35
2024-08-18,Colombo Fort - Trincomalee,Intercity,1st Class,37,33,44,37,75.0
2024-08-18,Colombo Fort - Trincomalee,Intercity,2nd Class,225,199,270,225,73.7
2024-08-18,Colombo Fort - Trincomalee,Intercity,3rd Class,487,428,435,487,98.39
2024-08-18,Colombo Fort - Vavuniya,Slow/Local,1st Class,25,23,23,23,100.0
2024-08-18,Colombo Fort - Vavuniya,Slow/Local,2nd Class,150,136,136,150,100.0
2024-08-18,Colombo Fort - Vavuniya,Slow/Local,3rd Class,325,301,341,325,88.27
2024-08-18,Kandy - Badulla,Night Mail,1st Class,32,28,28,26,100.0
2024-08-18,Kandy - Badulla,Night Mail,2nd Class,195,178,178,147,100.0
2024-08-18,Kandy - Badulla,Night Mail,3rd Class,422,382,443,399,86.23
2024-08-18,Kandy - Badulla,Slow/Local,1st Class,25,22,22,24,100.0
2024-08-18,Kandy - Badulla,Slow/Local,2nd Class,150,135,135,141,100.0
2024-08-18,Kandy - Badulla,Slow/Local,3rd Class,325,301,343,306,87.76
2024-08-19,Colombo Fort - Anuradhapura,Slow/Local,1st Class,25,22,30,18,73.33
2024-08-19,Colombo Fort - Anuradhapura,Slow/Local,2nd Class,150,128,180,108,71.11
2024-08-19,Colombo Fort - Anuradhapura,Slow/Local,3rd Class,325,286,290,234,98.62
2024-08-19,Colombo Fort - Jaffna,Night Mail,1st Class,32,29,38,27,76.32
2024-08-19,Colombo Fort - Jaffna,Night Mail,2nd Class,195,163,234,169,69.66
2024-08-19,Colombo Fort - Jaffna,Night Mail,3rd Class,422,361,377,369,95.76
2024-08-19,Colombo Fort - Negombo,Express,1st Class,45,38,54,34,70.37
2024-08-19,Colombo Fort - Negombo,Express,2nd Class,270,219,324,207,67.59
2024-08-19,Colombo Fort - Negombo,Express,3rd Class,585,479,522,469,91.76
2024-08-19,Colombo Fort - Ratnapura,Intercity,1st Class,37,30,44,34,68.18
2024-08-19,Colombo Fort - Ratnapura,Intercity,2nd Class,225,184,270,218,68.15
2024-08-19,Colombo Fort - Ratnapura,Intercity,3rd Class,487,396,435,473,91.03
2024-08-19,Colombo Fort - Trincomalee,Intercity,1st Class,37,31,44,31,70.45
2024-08-19,Colombo Fort - Trincomalee,Intercity,2nd Class,225,190,270,176,70.37
2024-08-19,Colombo Fort - Trincomalee,Intercity,3rd Class,487,398,435,424,91.49
2024-08-19,Colombo Fort - Trincomalee,Night Mail,1st Class,32,27,38,23,71.05
2024-08-19,Colombo Fort - Trincomalee,Night Mail,2nd Class,195,160,234,146,68.38
2024-08-19,Colombo Fort - Trincomalee,Night Mail,3rd Class,422,353,377,323,93.63
2024-08-19,Colombo Fort - Vavuniya,Express,1st Class,45,37,54,34,68.52
2024-08-19,Colombo Fort - Vavuniya,Express,2nd Class,270,219,324,201,67.59
2024-08-19,Colombo Fort - Vavuniya,Express,3rd Class,585,486,522,430,93.1
2024-08-19,Kandy - Badulla,Night Mail,1st Class,32,26,38,32,68.42
2024-08-19,Kandy - Badulla,Night Mail,2nd Class,195,153,234,195,65.38
2024-08-19,Kandy - Badulla,Night Mail,3rd Class,422,343,377,401,90.98
2024-08-19,Maradana - Avissawella,Express,1st Class,45,36,54,42,66.67
2024-08-19,Maradana - Avissawella,Express,2nd Class,270,208,324,257,64.2
2024-08-19,Maradana - Avissawella,Express,3rd Class,585,444,522,563,85.06
2024-08-19,Maradana - Avissawella,Night Mail,1st Class,32,29,29,27,100.0
2024-08-19,Maradana - Avissawella,Night Mail,2nd Class,195,176,176,166,100.0
2024-08-19,Maradana - Avissawella,Night Mail,3rd Class,422,380,444,363,85.59
2024-08-19,Maradana - Avissawella,Slow/Local,1st Class,25,22,30,18,73.33
2024-08-19,Maradana - Avissawella,Slow/Local,2nd Class,150,130,180,112,72.22
2024-08-19,Maradana - Avissawella,Slow/Local,3rd Class,325,277,290,219,95.52
2024-08-20,Colombo Fort - Anuradhapura,Express,1st Class,45,36,54,30,66.67
2024-08-20,Colombo Fort - Anuradhapura,Express,2nd Class,270,221,324,200,68.21
2024-08-20,Colombo Fort - Anuradhapura,Express,3rd Class,585,491,522,390,94.06
2024-08-20,Colombo Fort - Anuradhapura,Intercity,1st Class,37,31,44,36,70.45
2024-08-20,Colombo Fort - Anuradhapura,Intercity,2nd Class,225,189,270,214,70.0
2024-08-20,Colombo Fort - Anuradhapura,Intercity,3rd Class,487,410,435,487,94.25
2024-08-20,Colombo Fort - Anuradhapura,Slow/Local,1st Class,25,21,30,20,70.0
2024-08-20,Colombo Fort - Anuradhapura,Slow/Local,2nd Class,150,123,180,117,68.33
2024-08-20,Colombo Fort - Anuradhapura,Slow/Local,3rd Class,325,278,290,252,95.86
2024-08-20,Colombo Fort - Batticaloa,Slow/Local,1st Class,25,20,30,22,66.67
2024-08-20,Colombo Fort - Batticaloa,Slow/Local,2nd Class,150,120,180,122,66.67
2024-08-20,Colombo Fort - Batticaloa,Slow/Local,3rd Class,325,247,290,295,85.17
2024-08-20,Colombo Fort - Galle,Night Mail,1st Class,32,27,38,31,71.05
2024-08-20,Colombo Fort - Galle,Night Mail,2nd Class,195,162,234,195,69.23
2024-08-20,Colombo Fort - Galle,Night Mail,3rd Class,422,354,377,422,93.9
2024-08-20,Colombo Fort - Jaffna,Slow/Local,1st Class,25,20,30,23,66.67
2024-08-20,Colombo Fort - Jaffna,Slow/Local,2nd Class,150,123,180,135,68.33
2024-08-20,Colombo Fort - Jaffna,Slow/Local,3rd Class,325,256,290,308,88.28
2024-08-20,Colombo Fort - Kurunegala,Night Mail,1st Class,32,27,38,31,71.05
2024-08-20,Colombo Fort - Kurunegala,Night Mail,2nd Class,195,165,234,191,70.51
2024-08-20,Colombo Fort - Kurunegala,Night Mail,3rd Class,422,358,377,393,94.96
2024-08-20,Colombo Fort - Trincomalee,Intercity,1st Class,37,30,44,35,68.18
2024-08-20,Colombo Fort - Trincomalee,Intercity,2nd Class,225,188,270,214,69.63
2024-08-20,Colombo Fort - Trincomalee,Intercity,3rd Class,487,395,435,482,90.8
2024-08-20,Kandy - Badulla,Express,1st Class,45,37,54,45,68.52
2024-08-20,Kandy - Badulla,Express,2nd Class,270,218,324,270,67.28
2024-08-20,Kandy - Badulla,Express,3rd Class,585,484,522,569,92.72
2024-08-21,Colombo Fort - Anuradhapura,Express,1st Class,45,36,54,44,66.67
2024-08-21,Colombo Fort - Anuradhapura,Express,2nd Class,270,220,324,264,67.9
2024-08-21,Colombo Fort - Anuradhapura,Express,3rd Class,585,481,522,549,92.15
2024-08-21,Colombo Fort - Batticaloa,Slow/Local,1st Class,25,20,30,25,66.67
2024-08-21,Colombo Fort - Batticaloa,Slow/Local,2nd Class,150,121,180,147,67.22
2024-08-21,Colombo Fort - Batticaloa,Slow/Local,3rd Class,325,252,290,325,86.9
2024-08-21,Colombo Fort - Galle,Slow/Local,1st Class,25,22,30,25,73.33
2024-08-21,Colombo Fort - Galle,Slow/Local,2nd Class,150,127,180,150,70.56
2024-08-21,Colombo Fort - Galle,Slow/Local,3rd Class,325,280,290,317,96.55
2024-08-21,Colombo Fort - Jaffna,Express,1st Class,45,35,54,38,64.81
2024-08-21,Colombo Fort - Jaffna,Express,2nd Class,270,214,324,215,66.05
2024-08-21,Colombo Fort - Jaffna,Express,3rd Class,585,472,522,517,90.42
2024-08-21,Colombo Fort - Kurunegala,Slow/Local,1st Class,25,21,30,19,70.0
2024-08-21,Colombo Fort - Kurunegala,Slow/Local,2nd Class,150,122,180,110,67.78
2024-08-21,Colombo Fort - Kurunegala,Slow/Local,3rd Class,325,261,290,245,90.0
2024-08-21,Colombo Fort - Negombo,Night Mail,1st Class,32,28,38,30,73.68
2024-08-21,Colombo Fort - Negombo,Night Mail,2nd Class,195,169,234,195,72.22
2024-08-21,Colombo Fort - Negombo,Night Mail,3rd Class,422,359,377,408,95.23
2024-08-21,Colombo Fort - Puttalam,Intercity,1st Class,37,30,44,35,68.18
2024-08-21,Colombo Fort - Puttalam,Intercity,2nd Class,225,193,270,202,71.48
2024-08-21,Colombo Fort - Puttalam,Intercity,3rd Class,487,384,435,447,88.28
2024-08-21,Colombo Fort - Ratnapura,Express,1st Class,45,37,54,45,68.52
2024-08-21,Colombo Fort - Ratnapura,Express,2nd Class,270,222,324,248,68.52
2024-08-21,Colombo Fort - Ratnapura,Express,3rd Class,585,483,522,561,92.53
2024-08-22,Colombo Fort - Badulla,Express,1st Class,45,36,54,42,66.67
2024-08-22,Colombo Fort - Badulla,Express,2nd Class,270,215,324,239,66.36
2024-08-22,Colombo Fort - Badulla,Express,3rd Class,585,485,522,514,92.91
2024-08-22,Colombo Fort - Jaffna,Slow/Local,1st Class,25,21,30,25,70.0
2024-08-22,Colombo Fort - Jaffna,Slow/Local,2nd Class,150,125,180,150,69.44
2024-08-22,Colombo Fort - Jaffna,Slow/Local,3rd Class,325,276,290,323,95.17
2024-08-22,Colombo Fort - Kandy,Slow/Local,1st Class,25,21,30,25,70.0
2024-08-22,Colombo Fort - Kandy,Slow/Local,2nd Class,150,126,180,149,70.0
2024-08-22,Colombo Fort - Kandy,Slow/Local,3rd Class,325,278,290,325,95.86
2024-08-22,Colombo Fort - Negombo,Intercity,1st Class,37,30,44,31,68.18
2024-08-22,Colombo Fort - Negombo,Intercity,2nd Class,225,188,270,190,69.63
2024-08-22,Colombo Fort - Negombo,Intercity,3rd Class,487,387,435,385,88.97
2024-08-22,Colombo Fort - Puttalam,Intercity,1st Class,37,30,44,36,68.18
2024-08-22,Colombo Fort - Puttalam,Intercity,2nd Class,225,192,270,213,71.11
2024-08-22,Colombo Fort - Puttalam,Intercity,3rd Class,487,388,435,487,89.2
2024-08-22,Colombo Fort - Vavuniya,Express,1st Class,45,36,54,45,66.67
2024-08-22,Colombo Fort - Vavuniya,Express,2nd Class,270,215,324,264,66.36
2024-08-22,Colombo Fort - Vavuniya,Express,3rd Class,585,460,522,549,88.12
2024-08-22,Kandy - Badulla,Express,1st Class,45,37,54,43,68.52
2024-08-22,Kandy - Badulla,Express,2nd Class,270,221,324,270,68.21
2024-08-22,Kandy - Badulla,Express,3rd Class,585,494,522,585,94.64
2024-08-22,Maradana - Avissawella,Intercity,1st Class,37,30,44,37,68.18
2024-08-22,Maradana - Avissawella,Intercity,2nd Class,225,184,270,225,68.15
2024-08-22,Maradana - Avissawella,Intercity,3rd Class,487,375,435,487,86.21
2024-08-23,Colombo Fort - Batticaloa,Intercity,1st Class,37,34,44,35,77.27
2024-08-23,Colombo Fort - Batticaloa,Intercity,2nd Class,225,200,270,203,74.07
2024-08-23,Colombo Fort - Batticaloa,Intercity,3rd Class,487,433,435,470,99.54
2024-08-23,Colombo Fort - Galle,Intercity,1st Class,37,33,44,31,75.0
2024-08-23,Colombo Fort - Galle,Intercity,2nd Class,225,201,270,201,74.44
2024-08-23,Colombo Fort - Galle,Intercity,3rd Class,487,433,435,445,99.54
2024-08-23,Colombo Fort - Jaffna,Slow/Local,1st Class,25,23,23,24,100.0
2024-08-23,Colombo Fort - Jaffna,Slow/Local,2nd Class,150,137,137,141,100.0
2024-08-23,Colombo Fort - Jaffna,Slow/Local,3rd Class,325,301,340,325,88.53
2024-08-23,Colombo Fort - Kurunegala,Intercity,1st Class,37,33,44,33,75.0
2024-08-23,Colombo Fort - Kurunegala,Intercity,2nd Class,225,200,270,192,74.07
2024-08-23,Colombo Fort - Kurunegala,Intercity,3rd Class,487,431,435,424,99.08
2024-08-23,Colombo Fort - Matara,Express,1st Class,45,40,40,45,100.0
2024-08-23,Colombo Fort - Matara,Express,2nd Class,270,247,247,264,100.0
2024-08-23,Colombo Fort - Matara,Express,3rd Class,585,528,613,585,86.13
2024-08-23,Kandy - Badulla,Intercity,1st Class,37,33,44,34,75.0
2024-08-23,Kandy - Badulla,Intercity,2nd Class,225,199,270,222,73.7
2024-08-23,Kandy - Badulla,Intercity,3rd Class,487,432,435,465,99.31
2024-08-23,Kandy - Badulla,Slow/Local,1st Class,25,22,22,25,100.0
2024-08-23,Kandy - Badulla,Slow/Local,2nd Class,150,136,136,150,100.0
2024-08-23,Kandy - Badulla,Slow/Local,3rd Class,325,299,342,322,87.43
2024-08-23,Maradana - Avissawella,Slow/Local,1st Class,25,21,30,24,70.0
2024-08-23,Maradana - Avissawella,Slow/Local,2nd Class,150,135,180,150,75.0
2024-08-23,Maradana - Avissawella,Slow/Local,3rd Class,325,282,290,323,97.24
2024-08-24,Colombo Fort - Batticaloa,Slow/Local,1st Class,25,23,23,25,100.0
2024-08-24,Colombo Fort - Batticaloa,Slow/Local,2nd Class,150,136,136,150,100.0
2024-08-24,Colombo Fort - Batticaloa,Slow/Local,3rd Class,325,302,341,325,88.56
2024-08-24,Colombo Fort - Galle,Express,1st Class,45,40,40,45,100.0
2024-08-24,Colombo Fort - Galle,Express,2nd Class,270,235,235,265,100.0
2024-08-24,Colombo Fort - Galle,Express,3rd Class,585,528,625,585,84.48
2024-08-24,Colombo Fort - Galle,Intercity,1st Class,37,33,33,36,100.0
2024-08-24,Colombo Fort - Galle,Intercity,2nd Class,225,202,202,224,100.0
2024-08-24,Colombo Fort - Galle,Intercity,3rd Class,487,439,514,458,85.41
2024-08-24,Colombo Fort - Galle,Slow/Local,1st Class,25,22,22,24,100.0
2024-08-24,Colombo Fort - Galle,Slow/Local,2nd Class,150,139,139,150,100.0
2024-08-24,Colombo Fort - Galle,Slow/Local,3rd Class,325,297,339,325,87.61
2024-08-24,Colombo Fort - Jaffna,Night Mail,1st Class,32,29,29,29,100.0
2024-08-24,Colombo Fort - Jaffna,Night Mail,2nd Class,195,177,177,175,100.0
2024-08-24,Colombo Fort - Jaffna,Night Mail,3rd Class,422,378,443,372,85.33
2024-08-24,Colombo Fort - Kurunegala,Intercity,1st Class,37,33,44,37,75.0
2024-08-24,Colombo Fort - Kurunegala,Intercity,2nd Class,225,199,270,214,73.7
2024-08-24,Colombo Fort - Kurunegala,Intercity,3rd Class,487,430,435,487,98.85
2024-08-24,Colombo Fort - Puttalam,Intercity,1st Class,37,35,35,32,100.0
2024-08-24,Colombo Fort - Puttalam,Intercity,2nd Class,225,206,206,182,100.0
2024-08-24,Colombo Fort - Puttalam,Intercity,3rd Class,487,444,508,465,87.4
2024-08-24,Maradana - Avissawella,Intercity,1st Class,37,36,44,32,81.82
2024-08-24,Maradana - Avissawella,Intercity,2nd Class,225,202,270,204,74.81
2024-08-24,Maradana - Avissawella,Intercity,3rd Class,487,432,435,435,99.31
2024-08-25,Colombo Fort - Badulla,Intercity,1st Class,37,33,33,36,100.0
2024-08-25,Colombo Fort - Badulla,Intercity,2nd Class,225,199,199,225,100.0
2024-08-25,Colombo Fort - Badulla,Intercity,3rd Class,487,441,517,456,85.3
2024-08-25,Colombo Fort - Kandy,Slow/Local,1st Class,25,23,23,25,100.0
2024-08-25,Colombo Fort - Kandy,Slow/Local,2nd Class,150,139,139,147,100.0
2024-08-25,Colombo Fort - Kandy,Slow/Local,3rd Class,325,300,338,325,88.76
2024-08-25,Colombo Fort - Matara,Intercity,1st Class,37,33,33,35,100.0
2024-08-25,Colombo Fort - Matara,Intercity,2nd Class,225,201,201,217,100.0
2024-08-25,Colombo Fort - Matara,Intercity,3rd Class,487,439,515,472,85.24
2024-08-25,Colombo Fort - Matara,Slow/Local,1st Class,25,23,23,25,100.0
2024-08-25,Colombo Fort - Matara,Slow/Local,2nd Class,150,140,140,150,100.0
2024-08-25,Colombo Fort - Matara,Slow/Local,3rd Class,325,296,337,319,87.83
2024-08-25,Colombo Fort - Puttalam,Express,1st Class,45,40,54,45,74.07
2024-08-25,Colombo Fort - Puttalam,Express,2nd Class,270,243,324,269,75.0
2024-08-25,Colombo Fort - Puttalam,Express,3rd Class,585,514,522,585,98.47
2024-08-25,Colombo Fort - Ratnapura,Slow/Local,1st Class,25,23,23,20,100.0
2024-08-25,Colombo Fort - Ratnapura,Slow/Local,2nd Class,150,138,138,136,100.0
2024-08-25,Colombo Fort - Ratnapura,Slow/Local,3rd Class,325,291,339,267,85.84
2024-08-25,Colombo Fort - Trincomalee,Night Mail,1st Class,32,28,28,32,100.0
2024-08-25,Colombo Fort - Trincomalee,Night Mail,2nd Class,195,176,176,191,100.0
2024-08-25,Colombo Fort - Trincomalee,Night Mail,3rd Class,422,379,445,421,85.17
2024-08-25,Kandy - Badulla,Intercity,1st Class,37,33,44,36,75.0
2024-08-25,Kandy - Badulla,Intercity,2nd Class,225,202,270,225,74.81
2024-08-25,Kandy - Badulla,Intercity,3rd Class,487,430,435,481,98.85
2024-08-26,Colombo Fort - Badulla,Express,1st Class,45,36,54,43,66.67
2024-08-26,Colombo Fort - Badulla,Express,2nd Class,270,212,324,251,65.43
2024-08-26,Colombo Fort - Badulla,Express,3rd Class,585,465,522,449,89.08
2024-08-26,Colombo Fort - Badulla,Intercity,1st Class,37,29,44,34,65.91
2024-08-26,Colombo Fort - Badulla,Intercity,2nd Class,225,187,270,211,69.26
2024-08-26,Colombo Fort - Badulla,Intercity,3rd Class,487,382,435,451,87.82
2024-08-26,Colombo Fort - Badulla,Night Mail,1st Class,32,26,38,29,68.42
2024-08-26,Colombo Fort - Badulla,Night Mail,2nd Class,195,169,234,154,72.22
2024-08-26,Colombo Fort - Badulla,Night Mail,3rd Class,422,348,377,355,92.31
2024-08-26,Colombo Fort - Batticaloa,Slow/Local,1st Class,25,21,30,16,70.0
2024-08-26,Colombo Fort - Batticaloa,Slow/Local,2nd Class,150,125,180,92,69.44
2024-08-26,Colombo Fort - Batticaloa,Slow/Local,3rd Class,325,280,290,226,96.55
2024-08-26,Colombo Fort - Kurunegala,Intercity,1st Class,37,31,44,37,70.45
2024-08-26,Colombo Fort - Kurunegala,Intercity,2nd Class,225,187,270,223,69.26
2024-08-26,Colombo Fort - Kurunegala,Intercity,3rd Class,487,401,435,487,92.18
2024-08-26,Colombo Fort - Matara,Intercity,1st Class,37,30,44,37,68.18
2024-08-26,Colombo Fort - Matara,Intercity,2nd Class,225,186,270,204,68.89
2024-08-26,Colombo Fort - Matara,Intercity,3rd Class,487,398,435,486,91.49
2024-08-26,Colombo Fort - Trincomalee,Intercity,1st Class,37,30,44,37,68.18
2024-08-26,Colombo Fort - Trincomalee,Intercity,2nd Class,225,189,270,225,70.0
2024-08-26,Colombo Fort - Trincomalee,Intercity,3rd Class,487,404,435,467,92.87
2024-08-26,Colombo Fort - Trincomalee,Slow/Local,1st Class,25,22,30,20,73.33
2024-08-26,Colombo Fort - Trincomalee,Slow/Local,2nd Class,150,125,180,113,69.44
2024-08-26,Colombo Fort - Trincomalee,Slow/Local,3rd Class,325,278,290,273,95.86
2024-08-26,Kandy - Badulla,Intercity,1st Class,37,31,44,37,70.45
2024-08-26,Kandy - Badulla,Intercity,2nd Class,225,187,270,225,69.26
2024-08-26,Kandy - Badulla,Intercity,3rd Class,487,383,435,487,88.05
2024-08-26,Kandy - Badulla,Slow/Local,1st Class,25,21,30,24,70.0
2024-08-26,Kandy - Badulla,Slow/Local,2nd Class,150,125,180,144,69.44
2024-08-26,Kandy - Badulla,Slow/Local,3rd Class,325,279,290,322,96.21
2024-08-27,Colombo Fort - Anuradhapura,Slow/Local,1st Class,25,22,30,24,73.33
2024-08-27,Colombo Fort - Anuradhapura,Slow/Local,2nd Class,150,125,180,147,69.44
2024-08-27,Colombo Fort - Anuradhapura,Slow/Local,3rd Class,325,276,290,325,95.17
2024-08-27,Colombo Fort - Badulla,Slow/Local,1st Class,25,22,30,22,73.33
2024-08-27,Colombo Fort - Badulla,Slow/Local,2nd Class,150,125,180,133,69.44
2024-08-27,Colombo Fort - Badulla,Slow/Local,3rd Class,325,274,290,275,94.48
2024-08-27,Colombo Fort - Batticaloa,Intercity,1st Class,37,30,44,31,68.18
2024-08-27,Colombo Fort - Batticaloa,Intercity,2nd Class,225,186,270,187,68.89
2024-08-27,Colombo Fort - Batticaloa,Intercity,3rd Class,487,402,435,423,92.41
2024-08-27,Colombo Fort - Galle,Express,1st Class,45,37,54,42,68.52
2024-08-27,Colombo Fort - Galle,Express,2nd Class,270,226,324,258,69.75
2024-08-27,Colombo Fort - Galle,Express,3rd Class,585,474,522,571,90.8
2024-08-27,Colombo Fort - Jaffna,Intercity,1st Class,37,31,44,37,70.45
2024-08-27,Colombo Fort - Jaffna,Intercity,2nd Class,225,189,270,225,70.0
2024-08-27,Colombo Fort - Jaffna,Intercity,3rd Class,487,400,435,463,91.95
2024-08-27,Colombo Fort - Jaffna,Slow/Local,1st Class,25,21,30,22,70.0
2024-08-27,Colombo Fort - Jaffna,Slow/Local,2nd Class,150,125,180,128,69.44
2024-08-27,Colombo Fort - Jaffna,Slow/Local,3rd Class,325,281,290,270,96.9
2024-08-27,Colombo Fort - Matara,Express,1st Class,45,35,54,34,64.81
2024-08-27,Colombo Fort - Matara,Express,2nd Class,270,223,324,213,68.83
2024-08-27,Colombo Fort - Matara,Express,3rd Class,585,486,522,460,93.1
2024-08-27,Colombo Fort - Matara,Intercity,1st Class,37,30,44,29,68.18
2024-08-27,Colombo Fort - Matara,Intercity,2nd Class,225,187,270,155,69.26
2024-08-27,Colombo Fort - Matara,Intercity,3rd Class,487,387,435,355,88.97
2024-08-27,Colombo Fort - Puttalam,Express,1st Class,45,35,54,28,64.81
2024-08-27,Colombo Fort - Puttalam,Express,2nd Class,270,216,324,181,66.67
2024-08-27,Colombo Fort - Puttalam,Express,3rd Class,585,507,522,374,97.13
2024-08-27,Colombo Fort - Vavuniya,Night Mail,1st Class,32,27,38,28,71.05
2024-08-27,Colombo Fort - Vavuniya,Night Mail,2nd Class,195,161,234,177,68.8
2024-08-27,Colombo Fort - Vavuniya,Night Mail,3rd Class,422,365,377,367,96.82
2024-08-27,Colombo Fort - Vavuniya,Slow/Local,1st Class,25,21,30,20,70.0
2024-08-27,Colombo Fort - Vavuniya,Slow/Local,2nd Class,150,125,180,114,69.44
2024-08-27,Colombo Fort - Vavuniya,Slow/Local,3rd Class,325,262,290,247,90.34
2024-08-27,Kandy - Badulla,Express,1st Class,45,37,54,41,68.52
2024-08-27,Kandy - Badulla,Express,2nd Class,270,222,324,264,68.52
2024-08-27,Kandy - Badulla,Express,3rd Class,585,488,522,583,93.49
2024-08-27,Maradana - Avissawella,Express,1st Class,45,35,54,35,64.81
2024-08-27,Maradana - Avissawella,Express,2nd Class,270,217,324,197,66.98
2024-08-27,Maradana - Avissawella,Express,3rd Class,585,464,522,421,88.89
2024-08-27,Maradana - Avissawella,Intercity,1st Class,37,29,44,37,65.91
2024-08-27,Maradana - Avissawella,Intercity,2nd Class,225,184,270,204,68.15
2024-08-27,Maradana - Avissawella,Intercity,3rd Class,487,372,435,477,85.52
2024-08-28,Colombo Fort - Anuradhapura,Intercity,1st Class,37,31,44,28,70.45
2024-08-28,Colombo Fort - Anuradhapura,Intercity,2nd Class,225,188,270,175,69.63
2024-08-28,Colombo Fort - Anuradhapura,Intercity,3rd Class,487,405,435,375,93.1
2024-08-28,Colombo Fort - Kandy,Intercity,1st Class,37,31,44,35,70.45
2024-08-28,Colombo Fort - Kandy,Intercity,2nd Class,225,185,270,223,68.52
2024-08-28,Colombo Fort - Kandy,Intercity,3rd Class,487,390,435,487,89.66
2024-08-28,Colombo Fort - Kurunegala,Intercity,1st Class,37,31,44,28,70.45
2024-08-28,Colombo Fort - Kurunegala,Intercity,2nd Class,225,189,270,195,70.0
2024-08-28,Colombo Fort - Kurunegala,Intercity,3rd Class,487,419,435,416,96.32
2024-08-28,Colombo Fort - Kurunegala,Night Mail,1st Class,32,27,38,32,71.05
2024-08-28,Colombo Fort - Kurunegala,Night Mail,2nd Class,195,166,234,185,70.94
2024-08-28,Colombo Fort - Kurunegala,Night Mail,3rd Class,422,359,377,396,95.23
2024-08-28,Colombo Fort - Matara,Intercity,1st Class,37,30,44,26,68.18
2024-08-28,Colombo Fort - Matara,Intercity,2nd Class,225,171,270,145,63.33
2024-08-28,Colombo Fort - Matara,Intercity,3rd Class,487,391,435,347,89.89
2024-08-28,Colombo Fort - Trincomalee,Slow/Local,1st Class,25,21,30,20,70.0
2024-08-28,Colombo Fort - Trincomalee,Slow/Local,2nd Class,150,123,180,116,68.33
2024-08-28,Colombo Fort - Trincomalee,Slow/Local,3rd Class,325,271,290,239,93.45
2024-08-28,Colombo Fort - Vavuniya,Slow/Local,1st Class,25,20,30,25,66.67
2024-08-28,Colombo Fort - Vavuniya,Slow/Local,2nd Class,150,121,180,150,67.22
2024-08-28,Colombo Fort - Vavuniya,Slow/Local,3rd Class,325,261,290,313,90.0
2024-08-28,Kandy - Badulla,Intercity,1st Class,37,31,44,35,70.45
2024-08-28,Kandy - Badulla,Intercity,2nd Class,225,187,270,225,69.26
2024-08-28,Kandy - Badulla,Intercity,3rd Class,487,396,435,480,91.03
2024-08-28,Maradana - Avissawella,Express,1st Class,45,36,54,43,66.67
2024-08-28,Maradana - Avissawella,Express,2nd Class,270,218,324,268,67.28
2024-08-28,Maradana - Avissawella,Express,3rd Class,585,463,522,567,88.7
2024-08-28,Maradana - Avissawella,Intercity,1st Class,37,30,44,37,68.18
2024-08-28,Maradana - Avissawella,Intercity,2nd Class,225,186,270,223,68.89
2024-08-28,Maradana - Avissawella,Intercity,3rd Class,487,370,435,482,85.06
2024-08-29,Colombo Fort - Anuradhapura,Slow/Local,1st Class,25,22,30,25,73.33
2024-08-29,Colombo Fort - Anuradhapura,Slow/Local,2nd Class,150,129,180,144,71.67
2024-08-29,Colombo Fort - Anuradhapura,Slow/Local,3rd Class,325,282,290,325,97.24
2024-08-29,Colombo Fort - Badulla,Intercity,1st Class,37,29,44,29,65.91
2024-08-29,Colombo Fort - Badulla,Intercity,2nd Class,225,187,270,186,69.26
2024-08-29,Colombo Fort - Badulla,Intercity,3rd Class,487,392,435,427,90.11
2024-08-29,Colombo Fort - Batticaloa,Slow/Local,1st Class,25,20,30,24,66.67
2024-08-29,Colombo Fort - Batticaloa,Slow/Local,2nd Class,150,120,180,150,66.67
2024-08-29,Colombo Fort - Batticaloa,Slow/Local,3rd Class,325,279,290,320,96.21
2024-08-29,Colombo Fort - Jaffna,Slow/Local,1st Class,25,22,30,25,73.33
2024-08-29,Colombo Fort - Jaffna,Slow/Local,2nd Class,150,125,180,150,69.44
2024-08-29,Colombo Fort - Jaffna,Slow/Local,3rd Class,325,277,290,325,95.52
2024-08-29,Colombo Fort - Kandy,Intercity,1st Class,37,31,44,37,70.45
2024-08-29,Colombo Fort - Kandy,Intercity,2nd Class,225,186,270,218,68.89
2024-08-29,Colombo Fort - Kandy,Intercity,3rd Class,487,400,435,456,91.95
2024-08-29,Colombo Fort - Matara,Express,1st Class,45,37,54,45,68.52
2024-08-29,Colombo Fort - Matara,Express,2nd Class,270,225,324,267,69.44
2024-08-29,Colombo Fort - Matara,Express,3rd Class,585,456,522,585,87.36
2024-08-29,Colombo Fort - Negombo,Intercity,1st Class,37,30,44,37,68.18
2024-08-29,Colombo Fort - Negombo,Intercity,2nd Class,225,187,270,225,69.26
2024-08-29,Colombo Fort - Negombo,Intercity,3rd Class,487,394,435,465,90.57
2024-08-29,Colombo Fort - Ratnapura,Slow/Local,1st Class,25,22,30,23,73.33
2024-08-29,Colombo Fort - Ratnapura,Slow/Local,2nd Class,150,125,180,147,69.44
2024-08-29,Colombo Fort - Ratnapura,Slow/Local,3rd Class,325,277,290,325,95.52
2024-08-29,Colombo Fort - Vavuniya,Night Mail,1st Class,32,28,38,30,73.68
2024-08-29,Colombo Fort - Vavuniya,Night Mail,2nd Class,195,168,234,185,71.79
2024-08-29,Colombo Fort - Vavuniya,Night Mail,3rd Class,422,366,377,402,97.08
2024-08-29,Kandy - Badulla,Express,1st Class,45,38,54,38,70.37
2024-08-29,Kandy - Badulla,Express,2nd Class,270,225,324,252,69.44
2024-08-29,Kandy - Badulla,Express,3rd Class,585,479,522,517,91.76
2024-08-29,Kandy - Badulla,Night Mail,1st Class,32,26,38,31,68.42
2024-08-29,Kandy - Badulla,Night Mail,2nd Class,195,171,234,181,73.08
2024-08-29,Kandy - Badulla,Night Mail,3rd Class,422,352,377,389,93.37
2024-08-29,Maradana - Avissawella,Express,1st Class,45,37,54,44,68.52
2024-08-29,Maradana - Avissawella,Express,2nd Class,270,220,324,266,67.9
2024-08-29,Maradana - Avissawella,Express,3rd Class,585,475,522,585,91.0
2024-08-30,Colombo Fort - Badulla,Intercity,1st Class,37,34,34,33,100.0
2024-08-30,Colombo Fort - Badulla,Intercity,2nd Class,225,198,198,203,100.0
2024-08-30,Colombo Fort - Badulla,Intercity,3rd Class,487,444,517,487,85.88
2024-08-30,Colombo Fort - Badulla,Night Mail,1st Class,32,28,38,32,73.68
2024-08-30,Colombo Fort - Badulla,Night Mail,2nd Class,195,175,234,185,74.79
2024-08-30,Colombo Fort - Badulla,Night Mail,3rd Class,422,375,377,412,99.47
2024-08-30,Colombo Fort - Badulla,Slow/Local,1st Class,25,22,22,18,100.0
2024-08-30,Colombo Fort - Badulla,Slow/Local,2nd Class,150,137,137,114,100.0
2024-08-30,Colombo Fort - Badulla,Slow/Local,3rd Class,325,300,341,259,87.98
2024-08-30,Colombo Fort - Galle,Express,1st Class,45,39,39,33,100.0
2024-08-30,Colombo Fort - Galle,Express,2nd Class,270,244,244,221,100.0
2024-08-30,Colombo Fort - Galle,Express,3rd Class,585,529,617,471,85.74
2024-08-30,Colombo Fort - Galle,Intercity,1st Class,37,34,34,29,100.0
2024-08-30,Colombo Fort - Galle,Intercity,2nd Class,225,201,201,174,100.0
2024-08-30,Colombo Fort - Galle,Intercity,3rd Class,487,439,514,395,85.41
2024-08-30,Colombo Fort - Jaffna,Intercity,1st Class,37,34,44,37,77.27
2024-08-30,Colombo Fort - Jaffna,Intercity,2nd Class,225,201,270,203,74.44
2024-08-30,Colombo Fort - Jaffna,Intercity,3rd Class,487,434,435,455,99.77
2024-08-30,Colombo Fort - Puttalam,Intercity,1st Class,37,35,35,37,100.0
2024-08-30,Colombo Fort - Puttalam,Intercity,2nd Class,225,201,201,225,100.0
2024-08-30,Colombo Fort - Puttalam,Intercity,3rd Class,487,438,513,487,85.38
2024-08-30,Colombo Fort - Ratnapura,Slow/Local,1st Class,25,22,22,19,100.0
2024-08-30,Colombo Fort - Ratnapura,Slow/Local,2nd Class,150,137,137,126,100.0
2024-08-30,Colombo Fort - Ratnapura,Slow/Local,3rd Class,325,296,341,260,86.8
2024-08-30,Colombo Fort - Trincomalee,Night Mail,1st Class,32,29,29,29,100.0
2024-08-30,Colombo Fort - Trincomalee,Night Mail,2nd Class,195,181,181,191,100.0
2024-08-30,Colombo Fort - Trincomalee,Night Mail,3rd Class,422,393,439,422,89.52
2024-08-30,Colombo Fort - Vavuniya,Express,1st Class,45,41,54,43,75.93
2024-08-30,Colombo Fort - Vavuniya,Express,2nd Class,270,241,324,233,74.38
2024-08-30,Colombo Fort - Vavuniya,Express,3rd Class,585,522,522,516,100.0
2024-08-30,Colombo Fort - Vavuniya,Intercity,1st Class,37,34,34,37,100.0
2024-08-30,Colombo Fort - Vavuniya,Intercity,2nd Class,225,199,199,211,100.0
2024-08-30,Colombo Fort - Vavuniya,Intercity,3rd Class,487,463,516,487,89.73
2024-08-30,Kandy - Badulla,Intercity,1st Class,37,34,34,36,100.0
2024-08-30,Kandy - Badulla,Intercity,2nd Class,225,206,206,223,100.0
2024-08-30,Kandy - Badulla,Intercity,3rd Class,487,444,509,460,87.23
2024-08-31,Colombo Fort - Anuradhapura,Intercity,1st Class,37,33,44,37,75.0
2024-08-31,Colombo Fort - Anuradhapura,Intercity,2nd Class,225,202,270,220,74.81
2024-08-31,Colombo Fort - Anuradhapura,Intercity,3rd Class,487,431,435,478,99.08
2024-08-31,Colombo Fort - Galle,Express,1st Class,45,39,54,45,72.22
2024-08-31,Colombo Fort - Galle,Express,2nd Class,270,241,324,269,74.38
2024-08-31,Colombo Fort - Galle,Express,3rd Class,585,511,522,585,97.89
2024-08-31,Colombo Fort - Galle,Slow/Local,1st Class,25,22,30,25,73.33
2024-08-31,Colombo Fort - Galle,Slow/Local,2nd Class,150,144,180,147,80.0
2024-08-31,Colombo Fort - Galle,Slow/Local,3rd Class,325,290,290,315,100.0
2024-08-31,Colombo Fort - Kurunegala,Express,1st Class,45,38,54,45,70.37
2024-08-31,Colombo Fort - Kurunegala,Express,2nd Class,270,233,324,261,71.91
2024-08-31,Colombo Fort - Kurunegala,Express,3rd Class,585,478,522,585,91.57
2024-08-31,Colombo Fort - Matara,Intercity,1st Class,37,32,32,33,100.0
2024-08-31,Colombo Fort - Matara,Intercity,2nd Class,225,198,198,206,100.0
2024-08-31,Colombo Fort - Matara,Intercity,3rd Class,487,437,519,440,84.2
2024-08-31,Colombo Fort - Negombo,Intercity,1st Class,37,33,44,37,75.0
2024-08-31,Colombo Fort - Negombo,Intercity,2nd Class,225,199,270,222,73.7
2024-08-31,Colombo Fort - Negombo,Intercity,3rd Class,487,426,435,487,97.93
2024-08-31,Colombo Fort - Negombo,Slow/Local,1st Class,25,21,21,25,100.0
2024-08-31,Colombo Fort - Negombo,Slow/Local,2nd Class,150,136,136,140,100.0
2024-08-31,Colombo Fort - Negombo,Slow/Local,3rd Class,325,292,343,325,85.13
2024-08-31,Colombo Fort - Ratnapura,Express,1st Class,45,40,54,36,74.07
2024-08-31,Colombo Fort - Ratnapura,Express,2nd Class,270,242,324,237,74.69
2024-08-31,Colombo Fort - Ratnapura,Express,3rd Class,585,496,522,479,95.02
2024-08-31,Colombo Fort - Ratnapura,Intercity,1st Class,37,36,36,34,100.0
2024-08-31,Colombo Fort - Ratnapura,Intercity,2nd Class,225,204,204,225,100.0
2024-08-31,Colombo Fort - Ratnapura,Intercity,3rd Class,487,436,509,468,85.66
2024-08-31,Colombo Fort - Vavuniya,Slow/Local,1st Class,25,22,22,24,100.0
2024-08-31,Colombo Fort - Vavuniya,Slow/Local,2nd Class,150,136,136,150,100.0
2024-08-31,Colombo Fort - Vavuniya,Slow/Local,3rd Class,325,294,342,314,85.96
2024-08-31,Kandy - Badulla,Express,1st Class,45,39,54,44,72.22
2024-08-31,Kandy - Badulla,Express,2nd Class,270,238,324,260,73.46
2024-08-31,Kandy - Badulla,Express,3rd Class,585,517,522,585,99.04
2024-08-31,Maradana - Avissawella,Slow/Local,1st Class,25,21,21,23,100.0
2024-08-31,Maradana - Avissawella,Slow/Local,2nd Class,150,137,137,150,100.0
2024-08-31,Maradana - Avissawella,Slow/Local,3rd Class,325,293,342,322,85.67
2024-09-01,Colombo Fort - Batticaloa,Slow/Local,1st Class,25,22,22,25,100.0
2024-09-01,Colombo Fort - Batticaloa,Slow/Local,2nd Class,150,135,135,150,100.0
2024-09-01,Colombo Fort - Batticaloa,Slow/Local,3rd Class,325,292,343,317,85.13
2024-09-01,Colombo Fort - Galle,Slow/Local,1st Class,25,21,30,25,70.0
2024-09-01,Colombo Fort - Galle,Slow/Local,2nd Class,150,140,180,143,77.78
2024-09-01,Colombo Fort - Galle,Slow/Local,3rd Class,325,286,290,296,98.62
2024-09-01,Colombo Fort - Jaffna,Slow/Local,1st Class,25,22,30,16,73.33
2024-09-01,Colombo Fort - Jaffna,Slow/Local,2nd Class,150,135,180,101,75.0
2024-09-01,Colombo Fort - Jaffna,Slow/Local,3rd Class,325,290,290,223,100.0
2024-09-01,Colombo Fort - Kandy,Intercity,1st Class,37,36,44,26,81.82
2024-09-01,Colombo Fort - Kandy,Intercity,2nd Class,225,199,270,159,73.7
2024-09-01,Colombo Fort - Kandy,Intercity,3rd Class,487,430,435,333,98.85
2024-09-01,Colombo Fort - Matara,Express,1st Class,45,40,54,43,74.07
2024-09-01,Colombo Fort - Matara,Express,2nd Class,270,224,324,270,69.14
2024-09-01,Colombo Fort - Matara,Express,3rd Class,585,519,522,585,99.43
2024-09-01,Colombo Fort - Matara,Slow/Local,1st Class,25,22,30,24,73.33
2024-09-01,Colombo Fort - Matara,Slow/Local,2nd Class,150,137,180,143,76.11
2024-09-01,Colombo Fort - Matara,Slow/Local,3rd Class,325,285,290,312,98.28
2024-09-01,Kandy - Badulla,Express,1st Class,45,39,54,45,72.22
2024-09-01,Kandy - Badulla,Express,2nd Class,270,231,324,269,71.3
2024-09-01,Kandy - Badulla,Express,3rd Class,585,505,522,585,96.74
2024-09-01,Kandy - Badulla,Intercity,1st Class,37,33,44,35,75.0
2024-09-01,Kandy - Badulla,Intercity,2nd Class,225,201,270,225,74.44
2024-09-01,Kandy - Badulla,Intercity,3rd Class,487,429,435,449,98.62
2024-09-02,Colombo Fort - Anuradhapura,Express,1st Class,45,37,54,29,68.52
2024-09-02,Colombo Fort - Anuradhapura,Express,2nd Class,270,215,324,169,66.36
2024-09-02,Colombo Fort - Anuradhapura,Express,3rd Class,585,503,522,334,96.36
2024-09-02,Colombo Fort - Badulla,Night Mail,1st Class,32,26,38,27,68.42
2024-09-02,Colombo Fort - Badulla,Night Mail,2nd Class,195,159,234,162,67.95
2024-09-02,Colombo Fort - Badulla,Night Mail,3rd Class,422,350,377,360,92.84
2024-09-02,Colombo Fort - Batticaloa,Slow/Local,1st Class,25,19,30,23,63.33
2024-09-02,Colombo Fort - Batticaloa,Slow/Local,2nd Class,150,119,180,130,66.11
2024-09-02,Colombo Fort - Batticaloa,Slow/Local,3rd Class,325,255,290,307,87.93
2024-09-02,Colombo Fort - Jaffna,Intercity,1st Class,37,30,44,36,68.18
2024-09-02,Colombo Fort - Jaffna,Intercity,2nd Class,225,188,270,208,69.63
2024-09-02,Colombo Fort - Jaffna,Intercity,3rd Class,487,396,435,442,91.03
2024-09-02,Colombo Fort - Kandy,Night Mail,1st Class,32,26,38,22,68.42
2024-09-02,Colombo Fort - Kandy,Night Mail,2nd Class,195,158,234,131,67.52
2024-09-02,Colombo Fort - Kandy,Night Mail,3rd Class,422,351,377,277,93.1
2024-09-02,Colombo Fort - Kurunegala,Intercity,1st Class,37,30,44,31,68.18
2024-09-02,Colombo Fort - Kurunegala,Intercity,2nd Class,225,182,270,195,67.41
2024-09-02,Colombo Fort - Kurunegala,Intercity,3rd Class,487,380,435,407,87.36
2024-09-02,Colombo Fort - Negombo,Slow/Local,1st Class,25,19,30,25,63.33
2024-09-02,Colombo Fort - Negombo,Slow/Local,2nd Class,150,118,180,145,65.56
2024-09-02,Colombo Fort - Negombo,Slow/Local,3rd Class,325,255,290,325,87.93
2024-09-02,Colombo Fort - Puttalam,Express,1st Class,45,36,54,36,66.67
2024-09-02,Colombo Fort - Puttalam,Express,2nd Class,270,213,324,217,65.74
2024-09-02,Colombo Fort - Puttalam,Express,3rd Class,585,466,522,411,89.27
2024-09-02,Colombo Fort - Ratnapura,Intercity,1st Class,37,30,44,30,68.18
2024-09-02,Colombo Fort - Ratnapura,Intercity,2nd Class,225,195,270,176,72.22
2024-09-02,Colombo Fort - Ratnapura,Intercity,3rd Class,487,356,435,352,81.84
2024-09-02,Colombo Fort - Ratnapura,Slow/Local,1st Class,25,19,30,25,63.33
2024-09-02,Colombo Fort - Ratnapura,Slow/Local,2nd Class,150,117,180,150,65.0
2024-09-02,Colombo Fort - Ratnapura,Slow/Local,3rd Class,325,251,290,296,86.55
2024-09-02,Colombo Fort - Trincomalee,Express,1st Class,45,37,54,35,68.52
2024-09-02,Colombo Fort - Trincomalee,Express,2nd Class,270,216,324,195,66.67
2024-09-02,Colombo Fort - Trincomalee,Express,3rd Class,585,486,522,494,93.1
2024-09-02,Colombo Fort - Trincomalee,Intercity,1st Class,37,30,44,30,68.18
2024-09-02,Colombo Fort - Trincomalee,Intercity,2nd Class,225,185,270,193,68.52
2024-09-02,Colombo Fort - Trincomalee,Intercity,3rd Class,487,411,435,419,94.48
2024-09-02,Colombo Fort - Vavuniya,Express,1st Class,45,36,54,31,66.67
2024-09-02,Colombo Fort - Vavuniya,Express,2nd Class,270,218,324,187,67.28
2024-09-02,Colombo Fort - Vavuniya,Express,3rd Class,585,478,522,386,91.57
2024-09-02,Colombo Fort - Vavuniya,Slow/Local,1st Class,25,19,30,24,63.33
2024-09-02,Colombo Fort - Vavuniya,Slow/Local,2nd Class,150,119,180,140,66.11
2024-09-02,Colombo Fort - Vavuniya,Slow/Local,3rd Class,325,257,290,288,88.62
2024-09-02,Kandy - Badulla,Express,1st Class,45,36,54,27,66.67
2024-09-02,Kandy - Badulla,Express,2nd Class,270,223,324,187,68.83
2024-09-02,Kandy - Badulla,Express,3rd Class,585,465,522,388,89.08
2024-09-03,Colombo Fort - Galle,Intercity,1st Class,37,30,44,32,68.18
2024-09-03,Colombo Fort - Galle,Intercity,2nd Class,225,181,270,202,67.04
2024-09-03,Colombo Fort - Galle,Intercity,3rd Class,487,384,435,462,88.28
2024-09-03,Colombo Fort - Jaffna,Express,1st Class,45,35,54,36,64.81
2024-09-03,Colombo Fort - Jaffna,Express,2nd Class,270,209,324,221,64.51
2024-09-03,Colombo Fort - Jaffna,Express,3rd Class,585,476,522,447,91.19
2024-09-03,Colombo Fort - Kandy,Slow/Local,1st Class,25,18,18,19,100.0
2024-09-03,Colombo Fort - Kandy,Slow/Local,2nd Class,150,120,180,108,66.67
2024-09-03,Colombo Fort - Kandy,Slow/Local,3rd Class,325,261,302,232,86.42
2024-09-03,Colombo Fort - Negombo,Intercity,1st Class,37,29,44,30,65.91
2024-09-03,Colombo Fort - Negombo,Intercity,2nd Class,225,180,270,199,66.67
2024-09-03,Colombo Fort - Negombo,Intercity,3rd Class,487,366,435,387,84.14
2024-09-03,Colombo Fort - Ratnapura,Intercity,1st Class,37,30,44,32,68.18
2024-09-03,Colombo Fort - Ratnapura,Intercity,2nd Class,225,189,270,187,70.0
2024-09-03,Colombo Fort - Ratnapura,Intercity,3rd Class,487,367,435,433,84.37
2024-09-03,Colombo Fort - Vavuniya,Intercity,1st Class,37,28,44,27,63.64
2024-09-03,Colombo Fort - Vavuniya,Intercity,2nd Class,225,181,270,168,67.04
2024-09-03,Colombo Fort - Vavuniya,Intercity,3rd Class,487,382,435,342,87.82
2024-09-03,Kandy - Badulla,Night Mail,1st Class,32,26,38,24,68.42
2024-09-03,Kandy - Badulla,Night Mail,2nd Class,195,159,234,145,67.95
2024-09-03,Kandy - Badulla,Night Mail,3rd Class,422,348,377,307,92.31
2024-09-03,Maradana - Avissawella,Slow/Local,1st Class,25,19,30,18,63.33
2024-09-03,Maradana - Avissawella,Slow/Local,2nd Class,150,118,180,111,65.56
2024-09-03,Maradana - Avissawella,Slow/Local,3rd Class,325,256,290,219,88.28
2024-09-04,Colombo Fort - Anuradhapura,Intercity,1st Class,37,30,44,27,68.18
2024-09-04,Colombo Fort - Anuradhapura,Intercity,2nd Class,225,184,270,177,68.15
2024-09-04,Colombo Fort - Anuradhapura,Intercity,3rd Class,487,378,435,401,86.9
2024-09-04,Colombo Fort - Galle,Slow/Local,1st Class,25,19,30,22,63.33
2024-09-04,Colombo Fort - Galle,Slow/Local,2nd Class,150,123,180,138,68.33
2024-09-04,Colombo Fort - Galle,Slow/Local,3rd Class,325,269,290,262,92.76
2024-09-04,Colombo Fort - Jaffna,Intercity,1st Class,37,30,44,22,68.18
2024-09-04,Colombo Fort - Jaffna,Intercity,2nd Class,225,187,270,111,69.26
2024-09-04,Colombo Fort - Jaffna,Intercity,3rd Class,487,388,435,288,89.2
2024-09-04,Colombo Fort - Jaffna,Slow/Local,1st Class,25,18,18,17,100.0
2024-09-04,Colombo Fort - Jaffna,Slow/Local,2nd Class,150,115,180,92,63.89
2024-09-04,Colombo Fort - Jaffna,Slow/Local,3rd Class,325,248,302,199,82.12
2024-09-04,Colombo Fort - Kandy,Slow/Local,1st Class,25,18,18,20,100.0
2024-09-04,Colombo Fort - Kandy,Slow/Local,2nd Class,150,115,180,126,63.89
2024-09-04,Colombo Fort - Kandy,Slow/Local,3rd Class,325,251,302,281,83.11
2024-09-04,Colombo Fort - Kurunegala,Express,1st Class,45,36,54,43,66.67
2024-09-04,Colombo Fort - Kurunegala,Express,2nd Class,270,214,324,248,66.05
2024-09-04,Colombo Fort - Kurunegala,Express,3rd Class,585,466,522,585,89.27
2024-09-04,Colombo Fort - Matara,Intercity,1st Class,37,30,44,27,68.18
2024-09-04,Colombo Fort - Matara,Intercity,2nd Class,225,180,270,148,66.67
2024-09-04,Colombo Fort - Matara,Intercity,3rd Class,487,374,435,301,85.98
2024-09-04,Colombo Fort - Matara,Night Mail,1st Class,32,27,38,24,71.05
2024-09-04,Colombo Fort - Matara,Night Mail,2nd Class,195,164,234,157,70.09
2024-09-04,Colombo Fort - Matara,Night Mail,3rd Class,422,343,377,336,90.98
2024-09-04,Colombo Fort - Negombo,Night Mail,1st Class,32,27,38,23,71.05
2024-09-04,Colombo Fort - Negombo,Night Mail,2nd Class,195,166,234,132,70.94
2024-09-04,Colombo Fort - Negombo,Night Mail,3rd Class,422,350,377,317,92.84
2024-09-04,Colombo Fort - Puttalam,Intercity,1st Class,37,30,44,31,68.18
2024-09-04,Colombo Fort - Puttalam,Intercity,2nd Class,225,185,270,173,68.52
2024-09-04,Colombo Fort - Puttalam,Intercity,3rd Class,487,378,435,392,86.9
2024-09-04,Colombo Fort - Vavuniya,Intercity,1st Class,37,30,44,26,68.18
2024-09-04,Colombo Fort - Vavuniya,Intercity,2nd Class,225,179,270,170,66.3
2024-09-04,Colombo Fort - Vavuniya,Intercity,3rd Class,487,364,435,345,83.68
2024-09-04,Colombo Fort - Vavuniya,Slow/Local,1st Class,25,18,18,21,100.0
2024-09-04,Colombo Fort - Vavuniya,Slow/Local,2nd Class,150,115,180,133,63.89
2024-09-04,Colombo Fort - Vavuniya,Slow/Local,3rd Class,325,254,302,263,84.11
2024-09-04,Maradana - Avissawella,Intercity,1st Class,37,30,44,26,68.18
2024-09-04,Maradana - Avissawella,Intercity,2nd Class,225,180,270,173,66.67
2024-09-04,Maradana - Avissawella,Intercity,3rd Class,487,360,435,398,82.76
2024-09-04,Maradana - Avissawella,Slow/Local,1st Class,25,18,18,20,100.0
2024-09-04,Maradana - Avissawella,Slow/Local,2nd Class,150,113,180,119,62.78
2024-09-04,Maradana - Avissawella,Slow/Local,3rd Class,325,250,302,263,82.78
2024-09-05,Colombo Fort - Anuradhapura,Intercity,1st Class,37,30,44,29,68.18
2024-09-05,Colombo Fort - Anuradhapura,Intercity,2nd Class,225,185,270,169,68.52
2024-09-05,Colombo Fort - Anuradhapura,Intercity,3rd Class,487,410,435,342,94.25
2024-09-05,Colombo Fort - Badulla,Express,1st Class,45,37,54,41,68.52
2024-09-05,Colombo Fort - Badulla,Express,2nd Class,270,211,324,251,65.12
2024-09-05,Colombo Fort - Badulla,Express,3rd Class,585,476,522,505,91.19
2024-09-05,Colombo Fort - Galle,Intercity,1st Class,37,30,44,36,68.18
2024-09-05,Colombo Fort - Galle,Intercity,2nd Class,225,183,270,225,67.78
2024-09-05,Colombo Fort - Galle,Intercity,3rd Class,487,397,435,464,91.26
2024-09-05,Colombo Fort - Galle,Night Mail,1st Class,32,28,38,28,73.68
2024-09-05,Colombo Fort - Galle,Night Mail,2nd Class,195,164,234,193,70.09
2024-09-05,Colombo Fort - Galle,Night Mail,3rd Class,422,345,377,422,91.51
2024-09-05,Colombo Fort - Kurunegala,Express,1st Class,45,36,54,35,66.67
2024-09-05,Colombo Fort - Kurunegala,Express,2nd Class,270,222,324,202,68.52
2024-09-05,Colombo Fort - Kurunegala,Express,3rd Class,585,450,522,513,86.21
2024-09-05,Colombo Fort - Puttalam,Express,1st Class,45,36,54,29,66.67
2024-09-05,Colombo Fort - Puttalam,Express,2nd Class,270,216,324,194,66.67
2024-09-05,Colombo Fort - Puttalam,Express,3rd Class,585,476,522,424,91.19
2024-09-05,Colombo Fort - Puttalam,Intercity,1st Class,37,30,44,24,68.18
2024-09-05,Colombo Fort - Puttalam,Intercity,2nd Class,225,180,270,155,66.67
2024-09-05,Colombo Fort - Puttalam,Intercity,3rd Class,487,376,435,308,86.44
2024-09-05,Colombo Fort - Ratnapura,Slow/Local,1st Class,25,19,30,20,63.33
2024-09-05,Colombo Fort - Ratnapura,Slow/Local,2nd Class,150,119,180,130,66.11
2024-09-05,Colombo Fort - Ratnapura,Slow/Local,3rd Class,325,255,290,275,87.93
2024-09-06,Colombo Fort - Anuradhapura,Slow/Local,1st Class,25,22,22,24,100.0
2024-09-06,Colombo Fort - Anuradhapura,Slow/Local,2nd Class,150,136,136,138,100.0
2024-09-06,Colombo Fort - Anuradhapura,Slow/Local,3rd Class,325,292,342,325,85.38
2024-09-06,Colombo Fort - Badulla,Slow/Local,1st Class,25,22,22,25,100.0
2024-09-06,Colombo Fort - Badulla,Slow/Local,2nd Class,150,135,135,150,100.0
2024-09-06,Colombo Fort - Badulla,Slow/Local,3rd Class,325,299,343,325,87.17
2024-09-06,Colombo Fort - Kandy,Intercity,1st Class,37,34,44,34,77.27
2024-09-06,Colombo Fort - Kandy,Intercity,2nd Class,225,196,270,207,72.59
2024-09-06,Colombo Fort - Kandy,Intercity,3rd Class,487,429,435,423,98.62
2024-09-06,Colombo Fort - Kurunegala,Express,1st Class,45,38,54,39,70.37
2024-09-06,Colombo Fort - Kurunegala,Express,2nd Class,270,228,324,235,70.37
2024-09-06,Colombo Fort - Kurunegala,Express,3rd Class,585,432,522,511,82.76
2024-09-06,Colombo Fort - Kurunegala,Slow/Local,1st Class,25,22,30,25,73.33
2024-09-06,Colombo Fort - Kurunegala,Slow/Local,2nd Class,150,132,180,139,73.33
2024-09-06,Colombo Fort - Kurunegala,Slow/Local,3rd Class,325,284,290,291,97.93
2024-09-06,Colombo Fort - Negombo,Slow/Local,1st Class,25,21,21,21,100.0
2024-09-06,Colombo Fort - Negombo,Slow/Local,2nd Class,150,135,135,120,100.0
2024-09-06,Colombo Fort - Negombo,Slow/Local,3rd Class,325,293,344,290,85.17
2024-09-06,Colombo Fort - Puttalam,Intercity,1st Class,37,31,44,33,70.45
2024-09-06,Colombo Fort - Puttalam,Intercity,2nd Class,225,189,270,199,70.0
2024-09-06,Colombo Fort - Puttalam,Intercity,3rd Class,487,435,435,457,100.0
2024-09-06,Colombo Fort - Vavuniya,Intercity,1st Class,37,32,44,33,72.73
2024-09-06,Colombo Fort - Vavuniya,Intercity,2nd Class,225,196,270,200,72.59
2024-09-06,Colombo Fort - Vavuniya,Intercity,3rd Class,487,426,435,466,97.93
2024-09-06,Maradana - Avissawella,Express,1st Class,45,39,39,39,100.0
2024-09-06,Maradana - Avissawella,Express,2nd Class,270,228,228,250,100.0
2024-09-06,Maradana - Avissawella,Express,3rd Class,585,533,633,486,84.2
2024-09-06,Maradana - Avissawella,Intercity,1st Class,37,35,44,37,79.55
2024-09-06,Maradana - Avissawella,Intercity,2nd Class,225,195,270,225,72.22
2024-09-06,Maradana - Avissawella,Intercity,3rd Class,487,409,435,484,94.02
2024-09-07,Colombo Fort - Anuradhapura,Intercity,1st Class,37,33,44,33,75.0
2024-09-07,Colombo Fort - Anuradhapura,Intercity,2nd Class,225,199,270,221,73.7
2024-09-07,Colombo Fort - Anuradhapura,Intercity,3rd Class,487,430,435,430,98.85
2024-09-07,Colombo Fort - Galle,Express,1st Class,45,39,54,43,72.22
2024-09-07,Colombo Fort - Galle,Express,2nd Class,270,226,324,234,69.75
2024-09-07,Colombo Fort - Galle,Express,3rd Class,585,477,522,526,91.38
2024-09-07,Colombo Fort - Galle,Slow/Local,1st Class,25,22,30,22,73.33
2024-09-07,Colombo Fort - Galle,Slow/Local,2nd Class,150,142,180,126,78.89
2024-09-07,Colombo Fort - Galle,Slow/Local,3rd Class,325,288,290,255,99.31
2024-09-07,Colombo Fort - Matara,Slow/Local,1st Class,25,22,22,24,100.0
2024-09-07,Colombo Fort - Matara,Slow/Local,2nd Class,150,137,137,150,100.0
2024-09-07,Colombo Fort - Matara,Slow/Local,3rd Class,325,294,341,302,86.22
2024-09-07,Colombo Fort - Negombo,Night Mail,1st Class,32,28,28,24,100.0
2024-09-07,Colombo Fort - Negombo,Night Mail,2nd Class,195,178,178,169,100.0
2024-09-07,Colombo Fort - Negombo,Night Mail,3rd Class,422,380,443,360,85.78
2024-09-07,Colombo Fort - Negombo,Slow/Local,1st Class,25,22,22,24,100.0
2024-09-07,Colombo Fort - Negombo,Slow/Local,2nd Class,150,135,135,150,100.0
2024-09-07,Colombo Fort - Negombo,Slow/Local,3rd Class,325,294,343,325,85.71
2024-09-07,Colombo Fort - Ratnapura,Express,1st Class,45,39,54,42,72.22
2024-09-07,Colombo Fort - Ratnapura,Express,2nd Class,270,239,324,270,73.77
2024-09-07,Colombo Fort - Ratnapura,Express,3rd Class,585,455,522,572,87.16
2024-09-07,Colombo Fort - Ratnapura,Slow/Local,1st Class,25,22,22,25,100.0
2024-09-07,Colombo Fort - Ratnapura,Slow/Local,2nd Class,150,135,135,147,100.0
2024-09-07,Colombo Fort - Ratnapura,Slow/Local,3rd Class,325,294,343,323,85.71
2024-09-07,Colombo Fort - Trincomalee,Express,1st Class,45,39,54,40,72.22
2024-09-07,Colombo Fort - Trincomalee,Express,2nd Class,270,228,324,240,70.37
2024-09-07,Colombo Fort - Trincomalee,Express,3rd Class,585,508,522,525,97.32
2024-09-07,Colombo Fort - Trincomalee,Slow/Local,1st Class,25,22,30,19,73.33
2024-09-07,Colombo Fort - Trincomalee,Slow/Local,2nd Class,150,134,180,103,74.44
2024-09-07,Colombo Fort - Trincomalee,Slow/Local,3rd Class,325,290,290,218,100.0
2024-09-07,Colombo Fort - Vavuniya,Intercity,1st Class,37,33,44,37,75.0
2024-09-07,Colombo Fort - Vavuniya,Intercity,2nd Class,225,199,270,215,73.7
2024-09-07,Colombo Fort - Vavuniya,Intercity,3rd Class,487,428,435,456,98.39
2024-09-07,Colombo Fort - Vavuniya,Slow/Local,1st Class,25,22,22,24,100.0
2024-09-07,Colombo Fort - Vavuniya,Slow/Local,2nd Class,150,136,136,145,100.0
2024-09-07,Colombo Fort - Vavuniya,Slow/Local,3rd Class,325,300,342,323,87.72
2024-09-07,Kandy - Badulla,Express,1st Class,45,39,54,45,72.22
2024-09-07,Kandy - Badulla,Express,2nd Class,270,227,324,270,70.06
2024-09-07,Kandy - Badulla,Express,3rd Class,585,464,522,565,88.89
2024-09-07,Kandy - Badulla,Slow/Local,1st Class,25,22,22,17,100.0
2024-09-07,Kandy - Badulla,Slow/Local,2nd Class,150,136,136,88,100.0
2024-09-07,Kandy - Badulla,Slow/Local,3rd Class,325,300,342,203,87.72
2024-09-08,Colombo Fort - Anuradhapura,Express,1st Class,45,41,54,41,75.93
2024-09-08,Colombo Fort - Anuradhapura,Express,2nd Class,270,238,324,247,73.46
2024-09-08,Colombo Fort - Anuradhapura,Express,3rd Class,585,508,522,546,97.32
2024-09-08,Colombo Fort - Kandy,Express,1st Class,45,40,40,36,100.0
2024-09-08,Colombo Fort - Kandy,Express,2nd Class,270,238,238,200,100.0
2024-09-08,Colombo Fort - Kandy,Express,3rd Class,585,523,622,406,84.08
2024-09-08,Colombo Fort - Kandy,Intercity,1st Class,37,36,44,25,81.82
2024-09-08,Colombo Fort - Kandy,Intercity,2nd Class,225,201,270,151,74.44
2024-09-08,Colombo Fort - Kandy,Intercity,3rd Class,487,434,435,375,99.77
2024-09-08,Colombo Fort - Kandy,Slow/Local,1st Class,25,23,23,23,100.0
2024-09-08,Colombo Fort - Kandy,Slow/Local,2nd Class,150,135,135,145,100.0
2024-09-08,Colombo Fort - Kandy,Slow/Local,3rd Class,325,294,342,322,85.96
2024-09-08,Colombo Fort - Kurunegala,Express,1st Class,45,38,54,36,70.37
2024-09-08,Colombo Fort - Kurunegala,Express,2nd Class,270,228,324,223,70.37
2024-09-08,Colombo Fort - Kurunegala,Express,3rd Class,585,447,522,459,85.63
2024-09-08,Colombo Fort - Negombo,Express,1st Class,45,38,54,45,70.37
2024-09-08,Colombo Fort - Negombo,Express,2nd Class,270,232,324,270,71.6
2024-09-08,Colombo Fort - Negombo,Express,3rd Class,585,459,522,585,87.93
2024-09-08,Colombo Fort - Puttalam,Express,1st Class,45,40,40,41,100.0
2024-09-08,Colombo Fort - Puttalam,Express,2nd Class,270,240,240,264,100.0
2024-09-08,Colombo Fort - Puttalam,Express,3rd Class,585,531,620,538,85.65
2024-09-08,Kandy - Badulla,Night Mail,1st Class,32,27,38,32,71.05
2024-09-08,Kandy - Badulla,Night Mail,2nd Class,195,171,234,195,73.08
2024-09-08,Kandy - Badulla,Night Mail,3rd Class,422,371,377,422,98.41
2024-09-08,Maradana - Avissawella,Express,1st Class,45,39,39,41,100.0
2024-09-08,Maradana - Avissawella,Express,2nd Class,270,228,228,234,100.0
2024-09-08,Maradana - Avissawella,Express,3rd Class,585,528,633,517,83.41
2024-09-08,Maradana - Avissawella,Slow/Local,1st Class,25,22,30,24,73.33
2024-09-08,Maradana - Avissawella,Slow/Local,2nd Class,150,135,180,150,75.0
2024-09-08,Maradana - Avissawella,Slow/Local,3rd Class,325,287,290,325,98.97
2024-09-09,Colombo Fort - Galle,Intercity,1st Class,37,30,44,31,68.18
2024-09-09,Colombo Fort - Galle,Intercity,2nd Class,225,182,270,208,67.41
2024-09-09,Colombo Fort - Galle,Intercity,3rd Class,487,390,435,380,89.66
2024-09-09,Colombo Fort - Jaffna,Intercity,1st Class,37,30,44,36,68.18
2024-09-09,Colombo Fort - Jaffna,Intercity,2nd Class,225,168,270,211,62.22
2024-09-09,Colombo Fort - Jaffna,Intercity,3rd Class,487,383,435,422,88.05
2024-09-09,Colombo Fort - Kandy,Express,1st Class,45,36,54,45,66.67
2024-09-09,Colombo Fort - Kandy,Express,2nd Class,270,212,324,266,65.43
2024-09-09,Colombo Fort - Kandy,Express,3rd Class,585,489,522,565,93.68
2024-09-09,Colombo Fort - Kandy,Slow/Local,1st Class,25,19,30,22,63.33
2024-09-09,Colombo Fort - Kandy,Slow/Local,2nd Class,150,119,180,127,66.11
2024-09-09,Colombo Fort - Kandy,Slow/Local,3rd Class,325,260,290,286,89.66
2024-09-09,Colombo Fort - Negombo,Slow/Local,1st Class,25,19,30,23,63.33
2024-09-09,Colombo Fort - Negombo,Slow/Local,2nd Class,150,118,180,130,65.56
2024-09-09,Colombo Fort - Negombo,Slow/Local,3rd Class,325,264,290,292,91.03
2024-09-09,Colombo Fort - Vavuniya,Intercity,1st Class,37,29,44,36,65.91
2024-09-09,Colombo Fort - Vavuniya,Intercity,2nd Class,225,178,270,214,65.93
2024-09-09,Colombo Fort - Vavuniya,Intercity,3rd Class,487,373,435,435,85.75
2024-09-09,Colombo Fort - Vavuniya,Slow/Local,1st Class,25,19,30,24,63.33
2024-09-09,Colombo Fort - Vavuniya,Slow/Local,2nd Class,150,118,180,147,65.56
2024-09-09,Colombo Fort - Vavuniya,Slow/Local,3rd Class,325,257,290,324,88.62
2024-09-09,Kandy - Badulla,Slow/Local,1st Class,25,19,30,25,63.33
2024-09-09,Kandy - Badulla,Slow/Local,2nd Class,150,114,180,146,63.33
2024-09-09,Kandy - Badulla,Slow/Local,3rd Class,325,257,290,317,88.62
2024-09-10,Colombo Fort - Anuradhapura,Intercity,1st Class,37,30,44,30,68.18
2024-09-10,Colombo Fort - Anuradhapura,Intercity,2nd Class,225,184,270,183,68.15
2024-09-10,Colombo Fort - Anuradhapura,Intercity,3rd Class,487,388,435,378,89.2
2024-09-10,Colombo Fort - Badulla,Night Mail,1st Class,32,27,38,15,71.05
2024-09-10,Colombo Fort - Badulla,Night Mail,2nd Class,195,162,234,84,69.23
2024-09-10,Colombo Fort - Badulla,Night Mail,3rd Class,422,351,377,178,93.1
2024-09-10,Colombo Fort - Badulla,Slow/Local,1st Class,25,18,18,24,100.0
2024-09-10,Colombo Fort - Badulla,Slow/Local,2nd Class,150,117,180,148,65.0
2024-09-10,Colombo Fort - Badulla,Slow/Local,3rd Class,325,253,302,325,83.77
2024-09-10,Colombo Fort - Batticaloa,Express,1st Class,45,36,54,28,66.67
2024-09-10,Colombo Fort - Batticaloa,Express,2nd Class,270,219,324,166,67.59
2024-09-10,Colombo Fort - Batticaloa,Express,3rd Class,585,489,522,353,93.68
2024-09-10,Colombo Fort - Kurunegala,Slow/Local,1st Class,25,19,30,25,63.33
2024-09-10,Colombo Fort - Kurunegala,Slow/Local,2nd Class,150,117,180,150,65.0
2024-09-10,Colombo Fort - Kurunegala,Slow/Local,3rd Class,325,257,290,325,88.62
2024-09-10,Colombo Fort - Puttalam,Express,1st Class,45,35,54,45,64.81
2024-09-10,Colombo Fort - Puttalam,Express,2nd Class,270,214,324,246,66.05
2024-09-10,Colombo Fort - Puttalam,Express,3rd Class,585,469,522,585,89.85
2024-09-10,Colombo Fort - Puttalam,Slow/Local,1st Class,25,19,30,25,63.33
2024-09-10,Colombo Fort - Puttalam,Slow/Local,2nd Class,150,114,180,150,63.33
2024-09-10,Colombo Fort - Puttalam,Slow/Local,3rd Class,325,254,290,325,87.59
2024-09-10,Colombo Fort - Trincomalee,Express,1st Class,45,36,54,37,66.67
2024-09-10,Colombo Fort - Trincomalee,Express,2nd Class,270,213,324,209,65.74
2024-09-10,Colombo Fort - Trincomalee,Express,3rd Class,585,472,522,476,90.42
2024-09-10,Colombo Fort - Vavuniya,Express,1st Class,45,35,54,37,64.81
2024-09-10,Colombo Fort - Vavuniya,Express,2nd Class,270,214,324,218,66.05
2024-09-10,Colombo Fort - Vavuniya,Express,3rd Class,585,486,522,453,93.1
2024-09-10,Colombo Fort - Vavuniya,Slow/Local,1st Class,25,18,18,22,100.0
2024-09-10,Colombo Fort - Vavuniya,Slow/Local,2nd Class,150,116,180,116,64.44
2024-09-10,Colombo Fort - Vavuniya,Slow/Local,3rd Class,325,258,302,250,85.43
2024-09-10,Kandy - Badulla,Slow/Local,1st Class,25,19,30,21,63.33
2024-09-10,Kandy - Badulla,Slow/Local,2nd Class,150,119,180,122,66.11
2024-09-10,Kandy - Badulla,Slow/Local,3rd Class,325,259,290,275,89.31
2024-09-11,Colombo Fort - Badulla,Night Mail,1st Class,32,22,23,25,95.65
2024-09-11,Colombo Fort - Badulla,Night Mail,2nd Class,195,145,234,143,61.97
2024-09-11,Colombo Fort - Badulla,Night Mail,3rd Class,422,297,392,314,75.77
2024-09-11,Colombo Fort - Jaffna,Slow/Local,1st Class,25,18,18,21,100.0
2024-09-11,Colombo Fort - Jaffna,Slow/Local,2nd Class,150,115,180,136,63.89
2024-09-11,Colombo Fort - Jaffna,Slow/Local,3rd Class,325,249,302,270,82.45
2024-09-11,Colombo Fort - Kandy,Express,1st Class,45,36,54,32,66.67
2024-09-11,Colombo Fort - Kandy,Express,2nd Class,270,214,324,187,66.05
2024-09-11,Colombo Fort - Kandy,Express,3rd Class,585,480,522,409,91.95
2024-09-11,Colombo Fort - Kandy,Night Mail,1st Class,32,26,38,23,68.42
2024-09-11,Colombo Fort - Kandy,Night Mail,2nd Class,195,150,234,139,64.1
2024-09-11,Colombo Fort - Kandy,Night Mail,3rd Class,422,349,377,304,92.57
2024-09-11,Colombo Fort - Kandy,Slow/Local,1st Class,25,19,30,24,63.33
2024-09-11,Colombo Fort - Kandy,Slow/Local,2nd Class,150,117,180,150,65.0
2024-09-11,Colombo Fort - Kandy,Slow/Local,3rd Class,325,253,290,325,87.24
2024-09-11,Colombo Fort - Negombo,Intercity,1st Class,37,30,44,25,68.18
2024-09-11,Colombo Fort - Negombo,Intercity,2nd Class,225,180,270,159,66.67
2024-09-11,Colombo Fort - Negombo,Intercity,3rd Class,487,372,435,366,85.52
2024-09-11,Colombo Fort - Ratnapura,Intercity,1st Class,37,31,44,27,70.45
2024-09-11,Colombo Fort - Ratnapura,Intercity,2nd Class,225,187,270,178,69.26
2024-09-11,Colombo Fort - Ratnapura,Intercity,3rd Class,487,375,435,393,86.21
2024-09-11,Colombo Fort - Ratnapura,Slow/Local,1st Class,25,19,30,25,63.33
2024-09-11,Colombo Fort - Ratnapura,Slow/Local,2nd Class,150,117,180,149,65.0
2024-09-11,Colombo Fort - Ratnapura,Slow/Local,3rd Class,325,258,290,325,88.97
2024-09-11,Kandy - Badulla,Intercity,1st Class,37,30,44,23,68.18
2024-09-11,Kandy - Badulla,Intercity,2nd Class,225,182,270,149,67.41
2024-09-11,Kandy - Badulla,Intercity,3rd Class,487,374,435,338,85.98
2024-09-12,Colombo Fort - Galle,Night Mail,1st Class,32,28,38,32,73.68
2024-09-12,Colombo Fort - Galle,Night Mail,2nd Class,195,163,234,186,69.66
2024-09-12,Colombo Fort - Galle,Night Mail,3rd Class,422,350,377,415,92.84
2024-09-12,Colombo Fort - Jaffna,Intercity,1st Class,37,30,44,35,68.18
2024-09-12,Colombo Fort - Jaffna,Intercity,2nd Class,225,187,270,211,69.26
2024-09-12,Colombo Fort - Jaffna,Intercity,3rd Class,487,395,435,418,90.8
2024-09-12,Colombo Fort - Kandy,Express,1st Class,45,36,54,38,66.67
2024-09-12,Colombo Fort - Kandy,Express,2nd Class,270,209,324,230,64.51
2024-09-12,Colombo Fort - Kandy,Express,3rd Class,585,478,522,459,91.57
2024-09-12,Colombo Fort - Kurunegala,Slow/Local,1st Class,25,19,30,22,63.33
2024-09-12,Colombo Fort - Kurunegala,Slow/Local,2nd Class,150,119,180,140,66.11
2024-09-12,Colombo Fort - Kurunegala,Slow/Local,3rd Class,325,264,290,291,91.03
2024-09-12,Colombo Fort - Puttalam,Intercity,1st Class,37,29,44,34,65.91
2024-09-12,Colombo Fort - Puttalam,Intercity,2nd Class,225,180,270,213,66.67
2024-09-12,Colombo Fort - Puttalam,Intercity,3rd Class,487,379,435,469,87.13
2024-09-12,Colombo Fort - Ratnapura,Express,1st Class,45,37,54,41,68.52
2024-09-12,Colombo Fort - Ratnapura,Express,2nd Class,270,221,324,270,68.21
2024-09-12,Colombo Fort - Ratnapura,Express,3rd Class,585,470,522,585,90.04
2024-09-12,Colombo Fort - Ratnapura,Slow/Local,1st Class,25,19,30,17,63.33
2024-09-12,Colombo Fort - Ratnapura,Slow/Local,2nd Class,150,117,180,84,65.0
2024-09-12,Colombo Fort - Ratnapura,Slow/Local,3rd Class,325,258,290,209,88.97
2024-09-12,Colombo Fort - Trincomalee,Intercity,1st Class,37,30,44,36,68.18
2024-09-12,Colombo Fort - Trincomalee,Intercity,2nd Class,225,185,270,225,68.52
2024-09-12,Colombo Fort - Trincomalee,Intercity,3rd Class,487,400,435,480,91.95
2024-09-12,Colombo Fort - Vavuniya,Intercity,1st Class,37,30,44,27,68.18
2024-09-12,Colombo Fort - Vavuniya,Intercity,2nd Class,225,181,270,175,67.04
2024-09-12,Colombo Fort - Vavuniya,Intercity,3rd Class,487,376,435,374,86.44
2024-09-12,Maradana - Avissawella,Slow/Local,1st Class,25,19,30,20,63.33
2024-09-12,Maradana - Avissawella,Slow/Local,2nd Class,150,119,180,114,66.11
2024-09-12,Maradana - Avissawella,Slow/Local,3rd Class,325,257,290,291,88.62
2024-09-13,Colombo Fort - Anuradhapura,Intercity,1st Class,37,33,44,37,75.0
2024-09-13,Colombo Fort - Anuradhapura,Intercity,2nd Class,225,197,270,207,72.96
2024-09-13,Colombo Fort - Anuradhapura,Intercity,3rd Class,487,428,435,457,98.39
2024-09-13,Colombo Fort - Batticaloa,Night Mail,1st Class,32,28,38,32,73.68
2024-09-13,Colombo Fort - Batticaloa,Night Mail,2nd Class,195,172,234,191,73.5
2024-09-13,Colombo Fort - Batticaloa,Night Mail,3rd Class,422,372,377,407,98.67
2024-09-13,Colombo Fort - Jaffna,Slow/Local,1st Class,25,23,23,25,100.0
2024-09-13,Colombo Fort - Jaffna,Slow/Local,2nd Class,150,135,135,146,100.0
2024-09-13,Colombo Fort - Jaffna,Slow/Local,3rd Class,325,297,342,310,86.84
2024-09-13,Colombo Fort - Negombo,Express,1st Class,45,39,54,33,72.22
2024-09-13,Colombo Fort - Negombo,Express,2nd Class,270,239,324,197,73.77
2024-09-13,Colombo Fort - Negombo,Express,3rd Class,585,455,522,449,87.16
2024-09-13,Colombo Fort - Negombo,Intercity,1st Class,37,31,44,37,70.45
2024-09-13,Colombo Fort - Negombo,Intercity,2nd Class,225,193,270,225,71.48
2024-09-13,Colombo Fort - Negombo,Intercity,3rd Class,487,424,435,470,97.47
2024-09-13,Colombo Fort - Puttalam,Intercity,1st Class,37,32,44,16,72.73
2024-09-13,Colombo Fort - Puttalam,Intercity,2nd Class,225,198,270,103,73.33
2024-09-13,Colombo Fort - Puttalam,Intercity,3rd Class,487,426,435,252,97.93
2024-09-13,Maradana - Avissawella,Slow/Local,1st Class,25,22,30,16,73.33
2024-09-13,Maradana - Avissawella,Slow/Local,2nd Class,150,133,180,109,73.89
2024-09-13,Maradana - Avissawella,Slow/Local,3rd Class,325,286,290,221,98.62
2024-09-14,Colombo Fort - Batticaloa,Night Mail,1st Class,32,28,28,31,100.0
2024-09-14,Colombo Fort - Batticaloa,Night Mail,2nd Class,195,175,175,195,100.0
2024-09-14,Colombo Fort - Batticaloa,Night Mail,3rd Class,422,383,446,422,85.87
2024-09-14,Colombo Fort - Galle,Slow/Local,1st Class,25,22,30,22,73.33
2024-09-14,Colombo Fort - Galle,Slow/Local,2nd Class,150,141,180,126,78.33
2024-09-14,Colombo Fort - Galle,Slow/Local,3rd Class,325,283,290,266,97.59
2024-09-14,Colombo Fort - Matara,Slow/Local,1st Class,25,22,22,25,100.0
2024-09-14,Colombo Fort - Matara,Slow/Local,2nd Class,150,139,139,143,100.0
2024-09-14,Colombo Fort - Matara,Slow/Local,3rd Class,325,291,339,297,85.84
2024-09-14,Colombo Fort - Puttalam,Slow/Local,1st Class,25,22,22,25,100.0
2024-09-14,Colombo Fort - Puttalam,Slow/Local,2nd Class,150,135,135,145,100.0
2024-09-14,Colombo Fort - Puttalam,Slow/Local,3rd Class,325,301,343,300,87.76
2024-09-14,Colombo Fort - Ratnapura,Intercity,1st Class,37,33,44,33,75.0
2024-09-14,Colombo Fort - Ratnapura,Intercity,2nd Class,225,200,270,201,74.07
2024-09-14,Colombo Fort - Ratnapura,Intercity,3rd Class,487,427,435,456,98.16
2024-09-14,Colombo Fort - Trincomalee,Slow/Local,1st Class,25,22,30,25,73.33
2024-09-14,Colombo Fort - Trincomalee,Slow/Local,2nd Class,150,132,180,144,73.33
2024-09-14,Colombo Fort - Trincomalee,Slow/Local,3rd Class,325,288,290,318,99.31
2024-09-15,Colombo Fort - Anuradhapura,Express,1st Class,45,41,41,41,100.0
2024-09-15,Colombo Fort - Anuradhapura,Express,2nd Class,270,239,239,222,100.0
2024-09-15,Colombo Fort - Anuradhapura,Express,3rd Class,585,533,620,513,85.97
2024-09-15,Colombo Fort - Jaffna,Slow/Local,1st Class,25,23,23,23,100.0
2024-09-15,Colombo Fort - Jaffna,Slow/Local,2nd Class,150,136,136,139,100.0
2024-09-15,Colombo Fort - Jaffna,Slow/Local,3rd Class,325,299,341,297,87.68
2024-09-15,Colombo Fort - Kurunegala,Slow/Local,1st Class,25,23,23,20,100.0
2024-09-15,Colombo Fort - Kurunegala,Slow/Local,2nd Class,150,135,135,128,100.0
2024-09-15,Colombo Fort - Kurunegala,Slow/Local,3rd Class,325,293,342,251,85.67
2024-09-15,Colombo Fort - Negombo,Express,1st Class,45,39,54,45,72.22
2024-09-15,Colombo Fort - Negombo,Express,2nd Class,270,238,324,261,73.46
2024-09-15,Colombo Fort - Negombo,Express,3rd Class,585,465,522,585,89.08
2024-09-15,Colombo Fort - Puttalam,Night Mail,1st Class,32,29,29,29,100.0
2024-09-15,Colombo Fort - Puttalam,Night Mail,2nd Class,195,177,177,188,100.0
2024-09-15,Colombo Fort - Puttalam,Night Mail,3rd Class,422,381,443,372,86.0
2024-09-15,Colombo Fort - Trincomalee,Slow/Local,1st Class,25,23,23,20,100.0
2024-09-15,Colombo Fort - Trincomalee,Slow/Local,2nd Class,150,135,135,133,100.0
2024-09-15,Colombo Fort - Trincomalee,Slow/Local,3rd Class,325,295,342,254,86.26
2024-09-15,Kandy - Badulla,Intercity,1st Class,37,32,44,36,72.73
2024-09-15,Kandy - Badulla,Intercity,2nd Class,225,206,270,205,76.3
2024-09-15,Kandy - Badulla,Intercity,3rd Class,487,427,435,487,98.16
2024-09-15,Maradana - Avissawella,Intercity,1st Class,37,36,44,37,81.82
2024-09-15,Maradana - Avissawella,Intercity,2nd Class,225,199,270,216,73.7
2024-09-15,Maradana - Avissawella,Intercity,3rd Class,487,409,435,487,94.02
2024-09-16,Colombo Fort - Batticaloa,Express,1st Class,45,36,54,43,66.67
2024-09-16,Colombo Fort - Batticaloa,Express,2nd Class,270,217,324,267,66.98
2024-09-16,Colombo Fort - Batticaloa,Express,3rd Class,585,463,522,585,88.7
2024-09-16,Colombo Fort - Batticaloa,Slow/Local,1st Class,25,19,30,24,63.33
2024-09-16,Colombo Fort - Batticaloa,Slow/Local,2nd Class,150,115,180,131,63.89
2024-09-16,Colombo Fort - Batticaloa,Slow/Local,3rd Class,325,254,290,286,87.59
2024-09-16,Colombo Fort - Jaffna,Slow/Local,1st Class,25,19,30,23,63.33
2024-09-16,Colombo Fort - Jaffna,Slow/Local,2nd Class,150,119,180,136,66.11
2024-09-16,Colombo Fort - Jaffna,Slow/Local,3rd Class,325,252,290,298,86.9
2024-09-16,Colombo Fort - Kurunegala,Express,1st Class,45,37,54,42,68.52
2024-09-16,Colombo Fort - Kurunegala,Express,2nd Class,270,216,324,270,66.67
2024-09-16,Colombo Fort - Kurunegala,Express,3rd Class,585,449,522,570,86.02
2024-09-16,Colombo Fort - Matara,Intercity,1st Class,37,30,44,28,68.18
2024-09-16,Colombo Fort - Matara,Intercity,2nd Class,225,193,270,171,71.48
2024-09-16,Colombo Fort - Matara,Intercity,3rd Class,487,384,435,361,88.28
2024-09-16,Colombo Fort - Matara,Night Mail,1st Class,32,26,38,25,68.42
2024-09-16,Colombo Fort - Matara,Night Mail,2nd Class,195,159,234,133,67.95
2024-09-16,Colombo Fort - Matara,Night Mail,3rd Class,422,348,377,344,92.31
2024-09-16,Colombo Fort - Ratnapura,Intercity,1st Class,37,28,44,37,63.64
2024-09-16,Colombo Fort - Ratnapura,Intercity,2nd Class,225,178,270,221,65.93
2024-09-16,Colombo Fort - Ratnapura,Intercity,3rd Class,487,384,435,487,88.28
2024-09-16,Colombo Fort - Trincomalee,Slow/Local,1st Class,25,19,30,19,63.33
2024-09-16,Colombo Fort - Trincomalee,Slow/Local,2nd Class,150,119,180,110,66.11
2024-09-16,Colombo Fort - Trincomalee,Slow/Local,3rd Class,325,252,290,241,86.9
2024-09-16,Colombo Fort - Vavuniya,Slow/Local,1st Class,25,19,30,21,63.33
2024-09-16,Colombo Fort - Vavuniya,Slow/Local,2nd Class,150,118,180,127,65.56
2024-09-16,Colombo Fort - Vavuniya,Slow/Local,3rd Class,325,254,290,244,87.59
2024-09-17,Colombo Fort - Badulla,Express,1st Class,45,35,54,23,64.81
2024-09-17,Colombo Fort - Badulla,Express,2nd Class,270,215,324,145,66.36
2024-09-17,Colombo Fort - Badulla,Express,3rd Class,585,464,522,310,88.89
2024-09-17,Colombo Fort - Badulla,Intercity,1st Class,37,28,44,28,63.64
2024-09-17,Colombo Fort - Badulla,Intercity,2nd Class,225,181,270,166,67.04
2024-09-17,Colombo Fort - Badulla,Intercity,3rd Class,487,372,435,351,85.52
2024-09-17,Colombo Fort - Galle,Intercity,1st Class,37,30,44,37,68.18
2024-09-17,Colombo Fort - Galle,Intercity,2nd Class,225,179,270,225,66.3
2024-09-17,Colombo Fort - Galle,Intercity,3rd Class,487,367,435,487,84.37
2024-09-17,Colombo Fort - Kandy,Express,1st Class,45,35,54,35,64.81
2024-09-17,Colombo Fort - Kandy,Express,2nd Class,270,215,324,207,66.36
2024-09-17,Colombo Fort - Kandy,Express,3rd Class,585,453,522,507,86.78
2024-09-17,Colombo Fort - Matara,Slow/Local,1st Class,25,19,30,23,63.33
2024-09-17,Colombo Fort - Matara,Slow/Local,2nd Class,150,123,180,148,68.33
2024-09-17,Colombo Fort - Matara,Slow/Local,3rd Class,325,258,290,325,88.97
2024-09-17,Colombo Fort - Negombo,Intercity,1st Class,37,30,44,19,68.18
2024-09-17,Colombo Fort - Negombo,Intercity,2nd Class,225,179,270,113,66.3
2024-09-17,Colombo Fort - Negombo,Intercity,3rd Class,487,384,435,268,88.28
2024-09-17,Colombo Fort - Puttalam,Express,1st Class,45,35,54,41,64.81
2024-09-17,Colombo Fort - Puttalam,Express,2nd Class,270,214,324,231,66.05
2024-09-17,Colombo Fort - Puttalam,Express,3rd Class,585,468,522,555,89.66
2024-09-17,Colombo Fort - Puttalam,Intercity,1st Class,37,29,44,32,65.91
2024-09-17,Colombo Fort - Puttalam,Intercity,2nd Class,225,167,270,182,61.85
2024-09-17,Colombo Fort - Puttalam,Intercity,3rd Class,487,355,435,416,81.61
2024-09-17,Colombo Fort - Trincomalee,Intercity,1st Class,37,30,44,28,68.18
2024-09-17,Colombo Fort - Trincomalee,Intercity,2nd Class,225,184,270,174,68.15
2024-09-17,Colombo Fort - Trincomalee,Intercity,3rd Class,487,404,435,362,92.87
2024-09-17,Maradana - Avissawella,Express,1st Class,45,35,54,36,64.81
2024-09-17,Maradana - Avissawella,Express,2nd Class,270,216,324,217,66.67
2024-09-17,Maradana - Avissawella,Express,3rd Class,585,433,522,481,82.95
2024-09-18,Colombo Fort - Anuradhapura,Intercity,1st Class,37,30,44,24,68.18
2024-09-18,Colombo Fort - Anuradhapura,Intercity,2nd Class,225,182,270,144,67.41
2024-09-18,Colombo Fort - Anuradhapura,Intercity,3rd Class,487,397,435,293,91.26
2024-09-18,Colombo Fort - Kandy,Express,1st Class,45,35,54,29,64.81
2024-09-18,Colombo Fort - Kandy,Express,2nd Class,270,212,324,164,65.43
2024-09-18,Colombo Fort - Kandy,Express,3rd Class,585,454,522,315,86.97
2024-09-18,Colombo Fort - Matara,Slow/Local,1st Class,25,19,30,20,63.33
2024-09-18,Colombo Fort - Matara,Slow/Local,2nd Class,150,124,180,115,68.89
2024-09-18,Colombo Fort - Matara,Slow/Local,3rd Class,325,272,290,286,93.79
2024-09-18,Colombo Fort - Negombo,Express,1st Class,45,36,54,45,66.67
2024-09-18,Colombo Fort - Negombo,Express,2nd Class,270,215,324,268,66.36
2024-09-18,Colombo Fort - Negombo,Express,3rd Class,585,460,522,585,88.12
2024-09-18,Colombo Fort - Puttalam,Slow/Local,1st Class,25,18,18,25,100.0
2024-09-18,Colombo Fort - Puttalam,Slow/Local,2nd Class,150,119,180,150,66.11
2024-09-18,Colombo Fort - Puttalam,Slow/Local,3rd Class,325,251,302,310,83.11
2024-09-18,Colombo Fort - Ratnapura,Slow/Local,1st Class,25,19,30,19,63.33
2024-09-18,Colombo Fort - Ratnapura,Slow/Local,2nd Class,150,115,180,122,63.89
2024-09-18,Colombo Fort - Ratnapura,Slow/Local,3rd Class,325,248,290,262,85.52
2024-09-18,Colombo Fort - Vavuniya,Slow/Local,1st Class,25,18,18,25,100.0
2024-09-18,Colombo Fort - Vavuniya,Slow/Local,2nd Class,150,118,180,139,65.56
2024-09-18,Colombo Fort - Vavuniya,Slow/Local,3rd Class,325,248,302,316,82.12
2024-09-18,Maradana - Avissawella,Express,1st Class,45,35,54,28,64.81
2024-09-18,Maradana - Avissawella,Express,2nd Class,270,216,324,152,66.67
2024-09-18,Maradana - Avissawella,Express,3rd Class,585,452,522,324,86.59
2024-09-19,Colombo Fort - Badulla,Slow/Local,1st Class,25,18,18,25,100.0
2024-09-19,Colombo Fort - Badulla,Slow/Local,2nd Class,150,120,180,139,66.67
2024-09-19,Colombo Fort - Badulla,Slow/Local,3rd Class,325,257,302,274,85.1
2024-09-19,Colombo Fort - Jaffna,Slow/Local,1st Class,25,19,30,20,63.33
2024-09-19,Colombo Fort - Jaffna,Slow/Local,2nd Class,150,119,180,130,66.11
2024-09-19,Colombo Fort - Jaffna,Slow/Local,3rd Class,325,253,290,290,87.24
2024-09-19,Colombo Fort - Kandy,Express,1st Class,45,36,54,36,66.67
2024-09-19,Colombo Fort - Kandy,Express,2nd Class,270,211,324,222,65.12
2024-09-19,Colombo Fort - Kandy,Express,3rd Class,585,455,522,452,87.16
2024-09-19,Colombo Fort - Kandy,Slow/Local,1st Class,25,18,18,18,100.0
2024-09-19,Colombo Fort - Kandy,Slow/Local,2nd Class,150,119,180,105,66.11
2024-09-19,Colombo Fort - Kandy,Slow/Local,3rd Class,325,254,302,221,84.11
2024-09-19,Colombo Fort - Kurunegala,Slow/Local,1st Class,25,19,30,24,63.33
2024-09-19,Colombo Fort - Kurunegala,Slow/Local,2nd Class,150,118,180,149,65.56
2024-09-19,Colombo Fort - Kurunegala,Slow/Local,3rd Class,325,253,290,325,87.24
2024-09-19,Colombo Fort - Matara,Slow/Local,1st Class,25,19,30,25,63.33
2024-09-19,Colombo Fort - Matara,Slow/Local,2nd Class,150,116,180,150,64.44
2024-09-19,Colombo Fort - Matara,Slow/Local,3rd Class,325,260,290,325,89.66
2024-09-19,Colombo Fort - Puttalam,Express,1st Class,45,36,54,42,66.67
2024-09-19,Colombo Fort - Puttalam,Express,2nd Class,270,215,324,237,66.36
2024-09-19,Colombo Fort - Puttalam,Express,3rd Class,585,458,522,544,87.74
2024-09-19,Colombo Fort - Puttalam,Slow/Local,1st Class,25,18,18,20,100.0
2024-09-19,Colombo Fort - Puttalam,Slow/Local,2nd Class,150,119,180,121,66.11
2024-09-19,Colombo Fort - Puttalam,Slow/Local,3rd Class,325,253,302,261,83.77
2024-09-19,Kandy - Badulla,Intercity,1st Class,37,30,44,27,68.18
2024-09-19,Kandy - Badulla,Intercity,2nd Class,225,178,270,157,65.93
2024-09-19,Kandy - Badulla,Intercity,3rd Class,487,384,435,343,88.28
2024-09-20,Colombo Fort - Anuradhapura,Express,1st Class,45,40,54,40,74.07
2024-09-20,Colombo Fort - Anuradhapura,Express,2nd Class,270,237,324,235,73.15
2024-09-20,Colombo Fort - Anuradhapura,Express,3rd Class,585,514,522,534,98.47
2024-09-20,Colombo Fort - Badulla,Slow/Local,1st Class,25,22,22,17,100.0
2024-09-20,Colombo Fort - Badulla,Slow/Local,2nd Class,150,135,135,96,100.0
2024-09-20,Colombo Fort - Badulla,Slow/Local,3rd Class,325,296,343,212,86.3
2024-09-20,Colombo Fort - Batticaloa,Slow/Local,1st Class,25,22,22,22,100.0
2024-09-20,Colombo Fort - Batticaloa,Slow/Local,2nd Class,150,135,135,132,100.0
2024-09-20,Colombo Fort - Batticaloa,Slow/Local,3rd Class,325,292,343,280,85.13
2024-09-20,Colombo Fort - Kandy,Express,1st Class,45,40,40,35,100.0
2024-09-20,Colombo Fort - Kandy,Express,2nd Class,270,244,244,205,100.0
2024-09-20,Colombo Fort - Kandy,Express,3rd Class,585,524,616,496,85.06
2024-09-20,Colombo Fort - Matara,Slow/Local,1st Class,25,21,30,14,70.0
2024-09-20,Colombo Fort - Matara,Slow/Local,2nd Class,150,135,180,97,75.0
2024-09-20,Colombo Fort - Matara,Slow/Local,3rd Class,325,288,290,207,99.31
2024-09-20,Colombo Fort - Ratnapura,Intercity,1st Class,37,34,44,30,77.27
2024-09-20,Colombo Fort - Ratnapura,Intercity,2nd Class,225,198,270,198,73.33
2024-09-20,Colombo Fort - Ratnapura,Intercity,3rd Class,487,425,435,411,97.7
2024-09-20,Colombo Fort - Ratnapura,Slow/Local,1st Class,25,21,30,23,70.0
2024-09-20,Colombo Fort - Ratnapura,Slow/Local,2nd Class,150,133,180,122,73.89
2024-09-20,Colombo Fort - Ratnapura,Slow/Local,3rd Class,325,280,290,294,96.55
2024-09-20,Colombo Fort - Vavuniya,Slow/Local,1st Class,25,22,22,20,100.0
2024-09-20,Colombo Fort - Vavuniya,Slow/Local,2nd Class,150,135,135,101,100.0
2024-09-20,Colombo Fort - Vavuniya,Slow/Local,3rd Class,325,294,343,247,85.71
2024-09-20,Kandy - Badulla,Express,1st Class,45,39,54,42,72.22
2024-09-20,Kandy - Badulla,Express,2nd Class,270,236,324,270,72.84
2024-09-20,Kandy - Badulla,Express,3rd Class,585,479,522,561,91.76
2024-09-20,Kandy - Badulla,Slow/Local,1st Class,25,22,22,23,100.0
2024-09-20,Kandy - Badulla,Slow/Local,2nd Class,150,133,133,140,100.0
2024-09-20,Kandy - Badulla,Slow/Local,3rd Class,325,293,345,300,84.93
2024-09-21,Colombo Fort - Anuradhapura,Express,1st Class,45,40,54,36,74.07
2024-09-21,Colombo Fort - Anuradhapura,Express,2nd Class,270,237,324,218,73.15
2024-09-21,Colombo Fort - Anuradhapura,Express,3rd Class,585,510,522,516,97.7
2024-09-21,Colombo Fort - Anuradhapura,Slow/Local,1st Class,25,22,30,22,73.33
2024-09-21,Colombo Fort - Anuradhapura,Slow/Local,2nd Class,150,135,180,142,75.0
2024-09-21,Colombo Fort - Anuradhapura,Slow/Local,3rd Class,325,290,290,320,100.0
2024-09-21,Colombo Fort - Badulla,Express,1st Class,45,40,54,41,74.07
2024-09-21,Colombo Fort - Badulla,Express,2nd Class,270,233,324,230,71.91
2024-09-21,Colombo Fort - Badulla,Express,3rd Class,585,507,522,523,97.13
2024-09-21,Colombo Fort - Batticaloa,Express,1st Class,45,39,54,42,72.22
2024-09-21,Colombo Fort - Batticaloa,Express,2nd Class,270,230,324,270,70.99
2024-09-21,Colombo Fort - Batticaloa,Express,3rd Class,585,502,522,585,96.17
2024-09-21,Colombo Fort - Galle,Intercity,1st Class,37,33,44,36,75.0
2024-09-21,Colombo Fort - Galle,Intercity,2nd Class,225,199,270,225,73.7
2024-09-21,Colombo Fort - Galle,Intercity,3rd Class,487,428,435,487,98.39
2024-09-21,Colombo Fort - Galle,Night Mail,1st Class,32,29,29,29,100.0
2024-09-21,Colombo Fort - Galle,Night Mail,2nd Class,195,175,175,182,100.0
2024-09-21,Colombo Fort - Galle,Night Mail,3rd Class,422,379,445,406,85.17
2024-09-21,Colombo Fort - Jaffna,Slow/Local,1st Class,25,23,23,24,100.0
2024-09-21,Colombo Fort - Jaffna,Slow/Local,2nd Class,150,134,134,138,100.0
2024-09-21,Colombo Fort - Jaffna,Slow/Local,3rd Class,325,295,343,325,86.01
2024-09-21,Colombo Fort - Negombo,Intercity,1st Class,37,31,44,37,70.45
2024-09-21,Colombo Fort - Negombo,Intercity,2nd Class,225,187,270,220,69.26
2024-09-21,Colombo Fort - Negombo,Intercity,3rd Class,487,425,435,487,97.7
2024-09-21,Colombo Fort - Puttalam,Express,1st Class,45,41,54,43,75.93
2024-09-21,Colombo Fort - Puttalam,Express,2nd Class,270,240,324,270,74.07
2024-09-21,Colombo Fort - Puttalam,Express,3rd Class,585,518,522,561,99.23
2024-09-21,Maradana - Avissawella,Slow/Local,1st Class,25,22,30,24,73.33
2024-09-21,Maradana - Avissawella,Slow/Local,2nd Class,150,133,180,150,73.89
2024-09-21,Maradana - Avissawella,Slow/Local,3rd Class,325,286,290,325,98.62
2024-09-22,Colombo Fort - Anuradhapura,Express,1st Class,45,41,54,45,75.93
2024-09-22,Colombo Fort - Anuradhapura,Express,2nd Class,270,240,324,270,74.07
2024-09-22,Colombo Fort - Anuradhapura,Express,3rd Class,585,512,522,585,98.08
2024-09-22,Colombo Fort - Anuradhapura,Intercity,1st Class,37,32,32,37,100.0
2024-09-22,Colombo Fort - Anuradhapura,Intercity,2nd Class,225,194,194,225,100.0
2024-09-22,Colombo Fort - Anuradhapura,Intercity,3rd Class,487,439,523,487,83.94
2024-09-22,Colombo Fort - Badulla,Express,1st Class,45,39,54,43,72.22
2024-09-22,Colombo Fort - Badulla,Express,2nd Class,270,228,324,262,70.37
2024-09-22,Colombo Fort - Badulla,Express,3rd Class,585,510,522,585,97.7
2024-09-22,Colombo Fort - Badulla,Intercity,1st Class,37,33,44,34,75.0
2024-09-22,Colombo Fort - Badulla,Intercity,2nd Class,225,198,270,225,73.33
2024-09-22,Colombo Fort - Badulla,Intercity,3rd Class,487,433,435,475,99.54
2024-09-22,Colombo Fort - Kandy,Intercity,1st Class,37,33,33,35,100.0
2024-09-22,Colombo Fort - Kandy,Intercity,2nd Class,225,192,192,220,100.0
2024-09-22,Colombo Fort - Kandy,Intercity,3rd Class,487,436,524,468,83.21
2024-09-22,Colombo Fort - Matara,Night Mail,1st Class,32,29,29,32,100.0
2024-09-22,Colombo Fort - Matara,Night Mail,2nd Class,195,184,184,195,100.0
2024-09-22,Colombo Fort - Matara,Night Mail,3rd Class,422,381,436,422,87.39
2024-09-22,Colombo Fort - Negombo,Slow/Local,1st Class,25,22,22,24,100.0
2024-09-22,Colombo Fort - Negombo,Slow/Local,2nd Class,150,134,134,150,100.0
2024-09-22,Colombo Fort - Negombo,Slow/Local,3rd Class,325,291,344,315,84.59
2024-09-22,Colombo Fort - Vavuniya,Slow/Local,1st Class,25,22,22,25,100.0
2024-09-22,Colombo Fort - Vavuniya,Slow/Local,2nd Class,150,132,132,137,100.0
2024-09-22,Colombo Fort - Vavuniya,Slow/Local,3rd Class,325,295,346,303,85.26
2024-09-22,Maradana - Avissawella,Express,1st Class,45,39,54,40,72.22
2024-09-22,Maradana - Avissawella,Express,2nd Class,270,229,324,195,70.68
2024-09-22,Maradana - Avissawella,Express,3rd Class,585,498,522,449,95.4
2024-09-23,Colombo Fort - Anuradhapura,Intercity,1st Class,37,30,44,27,68.18
2024-09-23,Colombo Fort - Anuradhapura,Intercity,2nd Class,225,182,270,133,67.41
2024-09-23,Colombo Fort - Anuradhapura,Intercity,3rd Class,487,395,435,329,90.8
2024-09-23,Colombo Fort - Anuradhapura,Slow/Local,1st Class,25,19,30,20,63.33
2024-09-23,Colombo Fort - Anuradhapura,Slow/Local,2nd Class,150,121,180,118,67.22
2024-09-23,Colombo Fort - Anuradhapura,Slow/Local,3rd Class,325,268,290,264,92.41
2024-09-23,Colombo Fort - Batticaloa,Night Mail,1st Class,32,27,38,31,71.05
2024-09-23,Colombo Fort - Batticaloa,Night Mail,2nd Class,195,157,234,193,67.09
2024-09-23,Colombo Fort - Batticaloa,Night Mail,3rd Class,422,356,377,402,94.43
2024-09-23,Colombo Fort - Kandy,Express,1st Class,45,35,54,45,64.81
2024-09-23,Colombo Fort - Kandy,Express,2nd Class,270,208,324,247,64.2
2024-09-23,Colombo Fort - Kandy,Express,3rd Class,585,464,522,528,88.89
2024-09-23,Colombo Fort - Kandy,Slow/Local,1st Class,25,19,30,23,63.33
2024-09-23,Colombo Fort - Kandy,Slow/Local,2nd Class,150,116,180,146,64.44
2024-09-23,Colombo Fort - Kandy,Slow/Local,3rd Class,325,250,290,297,86.21
2024-09-23,Colombo Fort - Kurunegala,Express,1st Class,45,37,54,29,68.52
2024-09-23,Colombo Fort - Kurunegala,Express,2nd Class,270,220,324,166,67.9
2024-09-23,Colombo Fort - Kurunegala,Express,3rd Class,585,443,522,359,84.87
2024-09-23,Colombo Fort - Matara,Express,1st Class,45,35,54,31,64.81
2024-09-23,Colombo Fort - Matara,Express,2nd Class,270,217,324,198,66.98
2024-09-23,Colombo Fort - Matara,Express,3rd Class,585,454,522,387,86.97
2024-09-23,Colombo Fort - Matara,Intercity,1st Class,37,30,44,36,68.18
2024-09-23,Colombo Fort - Matara,Intercity,2nd Class,225,177,270,220,65.56
2024-09-23,Colombo Fort - Matara,Intercity,3rd Class,487,380,435,484,87.36
2024-09-23,Colombo Fort - Negombo,Intercity,1st Class,37,30,44,34,68.18
2024-09-23,Colombo Fort - Negombo,Intercity,2nd Class,225,179,270,193,66.3
2024-09-23,Colombo Fort - Negombo,Intercity,3rd Class,487,373,435,439,85.75
2024-09-23,Colombo Fort - Puttalam,Intercity,1st Class,37,29,44,36,65.91
2024-09-23,Colombo Fort - Puttalam,Intercity,2nd Class,225,183,270,207,67.78
2024-09-23,Colombo Fort - Puttalam,Intercity,3rd Class,487,382,435,483,87.82
2024-09-24,Colombo Fort - Kandy,Slow/Local,1st Class,25,19,30,23,63.33
2024-09-24,Colombo Fort - Kandy,Slow/Local,2nd Class,150,118,180,127,65.56
2024-09-24,Colombo Fort - Kandy,Slow/Local,3rd Class,325,258,290,288,88.97
2024-09-24,Colombo Fort - Kurunegala,Express,1st Class,45,36,54,43,66.67
2024-09-24,Colombo Fort - Kurunegala,Express,2nd Class,270,218,324,270,67.28
2024-09-24,Colombo Fort - Kurunegala,Express,3rd Class,585,438,522,585,83.91
2024-09-24,Colombo Fort - Matara,Express,1st Class,45,34,54,31,62.96
2024-09-24,Colombo Fort - Matara,Express,2nd Class,270,208,324,193,64.2
2024-09-24,Colombo Fort - Matara,Express,3rd Class,585,447,522,424,85.63
2024-09-24,Colombo Fort - Negombo,Intercity,1st Class,37,30,44,31,68.18
2024-09-24,Colombo Fort - Negombo,Intercity,2nd Class,225,180,270,178,66.67
2024-09-24,Colombo Fort - Negombo,Intercity,3rd Class,487,374,435,406,85.98
2024-09-24,Colombo Fort - Negombo,Slow/Local,1st Class,25,19,30,23,63.33
2024-09-24,Colombo Fort - Negombo,Slow/Local,2nd Class,150,117,180,141,65.0
2024-09-24,Colombo Fort - Negombo,Slow/Local,3rd Class,325,251,290,325,86.55
2024-09-24,Colombo Fort - Puttalam,Slow/Local,1st Class,25,19,30,25,63.33
2024-09-24,Colombo Fort - Puttalam,Slow/Local,2nd Class,150,117,180,150,65.0
2024-09-24,Colombo Fort - Puttalam,Slow/Local,3rd Class,325,250,290,323,86.21
2024-09-24,Colombo Fort - Trincomalee,Slow/Local,1st Class,25,19,30,24,63.33
2024-09-24,Colombo Fort - Trincomalee,Slow/Local,2nd Class,150,116,180,143,64.44
2024-09-24,Colombo Fort - Trincomalee,Slow/Local,3rd Class,325,249,290,310,85.86
2024-09-24,Kandy - Badulla,Intercity,1st Class,37,29,44,31,65.91
2024-09-24,Kandy - Badulla,Intercity,2nd Class,225,177,270,194,65.56
2024-09-24,Kandy - Badulla,Intercity,3rd Class,487,379,435,443,87.13
2024-09-24,Kandy - Badulla,Slow/Local,1st Class,25,19,30,22,63.33
2024-09-24,Kandy - Badulla,Slow/Local,2nd Class,150,118,180,126,65.56
2024-09-24,Kandy - Badulla,Slow/Local,3rd Class,325,252,290,300,86.9
2024-09-25,Colombo Fort - Batticaloa,Slow/Local,1st Class,25,18,18,16,100.0
2024-09-25,Colombo Fort - Batticaloa,Slow/Local,2nd Class,150,118,180,78,65.56
2024-09-25,Colombo Fort - Batticaloa,Slow/Local,3rd Class,325,249,302,189,82.45
2024-09-25,Colombo Fort - Galle,Intercity,1st Class,37,29,44,31,65.91
2024-09-25,Colombo Fort - Galle,Intercity,2nd Class,225,180,270,205,66.67
2024-09-25,Colombo Fort - Galle,Intercity,3rd Class,487,372,435,444,85.52
2024-09-25,Colombo Fort - Galle,Slow/Local,1st Class,25,20,30,18,66.67
2024-09-25,Colombo Fort - Galle,Slow/Local,2nd Class,150,122,180,110,67.78
2024-09-25,Colombo Fort - Galle,Slow/Local,3rd Class,325,258,290,248,88.97
2024-09-25,Colombo Fort - Jaffna,Slow/Local,1st Class,25,19,30,19,63.33
2024-09-25,Colombo Fort - Jaffna,Slow/Local,2nd Class,150,118,180,108,65.56
2024-09-25,Colombo Fort - Jaffna,Slow/Local,3rd Class,325,254,290,249,87.59
2024-09-25,Colombo Fort - Negombo,Slow/Local,1st Class,25,19,30,14,63.33
2024-09-25,Colombo Fort - Negombo,Slow/Local,2nd Class,150,115,180,82,63.89
2024-09-25,Colombo Fort - Negombo,Slow/Local,3rd Class,325,264,290,183,91.03
2024-09-25,Colombo Fort - Trincomalee,Intercity,1st Class,37,30,44,25,68.18
2024-09-25,Colombo Fort - Trincomalee,Intercity,2nd Class,225,183,270,172,67.78
2024-09-25,Colombo Fort - Trincomalee,Intercity,3rd Class,487,407,435,371,93.56
2024-09-25,Kandy - Badulla,Express,1st Class,45,36,54,39,66.67
2024-09-25,Kandy - Badulla,Express,2nd Class,270,216,324,253,66.67
2024-09-25,Kandy - Badulla,Express,3rd Class,585,444,522,499,85.06
2024-09-25,Kandy - Badulla,Slow/Local,1st Class,25,19,30,22,63.33
2024-09-25,Kandy - Badulla,Slow/Local,2nd Class,150,118,180,126,65.56
2024-09-25,Kandy - Badulla,Slow/Local,3rd Class,325,251,290,300,86.55
2024-09-25,Maradana - Avissawella,Intercity,1st Class,37,29,44,36,65.91
2024-09-25,Maradana - Avissawella,Intercity,2nd Class,225,177,270,206,65.56
2024-09-25,Maradana - Avissawella,Intercity,3rd Class,487,360,435,466,82.76
2024-09-26,Colombo Fort - Anuradhapura,Express,1st Class,45,36,54,41,66.67
2024-09-26,Colombo Fort - Anuradhapura,Express,2nd Class,270,215,324,240,66.36
2024-09-26,Colombo Fort - Anuradhapura,Express,3rd Class,585,472,522,510,90.42
2024-09-26,Colombo Fort - Badulla,Night Mail,1st Class,32,26,38,23,68.42
2024-09-26,Colombo Fort - Badulla,Night Mail,2nd Class,195,148,234,135,63.25
2024-09-26,Colombo Fort - Badulla,Night Mail,3rd Class,422,333,377,308,88.33
2024-09-26,Colombo Fort - Batticaloa,Slow/Local,1st Class,25,19,30,15,63.33
2024-09-26,Colombo Fort - Batticaloa,Slow/Local,2nd Class,150,113,180,96,62.78
2024-09-26,Colombo Fort - Batticaloa,Slow/Local,3rd Class,325,257,290,221,88.62
2024-09-26,Colombo Fort - Galle,Express,1st Class,45,37,54,44,68.52
2024-09-26,Colombo Fort - Galle,Express,2nd Class,270,217,324,251,66.98
2024-09-26,Colombo Fort - Galle,Express,3rd Class,585,439,522,585,84.1
2024-09-26,Colombo Fort - Galle,Slow/Local,1st Class,25,19,30,23,63.33
2024-09-26,Colombo Fort - Galle,Slow/Local,2nd Class,150,122,180,142,67.78
2024-09-26,Colombo Fort - Galle,Slow/Local,3rd Class,325,254,290,319,87.59
2024-09-26,Colombo Fort - Puttalam,Intercity,1st Class,37,29,44,35,65.91
2024-09-26,Colombo Fort - Puttalam,Intercity,2nd Class,225,185,270,210,68.52
2024-09-26,Colombo Fort - Puttalam,Intercity,3rd Class,487,386,435,473,88.74
2024-09-26,Colombo Fort - Ratnapura,Intercity,1st Class,37,28,44,34,63.64
2024-09-26,Colombo Fort - Ratnapura,Intercity,2nd Class,225,178,270,207,65.93
2024-09-26,Colombo Fort - Ratnapura,Intercity,3rd Class,487,379,435,399,87.13
2024-09-26,Colombo Fort - Ratnapura,Slow/Local,1st Class,25,19,30,18,63.33
2024-09-26,Colombo Fort - Ratnapura,Slow/Local,2nd Class,150,118,180,112,65.56
2024-09-26,Colombo Fort - Ratnapura,Slow/Local,3rd Class,325,253,290,272,87.24
2024-09-26,Maradana - Avissawella,Express,1st Class,45,35,54,36,64.81
2024-09-26,Maradana - Avissawella,Express,2nd Class,270,215,324,219,66.36
2024-09-26,Maradana - Avissawella,Express,3rd Class,585,459,522,477,87.93
2024-09-26,Maradana - Avissawella,Slow/Local,1st Class,25,19,30,11,63.33
2024-09-26,Maradana - Avissawella,Slow/Local,2nd Class,150,119,180,68,66.11
2024-09-26,Maradana - Avissawella,Slow/Local,3rd Class,325,256,290,132,88.28
2024-09-27,Colombo Fort - Badulla,Intercity,1st Class,37,34,44,28,77.27
2024-09-27,Colombo Fort - Badulla,Intercity,2nd Class,225,200,270,159,74.07
2024-09-27,Colombo Fort - Badulla,Intercity,3rd Class,487,434,435,300,99.77
2024-09-27,Colombo Fort - Batticaloa,Slow/Local,1st Class,25,22,22,21,100.0
2024-09-27,Colombo Fort - Batticaloa,Slow/Local,2nd Class,150,133,133,134,100.0
2024-09-27,Colombo Fort - Batticaloa,Slow/Local,3rd Class,325,291,345,287,84.35
2024-09-27,Colombo Fort - Jaffna,Express,1st Class,45,40,54,35,74.07
2024-09-27,Colombo Fort - Jaffna,Express,2nd Class,270,242,324,237,74.69
2024-09-27,Colombo Fort - Jaffna,Express,3rd Class,585,507,522,495,97.13
2024-09-27,Colombo Fort - Kurunegala,Express,1st Class,45,39,54,38,72.22
2024-09-27,Colombo Fort - Kurunegala,Express,2nd Class,270,237,324,236,73.15
2024-09-27,Colombo Fort - Kurunegala,Express,3rd Class,585,457,522,466,87.55
2024-09-27,Colombo Fort - Matara,Express,1st Class,45,39,54,38,72.22
2024-09-27,Colombo Fort - Matara,Express,2nd Class,270,224,324,229,69.14
2024-09-27,Colombo Fort - Matara,Express,3rd Class,585,495,522,520,94.83
2024-09-27,Colombo Fort - Negombo,Intercity,1st Class,37,33,44,33,75.0
2024-09-27,Colombo Fort - Negombo,Intercity,2nd Class,225,193,270,193,71.48
2024-09-27,Colombo Fort - Negombo,Intercity,3rd Class,487,429,435,419,98.62
2024-09-27,Colombo Fort - Puttalam,Express,1st Class,45,40,54,40,74.07
2024-09-27,Colombo Fort - Puttalam,Express,2nd Class,270,233,324,228,71.91
2024-09-27,Colombo Fort - Puttalam,Express,3rd Class,585,500,522,511,95.79
2024-09-28,Colombo Fort - Kandy,Slow/Local,1st Class,25,22,22,14,100.0
2024-09-28,Colombo Fort - Kandy,Slow/Local,2nd Class,150,134,134,87,100.0
2024-09-28,Colombo Fort - Kandy,Slow/Local,3rd Class,325,294,344,160,85.47
2024-09-28,Colombo Fort - Puttalam,Slow/Local,1st Class,25,22,22,16,100.0
2024-09-28,Colombo Fort - Puttalam,Slow/Local,2nd Class,150,133,133,104,100.0
2024-09-28,Colombo Fort - Puttalam,Slow/Local,3rd Class,325,291,345,206,84.35
2024-09-28,Colombo Fort - Ratnapura,Express,1st Class,45,38,54,45,70.37
2024-09-28,Colombo Fort - Ratnapura,Express,2nd Class,270,231,324,270,71.3
2024-09-28,Colombo Fort - Ratnapura,Express,3rd Class,585,455,522,538,87.16
2024-09-28,Colombo Fort - Ratnapura,Intercity,1st Class,37,33,44,30,75.0
2024-09-28,Colombo Fort - Ratnapura,Intercity,2nd Class,225,200,270,171,74.07
2024-09-28,Colombo Fort - Ratnapura,Intercity,3rd Class,487,430,435,371,98.85
2024-09-28,Kandy - Badulla,Slow/Local,1st Class,25,22,22,24,100.0
2024-09-28,Kandy - Badulla,Slow/Local,2nd Class,150,134,134,137,100.0
2024-09-28,Kandy - Badulla,Slow/Local,3rd Class,325,298,344,317,86.63
2024-09-29,Colombo Fort - Batticaloa,Night Mail,1st Class,32,29,29,32,100.0
2024-09-29,Colombo Fort - Batticaloa,Night Mail,2nd Class,195,177,177,194,100.0
2024-09-29,Colombo Fort - Batticaloa,Night Mail,3rd Class,422,388,443,422,87.58
2024-09-29,Colombo Fort - Kurunegala,Express,1st Class,45,39,54,42,72.22
2024-09-29,Colombo Fort - Kurunegala,Express,2nd Class,270,237,324,256,73.15
2024-09-29,Colombo Fort - Kurunegala,Express,3rd Class,585,463,522,543,88.7
2024-09-29,Colombo Fort - Matara,Intercity,1st Class,37,34,34,37,100.0
2024-09-29,Colombo Fort - Matara,Intercity,2nd Class,225,200,200,225,100.0
2024-09-29,Colombo Fort - Matara,Intercity,3rd Class,487,440,515,481,85.44
2024-09-29,Colombo Fort - Trincomalee,Slow/Local,1st Class,25,22,22,20,100.0
2024-09-29,Colombo Fort - Trincomalee,Slow/Local,2nd Class,150,134,134,104,100.0
2024-09-29,Colombo Fort - Trincomalee,Slow/Local,3rd Class,325,293,344,223,85.17
2024-09-29,Colombo Fort - Vavuniya,Express,1st Class,45,39,54,44,72.22
2024-09-29,Colombo Fort - Vavuniya,Express,2nd Class,270,222,324,267,68.52
2024-09-29,Colombo Fort - Vavuniya,Express,3rd Class,585,491,522,583,94.06
2024-09-29,Maradana - Avissawella,Slow/Local,1st Class,25,20,30,20,66.67
2024-09-29,Maradana - Avissawella,Slow/Local,2nd Class,150,130,180,127,72.22
2024-09-29,Maradana - Avissawella,Slow/Local,3rd Class,325,251,290,297,86.55
2024-09-30,Colombo Fort - Badulla,Intercity,1st Class,37,30,44,30,68.18
2024-09-30,Colombo Fort - Badulla,Intercity,2nd Class,225,181,270,173,67.04
2024-09-30,Colombo Fort - Badulla,Intercity,3rd Class,487,398,435,391,91.49
2024-09-30,Colombo Fort - Badulla,Slow/Local,1st Class,25,19,30,17,63.33
2024-09-30,Colombo Fort - Badulla,Slow/Local,2nd Class,150,118,180,118,65.56
2024-09-30,Colombo Fort - Badulla,Slow/Local,3rd Class,325,249,290,242,85.86
2024-09-30,Colombo Fort - Batticaloa,Slow/Local,1st Class,25,19,30,18,63.33
2024-09-30,Colombo Fort - Batticaloa,Slow/Local,2nd Class,150,119,180,116,66.11
2024-09-30,Colombo Fort - Batticaloa,Slow/Local,3rd Class,325,244,290,238,84.14
2024-09-30,Colombo Fort - Jaffna,Express,1st Class,45,36,54,37,66.67
2024-09-30,Colombo Fort - Jaffna,Express,2nd Class,270,212,324,250,65.43
2024-09-30,Colombo Fort - Jaffna,Express,3rd Class,585,466,522,500,89.27
2024-09-30,Colombo Fort - Negombo,Express,1st Class,45,36,54,44,66.67
2024-09-30,Colombo Fort - Negombo,Express,2nd Class,270,216,324,261,66.67
2024-09-30,Colombo Fort - Negombo,Express,3rd Class,585,441,522,547,84.48
2024-09-30,Colombo Fort - Puttalam,Intercity,1st Class,37,30,44,37,68.18
2024-09-30,Colombo Fort - Puttalam,Intercity,2nd Class,225,184,270,225,68.15
2024-09-30,Colombo Fort - Puttalam,Intercity,3rd Class,487,385,435,487,88.51
2024-09-30,Colombo Fort - Vavuniya,Intercity,1st Class,37,29,44,31,65.91
2024-09-30,Colombo Fort - Vavuniya,Intercity,2nd Class,225,177,270,191,65.56
2024-09-30,Colombo Fort - Vavuniya,Intercity,3rd Class,487,375,435,418,86.21
2024-09-30,Kandy - Badulla,Express,1st Class,45,37,54,35,68.52
2024-09-30,Kandy - Badulla,Express,2nd Class,270,218,324,206,67.28
2024-09-30,Kandy - Badulla,Express,3rd Class,585,458,522,488,87.74
2024-09-30,Kandy - Badulla,Night Mail,1st Class,32,28,38,25,73.68
2024-09-30,Kandy - Badulla,Night Mail,2nd Class,195,161,234,162,68.8
2024-09-30,Kandy - Badulla,Night Mail,3rd Class,422,362,377,332,96.02
2024-09-30,Kandy - Badulla,Slow/Local,1st Class,25,20,30,23,66.67
2024-09-30,Kandy - Badulla,Slow/Local,2nd Class,150,119,180,150,66.11
2024-09-30,Kandy - Badulla,Slow/Local,3rd Class,325,259,290,299,89.31
2024-10-01,Colombo Fort - Anuradhapura,Intercity,1st Class,37,30,44,37,68.18
2024-10-01,Colombo Fort - Anuradhapura,Intercity,2nd Class,225,180,270,225,66.67
2024-10-01,Colombo Fort - Anuradhapura,Intercity,3rd Class,487,388,435,453,89.2
2024-10-01,Colombo Fort - Badulla,Express,1st Class,45,36,54,38,66.67
2024-10-01,Colombo Fort - Badulla,Express,2nd Class,270,213,324,211,65.74
2024-10-01,Colombo Fort - Badulla,Express,3rd Class,585,497,522,487,95.21
2024-10-01,Colombo Fort - Kurunegala,Intercity,1st Class,37,30,44,34,68.18
2024-10-01,Colombo Fort - Kurunegala,Intercity,2nd Class,225,183,270,206,67.78
2024-10-01,Colombo Fort - Kurunegala,Intercity,3rd Class,487,383,435,455,88.05
2024-10-01,Colombo Fort - Kurunegala,Slow/Local,1st Class,25,21,30,21,70.0
2024-10-01,Colombo Fort - Kurunegala,Slow/Local,2nd Class,150,120,180,118,66.67
2024-10-01,Colombo Fort - Kurunegala,Slow/Local,3rd Class,325,257,290,290,88.62
2024-10-01,Colombo Fort - Negombo,Intercity,1st Class,37,30,44,23,68.18
2024-10-01,Colombo Fort - Negombo,Intercity,2nd Class,225,184,270,146,68.15
2024-10-01,Colombo Fort - Negombo,Intercity,3rd Class,487,377,435,327,86.67
2024-10-01,Colombo Fort - Negombo,Slow/Local,1st Class,25,20,30,20,66.67
2024-10-01,Colombo Fort - Negombo,Slow/Local,2nd Class,150,114,180,105,63.33
2024-10-01,Colombo Fort - Negombo,Slow/Local,3rd Class,325,254,290,247,87.59
2024-10-01,Colombo Fort - Ratnapura,Slow/Local,1st Class,25,19,30,19,63.33
2024-10-01,Colombo Fort - Ratnapura,Slow/Local,2nd Class,150,115,180,118,63.89
2024-10-01,Colombo Fort - Ratnapura,Slow/Local,3rd Class,325,256,290,290,88.28
2024-10-01,Kandy - Badulla,Slow/Local,1st Class,25,21,30,24,70.0
2024-10-01,Kandy - Badulla,Slow/Local,2nd Class,150,120,180,133,66.67
2024-10-01,Kandy - Badulla,Slow/Local,3rd Class,325,263,290,305,90.69
2024-10-02,Colombo Fort - Anuradhapura,Intercity,1st Class,37,30,44,26,68.18
2024-10-02,Colombo Fort - Anuradhapura,Intercity,2nd Class,225,184,270,171,68.15
2024-10-02,Colombo Fort - Anuradhapura,Intercity,3rd Class,487,383,435,386,88.05
2024-10-02,Colombo Fort - Badulla,Intercity,1st Class,37,30,44,20,68.18
2024-10-02,Colombo Fort - Badulla,Intercity,2nd Class,225,184,270,123,68.15
2024-10-02,Colombo Fort - Badulla,Intercity,3rd Class,487,384,435,250,88.28
2024-10-02,Colombo Fort - Badulla,Slow/Local,1st Class,25,19,30,18,63.33
2024-10-02,Colombo Fort - Badulla,Slow/Local,2nd Class,150,118,180,98,65.56
2024-10-02,Colombo Fort - Badulla,Slow/Local,3rd Class,325,251,290,240,86.55
2024-10-02,Colombo Fort - Batticaloa,Express,1st Class,45,35,54,36,64.81
2024-10-02,Colombo Fort - Batticaloa,Express,2nd Class,270,217,324,199,66.98
2024-10-02,Colombo Fort - Batticaloa,Express,3rd Class,585,481,522,491,92.15
2024-10-02,Colombo Fort - Batticaloa,Intercity,1st Class,37,30,44,20,68.18
2024-10-02,Colombo Fort - Batticaloa,Intercity,2nd Class,225,184,270,151,68.15
2024-10-02,Colombo Fort - Batticaloa,Intercity,3rd Class,487,380,435,298,87.36
2024-10-02,Colombo Fort - Jaffna,Express,1st Class,45,35,54,43,64.81
2024-10-02,Colombo Fort - Jaffna,Express,2nd Class,270,215,324,250,66.36
2024-10-02,Colombo Fort - Jaffna,Express,3rd Class,585,479,522,558,91.76
2024-10-02,Colombo Fort - Kandy,Slow/Local,1st Class,25,19,30,19,63.33
2024-10-02,Colombo Fort - Kandy,Slow/Local,2nd Class,150,114,180,110,63.33
2024-10-02,Colombo Fort - Kandy,Slow/Local,3rd Class,325,253,290,231,87.24
2024-10-02,Colombo Fort - Matara,Express,1st Class,45,35,54,43,64.81
2024-10-02,Colombo Fort - Matara,Express,2nd Class,270,212,324,247,65.43
2024-10-02,Colombo Fort - Matara,Express,3rd Class,585,450,522,562,86.21
2024-10-02,Colombo Fort - Ratnapura,Express,1st Class,45,35,54,38,64.81
2024-10-02,Colombo Fort - Ratnapura,Express,2nd Class,270,221,324,249,68.21
2024-10-02,Colombo Fort - Ratnapura,Express,3rd Class,585,433,522,576,82.95
2024-10-02,Colombo Fort - Vavuniya,Express,1st Class,45,35,54,41,64.81
2024-10-02,Colombo Fort - Vavuniya,Express,2nd Class,270,214,324,270,66.05
2024-10-02,Colombo Fort - Vavuniya,Express,3rd Class,585,478,522,585,91.57
2024-10-02,Colombo Fort - Vavuniya,Slow/Local,1st Class,25,21,30,15,70.0
2024-10-02,Colombo Fort - Vavuniya,Slow/Local,2nd Class,150,119,180,84,66.11
2024-10-02,Colombo Fort - Vavuniya,Slow/Local,3rd Class,325,255,290,178,87.93
2024-10-02,Maradana - Avissawella,Express,1st Class,45,35,54,39,64.81
2024-10-02,Maradana - Avissawella,Express,2nd Class,270,218,324,240,67.28
2024-10-02,Maradana - Avissawella,Express,3rd Class,585,458,522,489,87.74
2024-10-03,Colombo Fort - Galle,Slow/Local,1st Class,25,21,30,25,70.0
2024-10-03,Colombo Fort - Galle,Slow/Local,2nd Class,150,127,180,150,70.56
2024-10-03,Colombo Fort - Galle,Slow/Local,3rd Class,325,259,290,325,89.31
2024-10-03,Colombo Fort - Jaffna,Slow/Local,1st Class,25,20,30,24,66.67
2024-10-03,Colombo Fort - Jaffna,Slow/Local,2nd Class,150,117,180,134,65.0
2024-10-03,Colombo Fort - Jaffna,Slow/Local,3rd Class,325,259,290,304,89.31
2024-10-03,Colombo Fort - Ratnapura,Intercity,1st Class,37,29,44,29,65.91
2024-10-03,Colombo Fort - Ratnapura,Intercity,2nd Class,225,181,270,173,67.04
2024-10-03,Colombo Fort - Ratnapura,Intercity,3rd Class,487,370,435,390,85.06
2024-10-03,Colombo Fort - Ratnapura,Slow/Local,1st Class,25,19,30,25,63.33
2024-10-03,Colombo Fort - Ratnapura,Slow/Local,2nd Class,150,118,180,150,65.56
2024-10-03,Colombo Fort - Ratnapura,Slow/Local,3rd Class,325,257,290,325,88.62
2024-10-03,Colombo Fort - Vavuniya,Express,1st Class,45,35,54,45,64.81
2024-10-03,Colombo Fort - Vavuniya,Express,2nd Class,270,217,324,256,66.98
2024-10-03,Colombo Fort - Vavuniya,Express,3rd Class,585,485,522,560,92.91
2024-10-03,Maradana - Avissawella,Slow/Local,1st Class,25,19,30,25,63.33
2024-10-03,Maradana - Avissawella,Slow/Local,2nd Class,150,118,180,142,65.56
2024-10-03,Maradana - Avissawella,Slow/Local,3rd Class,325,256,290,316,88.28
2024-10-04,Colombo Fort - Anuradhapura,Express,1st Class,45,41,54,41,75.93
2024-10-04,Colombo Fort - Anuradhapura,Express,2nd Class,270,240,324,243,74.07
2024-10-04,Colombo Fort - Anuradhapura,Express,3rd Class,585,522,522,543,100.0
2024-10-04,Colombo Fort - Badulla,Slow/Local,1st Class,25,22,22,25,100.0
2024-10-04,Colombo Fort - Badulla,Slow/Local,2nd Class,150,132,132,143,100.0
2024-10-04,Colombo Fort - Badulla,Slow/Local,3rd Class,325,298,346,325,86.13
2024-10-04,Colombo Fort - Galle,Intercity,1st Class,37,33,44,25,75.0
2024-10-04,Colombo Fort - Galle,Intercity,2nd Class,225,197,270,145,72.96
2024-10-04,Colombo Fort - Galle,Intercity,3rd Class,487,434,435,323,99.77
2024-10-04,Colombo Fort - Galle,Slow/Local,1st Class,25,21,30,20,70.0
2024-10-04,Colombo Fort - Galle,Slow/Local,2nd Class,150,136,180,121,75.56
2024-10-04,Colombo Fort - Galle,Slow/Local,3rd Class,325,289,290,253,99.66
2024-10-04,Colombo Fort - Jaffna,Intercity,1st Class,37,33,44,33,75.0
2024-10-04,Colombo Fort - Jaffna,Intercity,2nd Class,225,196,270,225,72.59
2024-10-04,Colombo Fort - Jaffna,Intercity,3rd Class,487,425,435,461,97.7
2024-10-04,Colombo Fort - Jaffna,Slow/Local,1st Class,25,23,23,19,100.0
2024-10-04,Colombo Fort - Jaffna,Slow/Local,2nd Class,150,135,135,115,100.0
2024-10-04,Colombo Fort - Jaffna,Slow/Local,3rd Class,325,297,342,246,86.84
2024-10-04,Colombo Fort - Kandy,Intercity,1st Class,37,34,44,24,77.27
2024-10-04,Colombo Fort - Kandy,Intercity,2nd Class,225,198,270,157,73.33
2024-10-04,Colombo Fort - Kandy,Intercity,3rd Class,487,431,435,319,99.08
2024-10-04,Colombo Fort - Negombo,Slow/Local,1st Class,25,22,30,22,73.33
2024-10-04,Colombo Fort - Negombo,Slow/Local,2nd Class,150,132,180,131,73.33
2024-10-04,Colombo Fort - Negombo,Slow/Local,3rd Class,325,286,290,268,98.62
2024-10-04,Colombo Fort - Puttalam,Intercity,1st Class,37,32,44,36,72.73
2024-10-04,Colombo Fort - Puttalam,Intercity,2nd Class,225,198,270,209,73.33
2024-10-04,Colombo Fort - Puttalam,Intercity,3rd Class,487,424,435,477,97.47
2024-10-04,Colombo Fort - Vavuniya,Express,1st Class,45,40,54,27,74.07
2024-10-04,Colombo Fort - Vavuniya,Express,2nd Class,270,234,324,155,72.22
2024-10-04,Colombo Fort - Vavuniya,Express,3rd Class,585,510,522,397,97.7
2024-10-04,Maradana - Avissawella,Intercity,1st Class,37,36,44,37,81.82
2024-10-04,Maradana - Avissawella,Intercity,2nd Class,225,195,270,208,72.22
2024-10-04,Maradana - Avissawella,Intercity,3rd Class,487,425,435,483,97.7
2024-10-05,Colombo Fort - Anuradhapura,Slow/Local,1st Class,25,22,22,21,100.0
2024-10-05,Colombo Fort - Anuradhapura,Slow/Local,2nd Class,150,134,134,118,100.0
2024-10-05,Colombo Fort - Anuradhapura,Slow/Local,3rd Class,325,295,344,249,85.76
2024-10-05,Colombo Fort - Galle,Intercity,1st Class,37,32,44,35,72.73
2024-10-05,Colombo Fort - Galle,Intercity,2nd Class,225,201,270,225,74.44
2024-10-05,Colombo Fort - Galle,Intercity,3rd Class,487,427,435,487,98.16
2024-10-05,Colombo Fort - Jaffna,Intercity,1st Class,37,33,44,35,75.0
2024-10-05,Colombo Fort - Jaffna,Intercity,2nd Class,225,199,270,205,73.7
2024-10-05,Colombo Fort - Jaffna,Intercity,3rd Class,487,429,435,427,98.62
2024-10-05,Colombo Fort - Kurunegala,Express,1st Class,45,39,54,37,72.22
2024-10-05,Colombo Fort - Kurunegala,Express,2nd Class,270,234,324,225,72.22
2024-10-05,Colombo Fort - Kurunegala,Express,3rd Class,585,457,522,545,87.55
2024-10-05,Colombo Fort - Negombo,Night Mail,1st Class,32,28,38,28,73.68
2024-10-05,Colombo Fort - Negombo,Night Mail,2nd Class,195,173,234,187,73.93
2024-10-05,Colombo Fort - Negombo,Night Mail,3rd Class,422,377,377,379,100.0
2024-10-05,Colombo Fort - Ratnapura,Intercity,1st Class,37,33,44,37,75.0
2024-10-05,Colombo Fort - Ratnapura,Intercity,2nd Class,225,199,270,206,73.7
2024-10-05,Colombo Fort - Ratnapura,Intercity,3rd Class,487,427,435,475,98.16
2024-10-05,Colombo Fort - Trincomalee,Night Mail,1st Class,32,28,28,28,100.0
2024-10-05,Colombo Fort - Trincomalee,Night Mail,2nd Class,195,175,175,178,100.0
2024-10-05,Colombo Fort - Trincomalee,Night Mail,3rd Class,422,384,446,390,86.1
2024-10-06,Colombo Fort - Badulla,Express,1st Class,45,40,40,39,100.0
2024-10-06,Colombo Fort - Badulla,Express,2nd Class,270,241,241,209,100.0
2024-10-06,Colombo Fort - Badulla,Express,3rd Class,585,542,619,451,87.56
2024-10-06,Colombo Fort - Galle,Express,1st Class,45,39,54,44,72.22
2024-10-06,Colombo Fort - Galle,Express,2nd Class,270,229,324,270,70.68
2024-10-06,Colombo Fort - Galle,Express,3rd Class,585,487,522,571,93.3
2024-10-06,Colombo Fort - Jaffna,Night Mail,1st Class,32,29,38,24,76.32
2024-10-06,Colombo Fort - Jaffna,Night Mail,2nd Class,195,173,234,160,73.93
2024-10-06,Colombo Fort - Jaffna,Night Mail,3rd Class,422,377,377,329,100.0
2024-10-06,Colombo Fort - Kurunegala,Night Mail,1st Class,32,29,29,29,100.0
2024-10-06,Colombo Fort - Kurunegala,Night Mail,2nd Class,195,173,173,195,100.0
2024-10-06,Colombo Fort - Kurunegala,Night Mail,3rd Class,422,384,447,399,85.91
2024-10-06,Colombo Fort - Puttalam,Intercity,1st Class,37,32,44,37,72.73
2024-10-06,Colombo Fort - Puttalam,Intercity,2nd Class,225,199,270,211,73.7
2024-10-06,Colombo Fort - Puttalam,Intercity,3rd Class,487,429,435,487,98.62
2024-10-06,Colombo Fort - Puttalam,Slow/Local,1st Class,25,22,22,23,100.0
2024-10-06,Colombo Fort - Puttalam,Slow/Local,2nd Class,150,131,131,142,100.0
2024-10-06,Colombo Fort - Puttalam,Slow/Local,3rd Class,325,292,347,292,84.15
2024-10-06,Colombo Fort - Vavuniya,Intercity,1st Class,37,33,44,37,75.0
2024-10-06,Colombo Fort - Vavuniya,Intercity,2nd Class,225,198,270,225,73.33
2024-10-06,Colombo Fort - Vavuniya,Intercity,3rd Class,487,430,435,487,98.85
2024-10-06,Colombo Fort - Vavuniya,Slow/Local,1st Class,25,22,22,23,100.0
2024-10-06,Colombo Fort - Vavuniya,Slow/Local,2nd Class,150,133,133,143,100.0
2024-10-06,Colombo Fort - Vavuniya,Slow/Local,3rd Class,325,298,345,313,86.38
2024-10-06,Kandy - Badulla,Intercity,1st Class,37,33,44,37,75.0
2024-10-06,Kandy - Badulla,Intercity,2nd Class,225,200,270,225,74.07
2024-10-06,Kandy - Badulla,Intercity,3rd Class,487,427,435,487,98.16
2024-10-07,Colombo Fort - Anuradhapura,Slow/Local,1st Class,25,21,30,20,70.0
2024-10-07,Colombo Fort - Anuradhapura,Slow/Local,2nd Class,150,118,180,111,65.56
2024-10-07,Colombo Fort - Anuradhapura,Slow/Local,3rd Class,325,261,290,220,90.0
2024-10-07,Colombo Fort - Batticaloa,Slow/Local,1st Class,25,19,30,24,63.33
2024-10-07,Colombo Fort - Batticaloa,Slow/Local,2nd Class,150,119,180,139,66.11
2024-10-07,Colombo Fort - Batticaloa,Slow/Local,3rd Class,325,255,290,307,87.93
2024-10-07,Colombo Fort - Galle,Intercity,1st Class,37,30,44,36,68.18
2024-10-07,Colombo Fort - Galle,Intercity,2nd Class,225,181,270,212,67.04
2024-10-07,Colombo Fort - Galle,Intercity,3rd Class,487,373,435,487,85.75
2024-10-07,Colombo Fort - Jaffna,Night Mail,1st Class,32,28,38,17,73.68
2024-10-07,Colombo Fort - Jaffna,Night Mail,2nd Class,195,158,234,118,67.52
2024-10-07,Colombo Fort - Jaffna,Night Mail,3rd Class,422,353,377,221,93.63
2024-10-07,Colombo Fort - Matara,Express,1st Class,45,35,54,34,64.81
2024-10-07,Colombo Fort - Matara,Express,2nd Class,270,214,324,185,66.05
2024-10-07,Colombo Fort - Matara,Express,3rd Class,585,448,522,436,85.82
2024-10-07,Colombo Fort - Negombo,Express,1st Class,45,36,54,45,66.67
2024-10-07,Colombo Fort - Negombo,Express,2nd Class,270,215,324,269,66.36
2024-10-07,Colombo Fort - Negombo,Express,3rd Class,585,444,522,574,85.06
2024-10-07,Colombo Fort - Negombo,Slow/Local,1st Class,25,20,30,23,66.67
2024-10-07,Colombo Fort - Negombo,Slow/Local,2nd Class,150,118,180,149,65.56
2024-10-07,Colombo Fort - Negombo,Slow/Local,3rd Class,325,255,290,311,87.93
2024-10-07,Colombo Fort - Vavuniya,Slow/Local,1st Class,25,20,30,17,66.67
2024-10-07,Colombo Fort - Vavuniya,Slow/Local,2nd Class,150,118,180,107,65.56
2024-10-07,Colombo Fort - Vavuniya,Slow/Local,3rd Class,325,252,290,225,86.9
2024-10-07,Kandy - Badulla,Express,1st Class,45,35,54,35,64.81
2024-10-07,Kandy - Badulla,Express,2nd Class,270,217,324,214,66.98
2024-10-07,Kandy - Badulla,Express,3rd Class,585,463,522,508,88.7
2024-10-07,Kandy - Badulla,Night Mail,1st Class,32,27,38,24,71.05
2024-10-07,Kandy - Badulla,Night Mail,2nd Class,195,160,234,160,68.38
2024-10-07,Kandy - Badulla,Night Mail,3rd Class,422,352,377,340,93.37
2024-10-07,Maradana - Avissawella,Night Mail,1st Class,32,28,38,24,73.68
2024-10-07,Maradana - Avissawella,Night Mail,2nd Class,195,167,234,155,71.37
2024-10-07,Maradana - Avissawella,Night Mail,3rd Class,422,364,377,318,96.55
2024-10-08,Colombo Fort - Anuradhapura,Intercity,1st Class,37,30,44,21,68.18
2024-10-08,Colombo Fort - Anuradhapura,Intercity,2nd Class,225,185,270,147,68.52
2024-10-08,Colombo Fort - Anuradhapura,Intercity,3rd Class,487,397,435,303,91.26
2024-10-08,Colombo Fort - Anuradhapura,Slow/Local,1st Class,25,21,30,21,70.0
2024-10-08,Colombo Fort - Anuradhapura,Slow/Local,2nd Class,150,117,180,142,65.0
2024-10-08,Colombo Fort - Anuradhapura,Slow/Local,3rd Class,325,255,290,294,87.93
2024-10-08,Colombo Fort - Galle,Express,1st Class,45,35,54,45,64.81
2024-10-08,Colombo Fort - Galle,Express,2nd Class,270,212,324,257,65.43
2024-10-08,Colombo Fort - Galle,Express,3rd Class,585,430,522,569,82.38
2024-10-08,Colombo Fort - Jaffna,Express,1st Class,45,35,54,40,64.81
2024-10-08,Colombo Fort - Jaffna,Express,2nd Class,270,216,324,251,66.67
2024-10-08,Colombo Fort - Jaffna,Express,3rd Class,585,479,522,539,91.76
2024-10-08,Colombo Fort - Kandy,Express,1st Class,45,34,54,30,62.96
2024-10-08,Colombo Fort - Kandy,Express,2nd Class,270,212,324,193,65.43
2024-10-08,Colombo Fort - Kandy,Express,3rd Class,585,450,522,407,86.21
2024-10-08,Colombo Fort - Kandy,Slow/Local,1st Class,25,19,30,25,63.33
2024-10-08,Colombo Fort - Kandy,Slow/Local,2nd Class,150,116,180,144,64.44
2024-10-08,Colombo Fort - Kandy,Slow/Local,3rd Class,325,260,290,311,89.66
2024-10-08,Colombo Fort - Matara,Intercity,1st Class,37,30,44,27,68.18
2024-10-08,Colombo Fort - Matara,Intercity,2nd Class,225,178,270,172,65.93
2024-10-08,Colombo Fort - Matara,Intercity,3rd Class,487,385,435,337,88.51
2024-10-08,Colombo Fort - Puttalam,Slow/Local,1st Class,25,21,30,16,70.0
2024-10-08,Colombo Fort - Puttalam,Slow/Local,2nd Class,150,120,180,81,66.67
2024-10-08,Colombo Fort - Puttalam,Slow/Local,3rd Class,325,255,290,177,87.93
2024-10-08,Colombo Fort - Trincomalee,Express,1st Class,45,35,54,41,64.81
2024-10-08,Colombo Fort - Trincomalee,Express,2nd Class,270,211,324,270,65.12
2024-10-08,Colombo Fort - Trincomalee,Express,3rd Class,585,466,522,520,89.27
2024-10-09,Colombo Fort - Anuradhapura,Slow/Local,1st Class,25,20,30,23,66.67
2024-10-09,Colombo Fort - Anuradhapura,Slow/Local,2nd Class,150,119,180,148,66.11
2024-10-09,Colombo Fort - Anuradhapura,Slow/Local,3rd Class,325,258,290,324,88.97
2024-10-09,Colombo Fort - Badulla,Express,1st Class,45,35,54,45,64.81
2024-10-09,Colombo Fort - Badulla,Express,2nd Class,270,209,324,264,64.51
2024-10-09,Colombo Fort - Badulla,Express,3rd Class,585,468,522,550,89.66
2024-10-09,Colombo Fort - Badulla,Intercity,1st Class,37,29,44,31,65.91
2024-10-09,Colombo Fort - Badulla,Intercity,2nd Class,225,175,270,172,64.81
2024-10-09,Colombo Fort - Badulla,Intercity,3rd Class,487,363,435,395,83.45
2024-10-09,Colombo Fort - Batticaloa,Express,1st Class,45,35,54,36,64.81
2024-10-09,Colombo Fort - Batticaloa,Express,2nd Class,270,213,324,222,65.74
2024-10-09,Colombo Fort - Batticaloa,Express,3rd Class,585,470,522,450,90.04
2024-10-09,Colombo Fort - Galle,Slow/Local,1st Class,25,20,30,25,66.67
2024-10-09,Colombo Fort - Galle,Slow/Local,2nd Class,150,122,180,150,67.78
2024-10-09,Colombo Fort - Galle,Slow/Local,3rd Class,325,261,290,325,90.0
2024-10-09,Colombo Fort - Kandy,Express,1st Class,45,34,54,26,62.96
2024-10-09,Colombo Fort - Kandy,Express,2nd Class,270,209,324,171,64.51
2024-10-09,Colombo Fort - Kandy,Express,3rd Class,585,455,522,394,87.16
2024-10-09,Colombo Fort - Kandy,Slow/Local,1st Class,25,20,30,25,66.67
2024-10-09,Colombo Fort - Kandy,Slow/Local,2nd Class,150,119,180,150,66.11
2024-10-09,Colombo Fort - Kandy,Slow/Local,3rd Class,325,253,290,319,87.24
2024-10-09,Colombo Fort - Matara,Slow/Local,1st Class,25,20,30,21,66.67
2024-10-09,Colombo Fort - Matara,Slow/Local,2nd Class,150,118,180,123,65.56
2024-10-09,Colombo Fort - Matara,Slow/Local,3rd Class,325,257,290,275,88.62
2024-10-09,Colombo Fort - Trincomalee,Slow/Local,1st Class,25,20,30,24,66.67
2024-10-09,Colombo Fort - Trincomalee,Slow/Local,2nd Class,150,117,180,150,65.0
2024-10-09,Colombo Fort - Trincomalee,Slow/Local,3rd Class,325,256,290,323,88.28
2024-10-09,Colombo Fort - Vavuniya,Intercity,1st Class,37,29,44,26,65.91
2024-10-09,Colombo Fort - Vavuniya,Intercity,2nd Class,225,182,270,158,67.41
2024-10-09,Colombo Fort - Vavuniya,Intercity,3rd Class,487,372,435,395,85.52
2024-10-10,Colombo Fort - Anuradhapura,Slow/Local,1st Class,25,20,30,12,66.67
2024-10-10,Colombo Fort - Anuradhapura,Slow/Local,2nd Class,150,120,180,71,66.67
2024-10-10,Colombo Fort - Anuradhapura,Slow/Local,3rd Class,325,263,290,136,90.69
2024-10-10,Colombo Fort - Matara,Express,1st Class,45,35,54,28,64.81
2024-10-10,Colombo Fort - Matara,Express,2nd Class,270,214,324,163,66.05
2024-10-10,Colombo Fort - Matara,Express,3rd Class,585,448,522,356,85.82
2024-10-10,Colombo Fort - Negombo,Slow/Local,1st Class,25,20,30,25,66.67
2024-10-10,Colombo Fort - Negombo,Slow/Local,2nd Class,150,118,180,150,65.56
2024-10-10,Colombo Fort - Negombo,Slow/Local,3rd Class,325,257,290,308,88.62
2024-10-10,Colombo Fort - Puttalam,Intercity,1st Class,37,30,44,25,68.18
2024-10-10,Colombo Fort - Puttalam,Intercity,2nd Class,225,184,270,152,68.15
2024-10-10,Colombo Fort - Puttalam,Intercity,3rd Class,487,375,435,344,86.21
2024-10-10,Colombo Fort - Puttalam,Slow/Local,1st Class,25,19,30,24,63.33
2024-10-10,Colombo Fort - Puttalam,Slow/Local,2nd Class,150,114,180,150,63.33
2024-10-10,Colombo Fort - Puttalam,Slow/Local,3rd Class,325,256,290,298,88.28
2024-10-10,Colombo Fort - Trincomalee,Slow/Local,1st Class,25,20,30,10,66.67
2024-10-10,Colombo Fort - Trincomalee,Slow/Local,2nd Class,150,120,180,65,66.67
2024-10-10,Colombo Fort - Trincomalee,Slow/Local,3rd Class,325,257,290,122,88.62
2024-10-10,Colombo Fort - Vavuniya,Express,1st Class,45,36,54,23,66.67
2024-10-10,Colombo Fort - Vavuniya,Express,2nd Class,270,206,324,146,63.58
2024-10-10,Colombo Fort - Vavuniya,Express,3rd Class,585,458,522,328,87.74
2024-10-10,Colombo Fort - Vavuniya,Intercity,1st Class,37,30,44,26,68.18
2024-10-10,Colombo Fort - Vavuniya,Intercity,2nd Class,225,182,270,141,67.41
2024-10-10,Colombo Fort - Vavuniya,Intercity,3rd Class,487,375,435,314,86.21
2024-10-10,Kandy - Badulla,Intercity,1st Class,37,30,44,29,68.18
2024-10-10,Kandy - Badulla,Intercity,2nd Class,225,183,270,172,67.78
2024-10-10,Kandy - Badulla,Intercity,3rd Class,487,375,435,404,86.21
2024-10-10,Maradana - Avissawella,Intercity,1st Class,37,30,44,23,68.18
2024-10-10,Maradana - Avissawella,Intercity,2nd Class,225,179,270,137,66.3
2024-10-10,Maradana - Avissawella,Intercity,3rd Class,487,375,435,342,86.21
2024-10-11,Colombo Fort - Anuradhapura,Night Mail,1st Class,32,28,38,26,73.68
2024-10-11,Colombo Fort - Anuradhapura,Night Mail,2nd Class,195,175,234,152,74.79
2024-10-11,Colombo Fort - Anuradhapura,Night Mail,3rd Class,422,374,377,382,99.2
2024-10-11,Colombo Fort - Anuradhapura,Slow/Local,1st Class,25,22,30,16,73.33
2024-10-11,Colombo Fort - Anuradhapura,Slow/Local,2nd Class,150,133,180,112,73.89
2024-10-11,Colombo Fort - Anuradhapura,Slow/Local,3rd Class,325,241,290,222,83.1
2024-10-11,Colombo Fort - Badulla,Night Mail,1st Class,32,27,38,30,71.05
2024-10-11,Colombo Fort - Badulla,Night Mail,2nd Class,195,177,234,179,75.64
2024-10-11,Colombo Fort - Badulla,Night Mail,3rd Class,422,363,377,408,96.29
2024-10-11,Colombo Fort - Batticaloa,Intercity,1st Class,37,32,44,34,72.73
2024-10-11,Colombo Fort - Batticaloa,Intercity,2nd Class,225,196,270,225,72.59
2024-10-11,Colombo Fort - Batticaloa,Intercity,3rd Class,487,428,435,479,98.39
2024-10-11,Colombo Fort - Jaffna,Express,1st Class,45,39,54,42,72.22
2024-10-11,Colombo Fort - Jaffna,Express,2nd Class,270,233,324,238,71.91
2024-10-11,Colombo Fort - Jaffna,Express,3rd Class,585,516,522,559,98.85
2024-10-11,Colombo Fort - Jaffna,Slow/Local,1st Class,25,23,23,19,100.0
2024-10-11,Colombo Fort - Jaffna,Slow/Local,2nd Class,150,134,134,108,100.0
2024-10-11,Colombo Fort - Jaffna,Slow/Local,3rd Class,325,295,343,256,86.01
2024-10-11,Colombo Fort - Kurunegala,Slow/Local,1st Class,25,22,30,23,73.33
2024-10-11,Colombo Fort - Kurunegala,Slow/Local,2nd Class,150,133,180,150,73.89
2024-10-11,Colombo Fort - Kurunegala,Slow/Local,3rd Class,325,288,290,325,99.31
2024-10-11,Colombo Fort - Matara,Express,1st Class,45,40,40,41,100.0
2024-10-11,Colombo Fort - Matara,Express,2nd Class,270,238,238,270,100.0
2024-10-11,Colombo Fort - Matara,Express,3rd Class,585,528,622,585,84.89
2024-10-11,Colombo Fort - Negombo,Express,1st Class,45,38,54,43,70.37
2024-10-11,Colombo Fort - Negombo,Express,2nd Class,270,232,324,259,71.6
2024-10-11,Colombo Fort - Negombo,Express,3rd Class,585,468,522,585,89.66
2024-10-11,Colombo Fort - Vavuniya,Slow/Local,1st Class,25,22,22,17,100.0
2024-10-11,Colombo Fort - Vavuniya,Slow/Local,2nd Class,150,133,133,104,100.0
2024-10-11,Colombo Fort - Vavuniya,Slow/Local,3rd Class,325,293,345,225,84.93
2024-10-11,Kandy - Badulla,Intercity,1st Class,37,33,44,37,75.0
2024-10-11,Kandy - Badulla,Intercity,2nd Class,225,200,270,210,74.07
2024-10-11,Kandy - Badulla,Intercity,3rd Class,487,426,435,487,97.93
2024-10-12,Colombo Fort - Anuradhapura,Slow/Local,1st Class,25,21,21,25,100.0
2024-10-12,Colombo Fort - Anuradhapura,Slow/Local,2nd Class,150,131,131,150,100.0
2024-10-12,Colombo Fort - Anuradhapura,Slow/Local,3rd Class,325,294,348,325,84.48
2024-10-12,Colombo Fort - Badulla,Intercity,1st Class,37,33,33,36,100.0
2024-10-12,Colombo Fort - Badulla,Intercity,2nd Class,225,201,201,224,100.0
2024-10-12,Colombo Fort - Badulla,Intercity,3rd Class,487,436,515,471,84.66
2024-10-12,Colombo Fort - Badulla,Slow/Local,1st Class,25,23,23,24,100.0
2024-10-12,Colombo Fort - Badulla,Slow/Local,2nd Class,150,135,135,146,100.0
2024-10-12,Colombo Fort - Badulla,Slow/Local,3rd Class,325,304,342,313,88.89
2024-10-12,Colombo Fort - Batticaloa,Intercity,1st Class,37,33,44,35,75.0
2024-10-12,Colombo Fort - Batticaloa,Intercity,2nd Class,225,201,270,225,74.44
2024-10-12,Colombo Fort - Batticaloa,Intercity,3rd Class,487,431,435,478,99.08
2024-10-12,Colombo Fort - Kurunegala,Slow/Local,1st Class,25,22,22,21,100.0
2024-10-12,Colombo Fort - Kurunegala,Slow/Local,2nd Class,150,135,135,133,100.0
2024-10-12,Colombo Fort - Kurunegala,Slow/Local,3rd Class,325,300,343,303,87.46
2024-10-12,Colombo Fort - Ratnapura,Express,1st Class,45,38,54,40,70.37
2024-10-12,Colombo Fort - Ratnapura,Express,2nd Class,270,235,324,254,72.53
2024-10-12,Colombo Fort - Ratnapura,Express,3rd Class,585,459,522,520,87.93
2024-10-12,Colombo Fort - Ratnapura,Slow/Local,1st Class,25,22,22,25,100.0
2024-10-12,Colombo Fort - Ratnapura,Slow/Local,2nd Class,150,134,134,146,100.0
2024-10-12,Colombo Fort - Ratnapura,Slow/Local,3rd Class,325,297,344,325,86.34
2024-10-12,Maradana - Avissawella,Express,1st Class,45,39,54,33,72.22
2024-10-12,Maradana - Avissawella,Express,2nd Class,270,236,324,195,72.84
2024-10-12,Maradana - Avissawella,Express,3rd Class,585,514,522,457,98.47
2024-10-13,Colombo Fort - Badulla,Slow/Local,1st Class,25,23,23,22,100.0
2024-10-13,Colombo Fort - Badulla,Slow/Local,2nd Class,150,135,135,132,100.0
2024-10-13,Colombo Fort - Badulla,Slow/Local,3rd Class,325,301,342,298,88.01
2024-10-13,Colombo Fort - Batticaloa,Express,1st Class,45,41,54,33,75.93
2024-10-13,Colombo Fort - Batticaloa,Express,2nd Class,270,238,324,193,73.46
2024-10-13,Colombo Fort - Batticaloa,Express,3rd Class,585,519,522,461,99.43
2024-10-13,Colombo Fort - Galle,Express,1st Class,45,39,54,33,72.22
2024-10-13,Colombo Fort - Galle,Express,2nd Class,270,232,324,230,71.6
2024-10-13,Colombo Fort - Galle,Express,3rd Class,585,492,522,508,94.25
2024-10-13,Colombo Fort - Galle,Slow/Local,1st Class,25,22,22,25,100.0
2024-10-13,Colombo Fort - Galle,Slow/Local,2nd Class,150,135,135,145,100.0
2024-10-13,Colombo Fort - Galle,Slow/Local,3rd Class,325,293,343,301,85.42
2024-10-13,Colombo Fort - Kandy,Express,1st Class,45,41,41,45,100.0
2024-10-13,Colombo Fort - Kandy,Express,2nd Class,270,234,234,264,100.0
2024-10-13,Colombo Fort - Kandy,Express,3rd Class,585,523,625,585,83.68
2024-10-13,Colombo Fort - Ratnapura,Express,1st Class,45,38,54,33,70.37
2024-10-13,Colombo Fort - Ratnapura,Express,2nd Class,270,229,324,244,70.68
2024-10-13,Colombo Fort - Ratnapura,Express,3rd Class,585,451,522,524,86.4
2024-10-13,Colombo Fort - Trincomalee,Intercity,1st Class,37,31,44,37,70.45
2024-10-13,Colombo Fort - Trincomalee,Intercity,2nd Class,225,197,270,204,72.96
2024-10-13,Colombo Fort - Trincomalee,Intercity,3rd Class,487,423,435,482,97.24
2024-10-13,Colombo Fort - Trincomalee,Night Mail,1st Class,32,29,29,31,100.0
2024-10-13,Colombo Fort - Trincomalee,Night Mail,2nd Class,195,180,180,177,100.0
2024-10-13,Colombo Fort - Trincomalee,Night Mail,3rd Class,422,388,440,383,88.18
2024-10-13,Colombo Fort - Vavuniya,Slow/Local,1st Class,25,22,22,25,100.0
2024-10-13,Colombo Fort - Vavuniya,Slow/Local,2nd Class,150,130,130,150,100.0
2024-10-13,Colombo Fort - Vavuniya,Slow/Local,3rd Class,325,300,348,325,86.21
2024-10-14,Colombo Fort - Batticaloa,Intercity,1st Class,37,30,44,32,68.18
2024-10-14,Colombo Fort - Batticaloa,Intercity,2nd Class,225,183,270,207,67.78
2024-10-14,Colombo Fort - Batticaloa,Intercity,3rd Class,487,391,435,401,89.89
2024-10-14,Colombo Fort - Batticaloa,Slow/Local,1st Class,25,20,30,20,66.67
2024-10-14,Colombo Fort - Batticaloa,Slow/Local,2nd Class,150,118,180,128,65.56
2024-10-14,Colombo Fort - Batticaloa,Slow/Local,3rd Class,325,256,290,274,88.28
2024-10-14,Colombo Fort - Galle,Slow/Local,1st Class,25,21,30,25,70.0
2024-10-14,Colombo Fort - Galle,Slow/Local,2nd Class,150,125,180,150,69.44
2024-10-14,Colombo Fort - Galle,Slow/Local,3rd Class,325,263,290,325,90.69
2024-10-14,Colombo Fort - Jaffna,Intercity,1st Class,37,30,44,21,68.18
2024-10-14,Colombo Fort - Jaffna,Intercity,2nd Class,225,187,270,121,69.26
2024-10-14,Colombo Fort - Jaffna,Intercity,3rd Class,487,394,435,292,90.57
2024-10-14,Colombo Fort - Matara,Slow/Local,1st Class,25,20,30,15,66.67
2024-10-14,Colombo Fort - Matara,Slow/Local,2nd Class,150,119,180,82,66.11
2024-10-14,Colombo Fort - Matara,Slow/Local,3rd Class,325,261,290,207,90.0
2024-10-14,Colombo Fort - Negombo,Slow/Local,1st Class,25,20,30,19,66.67
2024-10-14,Colombo Fort - Negombo,Slow/Local,2nd Class,150,119,180,103,66.11
2024-10-14,Colombo Fort - Negombo,Slow/Local,3rd Class,325,257,290,229,88.62
2024-10-14,Colombo Fort - Puttalam,Slow/Local,1st Class,25,20,30,23,66.67
2024-10-14,Colombo Fort - Puttalam,Slow/Local,2nd Class,150,119,180,139,66.11
2024-10-14,Colombo Fort - Puttalam,Slow/Local,3rd Class,325,255,290,323,87.93
2024-10-14,Kandy - Badulla,Intercity,1st Class,37,29,44,27,65.91
2024-10-14,Kandy - Badulla,Intercity,2nd Class,225,182,270,172,67.41
2024-10-14,Kandy - Badulla,Intercity,3rd Class,487,383,435,367,88.05
2024-10-14,Kandy - Badulla,Slow/Local,1st Class,25,21,30,18,70.0
2024-10-14,Kandy - Badulla,Slow/Local,2nd Class,150,119,180,101,66.11
2024-10-14,Kandy - Badulla,Slow/Local,3rd Class,325,261,290,230,90.0
2024-10-14,Maradana - Avissawella,Night Mail,1st Class,32,27,38,28,71.05
2024-10-14,Maradana - Avissawella,Night Mail,2nd Class,195,159,234,149,67.95
2024-10-14,Maradana - Avissawella,Night Mail,3rd Class,422,361,377,324,95.76
2024-10-15,Colombo Fort - Anuradhapura,Express,1st Class,45,35,54,32,64.81
2024-10-15,Colombo Fort - Anuradhapura,Express,2nd Class,270,220,324,175,67.9
2024-10-15,Colombo Fort - Anuradhapura,Express,3rd Class,585,464,522,339,88.89
2024-10-15,Colombo Fort - Jaffna,Slow/Local,1st Class,25,20,30,17,66.67
2024-10-15,Colombo Fort - Jaffna,Slow/Local,2nd Class,150,116,180,104,64.44
2024-10-15,Colombo Fort - Jaffna,Slow/Local,3rd Class,325,257,290,212,88.62
2024-10-15,Colombo Fort - Kurunegala,Slow/Local,1st Class,25,21,30,18,70.0
2024-10-15,Colombo Fort - Kurunegala,Slow/Local,2nd Class,150,120,180,127,66.67
2024-10-15,Colombo Fort - Kurunegala,Slow/Local,3rd Class,325,262,290,250,90.34
2024-10-15,Colombo Fort - Matara,Slow/Local,1st Class,25,19,30,18,63.33
2024-10-15,Colombo Fort - Matara,Slow/Local,2nd Class,150,115,180,122,63.89
2024-10-15,Colombo Fort - Matara,Slow/Local,3rd Class,325,259,290,246,89.31
2024-10-15,Colombo Fort - Puttalam,Slow/Local,1st Class,25,20,30,25,66.67
2024-10-15,Colombo Fort - Puttalam,Slow/Local,2nd Class,150,118,180,150,65.56
2024-10-15,Colombo Fort - Puttalam,Slow/Local,3rd Class,325,257,290,316,88.62
2024-10-15,Colombo Fort - Ratnapura,Slow/Local,1st Class,25,20,30,23,66.67
2024-10-15,Colombo Fort - Ratnapura,Slow/Local,2nd Class,150,117,180,150,65.0
2024-10-15,Colombo Fort - Ratnapura,Slow/Local,3rd Class,325,265,290,322,91.38
2024-10-15,Colombo Fort - Trincomalee,Express,1st Class,45,36,54,38,66.67
2024-10-15,Colombo Fort - Trincomalee,Express,2nd Class,270,214,324,232,66.05
2024-10-15,Colombo Fort - Trincomalee,Express,3rd Class,585,454,522,507,86.97
2024-10-15,Colombo Fort - Trincomalee,Intercity,1st Class,37,30,44,35,68.18
2024-10-15,Colombo Fort - Trincomalee,Intercity,2nd Class,225,185,270,195,68.52
2024-10-15,Colombo Fort - Trincomalee,Intercity,3rd Class,487,382,435,453,87.82
2024-10-15,Kandy - Badulla,Express,1st Class,45,35,54,28,64.81
2024-10-15,Kandy - Badulla,Express,2nd Class,270,219,324,184,67.59
2024-10-15,Kandy - Badulla,Express,3rd Class,585,472,522,391,90.42
2024-10-15,Kandy - Badulla,Slow/Local,1st Class,25,20,30,25,66.67
2024-10-15,Kandy - Badulla,Slow/Local,2nd Class,150,116,180,149,64.44
2024-10-15,Kandy - Badulla,Slow/Local,3rd Class,325,258,290,312,88.97
2024-10-15,Maradana - Avissawella,Intercity,1st Class,37,30,44,28,68.18
2024-10-15,Maradana - Avissawella,Intercity,2nd Class,225,186,270,174,68.89
2024-10-15,Maradana - Avissawella,Intercity,3rd Class,487,368,435,337,84.6
2024-10-15,Maradana - Avissawella,Night Mail,1st Class,32,27,38,24,71.05
2024-10-15,Maradana - Avissawella,Night Mail,2nd Class,195,157,234,153,67.09
2024-10-15,Maradana - Avissawella,Night Mail,3rd Class,422,358,377,316,94.96
2024-10-16,Colombo Fort - Badulla,Night Mail,1st Class,32,26,38,29,68.42
2024-10-16,Colombo Fort - Badulla,Night Mail,2nd Class,195,149,234,174,63.68
2024-10-16,Colombo Fort - Badulla,Night Mail,3rd Class,422,346,377,365,91.78
2024-10-16,Colombo Fort - Batticaloa,Intercity,1st Class,37,30,44,37,68.18
2024-10-16,Colombo Fort - Batticaloa,Intercity,2nd Class,225,183,270,225,67.78
2024-10-16,Colombo Fort - Batticaloa,Intercity,3rd Class,487,395,435,485,90.8
2024-10-16,Colombo Fort - Kandy,Intercity,1st Class,37,29,44,33,65.91
2024-10-16,Colombo Fort - Kandy,Intercity,2nd Class,225,180,270,185,66.67
2024-10-16,Colombo Fort - Kandy,Intercity,3rd Class,487,380,435,465,87.36
2024-10-16,Colombo Fort - Kurunegala,Intercity,1st Class,37,30,44,31,68.18
2024-10-16,Colombo Fort - Kurunegala,Intercity,2nd Class,225,183,270,194,67.78
2024-10-16,Colombo Fort - Kurunegala,Intercity,3rd Class,487,405,435,448,93.1
2024-10-16,Colombo Fort - Matara,Express,1st Class,45,34,54,38,62.96
2024-10-16,Colombo Fort - Matara,Express,2nd Class,270,213,324,251,65.74
2024-10-16,Colombo Fort - Matara,Express,3rd Class,585,476,522,525,91.19
2024-10-16,Colombo Fort - Matara,Intercity,1st Class,37,30,44,34,68.18
2024-10-16,Colombo Fort - Matara,Intercity,2nd Class,225,183,270,216,67.78
2024-10-16,Colombo Fort - Matara,Intercity,3rd Class,487,385,435,485,88.51
2024-10-16,Colombo Fort - Matara,Slow/Local,1st Class,25,19,30,19,63.33
2024-10-16,Colombo Fort - Matara,Slow/Local,2nd Class,150,117,180,109,65.0
2024-10-16,Colombo Fort - Matara,Slow/Local,3rd Class,325,252,290,240,86.9
2024-10-16,Colombo Fort - Negombo,Intercity,1st Class,37,30,44,20,68.18
2024-10-16,Colombo Fort - Negombo,Intercity,2nd Class,225,186,270,123,68.89
2024-10-16,Colombo Fort - Negombo,Intercity,3rd Class,487,378,435,280,86.9
2024-10-16,Colombo Fort - Puttalam,Slow/Local,1st Class,25,20,30,24,66.67
2024-10-16,Colombo Fort - Puttalam,Slow/Local,2nd Class,150,119,180,150,66.11
2024-10-16,Colombo Fort - Puttalam,Slow/Local,3rd Class,325,256,290,325,88.28
2024-10-16,Kandy - Badulla,Express,1st Class,45,35,54,27,64.81
2024-10-16,Kandy - Badulla,Express,2nd Class,270,221,324,162,68.21
2024-10-16,Kandy - Badulla,Express,3rd Class,585,467,522,347,89.46
2024-10-17,Colombo Fort - Anuradhapura,Express,1st Class,45,36,54,37,66.67
2024-10-17,Colombo Fort - Anuradhapura,Express,2nd Class,270,214,324,211,66.05
2024-10-17,Colombo Fort - Anuradhapura,Express,3rd Class,585,439,522,474,84.1
2024-10-17,Colombo Fort - Badulla,Intercity,1st Class,37,30,44,26,68.18
2024-10-17,Colombo Fort - Badulla,Intercity,2nd Class,225,183,270,156,67.78
2024-10-17,Colombo Fort - Badulla,Intercity,3rd Class,487,394,435,345,90.57
2024-10-17,Colombo Fort - Kandy,Express,1st Class,45,35,54,35,64.81
2024-10-17,Colombo Fort - Kandy,Express,2nd Class,270,213,324,211,65.74
2024-10-17,Colombo Fort - Kandy,Express,3rd Class,585,500,522,486,95.79
2024-10-17,Colombo Fort - Kandy,Intercity,1st Class,37,30,44,24,68.18
2024-10-17,Colombo Fort - Kandy,Intercity,2nd Class,225,183,270,135,67.78
2024-10-17,Colombo Fort - Kandy,Intercity,3rd Class,487,392,435,321,90.11
2024-10-17,Colombo Fort - Negombo,Express,1st Class,45,36,54,38,66.67
2024-10-17,Colombo Fort - Negombo,Express,2nd Class,270,221,324,207,68.21
2024-10-17,Colombo Fort - Negombo,Express,3rd Class,585,431,522,460,82.57
2024-10-17,Colombo Fort - Ratnapura,Night Mail,1st Class,32,26,38,26,68.42
2024-10-17,Colombo Fort - Ratnapura,Night Mail,2nd Class,195,153,234,180,65.38
2024-10-17,Colombo Fort - Ratnapura,Night Mail,3rd Class,422,337,377,371,89.39
2024-10-17,Colombo Fort - Ratnapura,Slow/Local,1st Class,25,21,30,20,70.0
2024-10-17,Colombo Fort - Ratnapura,Slow/Local,2nd Class,150,119,180,141,66.11
2024-10-17,Colombo Fort - Ratnapura,Slow/Local,3rd Class,325,262,290,277,90.34
2024-10-17,Colombo Fort - Trincomalee,Slow/Local,1st Class,25,20,30,21,66.67
2024-10-17,Colombo Fort - Trincomalee,Slow/Local,2nd Class,150,115,180,134,63.89
2024-10-17,Colombo Fort - Trincomalee,Slow/Local,3rd Class,325,240,290,243,82.76
2024-10-17,Colombo Fort - Vavuniya,Slow/Local,1st Class,25,20,30,18,66.67
2024-10-17,Colombo Fort - Vavuniya,Slow/Local,2nd Class,150,119,180,114,66.11
2024-10-17,Colombo Fort - Vavuniya,Slow/Local,3rd Class,325,254,290,238,87.59
2024-10-17,Kandy - Badulla,Express,1st Class,45,36,54,43,66.67
2024-10-17,Kandy - Badulla,Express,2nd Class,270,211,324,270,65.12
2024-10-17,Kandy - Badulla,Express,3rd Class,585,450,522,573,86.21
2024-10-18,Colombo Fort - Anuradhapura,Intercity,1st Class,37,32,32,37,100.0
2024-10-18,Colombo Fort - Anuradhapura,Intercity,2nd Class,225,195,195,219,100.0
2024-10-18,Colombo Fort - Anuradhapura,Intercity,3rd Class,487,440,522,484,84.29
2024-10-18,Colombo Fort - Anuradhapura,Slow/Local,1st Class,25,22,22,14,100.0
2024-10-18,Colombo Fort - Anuradhapura,Slow/Local,2nd Class,150,134,134,97,100.0
2024-10-18,Colombo Fort - Anuradhapura,Slow/Local,3rd Class,325,295,344,185,85.76
2024-10-18,Colombo Fort - Batticaloa,Slow/Local,1st Class,25,22,22,15,100.0
2024-10-18,Colombo Fort - Batticaloa,Slow/Local,2nd Class,150,134,134,77,100.0
2024-10-18,Colombo Fort - Batticaloa,Slow/Local,3rd Class,325,295,344,200,85.76
2024-10-18,Colombo Fort - Galle,Night Mail,1st Class,32,29,29,30,100.0
2024-10-18,Colombo Fort - Galle,Night Mail,2nd Class,195,177,177,173,100.0
2024-10-18,Colombo Fort - Galle,Night Mail,3rd Class,422,389,443,405,87.81
2024-10-18,Colombo Fort - Jaffna,Intercity,1st Class,37,32,44,25,72.73
2024-10-18,Colombo Fort - Jaffna,Intercity,2nd Class,225,193,270,170,71.48
2024-10-18,Colombo Fort - Jaffna,Intercity,3rd Class,487,427,435,330,98.16
2024-10-18,Colombo Fort - Kandy,Express,1st Class,45,41,41,45,100.0
2024-10-18,Colombo Fort - Kandy,Express,2nd Class,270,242,242,270,100.0
2024-10-18,Colombo Fort - Kandy,Express,3rd Class,585,534,617,585,86.55
2024-10-18,Colombo Fort - Kandy,Night Mail,1st Class,32,28,38,31,73.68
2024-10-18,Colombo Fort - Kandy,Night Mail,2nd Class,195,176,234,192,75.21
2024-10-18,Colombo Fort - Kandy,Night Mail,3rd Class,422,356,377,413,94.43
2024-10-18,Colombo Fort - Negombo,Night Mail,1st Class,32,29,29,28,100.0
2024-10-18,Colombo Fort - Negombo,Night Mail,2nd Class,195,178,178,164,100.0
2024-10-18,Colombo Fort - Negombo,Night Mail,3rd Class,422,384,442,335,86.88
2024-10-18,Maradana - Avissawella,Night Mail,1st Class,32,29,29,23,100.0
2024-10-18,Maradana - Avissawella,Night Mail,2nd Class,195,179,179,146,100.0
2024-10-18,Maradana - Avissawella,Night Mail,3rd Class,422,381,441,322,86.39
2024-10-19,Colombo Fort - Batticaloa,Slow/Local,1st Class,25,21,21,21,100.0
2024-10-19,Colombo Fort - Batticaloa,Slow/Local,2nd Class,150,125,125,142,100.0
2024-10-19,Colombo Fort - Batticaloa,Slow/Local,3rd Class,325,297,354,308,83.9
2024-10-19,Colombo Fort - Galle,Slow/Local,1st Class,25,22,22,25,100.0
2024-10-19,Colombo Fort - Galle,Slow/Local,2nd Class,150,136,136,142,100.0
2024-10-19,Colombo Fort - Galle,Slow/Local,3rd Class,325,292,342,309,85.38
2024-10-19,Colombo Fort - Kandy,Intercity,1st Class,37,32,44,35,72.73
2024-10-19,Colombo Fort - Kandy,Intercity,2nd Class,225,194,270,203,71.85
2024-10-19,Colombo Fort - Kandy,Intercity,3rd Class,487,432,435,435,99.31
2024-10-19,Colombo Fort - Kandy,Slow/Local,1st Class,25,22,22,24,100.0
2024-10-19,Colombo Fort - Kandy,Slow/Local,2nd Class,150,134,134,141,100.0
2024-10-19,Colombo Fort - Kandy,Slow/Local,3rd Class,325,292,344,305,84.88
2024-10-19,Colombo Fort - Kurunegala,Express,1st Class,45,40,54,45,74.07
2024-10-19,Colombo Fort - Kurunegala,Express,2nd Class,270,235,324,267,72.53
2024-10-19,Colombo Fort - Kurunegala,Express,3rd Class,585,461,522,585,88.31
2024-10-19,Colombo Fort - Kurunegala,Slow/Local,1st Class,25,22,30,23,73.33
2024-10-19,Colombo Fort - Kurunegala,Slow/Local,2nd Class,150,134,180,150,74.44
2024-10-19,Colombo Fort - Kurunegala,Slow/Local,3rd Class,325,289,290,304,99.66
2024-10-19,Colombo Fort - Matara,Express,1st Class,45,41,41,43,100.0
2024-10-19,Colombo Fort - Matara,Express,2nd Class,270,242,242,255,100.0
2024-10-19,Colombo Fort - Matara,Express,3rd Class,585,523,617,524,84.76
2024-10-19,Colombo Fort - Puttalam,Slow/Local,1st Class,25,22,22,25,100.0
2024-10-19,Colombo Fort - Puttalam,Slow/Local,2nd Class,150,133,133,150,100.0
2024-10-19,Colombo Fort - Puttalam,Slow/Local,3rd Class,325,299,345,314,86.67
2024-10-19,Colombo Fort - Trincomalee,Express,1st Class,45,40,54,39,74.07
2024-10-19,Colombo Fort - Trincomalee,Express,2nd Class,270,242,324,235,74.69
2024-10-19,Colombo Fort - Trincomalee,Express,3rd Class,585,512,522,500,98.08
2024-10-19,Colombo Fort - Vavuniya,Intercity,1st Class,37,32,44,34,72.73
2024-10-19,Colombo Fort - Vavuniya,Intercity,2nd Class,225,198,270,225,73.33
2024-10-19,Colombo Fort - Vavuniya,Intercity,3rd Class,487,429,435,482,98.62
2024-10-19,Maradana - Avissawella,Express,1st Class,45,38,54,43,70.37
2024-10-19,Maradana - Avissawella,Express,2nd Class,270,230,324,252,70.99
2024-10-19,Maradana - Avissawella,Express,3rd Class,585,506,522,562,96.93
2024-10-19,Maradana - Avissawella,Intercity,1st Class,37,34,44,31,77.27
2024-10-19,Maradana - Avissawella,Intercity,2nd Class,225,195,270,196,72.22
2024-10-19,Maradana - Avissawella,Intercity,3rd Class,487,433,435,405,99.54
2024-10-19,Maradana - Avissawella,Slow/Local,1st Class,25,22,22,25,100.0
2024-10-19,Maradana - Avissawella,Slow/Local,2nd Class,150,134,134,150,100.0
2024-10-19,Maradana - Avissawella,Slow/Local,3rd Class,325,292,344,301,84.88
2024-10-20,Colombo Fort - Anuradhapura,Express,1st Class,45,41,54,31,75.93
2024-10-20,Colombo Fort - Anuradhapura,Express,2nd Class,270,241,324,201,74.38
2024-10-20,Colombo Fort - Anuradhapura,Express,3rd Class,585,513,522,384,98.28
2024-10-20,Colombo Fort - Kandy,Express,1st Class,45,41,41,39,100.0
2024-10-20,Colombo Fort - Kandy,Express,2nd Class,270,238,238,224,100.0
2024-10-20,Colombo Fort - Kandy,Express,3rd Class,585,524,621,532,84.38
2024-10-20,Colombo Fort - Kurunegala,Intercity,1st Class,37,33,33,37,100.0
2024-10-20,Colombo Fort - Kurunegala,Intercity,2nd Class,225,199,199,225,100.0
2024-10-20,Colombo Fort - Kurunegala,Intercity,3rd Class,487,443,517,487,85.69
2024-10-20,Colombo Fort - Matara,Express,1st Class,45,41,54,44,75.93
2024-10-20,Colombo Fort - Matara,Express,2nd Class,270,239,324,267,73.77
2024-10-20,Colombo Fort - Matara,Express,3rd Class,585,508,522,585,97.32
2024-10-20,Colombo Fort - Matara,Slow/Local,1st Class,25,21,30,23,70.0
2024-10-20,Colombo Fort - Matara,Slow/Local,2nd Class,150,127,180,136,70.56
2024-10-20,Colombo Fort - Matara,Slow/Local,3rd Class,325,281,290,285,96.9
2024-10-20,Colombo Fort - Ratnapura,Slow/Local,1st Class,25,22,22,18,100.0
2024-10-20,Colombo Fort - Ratnapura,Slow/Local,2nd Class,150,135,135,100,100.0
2024-10-20,Colombo Fort - Ratnapura,Slow/Local,3rd Class,325,293,343,220,85.42
2024-10-20,Kandy - Badulla,Slow/Local,1st Class,25,23,23,25,100.0
2024-10-20,Kandy - Badulla,Slow/Local,2nd Class,150,135,135,148,100.0
2024-10-20,Kandy - Badulla,Slow/Local,3rd Class,325,299,342,325,87.43
2024-10-21,Colombo Fort - Anuradhapura,Slow/Local,1st Class,25,19,30,22,63.33
2024-10-21,Colombo Fort - Anuradhapura,Slow/Local,2nd Class,150,117,180,137,65.0
2024-10-21,Colombo Fort - Anuradhapura,Slow/Local,3rd Class,325,260,290,285,89.66
2024-10-21,Colombo Fort - Badulla,Slow/Local,1st Class,25,20,30,19,66.67
2024-10-21,Colombo Fort - Badulla,Slow/Local,2nd Class,150,119,180,118,66.11
2024-10-21,Colombo Fort - Badulla,Slow/Local,3rd Class,325,254,290,248,87.59
2024-10-21,Colombo Fort - Jaffna,Slow/Local,1st Class,25,20,30,25,66.67
2024-10-21,Colombo Fort - Jaffna,Slow/Local,2nd Class,150,115,180,145,63.89
2024-10-21,Colombo Fort - Jaffna,Slow/Local,3rd Class,325,254,290,325,87.59
2024-10-21,Colombo Fort - Matara,Intercity,1st Class,37,30,44,36,68.18
2024-10-21,Colombo Fort - Matara,Intercity,2nd Class,225,181,270,225,67.04
2024-10-21,Colombo Fort - Matara,Intercity,3rd Class,487,384,435,455,88.28
2024-10-21,Colombo Fort - Puttalam,Express,1st Class,45,35,54,42,64.81
2024-10-21,Colombo Fort - Puttalam,Express,2nd Class,270,217,324,258,66.98
2024-10-21,Colombo Fort - Puttalam,Express,3rd Class,585,436,522,532,83.52
2024-10-21,Colombo Fort - Ratnapura,Express,1st Class,45,36,54,29,66.67
2024-10-21,Colombo Fort - Ratnapura,Express,2nd Class,270,222,324,150,68.52
2024-10-21,Colombo Fort - Ratnapura,Express,3rd Class,585,449,522,349,86.02
2024-10-21,Colombo Fort - Ratnapura,Slow/Local,1st Class,25,20,30,21,66.67
2024-10-21,Colombo Fort - Ratnapura,Slow/Local,2nd Class,150,117,180,118,65.0
2024-10-21,Colombo Fort - Ratnapura,Slow/Local,3rd Class,325,258,290,295,88.97
2024-10-21,Colombo Fort - Vavuniya,Express,1st Class,45,35,54,37,64.81
2024-10-21,Colombo Fort - Vavuniya,Express,2nd Class,270,204,324,204,62.96
2024-10-21,Colombo Fort - Vavuniya,Express,3rd Class,585,424,522,469,81.23
2024-10-21,Colombo Fort - Vavuniya,Slow/Local,1st Class,25,20,30,22,66.67
2024-10-21,Colombo Fort - Vavuniya,Slow/Local,2nd Class,150,116,180,118,64.44
2024-10-21,Colombo Fort - Vavuniya,Slow/Local,3rd Class,325,253,290,243,87.24
2024-10-21,Kandy - Badulla,Intercity,1st Class,37,29,44,31,65.91
2024-10-21,Kandy - Badulla,Intercity,2nd Class,225,181,270,181,67.04
2024-10-21,Kandy - Badulla,Intercity,3rd Class,487,370,435,405,85.06
2024-10-21,Kandy - Badulla,Night Mail,1st Class,32,26,38,32,68.42
2024-10-21,Kandy - Badulla,Night Mail,2nd Class,195,161,234,195,68.8
2024-10-21,Kandy - Badulla,Night Mail,3rd Class,422,360,377,422,95.49
2024-10-21,Maradana - Avissawella,Night Mail,1st Class,32,26,38,21,68.42
2024-10-21,Maradana - Avissawella,Night Mail,2nd Class,195,156,234,129,66.67
2024-10-21,Maradana - Avissawella,Night Mail,3rd Class,422,361,377,297,95.76
2024-10-22,Colombo Fort - Badulla,Intercity,1st Class,37,29,44,31,65.91
2024-10-22,Colombo Fort - Badulla,Intercity,2nd Class,225,180,270,208,66.67
2024-10-22,Colombo Fort - Badulla,Intercity,3rd Class,487,381,435,468,87.59
2024-10-22,Colombo Fort - Batticaloa,Slow/Local,1st Class,25,19,30,21,63.33
2024-10-22,Colombo Fort - Batticaloa,Slow/Local,2nd Class,150,118,180,118,65.56
2024-10-22,Colombo Fort - Batticaloa,Slow/Local,3rd Class,325,253,290,255,87.24
2024-10-22,Colombo Fort - Kurunegala,Slow/Local,1st Class,25,20,30,15,66.67
2024-10-22,Colombo Fort - Kurunegala,Slow/Local,2nd Class,150,119,180,88,66.11
2024-10-22,Colombo Fort - Kurunegala,Slow/Local,3rd Class,325,260,290,216,89.66
2024-10-22,Colombo Fort - Ratnapura,Express,1st Class,45,35,54,40,64.81
2024-10-22,Colombo Fort - Ratnapura,Express,2nd Class,270,218,324,270,67.28
2024-10-22,Colombo Fort - Ratnapura,Express,3rd Class,585,432,522,497,82.76
2024-10-22,Colombo Fort - Vavuniya,Intercity,1st Class,37,30,44,25,68.18
2024-10-22,Colombo Fort - Vavuniya,Intercity,2nd Class,225,183,270,144,67.78
2024-10-22,Colombo Fort - Vavuniya,Intercity,3rd Class,487,379,435,303,87.13
2024-10-22,Colombo Fort - Vavuniya,Slow/Local,1st Class,25,20,30,22,66.67
2024-10-22,Colombo Fort - Vavuniya,Slow/Local,2nd Class,150,118,180,137,65.56
2024-10-22,Colombo Fort - Vavuniya,Slow/Local,3rd Class,325,255,290,307,87.93
2024-10-23,Colombo Fort - Anuradhapura,Express,1st Class,45,35,54,40,64.81
2024-10-23,Colombo Fort - Anuradhapura,Express,2nd Class,270,209,324,211,64.51
2024-10-23,Colombo Fort - Anuradhapura,Express,3rd Class,585,456,522,441,87.36
2024-10-23,Colombo Fort - Anuradhapura,Intercity,1st Class,37,30,44,31,68.18
2024-10-23,Colombo Fort - Anuradhapura,Intercity,2nd Class,225,181,270,203,67.04
2024-10-23,Colombo Fort - Anuradhapura,Intercity,3rd Class,487,391,435,414,89.89
2024-10-23,Colombo Fort - Batticaloa,Express,1st Class,45,35,54,42,64.81
2024-10-23,Colombo Fort - Batticaloa,Express,2nd Class,270,212,324,242,65.43
2024-10-23,Colombo Fort - Batticaloa,Express,3rd Class,585,476,522,516,91.19
2024-10-23,Colombo Fort - Kurunegala,Slow/Local,1st Class,25,20,30,22,66.67
2024-10-23,Colombo Fort - Kurunegala,Slow/Local,2nd Class,150,115,180,148,63.89
2024-10-23,Colombo Fort - Kurunegala,Slow/Local,3rd Class,325,252,290,318,86.9
2024-10-23,Colombo Fort - Puttalam,Express,1st Class,45,34,54,39,62.96
2024-10-23,Colombo Fort - Puttalam,Express,2nd Class,270,216,324,213,66.67
2024-10-23,Colombo Fort - Puttalam,Express,3rd Class,585,439,522,467,84.1
2024-10-23,Colombo Fort - Ratnapura,Intercity,1st Class,37,28,44,33,63.64
2024-10-23,Colombo Fort - Ratnapura,Intercity,2nd Class,225,181,270,223,67.04
2024-10-23,Colombo Fort - Ratnapura,Intercity,3rd Class,487,380,435,422,87.36
2024-10-23,Colombo Fort - Trincomalee,Express,1st Class,45,36,54,20,66.67
2024-10-23,Colombo Fort - Trincomalee,Express,2nd Class,270,213,324,125,65.74
2024-10-23,Colombo Fort - Trincomalee,Express,3rd Class,585,462,522,291,88.51
2024-10-23,Kandy - Badulla,Intercity,1st Class,37,29,44,32,65.91
2024-10-23,Kandy - Badulla,Intercity,2nd Class,225,182,270,175,67.41
2024-10-23,Kandy - Badulla,Intercity,3rd Class,487,381,435,397,87.59
2024-10-24,Colombo Fort - Badulla,Intercity,1st Class,37,30,44,35,68.18
2024-10-24,Colombo Fort - Badulla,Intercity,2nd Class,225,184,270,188,68.15
2024-10-24,Colombo Fort - Badulla,Intercity,3rd Class,487,393,435,431,90.34
2024-10-24,Colombo Fort - Batticaloa,Slow/Local,1st Class,25,20,30,24,66.67
2024-10-24,Colombo Fort - Batticaloa,Slow/Local,2nd Class,150,118,180,150,65.56
2024-10-24,Colombo Fort - Batticaloa,Slow/Local,3rd Class,325,247,290,325,85.17
2024-10-24,Colombo Fort - Galle,Express,1st Class,45,35,54,42,64.81
2024-10-24,Colombo Fort - Galle,Express,2nd Class,270,214,324,259,66.05
2024-10-24,Colombo Fort - Galle,Express,3rd Class,585,459,522,585,87.93
2024-10-24,Colombo Fort - Matara,Slow/Local,1st Class,25,19,30,16,63.33
2024-10-24,Colombo Fort - Matara,Slow/Local,2nd Class,150,119,180,95,66.11
2024-10-24,Colombo Fort - Matara,Slow/Local,3rd Class,325,252,290,223,86.9
2024-10-24,Colombo Fort - Puttalam,Intercity,1st Class,37,30,44,26,68.18
2024-10-24,Colombo Fort - Puttalam,Intercity,2nd Class,225,182,270,148,67.41
2024-10-24,Colombo Fort - Puttalam,Intercity,3rd Class,487,412,435,359,94.71
2024-10-24,Colombo Fort - Puttalam,Slow/Local,1st Class,25,21,30,22,70.0
2024-10-24,Colombo Fort - Puttalam,Slow/Local,2nd Class,150,120,180,114,66.67
2024-10-24,Colombo Fort - Puttalam,Slow/Local,3rd Class,325,259,290,283,89.31
2024-10-24,Kandy - Badulla,Intercity,1st Class,37,29,44,36,65.91
2024-10-24,Kandy - Badulla,Intercity,2nd Class,225,181,270,215,67.04
2024-10-24,Kandy - Badulla,Intercity,3rd Class,487,379,435,487,87.13
2024-10-24,Kandy - Badulla,Slow/Local,1st Class,25,21,30,25,70.0
2024-10-24,Kandy - Badulla,Slow/Local,2nd Class,150,120,180,150,66.67
2024-10-24,Kandy - Badulla,Slow/Local,3rd Class,325,260,290,325,89.66
2024-10-25,Colombo Fort - Anuradhapura,Slow/Local,1st Class,25,21,21,20,100.0
2024-10-25,Colombo Fort - Anuradhapura,Slow/Local,2nd Class,150,134,134,127,100.0
2024-10-25,Colombo Fort - Anuradhapura,Slow/Local,3rd Class,325,294,345,280,85.22
2024-10-25,Colombo Fort - Batticaloa,Intercity,1st Class,37,33,44,36,75.0
2024-10-25,Colombo Fort - Batticaloa,Intercity,2nd Class,225,201,270,207,74.44
2024-10-25,Colombo Fort - Batticaloa,Intercity,3rd Class,487,430,435,468,98.85
2024-10-25,Colombo Fort - Kandy,Intercity,1st Class,37,33,44,29,75.0
2024-10-25,Colombo Fort - Kandy,Intercity,2nd Class,225,198,270,192,73.33
2024-10-25,Colombo Fort - Kandy,Intercity,3rd Class,487,432,435,397,99.31
2024-10-25,Colombo Fort - Kandy,Night Mail,1st Class,32,28,38,30,73.68
2024-10-25,Colombo Fort - Kandy,Night Mail,2nd Class,195,177,234,188,75.64
2024-10-25,Colombo Fort - Kandy,Night Mail,3rd Class,422,377,377,418,100.0
2024-10-25,Colombo Fort - Matara,Slow/Local,1st Class,25,21,30,20,70.0
2024-10-25,Colombo Fort - Matara,Slow/Local,2nd Class,150,126,180,123,70.0
2024-10-25,Colombo Fort - Matara,Slow/Local,3rd Class,325,280,290,267,96.55
2024-10-25,Colombo Fort - Ratnapura,Slow/Local,1st Class,25,21,30,21,70.0
2024-10-25,Colombo Fort - Ratnapura,Slow/Local,2nd Class,150,132,180,118,73.33
2024-10-25,Colombo Fort - Ratnapura,Slow/Local,3rd Class,325,288,290,280,99.31
2024-10-26,Colombo Fort - Anuradhapura,Slow/Local,1st Class,25,21,21,21,100.0
2024-10-26,Colombo Fort - Anuradhapura,Slow/Local,2nd Class,150,134,134,142,100.0
2024-10-26,Colombo Fort - Anuradhapura,Slow/Local,3rd Class,325,297,345,305,86.09
2024-10-26,Colombo Fort - Batticaloa,Express,1st Class,45,41,41,38,100.0
2024-10-26,Colombo Fort - Batticaloa,Express,2nd Class,270,240,240,241,100.0
2024-10-26,Colombo Fort - Batticaloa,Express,3rd Class,585,535,619,559,86.43
2024-10-26,Colombo Fort - Galle,Slow/Local,1st Class,25,22,30,25,73.33
2024-10-26,Colombo Fort - Galle,Slow/Local,2nd Class,150,140,180,150,77.78
2024-10-26,Colombo Fort - Galle,Slow/Local,3rd Class,325,290,290,306,100.0
2024-10-26,Colombo Fort - Jaffna,Intercity,1st Class,37,33,44,33,75.0
2024-10-26,Colombo Fort - Jaffna,Intercity,2nd Class,225,199,270,219,73.7
2024-10-26,Colombo Fort - Jaffna,Intercity,3rd Class,487,432,435,479,99.31
2024-10-26,Colombo Fort - Kurunegala,Intercity,1st Class,37,34,34,36,100.0
2024-10-26,Colombo Fort - Kurunegala,Intercity,2nd Class,225,200,200,217,100.0
2024-10-26,Colombo Fort - Kurunegala,Intercity,3rd Class,487,460,515,487,89.32
2024-10-26,Colombo Fort - Kurunegala,Slow/Local,1st Class,25,22,22,25,100.0
2024-10-26,Colombo Fort - Kurunegala,Slow/Local,2nd Class,150,134,134,150,100.0
2024-10-26,Colombo Fort - Kurunegala,Slow/Local,3rd Class,325,294,344,325,85.47
2024-10-26,Colombo Fort - Matara,Night Mail,1st Class,32,29,29,27,100.0
2024-10-26,Colombo Fort - Matara,Night Mail,2nd Class,195,180,180,190,100.0
2024-10-26,Colombo Fort - Matara,Night Mail,3rd Class,422,384,440,390,87.27
2024-10-26,Colombo Fort - Matara,Slow/Local,1st Class,25,21,30,23,70.0
2024-10-26,Colombo Fort - Matara,Slow/Local,2nd Class,150,127,180,135,70.56
2024-10-26,Colombo Fort - Matara,Slow/Local,3rd Class,325,286,290,307,98.62
2024-10-26,Colombo Fort - Trincomalee,Intercity,1st Class,37,33,44,33,75.0
2024-10-26,Colombo Fort - Trincomalee,Intercity,2nd Class,225,198,270,190,73.33
2024-10-26,Colombo Fort - Trincomalee,Intercity,3rd Class,487,424,435,429,97.47
2024-10-26,Kandy - Badulla,Express,1st Class,45,40,40,38,100.0
2024-10-26,Kandy - Badulla,Express,2nd Class,270,238,238,213,100.0
2024-10-26,Kandy - Badulla,Express,3rd Class,585,535,622,448,86.01
2024-10-27,Colombo Fort - Anuradhapura,Intercity,1st Class,37,34,34,28,100.0
2024-10-27,Colombo Fort - Anuradhapura,Intercity,2nd Class,225,202,202,177,100.0
2024-10-27,Colombo Fort - Anuradhapura,Intercity,3rd Class,487,438,513,348,85.38
2024-10-27,Colombo Fort - Badulla,Express,1st Class,45,40,40,39,100.0
2024-10-27,Colombo Fort - Badulla,Express,2nd Class,270,241,241,232,100.0
2024-10-27,Colombo Fort - Badulla,Express,3rd Class,585,528,619,491,85.3
2024-10-27,Colombo Fort - Batticaloa,Express,1st Class,45,39,54,45,72.22
2024-10-27,Colombo Fort - Batticaloa,Express,2nd Class,270,228,324,270,70.37
2024-10-27,Colombo Fort - Batticaloa,Express,3rd Class,585,519,522,556,99.43
2024-10-27,Colombo Fort - Galle,Slow/Local,1st Class,25,22,30,17,73.33
2024-10-27,Colombo Fort - Galle,Slow/Local,2nd Class,150,142,180,91,78.89
2024-10-27,Colombo Fort - Galle,Slow/Local,3rd Class,325,290,290,200,100.0
2024-10-27,Colombo Fort - Kandy,Night Mail,1st Class,32,29,29,30,100.0
2024-10-27,Colombo Fort - Kandy,Night Mail,2nd Class,195,181,181,181,100.0
2024-10-27,Colombo Fort - Kandy,Night Mail,3rd Class,422,387,439,360,88.15
2024-10-27,Colombo Fort - Kandy,Slow/Local,1st Class,25,23,23,23,100.0
2024-10-27,Colombo Fort - Kandy,Slow/Local,2nd Class,150,134,134,150,100.0
2024-10-27,Colombo Fort - Kandy,Slow/Local,3rd Class,325,294,343,325,85.71
2024-10-27,Colombo Fort - Kurunegala,Night Mail,1st Class,32,29,29,29,100.0
2024-10-27,Colombo Fort - Kurunegala,Night Mail,2nd Class,195,180,180,195,100.0
2024-10-27,Colombo Fort - Kurunegala,Night Mail,3rd Class,422,380,440,361,86.36
2024-10-27,Colombo Fort - Matara,Night Mail,1st Class,32,29,29,28,100.0
2024-10-27,Colombo Fort - Matara,Night Mail,2nd Class,195,180,180,184,100.0
2024-10-27,Colombo Fort - Matara,Night Mail,3rd Class,422,389,440,369,88.41
2024-10-27,Colombo Fort - Puttalam,Intercity,1st Class,37,32,32,31,100.0
2024-10-27,Colombo Fort - Puttalam,Intercity,2nd Class,225,201,201,203,100.0
2024-10-27,Colombo Fort - Puttalam,Intercity,3rd Class,487,436,516,451,84.5
2024-10-27,Colombo Fort - Trincomalee,Express,1st Class,45,39,54,42,72.22
2024-10-27,Colombo Fort - Trincomalee,Express,2nd Class,270,242,324,270,74.69
2024-10-27,Colombo Fort - Trincomalee,Express,3rd Class,585,509,522,567,97.51
2024-10-27,Kandy - Badulla,Slow/Local,1st Class,25,23,23,23,100.0
2024-10-27,Kandy - Badulla,Slow/Local,2nd Class,150,135,135,141,100.0
2024-10-27,Kandy - Badulla,Slow/Local,3rd Class,325,303,342,300,88.6
2024-10-27,Maradana - Avissawella,Slow/Local,1st Class,25,22,30,23,73.33
2024-10-27,Maradana - Avissawella,Slow/Local,2nd Class,150,134,180,139,74.44
2024-10-27,Maradana - Avissawella,Slow/Local,3rd Class,325,288,290,306,99.31
2024-10-28,Colombo Fort - Badulla,Intercity,1st Class,37,30,44,29,68.18
2024-10-28,Colombo Fort - Badulla,Intercity,2nd Class,225,183,270,178,67.78
2024-10-28,Colombo Fort - Badulla,Intercity,3rd Class,487,399,435,402,91.72
2024-10-28,Colombo Fort - Galle,Intercity,1st Class,37,29,44,35,65.91
2024-10-28,Colombo Fort - Galle,Intercity,2nd Class,225,181,270,202,67.04
2024-10-28,Colombo Fort - Galle,Intercity,3rd Class,487,367,435,410,84.37
2024-10-28,Colombo Fort - Kandy,Express,1st Class,45,35,54,45,64.81
2024-10-28,Colombo Fort - Kandy,Express,2nd Class,270,215,324,270,66.36
2024-10-28,Colombo Fort - Kandy,Express,3rd Class,585,450,522,585,86.21
2024-10-28,Colombo Fort - Kurunegala,Intercity,1st Class,37,30,44,25,68.18
2024-10-28,Colombo Fort - Kurunegala,Intercity,2nd Class,225,183,270,182,67.78
2024-10-28,Colombo Fort - Kurunegala,Intercity,3rd Class,487,424,435,336,97.47
2024-10-28,Colombo Fort - Matara,Express,1st Class,45,35,54,39,64.81
2024-10-28,Colombo Fort - Matara,Express,2nd Class,270,215,324,238,66.36
2024-10-28,Colombo Fort - Matara,Express,3rd Class,585,462,522,543,88.51
2024-10-28,Colombo Fort - Matara,Slow/Local,1st Class,25,19,30,24,63.33
2024-10-28,Colombo Fort - Matara,Slow/Local,2nd Class,150,117,180,150,65.0
2024-10-28,Colombo Fort - Matara,Slow/Local,3rd Class,325,255,290,301,87.93
2024-10-28,Colombo Fort - Vavuniya,Express,1st Class,45,36,54,45,66.67
2024-10-28,Colombo Fort - Vavuniya,Express,2nd Class,270,213,324,235,65.74
2024-10-28,Colombo Fort - Vavuniya,Express,3rd Class,585,445,522,545,85.25
2024-10-28,Maradana - Avissawella,Slow/Local,1st Class,25,20,30,16,66.67
2024-10-28,Maradana - Avissawella,Slow/Local,2nd Class,150,118,180,96,65.56
2024-10-28,Maradana - Avissawella,Slow/Local,3rd Class,325,256,290,225,88.28
2024-10-29,Colombo Fort - Anuradhapura,Express,1st Class,45,35,54,16,64.81
2024-10-29,Colombo Fort - Anuradhapura,Express,2nd Class,270,210,324,107,64.81
2024-10-29,Colombo Fort - Anuradhapura,Express,3rd Class,585,453,522,239,86.78
2024-10-29,Colombo Fort - Kandy,Express,1st Class,45,35,54,40,64.81
2024-10-29,Colombo Fort - Kandy,Express,2nd Class,270,216,324,239,66.67
2024-10-29,Colombo Fort - Kandy,Express,3rd Class,585,447,522,518,85.63
2024-10-29,Colombo Fort - Matara,Intercity,1st Class,37,30,44,22,68.18
2024-10-29,Colombo Fort - Matara,Intercity,2nd Class,225,182,270,126,67.41
2024-10-29,Colombo Fort - Matara,Intercity,3rd Class,487,384,435,340,88.28
2024-10-29,Colombo Fort - Negombo,Intercity,1st Class,37,28,44,32,63.64
2024-10-29,Colombo Fort - Negombo,Intercity,2nd Class,225,161,270,191,59.63
2024-10-29,Colombo Fort - Negombo,Intercity,3rd Class,487,370,435,400,85.06
2024-10-29,Colombo Fort - Puttalam,Express,1st Class,45,34,54,28,62.96
2024-10-29,Colombo Fort - Puttalam,Express,2nd Class,270,214,324,161,66.05
2024-10-29,Colombo Fort - Puttalam,Express,3rd Class,585,446,522,401,85.44
2024-10-29,Colombo Fort - Ratnapura,Slow/Local,1st Class,25,21,30,18,70.0
2024-10-29,Colombo Fort - Ratnapura,Slow/Local,2nd Class,150,119,180,119,66.11
2024-10-29,Colombo Fort - Ratnapura,Slow/Local,3rd Class,325,264,290,251,91.03
2024-10-29,Colombo Fort - Vavuniya,Slow/Local,1st Class,25,20,30,21,66.67
2024-10-29,Colombo Fort - Vavuniya,Slow/Local,2nd Class,150,119,180,120,66.11
2024-10-29,Colombo Fort - Vavuniya,Slow/Local,3rd Class,325,251,290,292,86.55
2024-10-29,Maradana - Avissawella,Express,1st Class,45,35,54,45,64.81
2024-10-29,Maradana - Avissawella,Express,2nd Class,270,211,324,270,65.12
2024-10-29,Maradana - Avissawella,Express,3rd Class,585,455,522,569,87.16
2024-10-30,Colombo Fort - Anuradhapura,Intercity,1st Class,37,29,44,32,65.91
2024-10-30,Colombo Fort - Anuradhapura,Intercity,2nd Class,225,185,270,200,68.52
2024-10-30,Colombo Fort - Anuradhapura,Intercity,3rd Class,487,396,435,410,91.03
2024-10-30,Colombo Fort - Kandy,Express,1st Class,45,35,54,43,64.81
2024-10-30,Colombo Fort - Kandy,Express,2nd Class,270,215,324,256,66.36
2024-10-30,Colombo Fort - Kandy,Express,3rd Class,585,438,522,512,83.91
2024-10-30,Colombo Fort - Kandy,Intercity,1st Class,37,29,44,30,65.91
2024-10-30,Colombo Fort - Kandy,Intercity,2nd Class,225,184,270,170,68.15
2024-10-30,Colombo Fort - Kandy,Intercity,3rd Class,487,397,435,404,91.26
2024-10-30,Colombo Fort - Kurunegala,Intercity,1st Class,37,30,44,26,68.18
2024-10-30,Colombo Fort - Kurunegala,Intercity,2nd Class,225,184,270,167,68.15
2024-10-30,Colombo Fort - Kurunegala,Intercity,3rd Class,487,384,435,333,88.28
2024-10-30,Colombo Fort - Matara,Express,1st Class,45,35,54,37,64.81
2024-10-30,Colombo Fort - Matara,Express,2nd Class,270,216,324,210,66.67
2024-10-30,Colombo Fort - Matara,Express,3rd Class,585,450,522,474,86.21
2024-10-30,Colombo Fort - Matara,Intercity,1st Class,37,29,44,32,65.91
2024-10-30,Colombo Fort - Matara,Intercity,2nd Class,225,175,270,186,64.81
2024-10-30,Colombo Fort - Matara,Intercity,3rd Class,487,379,435,400,87.13
2024-10-30,Colombo Fort - Matara,Slow/Local,1st Class,25,21,30,19,70.0
2024-10-30,Colombo Fort - Matara,Slow/Local,2nd Class,150,120,180,117,66.67
2024-10-30,Colombo Fort - Matara,Slow/Local,3rd Class,325,255,290,267,87.93
2024-10-30,Colombo Fort - Negombo,Express,1st Class,45,35,54,31,64.81
2024-10-30,Colombo Fort - Negombo,Express,2nd Class,270,214,324,200,66.05
2024-10-30,Colombo Fort - Negombo,Express,3rd Class,585,448,522,425,85.82
2024-10-30,Colombo Fort - Negombo,Slow/Local,1st Class,25,20,30,22,66.67
2024-10-30,Colombo Fort - Negombo,Slow/Local,2nd Class,150,118,180,122,65.56
2024-10-30,Colombo Fort - Negombo,Slow/Local,3rd Class,325,254,290,288,87.59
2024-10-30,Colombo Fort - Ratnapura,Night Mail,1st Class,32,26,38,32,68.42
2024-10-30,Colombo Fort - Ratnapura,Night Mail,2nd Class,195,162,234,176,69.23
2024-10-30,Colombo Fort - Ratnapura,Night Mail,3rd Class,422,351,377,401,93.1
2024-10-30,Colombo Fort - Trincomalee,Slow/Local,1st Class,25,20,30,21,66.67
2024-10-30,Colombo Fort - Trincomalee,Slow/Local,2nd Class,150,119,180,119,66.11
2024-10-30,Colombo Fort - Trincomalee,Slow/Local,3rd Class,325,258,290,250,88.97
2024-10-30,Colombo Fort - Vavuniya,Slow/Local,1st Class,25,20,30,18,66.67
2024-10-30,Colombo Fort - Vavuniya,Slow/Local,2nd Class,150,118,180,115,65.56
2024-10-30,Colombo Fort - Vavuniya,Slow/Local,3rd Class,325,257,290,259,88.62
2024-10-31,Colombo Fort - Anuradhapura,Express,1st Class,45,35,54,31,64.81
2024-10-31,Colombo Fort - Anuradhapura,Express,2nd Class,270,192,324,163,59.26
2024-10-31,Colombo Fort - Anuradhapura,Express,3rd Class,585,436,522,368,83.52
2024-10-31,Colombo Fort - Batticaloa,Intercity,1st Class,37,30,44,33,68.18
2024-10-31,Colombo Fort - Batticaloa,Intercity,2nd Class,225,185,270,196,68.52
2024-10-31,Colombo Fort - Batticaloa,Intercity,3rd Class,487,396,435,414,91.03
2024-10-31,Colombo Fort - Kandy,Express,1st Class,45,36,54,41,66.67
2024-10-31,Colombo Fort - Kandy,Express,2nd Class,270,219,324,260,67.59
2024-10-31,Colombo Fort - Kandy,Express,3rd Class,585,446,522,567,85.44
2024-10-31,Colombo Fort - Matara,Intercity,1st Class,37,29,44,28,65.91
2024-10-31,Colombo Fort - Matara,Intercity,2nd Class,225,182,270,183,67.41
2024-10-31,Colombo Fort - Matara,Intercity,3rd Class,487,382,435,416,87.82
2024-10-31,Colombo Fort - Matara,Slow/Local,1st Class,25,21,30,23,70.0
2024-10-31,Colombo Fort - Matara,Slow/Local,2nd Class,150,119,180,138,66.11
2024-10-31,Colombo Fort - Matara,Slow/Local,3rd Class,325,259,290,325,89.31
2024-10-31,Colombo Fort - Negombo,Intercity,1st Class,37,30,44,28,68.18
2024-10-31,Colombo Fort - Negombo,Intercity,2nd Class,225,181,270,172,67.04
2024-10-31,Colombo Fort - Negombo,Intercity,3rd Class,487,383,435,342,88.05
2024-10-31,Colombo Fort - Ratnapura,Intercity,1st Class,37,28,44,37,63.64
2024-10-31,Colombo Fort - Ratnapura,Intercity,2nd Class,225,181,270,225,67.04
2024-10-31,Colombo Fort - Ratnapura,Intercity,3rd Class,487,378,435,467,86.9
2024-10-31,Colombo Fort - Vavuniya,Express,1st Class,45,36,54,43,66.67
2024-10-31,Colombo Fort - Vavuniya,Express,2nd Class,270,214,324,233,66.05
2024-10-31,Colombo Fort - Vavuniya,Express,3rd Class,585,474,522,503,90.8
2024-10-31,Colombo Fort - Vavuniya,Slow/Local,1st Class,25,20,30,21,66.67
2024-10-31,Colombo Fort - Vavuniya,Slow/Local,2nd Class,150,118,180,137,65.56
2024-10-31,Colombo Fort - Vavuniya,Slow/Local,3rd Class,325,260,290,295,89.66
2024-10-31,Maradana - Avissawella,Express,1st Class,45,36,54,45,66.67
2024-10-31,Maradana - Avissawella,Express,2nd Class,270,215,324,264,66.36
2024-10-31,Maradana - Avissawella,Express,3rd Class,585,465,522,559,89.08
2024-11-01,Colombo Fort - Anuradhapura,Slow/Local,1st Class,25,21,30,17,70.0
2024-11-01,Colombo Fort - Anuradhapura,Slow/Local,2nd Class,150,131,180,104,72.78
2024-11-01,Colombo Fort - Anuradhapura,Slow/Local,3rd Class,325,285,290,222,98.28
2024-11-01,Colombo Fort - Badulla,Intercity,1st Class,37,33,44,35,75.0
2024-11-01,Colombo Fort - Badulla,Intercity,2nd Class,225,200,270,186,74.07
2024-11-01,Colombo Fort - Badulla,Intercity,3rd Class,487,428,435,397,98.39
2024-11-01,Colombo Fort - Galle,Express,1st Class,45,39,54,40,72.22
2024-11-01,Colombo Fort - Galle,Express,2nd Class,270,226,324,256,69.75
2024-11-01,Colombo Fort - Galle,Express,3rd Class,585,464,522,516,88.89
2024-11-01,Colombo Fort - Kurunegala,Slow/Local,1st Class,25,22,30,18,73.33
2024-11-01,Colombo Fort - Kurunegala,Slow/Local,2nd Class,150,133,180,114,73.89
2024-11-01,Colombo Fort - Kurunegala,Slow/Local,3rd Class,325,288,290,241,99.31
2024-11-01,Colombo Fort - Matara,Slow/Local,1st Class,25,21,30,15,70.0
2024-11-01,Colombo Fort - Matara,Slow/Local,2nd Class,150,132,180,91,73.33
2024-11-01,Colombo Fort - Matara,Slow/Local,3rd Class,325,280,290,225,96.55
2024-11-01,Colombo Fort - Negombo,Intercity,1st Class,37,32,32,37,100.0
2024-11-01,Colombo Fort - Negombo,Intercity,2nd Class,225,196,196,213,100.0
2024-11-01,Colombo Fort - Negombo,Intercity,3rd Class,487,436,521,487,83.69
2024-11-01,Colombo Fort - Ratnapura,Express,1st Class,45,40,54,26,74.07
2024-11-01,Colombo Fort - Ratnapura,Express,2nd Class,270,222,324,161,68.52
2024-11-01,Colombo Fort - Ratnapura,Express,3rd Class,585,457,522,368,87.55
2024-11-01,Kandy - Badulla,Express,1st Class,45,41,41,38,100.0
2024-11-01,Kandy - Badulla,Express,2nd Class,270,246,246,204,100.0
2024-11-01,Kandy - Badulla,Express,3rd Class,585,523,613,448,85.32
2024-11-01,Maradana - Avissawella,Express,1st Class,45,40,54,44,74.07
2024-11-01,Maradana - Avissawella,Express,2nd Class,270,232,324,256,71.6
2024-11-01,Maradana - Avissawella,Express,3rd Class,585,521,522,551,99.81
2024-11-01,Maradana - Avissawella,Slow/Local,1st Class,25,22,30,18,73.33
2024-11-01,Maradana - Avissawella,Slow/Local,2nd Class,150,132,180,107,73.33
2024-11-01,Maradana - Avissawella,Slow/Local,3rd Class,325,278,290,233,95.86
2024-11-02,Colombo Fort - Badulla,Intercity,1st Class,37,33,44,37,75.0
2024-11-02,Colombo Fort - Badulla,Intercity,2nd Class,225,202,270,225,74.81
2024-11-02,Colombo Fort - Badulla,Intercity,3rd Class,487,431,435,470,99.08
2024-11-02,Colombo Fort - Badulla,Night Mail,1st Class,32,27,38,31,71.05
2024-11-02,Colombo Fort - Badulla,Night Mail,2nd Class,195,174,234,181,74.36
2024-11-02,Colombo Fort - Badulla,Night Mail,3rd Class,422,376,377,400,99.73
2024-11-02,Colombo Fort - Batticaloa,Express,1st Class,45,40,40,40,100.0
2024-11-02,Colombo Fort - Batticaloa,Express,2nd Class,270,231,231,268,100.0
2024-11-02,Colombo Fort - Batticaloa,Express,3rd Class,585,527,629,569,83.78
2024-11-02,Colombo Fort - Kandy,Express,1st Class,45,41,54,42,75.93
2024-11-02,Colombo Fort - Kandy,Express,2nd Class,270,236,324,216,72.84
2024-11-02,Colombo Fort - Kandy,Express,3rd Class,585,514,522,528,98.47
2024-11-02,Colombo Fort - Kurunegala,Intercity,1st Class,37,32,44,23,72.73
2024-11-02,Colombo Fort - Kurunegala,Intercity,2nd Class,225,198,270,167,73.33
2024-11-02,Colombo Fort - Kurunegala,Intercity,3rd Class,487,428,435,312,98.39
2024-11-02,Colombo Fort - Matara,Express,1st Class,45,41,41,43,100.0
2024-11-02,Colombo Fort - Matara,Express,2nd Class,270,239,239,246,100.0
2024-11-02,Colombo Fort - Matara,Express,3rd Class,585,525,620,539,84.68
2024-11-02,Colombo Fort - Negombo,Intercity,1st Class,37,32,44,33,72.73
2024-11-02,Colombo Fort - Negombo,Intercity,2nd Class,225,195,270,207,72.22
2024-11-02,Colombo Fort - Negombo,Intercity,3rd Class,487,420,435,443,96.55
2024-11-02,Colombo Fort - Puttalam,Slow/Local,1st Class,25,22,22,25,100.0
2024-11-02,Colombo Fort - Puttalam,Slow/Local,2nd Class,150,132,132,150,100.0
2024-11-02,Colombo Fort - Puttalam,Slow/Local,3rd Class,325,294,346,289,84.97
2024-11-02,Colombo Fort - Ratnapura,Slow/Local,1st Class,25,22,30,17,73.33
2024-11-02,Colombo Fort - Ratnapura,Slow/Local,2nd Class,150,133,180,91,73.89
2024-11-02,Colombo Fort - Ratnapura,Slow/Local,3rd Class,325,286,290,181,98.62
2024-11-02,Kandy - Badulla,Express,1st Class,45,41,41,23,100.0
2024-11-02,Kandy - Badulla,Express,2nd Class,270,241,241,170,100.0
2024-11-02,Kandy - Badulla,Express,3rd Class,585,525,618,395,84.95
2024-11-02,Maradana - Avissawella,Express,1st Class,45,40,54,45,74.07
2024-11-02,Maradana - Avissawella,Express,2nd Class,270,226,324,266,69.75
2024-11-02,Maradana - Avissawella,Express,3rd Class,585,520,522,585,99.62
2024-11-02,Maradana - Avissawella,Slow/Local,1st Class,25,22,30,19,73.33
2024-11-02,Maradana - Avissawella,Slow/Local,2nd Class,150,131,180,110,72.78
2024-11-02,Maradana - Avissawella,Slow/Local,3rd Class,325,289,290,230,99.66
2024-11-03,Colombo Fort - Badulla,Express,1st Class,45,41,41,42,100.0
2024-11-03,Colombo Fort - Badulla,Express,2nd Class,270,248,248,244,100.0
2024-11-03,Colombo Fort - Badulla,Express,3rd Class,585,542,611,546,88.71
2024-11-03,Colombo Fort - Batticaloa,Slow/Local,1st Class,25,23,23,25,100.0
2024-11-03,Colombo Fort - Batticaloa,Slow/Local,2nd Class,150,134,134,144,100.0
2024-11-03,Colombo Fort - Batticaloa,Slow/Local,3rd Class,325,301,343,316,87.76
2024-11-03,Colombo Fort - Galle,Intercity,1st Class,37,33,33,31,100.0
2024-11-03,Colombo Fort - Galle,Intercity,2nd Class,225,198,198,182,100.0
2024-11-03,Colombo Fort - Galle,Intercity,3rd Class,487,444,518,444,85.71
2024-11-03,Colombo Fort - Galle,Slow/Local,1st Class,25,22,30,25,73.33
2024-11-03,Colombo Fort - Galle,Slow/Local,2nd Class,150,132,180,146,73.33
2024-11-03,Colombo Fort - Galle,Slow/Local,3rd Class,325,282,290,319,97.24
2024-11-03,Colombo Fort - Kurunegala,Slow/Local,1st Class,25,22,22,25,100.0
2024-11-03,Colombo Fort - Kurunegala,Slow/Local,2nd Class,150,133,133,145,100.0
2024-11-03,Colombo Fort - Kurunegala,Slow/Local,3rd Class,325,293,345,325,84.93
2024-11-03,Colombo Fort - Matara,Express,1st Class,45,40,54,43,74.07
2024-11-03,Colombo Fort - Matara,Express,2nd Class,270,235,324,270,72.53
2024-11-03,Colombo Fort - Matara,Express,3rd Class,585,512,522,585,98.08
2024-11-03,Colombo Fort - Matara,Slow/Local,1st Class,25,22,30,24,73.33
2024-11-03,Colombo Fort - Matara,Slow/Local,2nd Class,150,131,180,131,72.78
2024-11-03,Colombo Fort - Matara,Slow/Local,3rd Class,325,280,290,291,96.55
2024-11-03,Colombo Fort - Negombo,Slow/Local,1st Class,25,22,30,21,73.33
2024-11-03,Colombo Fort - Negombo,Slow/Local,2nd Class,150,132,180,126,73.33
2024-11-03,Colombo Fort - Negombo,Slow/Local,3rd Class,325,289,290,259,99.66
2024-11-03,Colombo Fort - Puttalam,Slow/Local,1st Class,25,23,23,20,100.0
2024-11-03,Colombo Fort - Puttalam,Slow/Local,2nd Class,150,136,136,136,100.0
2024-11-03,Colombo Fort - Puttalam,Slow/Local,3rd Class,325,298,341,261,87.39
2024-11-03,Kandy - Badulla,Express,1st Class,45,41,41,44,100.0
2024-11-03,Kandy - Badulla,Express,2nd Class,270,236,236,267,100.0
2024-11-03,Kandy - Badulla,Express,3rd Class,585,524,623,585,84.11
2024-11-03,Maradana - Avissawella,Express,1st Class,45,40,54,44,74.07
2024-11-03,Maradana - Avissawella,Express,2nd Class,270,228,324,270,70.37
2024-11-03,Maradana - Avissawella,Express,3rd Class,585,502,522,549,96.17
2024-11-04,Colombo Fort - Anuradhapura,Intercity,1st Class,37,30,44,29,68.18
2024-11-04,Colombo Fort - Anuradhapura,Intercity,2nd Class,225,185,270,169,68.52
2024-11-04,Colombo Fort - Anuradhapura,Intercity,3rd Class,487,393,435,398,90.34
2024-11-04,Colombo Fort - Puttalam,Express,1st Class,45,35,54,44,64.81
2024-11-04,Colombo Fort - Puttalam,Express,2nd Class,270,214,324,256,66.05
2024-11-04,Colombo Fort - Puttalam,Express,3rd Class,585,461,522,575,88.31
2024-11-04,Colombo Fort - Puttalam,Intercity,1st Class,37,30,44,36,68.18
2024-11-04,Colombo Fort - Puttalam,Intercity,2nd Class,225,183,270,218,67.78
2024-11-04,Colombo Fort - Puttalam,Intercity,3rd Class,487,375,435,466,86.21
2024-11-04,Colombo Fort - Ratnapura,Slow/Local,1st Class,25,20,30,24,66.67
2024-11-04,Colombo Fort - Ratnapura,Slow/Local,2nd Class,150,115,180,150,63.89
2024-11-04,Colombo Fort - Ratnapura,Slow/Local,3rd Class,325,254,290,301,87.59
2024-11-04,Maradana - Avissawella,Express,1st Class,45,34,54,29,62.96
2024-11-04,Maradana - Avissawella,Express,2nd Class,270,219,324,194,67.59
2024-11-04,Maradana - Avissawella,Express,3rd Class,585,442,522,367,84.67
2024-11-04,Maradana - Avissawella,Intercity,1st Class,37,30,44,30,68.18
2024-11-04,Maradana - Avissawella,Intercity,2nd Class,225,181,270,162,67.04
2024-11-04,Maradana - Avissawella,Intercity,3rd Class,487,361,435,371,82.99
2024-11-05,Colombo Fort - Batticaloa,Slow/Local,1st Class,25,20,30,18,66.67
2024-11-05,Colombo Fort - Batticaloa,Slow/Local,2nd Class,150,118,180,96,65.56
2024-11-05,Colombo Fort - Batticaloa,Slow/Local,3rd Class,325,255,290,242,87.93
2024-11-05,Colombo Fort - Negombo,Slow/Local,1st Class,25,20,30,25,66.67
2024-11-05,Colombo Fort - Negombo,Slow/Local,2nd Class,150,118,180,147,65.56
2024-11-05,Colombo Fort - Negombo,Slow/Local,3rd Class,325,253,290,318,87.24
2024-11-05,Colombo Fort - Puttalam,Slow/Local,1st Class,25,21,30,21,70.0
2024-11-05,Colombo Fort - Puttalam,Slow/Local,2nd Class,150,120,180,124,66.67
2024-11-05,Colombo Fort - Puttalam,Slow/Local,3rd Class,325,264,290,266,91.03
2024-11-05,Colombo Fort - Ratnapura,Slow/Local,1st Class,25,20,30,24,66.67
2024-11-05,Colombo Fort - Ratnapura,Slow/Local,2nd Class,150,118,180,137,65.56
2024-11-05,Colombo Fort - Ratnapura,Slow/Local,3rd Class,325,256,290,277,88.28
2024-11-05,Colombo Fort - Trincomalee,Express,1st Class,45,35,54,36,64.81
2024-11-05,Colombo Fort - Trincomalee,Express,2nd Class,270,214,324,229,66.05
2024-11-05,Colombo Fort - Trincomalee,Express,3rd Class,585,470,522,467,90.04
2024-11-05,Maradana - Avissawella,Night Mail,1st Class,32,26,38,26,68.42
2024-11-05,Maradana - Avissawella,Night Mail,2nd Class,195,155,234,155,66.24
2024-11-05,Maradana - Avissawella,Night Mail,3rd Class,422,352,377,303,93.37
2024-11-06,Colombo Fort - Anuradhapura,Express,1st Class,45,35,54,27,64.81
2024-11-06,Colombo Fort - Anuradhapura,Express,2nd Class,270,205,324,143,63.27
2024-11-06,Colombo Fort - Anuradhapura,Express,3rd Class,585,468,522,300,89.66
2024-11-06,Colombo Fort - Badulla,Intercity,1st Class,37,30,44,37,68.18
2024-11-06,Colombo Fort - Badulla,Intercity,2nd Class,225,183,270,225,67.78
2024-11-06,Colombo Fort - Badulla,Intercity,3rd Class,487,390,435,478,89.66
2024-11-06,Colombo Fort - Kandy,Night Mail,1st Class,32,27,38,32,71.05
2024-11-06,Colombo Fort - Kandy,Night Mail,2nd Class,195,160,234,195,68.38
2024-11-06,Colombo Fort - Kandy,Night Mail,3rd Class,422,364,377,416,96.55
2024-11-06,Colombo Fort - Puttalam,Intercity,1st Class,37,30,44,23,68.18
2024-11-06,Colombo Fort - Puttalam,Intercity,2nd Class,225,183,270,114,67.78
2024-11-06,Colombo Fort - Puttalam,Intercity,3rd Class,487,382,435,249,87.82
2024-11-06,Colombo Fort - Puttalam,Night Mail,1st Class,32,27,38,29,71.05
2024-11-06,Colombo Fort - Puttalam,Night Mail,2nd Class,195,164,234,167,70.09
2024-11-06,Colombo Fort - Puttalam,Night Mail,3rd Class,422,361,377,396,95.76
2024-11-06,Colombo Fort - Ratnapura,Express,1st Class,45,35,54,37,64.81
2024-11-06,Colombo Fort - Ratnapura,Express,2nd Class,270,217,324,223,66.98
2024-11-06,Colombo Fort - Ratnapura,Express,3rd Class,585,449,522,462,86.02
2024-11-06,Colombo Fort - Trincomalee,Slow/Local,1st Class,25,20,30,23,66.67
2024-11-06,Colombo Fort - Trincomalee,Slow/Local,2nd Class,150,118,180,128,65.56
2024-11-06,Colombo Fort - Trincomalee,Slow/Local,3rd Class,325,256,290,276,88.28
2024-11-06,Colombo Fort - Vavuniya,Express,1st Class,45,35,54,28,64.81
2024-11-06,Colombo Fort - Vavuniya,Express,2nd Class,270,213,324,195,65.74
2024-11-06,Colombo Fort - Vavuniya,Express,3rd Class,585,469,522,408,89.85
2024-11-06,Kandy - Badulla,Slow/Local,1st Class,25,21,30,19,70.0
2024-11-06,Kandy - Badulla,Slow/Local,2nd Class,150,121,180,115,67.22
2024-11-06,Kandy - Badulla,Slow/Local,3rd Class,325,261,290,224,90.0
2024-11-06,Maradana - Avissawella,Intercity,1st Class,37,30,44,18,68.18
2024-11-06,Maradana - Avissawella,Intercity,2nd Class,225,182,270,117,67.41
2024-11-06,Maradana - Avissawella,Intercity,3rd Class,487,357,435,247,82.07
2024-11-07,Colombo Fort - Badulla,Night Mail,1st Class,32,27,38,32,71.05
2024-11-07,Colombo Fort - Badulla,Night Mail,2nd Class,195,161,234,195,68.8
2024-11-07,Colombo Fort - Badulla,Night Mail,3rd Class,422,355,377,422,94.16
2024-11-07,Colombo Fort - Batticaloa,Express,1st Class,45,36,54,32,66.67
2024-11-07,Colombo Fort - Batticaloa,Express,2nd Class,270,216,324,182,66.67
2024-11-07,Colombo Fort - Batticaloa,Express,3rd Class,585,483,522,471,92.53
2024-11-07,Colombo Fort - Jaffna,Slow/Local,1st Class,25,20,30,24,66.67
2024-11-07,Colombo Fort - Jaffna,Slow/Local,2nd Class,150,118,180,141,65.56
2024-11-07,Colombo Fort - Jaffna,Slow/Local,3rd Class,325,257,290,309,88.62
2024-11-07,Colombo Fort - Kurunegala,Intercity,1st Class,37,30,44,27,68.18
2024-11-07,Colombo Fort - Kurunegala,Intercity,2nd Class,225,184,270,174,68.15
2024-11-07,Colombo Fort - Kurunegala,Intercity,3rd Class,487,391,435,392,89.89
2024-11-07,Colombo Fort - Matara,Intercity,1st Class,37,30,44,37,68.18
2024-11-07,Colombo Fort - Matara,Intercity,2nd Class,225,181,270,223,67.04
2024-11-07,Colombo Fort - Matara,Intercity,3rd Class,487,384,435,475,88.28
2024-11-07,Colombo Fort - Negombo,Express,1st Class,45,36,54,43,66.67
2024-11-07,Colombo Fort - Negombo,Express,2nd Class,270,216,324,266,66.67
2024-11-07,Colombo Fort - Negombo,Express,3rd Class,585,452,522,564,86.59
2024-11-07,Colombo Fort - Negombo,Intercity,1st Class,37,30,44,37,68.18
2024-11-07,Colombo Fort - Negombo,Intercity,2nd Class,225,184,270,225,68.15
2024-11-07,Colombo Fort - Negombo,Intercity,3rd Class,487,386,435,474,88.74
2024-11-07,Colombo Fort - Negombo,Slow/Local,1st Class,25,21,30,24,70.0
2024-11-07,Colombo Fort - Negombo,Slow/Local,2nd Class,150,119,180,140,66.11
2024-11-07,Colombo Fort - Negombo,Slow/Local,3rd Class,325,261,290,290,90.0
2024-11-07,Colombo Fort - Ratnapura,Intercity,1st Class,37,30,44,34,68.18
2024-11-07,Colombo Fort - Ratnapura,Intercity,2nd Class,225,184,270,202,68.15
2024-11-07,Colombo Fort - Ratnapura,Intercity,3rd Class,487,386,435,487,88.74
2024-11-07,Colombo Fort - Ratnapura,Night Mail,1st Class,32,28,38,32,73.68
2024-11-07,Colombo Fort - Ratnapura,Night Mail,2nd Class,195,169,234,195,72.22
2024-11-07,Colombo Fort - Ratnapura,Night Mail,3rd Class,422,367,377,420,97.35
2024-11-07,Colombo Fort - Trincomalee,Slow/Local,1st Class,25,20,30,18,66.67
2024-11-07,Colombo Fort - Trincomalee,Slow/Local,2nd Class,150,119,180,102,66.11
2024-11-07,Colombo Fort - Trincomalee,Slow/Local,3rd Class,325,253,290,229,87.24
2024-11-07,Colombo Fort - Vavuniya,Express,1st Class,45,36,54,45,66.67
2024-11-07,Colombo Fort - Vavuniya,Express,2nd Class,270,207,324,266,63.89
2024-11-07,Colombo Fort - Vavuniya,Express,3rd Class,585,478,522,585,91.57
2024-11-07,Colombo Fort - Vavuniya,Intercity,1st Class,37,30,44,29,68.18
2024-11-07,Colombo Fort - Vavuniya,Intercity,2nd Class,225,186,270,166,68.89
2024-11-07,Colombo Fort - Vavuniya,Intercity,3rd Class,487,393,435,366,90.34
2024-11-07,Colombo Fort - Vavuniya,Slow/Local,1st Class,25,20,30,22,66.67
2024-11-07,Colombo Fort - Vavuniya,Slow/Local,2nd Class,150,118,180,134,65.56
2024-11-07,Colombo Fort - Vavuniya,Slow/Local,3rd Class,325,260,290,278,89.66
2024-11-07,Kandy - Badulla,Express,1st Class,45,35,54,42,64.81
2024-11-07,Kandy - Badulla,Express,2nd Class,270,216,324,253,66.67
2024-11-07,Kandy - Badulla,Express,3rd Class,585,485,522,585,92.91
2024-11-07,Maradana - Avissawella,Express,1st Class,45,35,54,41,64.81
2024-11-07,Maradana - Avissawella,Express,2nd Class,270,220,324,249,67.9
2024-11-07,Maradana - Avissawella,Express,3rd Class,585,445,522,585,85.25
2024-11-08,Colombo Fort - Badulla,Slow/Local,1st Class,25,22,22,23,100.0
2024-11-08,Colombo Fort - Badulla,Slow/Local,2nd Class,150,134,134,118,100.0
2024-11-08,Colombo Fort - Badulla,Slow/Local,3rd Class,325,296,344,266,86.05
2024-11-08,Colombo Fort - Kandy,Slow/Local,1st Class,25,22,22,23,100.0
2024-11-08,Colombo Fort - Kandy,Slow/Local,2nd Class,150,134,134,126,100.0
2024-11-08,Colombo Fort - Kandy,Slow/Local,3rd Class,325,296,344,294,86.05
2024-11-08,Colombo Fort - Kurunegala,Night Mail,1st Class,32,29,29,26,100.0
2024-11-08,Colombo Fort - Kurunegala,Night Mail,2nd Class,195,178,178,145,100.0
2024-11-08,Colombo Fort - Kurunegala,Night Mail,3rd Class,422,389,442,321,88.01
2024-11-08,Colombo Fort - Kurunegala,Slow/Local,1st Class,25,22,22,23,100.0
2024-11-08,Colombo Fort - Kurunegala,Slow/Local,2nd Class,150,135,135,139,100.0
2024-11-08,Colombo Fort - Kurunegala,Slow/Local,3rd Class,325,294,343,298,85.71
2024-11-08,Colombo Fort - Matara,Express,1st Class,45,40,54,30,74.07
2024-11-08,Colombo Fort - Matara,Express,2nd Class,270,235,324,208,72.53
2024-11-08,Colombo Fort - Matara,Express,3rd Class,585,520,522,412,99.62
2024-11-08,Colombo Fort - Matara,Intercity,1st Class,37,34,34,37,100.0
2024-11-08,Colombo Fort - Matara,Intercity,2nd Class,225,204,204,218,100.0
2024-11-08,Colombo Fort - Matara,Intercity,3rd Class,487,438,511,476,85.71
2024-11-08,Colombo Fort - Negombo,Intercity,1st Class,37,32,44,33,72.73
2024-11-08,Colombo Fort - Negombo,Intercity,2nd Class,225,195,270,192,72.22
2024-11-08,Colombo Fort - Negombo,Intercity,3rd Class,487,418,435,384,96.09
2024-11-08,Colombo Fort - Ratnapura,Night Mail,1st Class,32,29,29,28,100.0
2024-11-08,Colombo Fort - Ratnapura,Night Mail,2nd Class,195,181,181,178,100.0
2024-11-08,Colombo Fort - Ratnapura,Night Mail,3rd Class,422,397,439,371,90.43
2024-11-08,Colombo Fort - Ratnapura,Slow/Local,1st Class,25,22,30,19,73.33
2024-11-08,Colombo Fort - Ratnapura,Slow/Local,2nd Class,150,133,180,127,73.89
2024-11-08,Colombo Fort - Ratnapura,Slow/Local,3rd Class,325,286,290,277,98.62
2024-11-09,Colombo Fort - Batticaloa,Express,1st Class,45,41,54,35,75.93
2024-11-09,Colombo Fort - Batticaloa,Express,2nd Class,270,246,324,213,75.93
2024-11-09,Colombo Fort - Batticaloa,Express,3rd Class,585,521,522,448,99.81
2024-11-09,Colombo Fort - Batticaloa,Intercity,1st Class,37,34,44,36,77.27
2024-11-09,Colombo Fort - Batticaloa,Intercity,2nd Class,225,200,270,217,74.07
2024-11-09,Colombo Fort - Batticaloa,Intercity,3rd Class,487,432,435,440,99.31
2024-11-09,Colombo Fort - Negombo,Slow/Local,1st Class,25,22,22,24,100.0
2024-11-09,Colombo Fort - Negombo,Slow/Local,2nd Class,150,135,135,138,100.0
2024-11-09,Colombo Fort - Negombo,Slow/Local,3rd Class,325,295,343,325,86.01
2024-11-09,Colombo Fort - Trincomalee,Intercity,1st Class,37,33,44,37,75.0
2024-11-09,Colombo Fort - Trincomalee,Intercity,2nd Class,225,199,270,225,73.7
2024-11-09,Colombo Fort - Trincomalee,Intercity,3rd Class,487,423,435,482,97.24
2024-11-09,Colombo Fort - Vavuniya,Slow/Local,1st Class,25,22,22,24,100.0
2024-11-09,Colombo Fort - Vavuniya,Slow/Local,2nd Class,150,134,134,145,100.0
2024-11-09,Colombo Fort - Vavuniya,Slow/Local,3rd Class,325,297,344,325,86.34
2024-11-09,Maradana - Avissawella,Intercity,1st Class,37,32,44,33,72.73
2024-11-09,Maradana - Avissawella,Intercity,2nd Class,225,194,270,204,71.85
2024-11-09,Maradana - Avissawella,Intercity,3rd Class,487,432,435,432,99.31
2024-11-09,Maradana - Avissawella,Slow/Local,1st Class,25,22,30,25,73.33
2024-11-09,Maradana - Avissawella,Slow/Local,2nd Class,150,133,180,144,73.89
2024-11-09,Maradana - Avissawella,Slow/Local,3rd Class,325,290,290,325,100.0
2024-11-10,Colombo Fort - Anuradhapura,Express,1st Class,45,41,54,37,75.93
2024-11-10,Colombo Fort - Anuradhapura,Express,2nd Class,270,220,324,197,67.9
2024-11-10,Colombo Fort - Anuradhapura,Express,3rd Class,585,460,522,451,88.12
2024-11-10,Colombo Fort - Badulla,Intercity,1st Class,37,34,44,37,77.27
2024-11-10,Colombo Fort - Badulla,Intercity,2nd Class,225,201,270,209,74.44
2024-11-10,Colombo Fort - Badulla,Intercity,3rd Class,487,429,435,487,98.62
2024-11-10,Colombo Fort - Galle,Intercity,1st Class,37,33,44,33,75.0
2024-11-10,Colombo Fort - Galle,Intercity,2nd Class,225,200,270,195,74.07
2024-11-10,Colombo Fort - Galle,Intercity,3rd Class,487,433,435,429,99.54
2024-11-10,Colombo Fort - Galle,Night Mail,1st Class,32,28,28,27,100.0
2024-11-10,Colombo Fort - Galle,Night Mail,2nd Class,195,179,179,165,100.0
2024-11-10,Colombo Fort - Galle,Night Mail,3rd Class,422,389,442,376,88.01
2024-11-10,Colombo Fort - Galle,Slow/Local,1st Class,25,22,22,25,100.0
2024-11-10,Colombo Fort - Galle,Slow/Local,2nd Class,150,135,135,144,100.0
2024-11-10,Colombo Fort - Galle,Slow/Local,3rd Class,325,295,343,325,86.01
2024-11-10,Colombo Fort - Kandy,Slow/Local,1st Class,25,23,23,25,100.0
2024-11-10,Colombo Fort - Kandy,Slow/Local,2nd Class,150,133,133,150,100.0
2024-11-10,Colombo Fort - Kandy,Slow/Local,3rd Class,325,293,344,325,85.17
2024-11-10,Colombo Fort - Kurunegala,Intercity,1st Class,37,33,44,34,75.0
2024-11-10,Colombo Fort - Kurunegala,Intercity,2nd Class,225,201,270,224,74.44
2024-11-10,Colombo Fort - Kurunegala,Intercity,3rd Class,487,433,435,487,99.54
2024-11-10,Colombo Fort - Kurunegala,Night Mail,1st Class,32,29,29,30,100.0
2024-11-10,Colombo Fort - Kurunegala,Night Mail,2nd Class,195,185,185,188,100.0
2024-11-10,Colombo Fort - Kurunegala,Night Mail,3rd Class,422,390,435,402,89.66
2024-11-10,Colombo Fort - Ratnapura,Slow/Local,1st Class,25,22,22,22,100.0
2024-11-10,Colombo Fort - Ratnapura,Slow/Local,2nd Class,150,133,133,116,100.0
2024-11-10,Colombo Fort - Ratnapura,Slow/Local,3rd Class,325,294,345,256,85.22
2024-11-10,Colombo Fort - Trincomalee,Intercity,1st Class,37,33,44,36,75.0
2024-11-10,Colombo Fort - Trincomalee,Intercity,2nd Class,225,199,270,220,73.7
2024-11-10,Colombo Fort - Trincomalee,Intercity,3rd Class,487,423,435,487,97.24
2024-11-10,Colombo Fort - Trincomalee,Slow/Local,1st Class,25,22,22,23,100.0
2024-11-10,Colombo Fort - Trincomalee,Slow/Local,2nd Class,150,129,129,133,100.0
2024-11-10,Colombo Fort - Trincomalee,Slow/Local,3rd Class,325,295,349,291,84.53
2024-11-10,Kandy - Badulla,Express,1st Class,45,41,41,44,100.0
2024-11-10,Kandy - Badulla,Express,2nd Class,270,247,247,270,100.0
2024-11-10,Kandy - Badulla,Express,3rd Class,585,545,612,585,89.05
2024-11-11,Colombo Fort - Anuradhapura,Slow/Local,1st Class,25,20,30,21,66.67
2024-11-11,Colombo Fort - Anuradhapura,Slow/Local,2nd Class,150,117,180,137,65.0
2024-11-11,Colombo Fort - Anuradhapura,Slow/Local,3rd Class,325,268,290,269,92.41
2024-11-11,Colombo Fort - Badulla,Express,1st Class,45,36,54,45,66.67
2024-11-11,Colombo Fort - Badulla,Express,2nd Class,270,219,324,269,67.59
2024-11-11,Colombo Fort - Badulla,Express,3rd Class,585,486,522,547,93.1
2024-11-11,Colombo Fort - Batticaloa,Night Mail,1st Class,32,29,38,23,76.32
2024-11-11,Colombo Fort - Batticaloa,Night Mail,2nd Class,195,167,234,138,71.37
2024-11-11,Colombo Fort - Batticaloa,Night Mail,3rd Class,422,370,377,305,98.14
2024-11-11,Colombo Fort - Jaffna,Slow/Local,1st Class,25,20,30,25,66.67
2024-11-11,Colombo Fort - Jaffna,Slow/Local,2nd Class,150,117,180,150,65.0
2024-11-11,Colombo Fort - Jaffna,Slow/Local,3rd Class,325,255,290,323,87.93
2024-11-11,Colombo Fort - Kurunegala,Slow/Local,1st Class,25,20,30,25,66.67
2024-11-11,Colombo Fort - Kurunegala,Slow/Local,2nd Class,150,120,180,150,66.67
2024-11-11,Colombo Fort - Kurunegala,Slow/Local,3rd Class,325,261,290,301,90.0
2024-11-11,Colombo Fort - Matara,Slow/Local,1st Class,25,20,30,25,66.67
2024-11-11,Colombo Fort - Matara,Slow/Local,2nd Class,150,118,180,140,65.56
2024-11-11,Colombo Fort - Matara,Slow/Local,3rd Class,325,262,290,325,90.34
2024-11-11,Colombo Fort - Puttalam,Intercity,1st Class,37,30,44,35,68.18
2024-11-11,Colombo Fort - Puttalam,Intercity,2nd Class,225,177,270,222,65.56
2024-11-11,Colombo Fort - Puttalam,Intercity,3rd Class,487,363,435,487,83.45
2024-11-11,Colombo Fort - Puttalam,Slow/Local,1st Class,25,21,30,23,70.0
2024-11-11,Colombo Fort - Puttalam,Slow/Local,2nd Class,150,120,180,145,66.67
2024-11-11,Colombo Fort - Puttalam,Slow/Local,3rd Class,325,260,290,325,89.66
2024-11-11,Colombo Fort - Vavuniya,Intercity,1st Class,37,30,44,36,68.18
2024-11-11,Colombo Fort - Vavuniya,Intercity,2nd Class,225,186,270,221,68.89
2024-11-11,Colombo Fort - Vavuniya,Intercity,3rd Class,487,389,435,487,89.43
2024-11-11,Maradana - Avissawella,Intercity,1st Class,37,29,44,34,65.91
2024-11-11,Maradana - Avissawella,Intercity,2nd Class,225,183,270,193,67.78
2024-11-11,Maradana - Avissawella,Intercity,3rd Class,487,371,435,422,85.29
2024-11-11,Maradana - Avissawella,Slow/Local,1st Class,25,20,30,21,66.67
2024-11-11,Maradana - Avissawella,Slow/Local,2nd Class,150,119,180,127,66.11
2024-11-11,Maradana - Avissawella,Slow/Local,3rd Class,325,262,290,275,90.34
2024-11-12,Colombo Fort - Galle,Night Mail,1st Class,32,27,38,24,71.05
2024-11-12,Colombo Fort - Galle,Night Mail,2nd Class,195,163,234,140,69.66
2024-11-12,Colombo Fort - Galle,Night Mail,3rd Class,422,348,377,330,92.31
2024-11-12,Colombo Fort - Jaffna,Express,1st Class,45,35,54,40,64.81
2024-11-12,Colombo Fort - Jaffna,Express,2nd Class,270,222,324,226,68.52
2024-11-12,Colombo Fort - Jaffna,Express,3rd Class,585,485,522,518,92.91
2024-11-12,Colombo Fort - Jaffna,Night Mail,1st Class,32,27,38,29,71.05
2024-11-12,Colombo Fort - Jaffna,Night Mail,2nd Class,195,153,234,186,65.38
2024-11-12,Colombo Fort - Jaffna,Night Mail,3rd Class,422,319,377,416,84.62
2024-11-12,Colombo Fort - Kandy,Intercity,1st Class,37,30,44,33,68.18
2024-11-12,Colombo Fort - Kandy,Intercity,2nd Class,225,185,270,207,68.52
2024-11-12,Colombo Fort - Kandy,Intercity,3rd Class,487,392,435,469,90.11
2024-11-12,Colombo Fort - Matara,Slow/Local,1st Class,25,20,30,20,66.67
2024-11-12,Colombo Fort - Matara,Slow/Local,2nd Class,150,119,180,119,66.11
2024-11-12,Colombo Fort - Matara,Slow/Local,3rd Class,325,261,290,253,90.0
2024-11-12,Colombo Fort - Negombo,Express,1st Class,45,35,54,26,64.81
2024-11-12,Colombo Fort - Negombo,Express,2nd Class,270,219,324,153,67.59
2024-11-12,Colombo Fort - Negombo,Express,3rd Class,585,440,522,323,84.29
2024-11-12,Colombo Fort - Negombo,Night Mail,1st Class,32,27,38,32,71.05
2024-11-12,Colombo Fort - Negombo,Night Mail,2nd Class,195,166,234,186,70.94
2024-11-12,Colombo Fort - Negombo,Night Mail,3rd Class,422,367,377,421,97.35
2024-11-12,Colombo Fort - Vavuniya,Express,1st Class,45,35,54,44,64.81
2024-11-12,Colombo Fort - Vavuniya,Express,2nd Class,270,209,324,267,64.51
2024-11-12,Colombo Fort - Vavuniya,Express,3rd Class,585,473,522,572,90.61
2024-11-12,Colombo Fort - Vavuniya,Slow/Local,1st Class,25,20,30,22,66.67
2024-11-12,Colombo Fort - Vavuniya,Slow/Local,2nd Class,150,119,180,122,66.11
2024-11-12,Colombo Fort - Vavuniya,Slow/Local,3rd Class,325,262,290,280,90.34
2024-11-12,Maradana - Avissawella,Slow/Local,1st Class,25,20,30,17,66.67
2024-11-12,Maradana - Avissawella,Slow/Local,2nd Class,150,118,180,109,65.56
2024-11-12,Maradana - Avissawella,Slow/Local,3rd Class,325,251,290,243,86.55
2024-11-13,Colombo Fort - Badulla,Slow/Local,1st Class,25,20,30,24,66.67
2024-11-13,Colombo Fort - Badulla,Slow/Local,2nd Class,150,118,180,134,65.56
2024-11-13,Colombo Fort - Badulla,Slow/Local,3rd Class,325,264,290,295,91.03
2024-11-13,Colombo Fort - Jaffna,Intercity,1st Class,37,30,44,34,68.18
2024-11-13,Colombo Fort - Jaffna,Intercity,2nd Class,225,186,270,216,68.89
2024-11-13,Colombo Fort - Jaffna,Intercity,3rd Class,487,399,435,445,91.72
2024-11-13,Colombo Fort - Kandy,Night Mail,1st Class,32,27,38,30,71.05
2024-11-13,Colombo Fort - Kandy,Night Mail,2nd Class,195,160,234,195,68.38
2024-11-13,Colombo Fort - Kandy,Night Mail,3rd Class,422,365,377,422,96.82
2024-11-13,Colombo Fort - Kandy,Slow/Local,1st Class,25,21,30,19,70.0
2024-11-13,Colombo Fort - Kandy,Slow/Local,2nd Class,150,121,180,118,67.22
2024-11-13,Colombo Fort - Kandy,Slow/Local,3rd Class,325,269,290,254,92.76
2024-11-13,Colombo Fort - Negombo,Intercity,1st Class,37,29,44,25,65.91
2024-11-13,Colombo Fort - Negombo,Intercity,2nd Class,225,184,270,174,68.15
2024-11-13,Colombo Fort - Negombo,Intercity,3rd Class,487,389,435,367,89.43
2024-11-13,Colombo Fort - Ratnapura,Slow/Local,1st Class,25,20,30,21,66.67
2024-11-13,Colombo Fort - Ratnapura,Slow/Local,2nd Class,150,117,180,127,65.0
2024-11-13,Colombo Fort - Ratnapura,Slow/Local,3rd Class,325,261,290,270,90.0
2024-11-13,Colombo Fort - Vavuniya,Express,1st Class,45,35,54,30,64.81
2024-11-13,Colombo Fort - Vavuniya,Express,2nd Class,270,211,324,172,65.12
2024-11-13,Colombo Fort - Vavuniya,Express,3rd Class,585,481,522,339,92.15
2024-11-13,Kandy - Badulla,Slow/Local,1st Class,25,21,30,20,70.0
2024-11-13,Kandy - Badulla,Slow/Local,2nd Class,150,118,180,118,65.56
2024-11-13,Kandy - Badulla,Slow/Local,3rd Class,325,259,290,238,89.31
2024-11-14,Colombo Fort - Badulla,Express,1st Class,45,36,54,44,66.67
2024-11-14,Colombo Fort - Badulla,Express,2nd Class,270,224,324,264,69.14
2024-11-14,Colombo Fort - Badulla,Express,3rd Class,585,490,522,570,93.87
2024-11-14,Colombo Fort - Batticaloa,Express,1st Class,45,36,54,38,66.67
2024-11-14,Colombo Fort - Batticaloa,Express,2nd Class,270,216,324,223,66.67
2024-11-14,Colombo Fort - Batticaloa,Express,3rd Class,585,468,522,510,89.66
2024-11-14,Colombo Fort - Jaffna,Slow/Local,1st Class,25,21,30,17,70.0
2024-11-14,Colombo Fort - Jaffna,Slow/Local,2nd Class,150,120,180,106,66.67
2024-11-14,Colombo Fort - Jaffna,Slow/Local,3rd Class,325,262,290,223,90.34
2024-11-14,Colombo Fort - Kandy,Intercity,1st Class,37,31,44,34,70.45
2024-11-14,Colombo Fort - Kandy,Intercity,2nd Class,225,186,270,225,68.89
2024-11-14,Colombo Fort - Kandy,Intercity,3rd Class,487,398,435,463,91.49
2024-11-14,Colombo Fort - Puttalam,Intercity,1st Class,37,30,44,31,68.18
2024-11-14,Colombo Fort - Puttalam,Intercity,2nd Class,225,185,270,206,68.52
2024-11-14,Colombo Fort - Puttalam,Intercity,3rd Class,487,374,435,440,85.98
2024-11-14,Colombo Fort - Ratnapura,Slow/Local,1st Class,25,20,30,25,66.67
2024-11-14,Colombo Fort - Ratnapura,Slow/Local,2nd Class,150,118,180,150,65.56
2024-11-14,Colombo Fort - Ratnapura,Slow/Local,3rd Class,325,263,290,321,90.69
2024-11-15,Colombo Fort - Anuradhapura,Intercity,1st Class,37,34,34,34,100.0
2024-11-15,Colombo Fort - Anuradhapura,Intercity,2nd Class,225,202,202,197,100.0
2024-11-15,Colombo Fort - Anuradhapura,Intercity,3rd Class,487,442,513,386,86.16
2024-11-15,Colombo Fort - Badulla,Express,1st Class,45,41,41,37,100.0
2024-11-15,Colombo Fort - Badulla,Express,2nd Class,270,244,244,258,100.0
2024-11-15,Colombo Fort - Badulla,Express,3rd Class,585,533,615,520,86.67
2024-11-15,Colombo Fort - Badulla,Slow/Local,1st Class,25,22,22,19,100.0
2024-11-15,Colombo Fort - Badulla,Slow/Local,2nd Class,150,134,134,106,100.0
2024-11-15,Colombo Fort - Badulla,Slow/Local,3rd Class,325,294,344,241,85.47
2024-11-15,Colombo Fort - Batticaloa,Night Mail,1st Class,32,29,29,27,100.0
2024-11-15,Colombo Fort - Batticaloa,Night Mail,2nd Class,195,184,184,167,100.0
2024-11-15,Colombo Fort - Batticaloa,Night Mail,3rd Class,422,392,436,322,89.91
2024-11-15,Colombo Fort - Batticaloa,Slow/Local,1st Class,25,22,22,15,100.0
2024-11-15,Colombo Fort - Batticaloa,Slow/Local,2nd Class,150,133,133,106,100.0
2024-11-15,Colombo Fort - Batticaloa,Slow/Local,3rd Class,325,296,345,218,85.8
2024-11-15,Colombo Fort - Galle,Intercity,1st Class,37,33,33,30,100.0
2024-11-15,Colombo Fort - Galle,Intercity,2nd Class,225,199,199,186,100.0
2024-11-15,Colombo Fort - Galle,Intercity,3rd Class,487,437,517,383,84.53
2024-11-15,Colombo Fort - Kandy,Express,1st Class,45,40,40,34,100.0
2024-11-15,Colombo Fort - Kandy,Express,2nd Class,270,241,241,194,100.0
2024-11-15,Colombo Fort - Kandy,Express,3rd Class,585,524,619,460,84.65
2024-11-15,Colombo Fort - Puttalam,Express,1st Class,45,40,40,39,100.0
2024-11-15,Colombo Fort - Puttalam,Express,2nd Class,270,243,243,227,100.0
2024-11-15,Colombo Fort - Puttalam,Express,3rd Class,585,527,617,529,85.41
2024-11-15,Colombo Fort - Ratnapura,Night Mail,1st Class,32,29,29,30,100.0
2024-11-15,Colombo Fort - Ratnapura,Night Mail,2nd Class,195,182,182,187,100.0
2024-11-15,Colombo Fort - Ratnapura,Night Mail,3rd Class,422,398,438,402,90.87
2024-11-15,Colombo Fort - Ratnapura,Slow/Local,1st Class,25,22,22,20,100.0
2024-11-15,Colombo Fort - Ratnapura,Slow/Local,2nd Class,150,133,133,116,100.0
2024-11-15,Colombo Fort - Ratnapura,Slow/Local,3rd Class,325,291,345,268,84.35
2024-11-15,Kandy - Badulla,Slow/Local,1st Class,25,22,22,16,100.0
2024-11-15,Kandy - Badulla,Slow/Local,2nd Class,150,133,133,104,100.0
2024-11-15,Kandy - Badulla,Slow/Local,3rd Class,325,291,345,281,84.35
2024-11-16,Colombo Fort - Anuradhapura,Intercity,1st Class,37,34,34,34,100.0
2024-11-16,Colombo Fort - Anuradhapura,Intercity,2nd Class,225,204,204,210,100.0
2024-11-16,Colombo Fort - Anuradhapura,Intercity,3rd Class,487,442,511,436,86.5
2024-11-16,Colombo Fort - Batticaloa,Intercity,1st Class,37,34,34,37,100.0
2024-11-16,Colombo Fort - Batticaloa,Intercity,2nd Class,225,204,204,202,100.0
2024-11-16,Colombo Fort - Batticaloa,Intercity,3rd Class,487,448,511,442,87.67
2024-11-16,Colombo Fort - Batticaloa,Slow/Local,1st Class,25,22,22,24,100.0
2024-11-16,Colombo Fort - Batticaloa,Slow/Local,2nd Class,150,133,133,150,100.0
2024-11-16,Colombo Fort - Batticaloa,Slow/Local,3rd Class,325,295,345,325,85.51
2024-11-16,Colombo Fort - Galle,Slow/Local,1st Class,25,22,22,25,100.0
2024-11-16,Colombo Fort - Galle,Slow/Local,2nd Class,150,135,135,150,100.0
2024-11-16,Colombo Fort - Galle,Slow/Local,3rd Class,325,292,343,325,85.13
2024-11-16,Colombo Fort - Matara,Intercity,1st Class,37,34,34,29,100.0
2024-11-16,Colombo Fort - Matara,Intercity,2nd Class,225,207,207,168,100.0
2024-11-16,Colombo Fort - Matara,Intercity,3rd Class,487,441,508,376,86.81
2024-11-16,Colombo Fort - Puttalam,Express,1st Class,45,40,54,45,74.07
2024-11-16,Colombo Fort - Puttalam,Express,2nd Class,270,243,324,255,75.0
2024-11-16,Colombo Fort - Puttalam,Express,3rd Class,585,510,522,585,97.7
2024-11-16,Colombo Fort - Puttalam,Slow/Local,1st Class,25,22,22,17,100.0
2024-11-16,Colombo Fort - Puttalam,Slow/Local,2nd Class,150,135,135,96,100.0
2024-11-16,Colombo Fort - Puttalam,Slow/Local,3rd Class,325,302,343,228,88.05
2024-11-16,Colombo Fort - Ratnapura,Slow/Local,1st Class,25,22,22,25,100.0
2024-11-16,Colombo Fort - Ratnapura,Slow/Local,2nd Class,150,133,133,138,100.0
2024-11-16,Colombo Fort - Ratnapura,Slow/Local,3rd Class,325,294,345,325,85.22
2024-11-16,Colombo Fort - Vavuniya,Slow/Local,1st Class,25,22,22,21,100.0
2024-11-16,Colombo Fort - Vavuniya,Slow/Local,2nd Class,150,133,133,114,100.0
2024-11-16,Colombo Fort - Vavuniya,Slow/Local,3rd Class,325,298,345,299,86.38
2024-11-17,Colombo Fort - Badulla,Express,1st Class,45,41,41,43,100.0
2024-11-17,Colombo Fort - Badulla,Express,2nd Class,270,245,245,270,100.0
2024-11-17,Colombo Fort - Badulla,Express,3rd Class,585,530,614,584,86.32
2024-11-17,Colombo Fort - Badulla,Night Mail,1st Class,32,27,38,31,71.05
2024-11-17,Colombo Fort - Badulla,Night Mail,2nd Class,195,177,234,195,75.64
2024-11-17,Colombo Fort - Badulla,Night Mail,3rd Class,422,372,377,415,98.67
2024-11-17,Colombo Fort - Jaffna,Intercity,1st Class,37,34,44,37,77.27
2024-11-17,Colombo Fort - Jaffna,Intercity,2nd Class,225,202,270,208,74.81
2024-11-17,Colombo Fort - Jaffna,Intercity,3rd Class,487,434,435,487,99.77
2024-11-17,Colombo Fort - Jaffna,Slow/Local,1st Class,25,23,23,21,100.0
2024-11-17,Colombo Fort - Jaffna,Slow/Local,2nd Class,150,133,133,125,100.0
2024-11-17,Colombo Fort - Jaffna,Slow/Local,3rd Class,325,296,344,290,86.05
2024-11-17,Colombo Fort - Matara,Slow/Local,1st Class,25,22,30,22,73.33
2024-11-17,Colombo Fort - Matara,Slow/Local,2nd Class,150,133,180,119,73.89
2024-11-17,Colombo Fort - Matara,Slow/Local,3rd Class,325,285,290,271,98.28
2024-11-17,Colombo Fort - Negombo,Intercity,1st Class,37,32,44,37,72.73
2024-11-17,Colombo Fort - Negombo,Intercity,2nd Class,225,199,270,223,73.7
2024-11-17,Colombo Fort - Negombo,Intercity,3rd Class,487,435,435,487,100.0
2024-11-17,Colombo Fort - Puttalam,Slow/Local,1st Class,25,22,22,25,100.0
2024-11-17,Colombo Fort - Puttalam,Slow/Local,2nd Class,150,132,132,145,100.0
2024-11-17,Colombo Fort - Puttalam,Slow/Local,3rd Class,325,293,346,291,84.68
2024-11-17,Colombo Fort - Ratnapura,Night Mail,1st Class,32,29,29,32,100.0
2024-11-17,Colombo Fort - Ratnapura,Night Mail,2nd Class,195,183,183,195,100.0
2024-11-17,Colombo Fort - Ratnapura,Night Mail,3rd Class,422,395,437,422,90.39
2024-11-17,Kandy - Badulla,Express,1st Class,45,41,41,45,100.0
2024-11-17,Kandy - Badulla,Express,2nd Class,270,240,240,270,100.0
2024-11-17,Kandy - Badulla,Express,3rd Class,585,537,619,585,86.75
2024-11-17,Maradana - Avissawella,Intercity,1st Class,37,33,44,37,75.0
2024-11-17,Maradana - Avissawella,Intercity,2nd Class,225,196,270,213,72.59
2024-11-17,Maradana - Avissawella,Intercity,3rd Class,487,429,435,485,98.62
2024-11-18,Colombo Fort - Anuradhapura,Intercity,1st Class,37,30,44,22,68.18
2024-11-18,Colombo Fort - Anuradhapura,Intercity,2nd Class,225,185,270,144,68.52
2024-11-18,Colombo Fort - Anuradhapura,Intercity,3rd Class,487,393,435,317,90.34
2024-11-18,Colombo Fort - Anuradhapura,Slow/Local,1st Class,25,20,30,25,66.67
2024-11-18,Colombo Fort - Anuradhapura,Slow/Local,2nd Class,150,119,180,142,66.11
2024-11-18,Colombo Fort - Anuradhapura,Slow/Local,3rd Class,325,252,290,325,86.9
2024-11-18,Colombo Fort - Badulla,Express,1st Class,45,36,54,30,66.67
2024-11-18,Colombo Fort - Badulla,Express,2nd Class,270,228,324,197,70.37
2024-11-18,Colombo Fort - Badulla,Express,3rd Class,585,479,522,375,91.76
2024-11-18,Colombo Fort - Galle,Express,1st Class,45,36,54,44,66.67
2024-11-18,Colombo Fort - Galle,Express,2nd Class,270,221,324,268,68.21
2024-11-18,Colombo Fort - Galle,Express,3rd Class,585,459,522,578,87.93
2024-11-18,Colombo Fort - Jaffna,Express,1st Class,45,36,54,39,66.67
2024-11-18,Colombo Fort - Jaffna,Express,2nd Class,270,224,324,232,69.14
2024-11-18,Colombo Fort - Jaffna,Express,3rd Class,585,463,522,467,88.7
2024-11-18,Colombo Fort - Jaffna,Slow/Local,1st Class,25,20,30,25,66.67
2024-11-18,Colombo Fort - Jaffna,Slow/Local,2nd Class,150,119,180,146,66.11
2024-11-18,Colombo Fort - Jaffna,Slow/Local,3rd Class,325,262,290,325,90.34
2024-11-18,Colombo Fort - Kurunegala,Slow/Local,1st Class,25,20,30,25,66.67
2024-11-18,Colombo Fort - Kurunegala,Slow/Local,2nd Class,150,120,180,146,66.67
2024-11-18,Colombo Fort - Kurunegala,Slow/Local,3rd Class,325,265,290,319,91.38
2024-11-18,Colombo Fort - Matara,Intercity,1st Class,37,30,44,32,68.18
2024-11-18,Colombo Fort - Matara,Intercity,2nd Class,225,179,270,179,66.3
2024-11-18,Colombo Fort - Matara,Intercity,3rd Class,487,380,435,421,87.36
2024-11-18,Colombo Fort - Ratnapura,Intercity,1st Class,37,28,44,30,63.64
2024-11-18,Colombo Fort - Ratnapura,Intercity,2nd Class,225,180,270,188,66.67
2024-11-18,Colombo Fort - Ratnapura,Intercity,3rd Class,487,381,435,400,87.59
2024-11-18,Colombo Fort - Ratnapura,Slow/Local,1st Class,25,21,30,17,70.0
2024-11-18,Colombo Fort - Ratnapura,Slow/Local,2nd Class,150,119,180,106,66.11
2024-11-18,Colombo Fort - Ratnapura,Slow/Local,3rd Class,325,261,290,243,90.0
2024-11-18,Maradana - Avissawella,Express,1st Class,45,35,54,39,64.81
2024-11-18,Maradana - Avissawella,Express,2nd Class,270,223,324,236,68.83
2024-11-18,Maradana - Avissawella,Express,3rd Class,585,430,522,538,82.38
2024-11-19,Colombo Fort - Badulla,Intercity,1st Class,37,30,44,25,68.18
2024-11-19,Colombo Fort - Badulla,Intercity,2nd Class,225,184,270,157,68.15
2024-11-19,Colombo Fort - Badulla,Intercity,3rd Class,487,403,435,334,92.64
2024-11-19,Colombo Fort - Jaffna,Express,1st Class,45,35,54,45,64.81
2024-11-19,Colombo Fort - Jaffna,Express,2nd Class,270,224,324,270,69.14
2024-11-19,Colombo Fort - Jaffna,Express,3rd Class,585,479,522,585,91.76
2024-11-19,Colombo Fort - Kandy,Slow/Local,1st Class,25,21,30,16,70.0
2024-11-19,Colombo Fort - Kandy,Slow/Local,2nd Class,150,121,180,96,67.22
2024-11-19,Colombo Fort - Kandy,Slow/Local,3rd Class,325,268,290,193,92.41
2024-11-19,Colombo Fort - Kurunegala,Intercity,1st Class,37,30,44,31,68.18
2024-11-19,Colombo Fort - Kurunegala,Intercity,2nd Class,225,182,270,194,67.41
2024-11-19,Colombo Fort - Kurunegala,Intercity,3rd Class,487,378,435,389,86.9
2024-11-19,Colombo Fort - Matara,Express,1st Class,45,35,54,45,64.81
2024-11-19,Colombo Fort - Matara,Express,2nd Class,270,222,324,270,68.52
2024-11-19,Colombo Fort - Matara,Express,3rd Class,585,460,522,551,88.12
2024-11-19,Colombo Fort - Puttalam,Express,1st Class,45,35,54,28,64.81
2024-11-19,Colombo Fort - Puttalam,Express,2nd Class,270,218,324,155,67.28
2024-11-19,Colombo Fort - Puttalam,Express,3rd Class,585,456,522,341,87.36
2024-11-19,Colombo Fort - Puttalam,Intercity,1st Class,37,29,44,28,65.91
2024-11-19,Colombo Fort - Puttalam,Intercity,2nd Class,225,186,270,185,68.89
2024-11-19,Colombo Fort - Puttalam,Intercity,3rd Class,487,387,435,365,88.97
2024-11-19,Colombo Fort - Ratnapura,Express,1st Class,45,34,54,31,62.96
2024-11-19,Colombo Fort - Ratnapura,Express,2nd Class,270,214,324,171,66.05
2024-11-19,Colombo Fort - Ratnapura,Express,3rd Class,585,466,522,433,89.27
2024-11-19,Colombo Fort - Trincomalee,Express,1st Class,45,35,54,41,64.81
2024-11-19,Colombo Fort - Trincomalee,Express,2nd Class,270,217,324,228,66.98
2024-11-19,Colombo Fort - Trincomalee,Express,3rd Class,585,480,522,489,91.95
2024-11-19,Kandy - Badulla,Slow/Local,1st Class,25,20,30,21,66.67
2024-11-19,Kandy - Badulla,Slow/Local,2nd Class,150,118,180,132,65.56
2024-11-19,Kandy - Badulla,Slow/Local,3rd Class,325,260,290,301,89.66
2024-11-20,Colombo Fort - Anuradhapura,Night Mail,1st Class,32,27,38,31,71.05
2024-11-20,Colombo Fort - Anuradhapura,Night Mail,2nd Class,195,155,234,189,66.24
2024-11-20,Colombo Fort - Anuradhapura,Night Mail,3rd Class,422,355,377,419,94.16
2024-11-20,Colombo Fort - Anuradhapura,Slow/Local,1st Class,25,20,30,20,66.67
2024-11-20,Colombo Fort - Anuradhapura,Slow/Local,2nd Class,150,118,180,120,65.56
2024-11-20,Colombo Fort - Anuradhapura,Slow/Local,3rd Class,325,254,290,264,87.59
2024-11-20,Colombo Fort - Badulla,Intercity,1st Class,37,30,44,33,68.18
2024-11-20,Colombo Fort - Badulla,Intercity,2nd Class,225,178,270,199,65.93
2024-11-20,Colombo Fort - Badulla,Intercity,3rd Class,487,395,435,444,90.8
2024-11-20,Colombo Fort - Badulla,Slow/Local,1st Class,25,21,30,19,70.0
2024-11-20,Colombo Fort - Badulla,Slow/Local,2nd Class,150,117,180,101,65.0
2024-11-20,Colombo Fort - Badulla,Slow/Local,3rd Class,325,255,290,225,87.93
2024-11-20,Colombo Fort - Galle,Intercity,1st Class,37,30,44,37,68.18
2024-11-20,Colombo Fort - Galle,Intercity,2nd Class,225,181,270,225,67.04
2024-11-20,Colombo Fort - Galle,Intercity,3rd Class,487,389,435,458,89.43
2024-11-20,Colombo Fort - Jaffna,Slow/Local,1st Class,25,21,30,22,70.0
2024-11-20,Colombo Fort - Jaffna,Slow/Local,2nd Class,150,120,180,140,66.67
2024-11-20,Colombo Fort - Jaffna,Slow/Local,3rd Class,325,265,290,291,91.38
2024-11-20,Colombo Fort - Kurunegala,Express,1st Class,45,36,54,32,66.67
2024-11-20,Colombo Fort - Kurunegala,Express,2nd Class,270,223,324,205,68.83
2024-11-20,Colombo Fort - Kurunegala,Express,3rd Class,585,449,522,459,86.02
2024-11-20,Colombo Fort - Matara,Slow/Local,1st Class,25,20,30,21,66.67
2024-11-20,Colombo Fort - Matara,Slow/Local,2nd Class,150,117,180,125,65.0
2024-11-20,Colombo Fort - Matara,Slow/Local,3rd Class,325,260,290,262,89.66
2024-11-20,Colombo Fort - Negombo,Night Mail,1st Class,32,28,38,17,73.68
2024-11-20,Colombo Fort - Negombo,Night Mail,2nd Class,195,167,234,121,71.37
2024-11-20,Colombo Fort - Negombo,Night Mail,3rd Class,422,371,377,249,98.41
2024-11-20,Colombo Fort - Puttalam,Night Mail,1st Class,32,27,38,29,71.05
2024-11-20,Colombo Fort - Puttalam,Night Mail,2nd Class,195,164,234,173,70.09
2024-11-20,Colombo Fort - Puttalam,Night Mail,3rd Class,422,363,377,340,96.29
2024-11-20,Colombo Fort - Ratnapura,Intercity,1st Class,37,29,44,28,65.91
2024-11-20,Colombo Fort - Ratnapura,Intercity,2nd Class,225,180,270,174,66.67
2024-11-20,Colombo Fort - Ratnapura,Intercity,3rd Class,487,387,435,353,88.97
2024-11-20,Colombo Fort - Trincomalee,Slow/Local,1st Class,25,20,30,22,66.67
2024-11-20,Colombo Fort - Trincomalee,Slow/Local,2nd Class,150,118,180,132,65.56
2024-11-20,Colombo Fort - Trincomalee,Slow/Local,3rd Class,325,259,290,284,89.31
2024-11-20,Maradana - Avissawella,Slow/Local,1st Class,25,19,30,22,63.33
2024-11-20,Maradana - Avissawella,Slow/Local,2nd Class,150,117,180,142,65.0
2024-11-20,Maradana - Avissawella,Slow/Local,3rd Class,325,253,290,286,87.24
2024-11-21,Colombo Fort - Anuradhapura,Slow/Local,1st Class,25,20,30,25,66.67
2024-11-21,Colombo Fort - Anuradhapura,Slow/Local,2nd Class,150,119,180,150,66.11
2024-11-21,Colombo Fort - Anuradhapura,Slow/Local,3rd Class,325,259,290,311,89.31
2024-11-21,Colombo Fort - Badulla,Intercity,1st Class,37,30,44,29,68.18
2024-11-21,Colombo Fort - Badulla,Intercity,2nd Class,225,184,270,184,68.15
2024-11-21,Colombo Fort - Badulla,Intercity,3rd Class,487,399,435,413,91.72
2024-11-21,Colombo Fort - Galle,Intercity,1st Class,37,30,44,37,68.18
2024-11-21,Colombo Fort - Galle,Intercity,2nd Class,225,182,270,225,67.41
2024-11-21,Colombo Fort - Galle,Intercity,3rd Class,487,388,435,478,89.2
2024-11-21,Colombo Fort - Galle,Slow/Local,1st Class,25,22,30,25,73.33
2024-11-21,Colombo Fort - Galle,Slow/Local,2nd Class,150,123,180,145,68.33
2024-11-21,Colombo Fort - Galle,Slow/Local,3rd Class,325,262,290,319,90.34
2024-11-21,Colombo Fort - Jaffna,Slow/Local,1st Class,25,21,30,25,70.0
2024-11-21,Colombo Fort - Jaffna,Slow/Local,2nd Class,150,122,180,137,67.78
2024-11-21,Colombo Fort - Jaffna,Slow/Local,3rd Class,325,261,290,296,90.0
2024-11-21,Colombo Fort - Kurunegala,Intercity,1st Class,37,29,44,27,65.91
2024-11-21,Colombo Fort - Kurunegala,Intercity,2nd Class,225,183,270,169,67.78
2024-11-21,Colombo Fort - Kurunegala,Intercity,3rd Class,487,384,435,408,88.28
2024-11-21,Colombo Fort - Kurunegala,Slow/Local,1st Class,25,21,30,24,70.0
2024-11-21,Colombo Fort - Kurunegala,Slow/Local,2nd Class,150,123,180,139,68.33
2024-11-21,Colombo Fort - Kurunegala,Slow/Local,3rd Class,325,265,290,313,91.38
2024-11-21,Colombo Fort - Matara,Slow/Local,1st Class,25,20,30,19,66.67
2024-11-21,Colombo Fort - Matara,Slow/Local,2nd Class,150,119,180,111,66.11
2024-11-21,Colombo Fort - Matara,Slow/Local,3rd Class,325,258,290,249,88.97
2024-11-21,Colombo Fort - Negombo,Intercity,1st Class,37,30,44,24,68.18
2024-11-21,Colombo Fort - Negombo,Intercity,2nd Class,225,182,270,168,67.41
2024-11-21,Colombo Fort - Negombo,Intercity,3rd Class,487,381,435,369,87.59
2024-11-21,Colombo Fort - Trincomalee,Slow/Local,1st Class,25,20,30,16,66.67
2024-11-21,Colombo Fort - Trincomalee,Slow/Local,2nd Class,150,117,180,92,65.0
2024-11-21,Colombo Fort - Trincomalee,Slow/Local,3rd Class,325,257,290,215,88.62
2024-11-21,Colombo Fort - Vavuniya,Slow/Local,1st Class,25,20,30,23,66.67
2024-11-21,Colombo Fort - Vavuniya,Slow/Local,2nd Class,150,117,180,132,65.0
2024-11-21,Colombo Fort - Vavuniya,Slow/Local,3rd Class,325,262,290,303,90.34
2024-11-21,Kandy - Badulla,Intercity,1st Class,37,30,44,24,68.18
2024-11-21,Kandy - Badulla,Intercity,2nd Class,225,181,270,141,67.04
2024-11-21,Kandy - Badulla,Intercity,3rd Class,487,370,435,284,85.06
2024-11-21,Maradana - Avissawella,Slow/Local,1st Class,25,20,30,21,66.67
2024-11-21,Maradana - Avissawella,Slow/Local,2nd Class,150,118,180,144,65.56
2024-11-21,Maradana - Avissawella,Slow/Local,3rd Class,325,258,290,296,88.97
2024-11-22,Colombo Fort - Anuradhapura,Intercity,1st Class,37,34,34,32,100.0
2024-11-22,Colombo Fort - Anuradhapura,Intercity,2nd Class,225,211,211,187,100.0
2024-11-22,Colombo Fort - Anuradhapura,Intercity,3rd Class,487,448,504,410,88.89
2024-11-22,Colombo Fort - Badulla,Night Mail,1st Class,32,29,29,21,100.0
2024-11-22,Colombo Fort - Badulla,Night Mail,2nd Class,195,181,181,125,100.0
2024-11-22,Colombo Fort - Badulla,Night Mail,3rd Class,422,397,439,291,90.43
2024-11-22,Colombo Fort - Badulla,Slow/Local,1st Class,25,22,22,22,100.0
2024-11-22,Colombo Fort - Badulla,Slow/Local,2nd Class,150,132,132,117,100.0
2024-11-22,Colombo Fort - Badulla,Slow/Local,3rd Class,325,297,346,281,85.84
2024-11-22,Colombo Fort - Jaffna,Intercity,1st Class,37,34,44,25,77.27
2024-11-22,Colombo Fort - Jaffna,Intercity,2nd Class,225,201,270,158,74.44
2024-11-22,Colombo Fort - Jaffna,Intercity,3rd Class,487,432,435,325,99.31
2024-11-22,Colombo Fort - Kandy,Intercity,1st Class,37,34,34,30,100.0
2024-11-22,Colombo Fort - Kandy,Intercity,2nd Class,225,203,203,185,100.0
2024-11-22,Colombo Fort - Kandy,Intercity,3rd Class,487,436,512,423,85.16
2024-11-22,Colombo Fort - Kandy,Night Mail,1st Class,32,28,28,31,100.0
2024-11-22,Colombo Fort - Kandy,Night Mail,2nd Class,195,181,181,189,100.0
2024-11-22,Colombo Fort - Kandy,Night Mail,3rd Class,422,386,440,422,87.73
2024-11-22,Colombo Fort - Kurunegala,Slow/Local,1st Class,25,22,22,24,100.0
2024-11-22,Colombo Fort - Kurunegala,Slow/Local,2nd Class,150,135,135,135,100.0
2024-11-22,Colombo Fort - Kurunegala,Slow/Local,3rd Class,325,291,343,320,84.84
2024-11-22,Colombo Fort - Negombo,Intercity,1st Class,37,32,32,32,100.0
2024-11-22,Colombo Fort - Negombo,Intercity,2nd Class,225,197,197,186,100.0
2024-11-22,Colombo Fort - Negombo,Intercity,3rd Class,487,436,520,385,83.85
2024-11-22,Colombo Fort - Puttalam,Express,1st Class,45,43,43,34,100.0
2024-11-22,Colombo Fort - Puttalam,Express,2nd Class,270,242,242,179,100.0
2024-11-22,Colombo Fort - Puttalam,Express,3rd Class,585,534,615,382,86.83
2024-11-22,Colombo Fort - Vavuniya,Express,1st Class,45,42,42,33,100.0
2024-11-22,Colombo Fort - Vavuniya,Express,2nd Class,270,243,243,192,100.0
2024-11-22,Colombo Fort - Vavuniya,Express,3rd Class,585,529,615,426,86.02
2024-11-22,Kandy - Badulla,Express,1st Class,45,42,42,32,100.0
2024-11-22,Kandy - Badulla,Express,2nd Class,270,242,242,208,100.0
2024-11-22,Kandy - Badulla,Express,3rd Class,585,546,616,479,88.64
2024-11-22,Kandy - Badulla,Slow/Local,1st Class,25,22,22,23,100.0
2024-11-22,Kandy - Badulla,Slow/Local,2nd Class,150,133,133,133,100.0
2024-11-22,Kandy - Badulla,Slow/Local,3rd Class,325,294,345,277,85.22
2024-11-23,Colombo Fort - Anuradhapura,Express,1st Class,45,43,54,45,79.63
2024-11-23,Colombo Fort - Anuradhapura,Express,2nd Class,270,225,324,270,69.44
2024-11-23,Colombo Fort - Anuradhapura,Express,3rd Class,585,509,522,585,97.51
2024-11-23,Colombo Fort - Badulla,Intercity,1st Class,37,34,34,35,100.0
2024-11-23,Colombo Fort - Badulla,Intercity,2nd Class,225,203,203,204,100.0
2024-11-23,Colombo Fort - Badulla,Intercity,3rd Class,487,441,512,459,86.13
2024-11-23,Colombo Fort - Batticaloa,Intercity,1st Class,37,34,34,37,100.0
2024-11-23,Colombo Fort - Batticaloa,Intercity,2nd Class,225,204,204,224,100.0
2024-11-23,Colombo Fort - Batticaloa,Intercity,3rd Class,487,452,511,482,88.45
2024-11-23,Colombo Fort - Jaffna,Intercity,1st Class,37,34,34,30,100.0
2024-11-23,Colombo Fort - Jaffna,Intercity,2nd Class,225,207,207,194,100.0
2024-11-23,Colombo Fort - Jaffna,Intercity,3rd Class,487,442,508,367,87.01
2024-11-23,Colombo Fort - Jaffna,Slow/Local,1st Class,25,22,22,23,100.0
2024-11-23,Colombo Fort - Jaffna,Slow/Local,2nd Class,150,134,134,133,100.0
2024-11-23,Colombo Fort - Jaffna,Slow/Local,3rd Class,325,297,344,311,86.34
2024-11-23,Colombo Fort - Kurunegala,Night Mail,1st Class,32,29,29,29,100.0
2024-11-23,Colombo Fort - Kurunegala,Night Mail,2nd Class,195,171,171,173,100.0
2024-11-23,Colombo Fort - Kurunegala,Night Mail,3rd Class,422,397,449,352,88.42
2024-11-23,Colombo Fort - Matara,Express,1st Class,45,43,43,42,100.0
2024-11-23,Colombo Fort - Matara,Express,2nd Class,270,240,240,253,100.0
2024-11-23,Colombo Fort - Matara,Express,3rd Class,585,532,617,539,86.22
2024-11-23,Colombo Fort - Negombo,Express,1st Class,45,43,43,45,100.0
2024-11-23,Colombo Fort - Negombo,Express,2nd Class,270,234,234,270,100.0
2024-11-23,Colombo Fort - Negombo,Express,3rd Class,585,537,623,547,86.2
2024-11-23,Colombo Fort - Puttalam,Slow/Local,1st Class,25,22,22,25,100.0
2024-11-23,Colombo Fort - Puttalam,Slow/Local,2nd Class,150,133,133,150,100.0
2024-11-23,Colombo Fort - Puttalam,Slow/Local,3rd Class,325,291,345,325,84.35
2024-11-23,Colombo Fort - Ratnapura,Intercity,1st Class,37,33,33,36,100.0
2024-11-23,Colombo Fort - Ratnapura,Intercity,2nd Class,225,201,201,225,100.0
2024-11-23,Colombo Fort - Ratnapura,Intercity,3rd Class,487,439,515,447,85.24
2024-11-23,Colombo Fort - Trincomalee,Intercity,1st Class,37,34,34,36,100.0
2024-11-23,Colombo Fort - Trincomalee,Intercity,2nd Class,225,201,201,216,100.0
2024-11-23,Colombo Fort - Trincomalee,Intercity,3rd Class,487,437,514,487,85.02
2024-11-23,Colombo Fort - Vavuniya,Intercity,1st Class,37,34,34,37,100.0
2024-11-23,Colombo Fort - Vavuniya,Intercity,2nd Class,225,205,205,220,100.0
2024-11-23,Colombo Fort - Vavuniya,Intercity,3rd Class,487,437,510,426,85.69
2024-11-23,Kandy - Badulla,Slow/Local,1st Class,25,22,22,23,100.0
2024-11-23,Kandy - Badulla,Slow/Local,2nd Class,150,133,133,120,100.0
2024-11-23,Kandy - Badulla,Slow/Local,3rd Class,325,298,345,288,86.38
2024-11-23,Maradana - Avissawella,Night Mail,1st Class,32,28,38,31,73.68
2024-11-23,Maradana - Avissawella,Night Mail,2nd Class,195,186,234,195,79.49
2024-11-23,Maradana - Avissawella,Night Mail,3rd Class,422,357,377,419,94.69
2024-11-23,Maradana - Avissawella,Slow/Local,1st Class,25,22,30,25,73.33
2024-11-23,Maradana - Avissawella,Slow/Local,2nd Class,150,133,180,148,73.89
2024-11-23,Maradana - Avissawella,Slow/Local,3rd Class,325,290,290,322,100.0
2024-11-24,Colombo Fort - Badulla,Slow/Local,1st Class,25,23,23,25,100.0
2024-11-24,Colombo Fort - Badulla,Slow/Local,2nd Class,150,133,133,147,100.0
2024-11-24,Colombo Fort - Badulla,Slow/Local,3rd Class,325,298,344,325,86.63
2024-11-24,Colombo Fort - Galle,Express,1st Class,45,42,54,44,77.78
2024-11-24,Colombo Fort - Galle,Express,2nd Class,270,233,324,270,71.91
2024-11-24,Colombo Fort - Galle,Express,3rd Class,585,485,522,585,92.91
2024-11-24,Colombo Fort - Galle,Slow/Local,1st Class,25,22,22,24,100.0
2024-11-24,Colombo Fort - Galle,Slow/Local,2nd Class,150,142,142,143,100.0
2024-11-24,Colombo Fort - Galle,Slow/Local,3rd Class,325,292,336,294,86.9
2024-11-24,Colombo Fort - Trincomalee,Express,1st Class,45,42,42,31,100.0
2024-11-24,Colombo Fort - Trincomalee,Express,2nd Class,270,246,246,220,100.0
2024-11-24,Colombo Fort - Trincomalee,Express,3rd Class,585,525,612,406,85.78
2024-11-24,Colombo Fort - Vavuniya,Express,1st Class,45,43,54,45,79.63
2024-11-24,Colombo Fort - Vavuniya,Express,2nd Class,270,244,324,268,75.31
2024-11-24,Colombo Fort - Vavuniya,Express,3rd Class,585,519,522,585,99.43
2024-11-24,Maradana - Avissawella,Intercity,1st Class,37,35,44,31,79.55
2024-11-24,Maradana - Avissawella,Intercity,2nd Class,225,202,270,196,74.81
2024-11-24,Maradana - Avissawella,Intercity,3rd Class,487,432,435,394,99.31
2024-11-25,Colombo Fort - Anuradhapura,Night Mail,1st Class,32,27,38,27,71.05
2024-11-25,Colombo Fort - Anuradhapura,Night Mail,2nd Class,195,160,234,193,68.38
2024-11-25,Colombo Fort - Anuradhapura,Night Mail,3rd Class,422,360,377,386,95.49
2024-11-25,Colombo Fort - Jaffna,Intercity,1st Class,37,29,44,37,65.91
2024-11-25,Colombo Fort - Jaffna,Intercity,2nd Class,225,187,270,212,69.26
2024-11-25,Colombo Fort - Jaffna,Intercity,3rd Class,487,400,435,446,91.95
2024-11-25,Colombo Fort - Ratnapura,Intercity,1st Class,37,29,44,28,65.91
2024-11-25,Colombo Fort - Ratnapura,Intercity,2nd Class,225,184,270,163,68.15
2024-11-25,Colombo Fort - Ratnapura,Intercity,3rd Class,487,388,435,372,89.2
2024-11-25,Colombo Fort - Ratnapura,Night Mail,1st Class,32,28,38,26,73.68
2024-11-25,Colombo Fort - Ratnapura,Night Mail,2nd Class,195,166,234,153,70.94
2024-11-25,Colombo Fort - Ratnapura,Night Mail,3rd Class,422,374,377,343,99.2
2024-11-25,Colombo Fort - Ratnapura,Slow/Local,1st Class,25,20,30,23,66.67
2024-11-25,Colombo Fort - Ratnapura,Slow/Local,2nd Class,150,118,180,139,65.56
2024-11-25,Colombo Fort - Ratnapura,Slow/Local,3rd Class,325,260,290,272,89.66
2024-11-25,Kandy - Badulla,Express,1st Class,45,36,54,38,66.67
2024-11-25,Kandy - Badulla,Express,2nd Class,270,218,324,258,67.28
2024-11-25,Kandy - Badulla,Express,3rd Class,585,471,522,514,90.23
2024-11-26,Colombo Fort - Anuradhapura,Night Mail,1st Class,32,27,38,28,71.05
2024-11-26,Colombo Fort - Anuradhapura,Night Mail,2nd Class,195,159,234,174,67.95
2024-11-26,Colombo Fort - Anuradhapura,Night Mail,3rd Class,422,358,377,366,94.96
2024-11-26,Colombo Fort - Badulla,Slow/Local,1st Class,25,21,30,25,70.0
2024-11-26,Colombo Fort - Badulla,Slow/Local,2nd Class,150,118,180,147,65.56
2024-11-26,Colombo Fort - Badulla,Slow/Local,3rd Class,325,251,290,325,86.55
2024-11-26,Colombo Fort - Jaffna,Slow/Local,1st Class,25,21,30,22,70.0
2024-11-26,Colombo Fort - Jaffna,Slow/Local,2nd Class,150,123,180,129,68.33
2024-11-26,Colombo Fort - Jaffna,Slow/Local,3rd Class,325,262,290,299,90.34
2024-11-26,Colombo Fort - Kurunegala,Intercity,1st Class,37,29,44,34,65.91
2024-11-26,Colombo Fort - Kurunegala,Intercity,2nd Class,225,185,270,225,68.52
2024-11-26,Colombo Fort - Kurunegala,Intercity,3rd Class,487,392,435,476,90.11
2024-11-26,Colombo Fort - Kurunegala,Slow/Local,1st Class,25,21,30,24,70.0
2024-11-26,Colombo Fort - Kurunegala,Slow/Local,2nd Class,150,122,180,150,67.78
2024-11-26,Colombo Fort - Kurunegala,Slow/Local,3rd Class,325,269,290,311,92.76
2024-11-26,Colombo Fort - Ratnapura,Night Mail,1st Class,32,28,38,30,73.68
2024-11-26,Colombo Fort - Ratnapura,Night Mail,2nd Class,195,168,234,182,71.79
2024-11-26,Colombo Fort - Ratnapura,Night Mail,3rd Class,422,372,377,393,98.67
2024-11-26,Colombo Fort - Trincomalee,Slow/Local,1st Class,25,20,30,23,66.67
2024-11-26,Colombo Fort - Trincomalee,Slow/Local,2nd Class,150,116,180,146,64.44
2024-11-26,Colombo Fort - Trincomalee,Slow/Local,3rd Class,325,264,290,307,91.03
2024-11-26,Colombo Fort - Vavuniya,Slow/Local,1st Class,25,21,30,22,70.0
2024-11-26,Colombo Fort - Vavuniya,Slow/Local,2nd Class,150,119,180,133,66.11
2024-11-26,Colombo Fort - Vavuniya,Slow/Local,3rd Class,325,263,290,308,90.69
2024-11-26,Maradana - Avissawella,Intercity,1st Class,37,29,44,22,65.91
2024-11-26,Maradana - Avissawella,Intercity,2nd Class,225,182,270,144,67.41
2024-11-26,Maradana - Avissawella,Intercity,3rd Class,487,381,435,380,87.59
2024-11-27,Colombo Fort - Anuradhapura,Intercity,1st Class,37,30,44,27,68.18
2024-11-27,Colombo Fort - Anuradhapura,Intercity,2nd Class,225,186,270,185,68.89
2024-11-27,Colombo Fort - Anuradhapura,Intercity,3rd Class,487,397,435,358,91.26
2024-11-27,Colombo Fort - Batticaloa,Intercity,1st Class,37,30,44,34,68.18
2024-11-27,Colombo Fort - Batticaloa,Intercity,2nd Class,225,186,270,187,68.89
2024-11-27,Colombo Fort - Batticaloa,Intercity,3rd Class,487,397,435,416,91.26
2024-11-27,Colombo Fort - Batticaloa,Slow/Local,1st Class,25,20,30,16,66.67
2024-11-27,Colombo Fort - Batticaloa,Slow/Local,2nd Class,150,120,180,103,66.67
2024-11-27,Colombo Fort - Batticaloa,Slow/Local,3rd Class,325,256,290,232,88.28
2024-11-27,Kandy - Badulla,Intercity,1st Class,37,29,44,36,65.91
2024-11-27,Kandy - Badulla,Intercity,2nd Class,225,181,270,219,67.04
2024-11-27,Kandy - Badulla,Intercity,3rd Class,487,377,435,487,86.67
2024-11-27,Maradana - Avissawella,Slow/Local,1st Class,25,21,30,24,70.0
2024-11-27,Maradana - Avissawella,Slow/Local,2nd Class,150,120,180,150,66.67
2024-11-27,Maradana - Avissawella,Slow/Local,3rd Class,325,268,290,310,92.41
2024-11-28,Colombo Fort - Badulla,Express,1st Class,45,36,54,44,66.67
2024-11-28,Colombo Fort - Badulla,Express,2nd Class,270,226,324,253,69.75
2024-11-28,Colombo Fort - Badulla,Express,3rd Class,585,470,522,538,90.04
2024-11-28,Colombo Fort - Galle,Slow/Local,1st Class,25,22,30,23,73.33
2024-11-28,Colombo Fort - Galle,Slow/Local,2nd Class,150,128,180,133,71.11
2024-11-28,Colombo Fort - Galle,Slow/Local,3rd Class,325,263,290,316,90.69
2024-11-28,Colombo Fort - Kandy,Express,1st Class,45,36,54,37,66.67
2024-11-28,Colombo Fort - Kandy,Express,2nd Class,270,223,324,230,68.83
2024-11-28,Colombo Fort - Kandy,Express,3rd Class,585,474,522,470,90.8
2024-11-28,Colombo Fort - Kandy,Slow/Local,1st Class,25,21,30,18,70.0
2024-11-28,Colombo Fort - Kandy,Slow/Local,2nd Class,150,121,180,107,67.22
2024-11-28,Colombo Fort - Kandy,Slow/Local,3rd Class,325,259,290,258,89.31
2024-11-28,Colombo Fort - Kurunegala,Express,1st Class,45,36,54,42,66.67
2024-11-28,Colombo Fort - Kurunegala,Express,2nd Class,270,225,324,237,69.44
2024-11-28,Colombo Fort - Kurunegala,Express,3rd Class,585,453,522,583,86.78
2024-11-28,Colombo Fort - Kurunegala,Slow/Local,1st Class,25,22,30,18,73.33
2024-11-28,Colombo Fort - Kurunegala,Slow/Local,2nd Class,150,127,180,112,70.56
2024-11-28,Colombo Fort - Kurunegala,Slow/Local,3rd Class,325,277,290,237,95.52
2024-11-28,Colombo Fort - Matara,Intercity,1st Class,37,29,44,29,65.91
2024-11-28,Colombo Fort - Matara,Intercity,2nd Class,225,185,270,192,68.52
2024-11-28,Colombo Fort - Matara,Intercity,3rd Class,487,390,435,419,89.66
2024-11-28,Colombo Fort - Matara,Slow/Local,1st Class,25,20,30,24,66.67
2024-11-28,Colombo Fort - Matara,Slow/Local,2nd Class,150,117,180,150,65.0
2024-11-28,Colombo Fort - Matara,Slow/Local,3rd Class,325,254,290,316,87.59
2024-11-28,Colombo Fort - Negombo,Slow/Local,1st Class,25,21,30,22,70.0
2024-11-28,Colombo Fort - Negombo,Slow/Local,2nd Class,150,121,180,118,67.22
2024-11-28,Colombo Fort - Negombo,Slow/Local,3rd Class,325,262,290,263,90.34
2024-11-28,Colombo Fort - Puttalam,Express,1st Class,45,36,54,45,66.67
2024-11-28,Colombo Fort - Puttalam,Express,2nd Class,270,216,324,260,66.67
2024-11-28,Colombo Fort - Puttalam,Express,3rd Class,585,475,522,563,91.0
2024-11-28,Colombo Fort - Trincomalee,Night Mail,1st Class,32,28,38,20,73.68
2024-11-28,Colombo Fort - Trincomalee,Night Mail,2nd Class,195,169,234,129,72.22
2024-11-28,Colombo Fort - Trincomalee,Night Mail,3rd Class,422,368,377,292,97.61
2024-11-28,Colombo Fort - Trincomalee,Slow/Local,1st Class,25,21,30,21,70.0
2024-11-28,Colombo Fort - Trincomalee,Slow/Local,2nd Class,150,118,180,134,65.56
2024-11-28,Colombo Fort - Trincomalee,Slow/Local,3rd Class,325,256,290,274,88.28
2024-11-28,Colombo Fort - Vavuniya,Slow/Local,1st Class,25,21,30,25,70.0
2024-11-28,Colombo Fort - Vavuniya,Slow/Local,2nd Class,150,121,180,144,67.22
2024-11-28,Colombo Fort - Vavuniya,Slow/Local,3rd Class,325,263,290,318,90.69
2024-11-28,Kandy - Badulla,Express,1st Class,45,36,54,42,66.67
2024-11-28,Kandy - Badulla,Express,2nd Class,270,219,324,255,67.59
2024-11-28,Kandy - Badulla,Express,3rd Class,585,458,522,541,87.74
2024-11-28,Kandy - Badulla,Night Mail,1st Class,32,28,38,21,73.68
2024-11-28,Kandy - Badulla,Night Mail,2nd Class,195,168,234,145,71.79
2024-11-28,Kandy - Badulla,Night Mail,3rd Class,422,367,377,288,97.35
2024-11-29,Colombo Fort - Anuradhapura,Slow/Local,1st Class,25,22,22,15,100.0
2024-11-29,Colombo Fort - Anuradhapura,Slow/Local,2nd Class,150,137,137,90,100.0
2024-11-29,Colombo Fort - Anuradhapura,Slow/Local,3rd Class,325,296,341,211,86.8
2024-11-29,Colombo Fort - Jaffna,Intercity,1st Class,37,35,35,31,100.0
2024-11-29,Colombo Fort - Jaffna,Intercity,2nd Class,225,205,205,185,100.0
2024-11-29,Colombo Fort - Jaffna,Intercity,3rd Class,487,443,509,397,87.03
2024-11-29,Colombo Fort - Jaffna,Night Mail,1st Class,32,29,29,29,100.0
2024-11-29,Colombo Fort - Jaffna,Night Mail,2nd Class,195,182,182,183,100.0
2024-11-29,Colombo Fort - Jaffna,Night Mail,3rd Class,422,386,438,380,88.13
2024-11-29,Colombo Fort - Kurunegala,Intercity,1st Class,37,35,35,32,100.0
2024-11-29,Colombo Fort - Kurunegala,Intercity,2nd Class,225,203,203,207,100.0
2024-11-29,Colombo Fort - Kurunegala,Intercity,3rd Class,487,445,511,415,87.08
2024-11-29,Colombo Fort - Kurunegala,Slow/Local,1st Class,25,21,30,24,70.0
2024-11-29,Colombo Fort - Kurunegala,Slow/Local,2nd Class,150,134,180,150,74.44
2024-11-29,Colombo Fort - Kurunegala,Slow/Local,3rd Class,325,285,290,304,98.28
2024-11-29,Colombo Fort - Negombo,Intercity,1st Class,37,34,34,33,100.0
2024-11-29,Colombo Fort - Negombo,Intercity,2nd Class,225,201,201,216,100.0
2024-11-29,Colombo Fort - Negombo,Intercity,3rd Class,487,444,514,432,86.38
2024-11-29,Colombo Fort - Puttalam,Express,1st Class,45,43,43,45,100.0
2024-11-29,Colombo Fort - Puttalam,Express,2nd Class,270,248,248,270,100.0
2024-11-29,Colombo Fort - Puttalam,Express,3rd Class,585,526,609,585,86.37
2024-11-29,Colombo Fort - Puttalam,Night Mail,1st Class,32,29,29,29,100.0
2024-11-29,Colombo Fort - Puttalam,Night Mail,2nd Class,195,183,183,189,100.0
2024-11-29,Colombo Fort - Puttalam,Night Mail,3rd Class,422,391,437,331,89.47
2024-11-29,Colombo Fort - Ratnapura,Slow/Local,1st Class,25,22,30,22,73.33
2024-11-29,Colombo Fort - Ratnapura,Slow/Local,2nd Class,150,136,180,125,75.56
2024-11-29,Colombo Fort - Ratnapura,Slow/Local,3rd Class,325,286,290,256,98.62
2024-11-29,Colombo Fort - Vavuniya,Express,1st Class,45,42,54,36,77.78
2024-11-29,Colombo Fort - Vavuniya,Express,2nd Class,270,245,324,225,75.62
2024-11-29,Colombo Fort - Vavuniya,Express,3rd Class,585,515,522,437,98.66
2024-11-29,Kandy - Badulla,Intercity,1st Class,37,35,35,34,100.0
2024-11-29,Kandy - Badulla,Intercity,2nd Class,225,207,207,215,100.0
2024-11-29,Kandy - Badulla,Intercity,3rd Class,487,442,507,449,87.18
2024-11-30,Colombo Fort - Anuradhapura,Express,1st Class,45,43,43,45,100.0
2024-11-30,Colombo Fort - Anuradhapura,Express,2nd Class,270,234,234,259,100.0
2024-11-30,Colombo Fort - Anuradhapura,Express,3rd Class,585,536,623,578,86.04
2024-11-30,Colombo Fort - Batticaloa,Express,1st Class,45,42,42,43,100.0
2024-11-30,Colombo Fort - Batticaloa,Express,2nd Class,270,244,244,270,100.0
2024-11-30,Colombo Fort - Batticaloa,Express,3rd Class,585,537,614,560,87.46
2024-11-30,Colombo Fort - Batticaloa,Intercity,1st Class,37,34,34,37,100.0
2024-11-30,Colombo Fort - Batticaloa,Intercity,2nd Class,225,207,207,225,100.0
2024-11-30,Colombo Fort - Batticaloa,Intercity,3rd Class,487,455,508,466,89.57
2024-11-30,Colombo Fort - Batticaloa,Slow/Local,1st Class,25,22,22,25,100.0
2024-11-30,Colombo Fort - Batticaloa,Slow/Local,2nd Class,150,136,136,143,100.0
2024-11-30,Colombo Fort - Batticaloa,Slow/Local,3rd Class,325,294,342,325,85.96
2024-11-30,Colombo Fort - Galle,Express,1st Class,45,42,54,45,77.78
2024-11-30,Colombo Fort - Galle,Express,2nd Class,270,237,324,270,73.15
2024-11-30,Colombo Fort - Galle,Express,3rd Class,585,492,522,556,94.25
2024-11-30,Colombo Fort - Jaffna,Express,1st Class,45,43,43,45,100.0
2024-11-30,Colombo Fort - Jaffna,Express,2nd Class,270,240,240,270,100.0
2024-11-30,Colombo Fort - Jaffna,Express,3rd Class,585,527,617,585,85.41
2024-11-30,Colombo Fort - Jaffna,Intercity,1st Class,37,35,35,37,100.0
2024-11-30,Colombo Fort - Jaffna,Intercity,2nd Class,225,206,206,225,100.0
2024-11-30,Colombo Fort - Jaffna,Intercity,3rd Class,487,446,508,480,87.8
2024-11-30,Colombo Fort - Kandy,Express,1st Class,45,43,43,42,100.0
2024-11-30,Colombo Fort - Kandy,Express,2nd Class,270,248,248,259,100.0
2024-11-30,Colombo Fort - Kandy,Express,3rd Class,585,540,609,559,88.67
2024-11-30,Colombo Fort - Kandy,Slow/Local,1st Class,25,22,22,21,100.0
2024-11-30,Colombo Fort - Kandy,Slow/Local,2nd Class,150,136,136,124,100.0
2024-11-30,Colombo Fort - Kandy,Slow/Local,3rd Class,325,292,342,281,85.38
2024-11-30,Colombo Fort - Kurunegala,Express,1st Class,45,42,54,44,77.78
2024-11-30,Colombo Fort - Kurunegala,Express,2nd Class,270,241,324,270,74.38
2024-11-30,Colombo Fort - Kurunegala,Express,3rd Class,585,494,522,546,94.64
2024-11-30,Colombo Fort - Kurunegala,Slow/Local,1st Class,25,22,22,25,100.0
2024-11-30,Colombo Fort - Kurunegala,Slow/Local,2nd Class,150,137,137,150,100.0
2024-11-30,Colombo Fort - Kurunegala,Slow/Local,3rd Class,325,296,341,314,86.8
2024-11-30,Colombo Fort - Matara,Intercity,1st Class,37,35,35,27,100.0
2024-11-30,Colombo Fort - Matara,Intercity,2nd Class,225,209,209,177,100.0
2024-11-30,Colombo Fort - Matara,Intercity,3rd Class,487,452,505,328,89.5
2024-11-30,Colombo Fort - Ratnapura,Slow/Local,1st Class,25,22,30,22,73.33
2024-11-30,Colombo Fort - Ratnapura,Slow/Local,2nd Class,150,136,180,150,75.56
2024-11-30,Colombo Fort - Ratnapura,Slow/Local,3rd Class,325,290,290,311,100.0
2024-11-30,Colombo Fort - Trincomalee,Slow/Local,1st Class,25,22,22,23,100.0
2024-11-30,Colombo Fort - Trincomalee,Slow/Local,2nd Class,150,137,137,137,100.0
2024-11-30,Colombo Fort - Trincomalee,Slow/Local,3rd Class,325,295,341,281,86.51
2024-11-30,Colombo Fort - Vavuniya,Intercity,1st Class,37,35,35,29,100.0
2024-11-30,Colombo Fort - Vavuniya,Intercity,2nd Class,225,206,206,189,100.0
2024-11-30,Colombo Fort - Vavuniya,Intercity,3rd Class,487,446,508,385,87.8
2024-11-30,Colombo Fort - Vavuniya,Night Mail,1st Class,32,29,29,27,100.0
2024-11-30,Colombo Fort - Vavuniya,Night Mail,2nd Class,195,184,184,176,100.0
2024-11-30,Colombo Fort - Vavuniya,Night Mail,3rd Class,422,389,436,388,89.22
2024-12-01,Colombo Fort - Badulla,Express,1st Class,45,43,43,45,100.0
2024-12-01,Colombo Fort - Badulla,Express,2nd Class,270,261,261,270,100.0
2024-12-01,Colombo Fort - Badulla,Express,3rd Class,585,557,596,585,93.46
2024-12-01,Colombo Fort - Badulla,Intercity,1st Class,37,34,34,28,100.0
2024-12-01,Colombo Fort - Badulla,Intercity,2nd Class,225,212,212,178,100.0
2024-12-01,Colombo Fort - Badulla,Intercity,3rd Class,487,447,503,363,88.87
2024-12-01,Colombo Fort - Galle,Slow/Local,1st Class,25,21,30,25,70.0
2024-12-01,Colombo Fort - Galle,Slow/Local,2nd Class,150,147,180,150,81.67
2024-12-01,Colombo Fort - Galle,Slow/Local,3rd Class,325,290,290,309,100.0
2024-12-01,Colombo Fort - Negombo,Slow/Local,1st Class,25,21,30,25,70.0
2024-12-01,Colombo Fort - Negombo,Slow/Local,2nd Class,150,134,180,145,74.44
2024-12-01,Colombo Fort - Negombo,Slow/Local,3rd Class,325,282,290,325,97.24
2024-12-01,Colombo Fort - Trincomalee,Intercity,1st Class,37,34,34,37,100.0
2024-12-01,Colombo Fort - Trincomalee,Intercity,2nd Class,225,210,210,225,100.0
2024-12-01,Colombo Fort - Trincomalee,Intercity,3rd Class,487,441,505,487,87.33
2024-12-01,Kandy - Badulla,Slow/Local,1st Class,25,23,30,23,76.67
2024-12-01,Kandy - Badulla,Slow/Local,2nd Class,150,134,180,136,74.44
2024-12-01,Kandy - Badulla,Slow/Local,3rd Class,325,290,290,286,100.0
2024-12-02,Colombo Fort - Anuradhapura,Slow/Local,1st Class,25,23,23,25,100.0
2024-12-02,Colombo Fort - Anuradhapura,Slow/Local,2nd Class,150,132,132,147,100.0
2024-12-02,Colombo Fort - Anuradhapura,Slow/Local,3rd Class,325,292,345,315,84.64
2024-12-02,Colombo Fort - Batticaloa,Slow/Local,1st Class,25,22,22,25,100.0
2024-12-02,Colombo Fort - Batticaloa,Slow/Local,2nd Class,150,137,137,150,100.0
2024-12-02,Colombo Fort - Batticaloa,Slow/Local,3rd Class,325,303,341,305,88.86
2024-12-02,Colombo Fort - Jaffna,Express,1st Class,45,43,43,40,100.0
2024-12-02,Colombo Fort - Jaffna,Express,2nd Class,270,256,256,256,100.0
2024-12-02,Colombo Fort - Jaffna,Express,3rd Class,585,525,601,505,87.35
2024-12-02,Colombo Fort - Jaffna,Intercity,1st Class,37,33,44,34,75.0
2024-12-02,Colombo Fort - Jaffna,Intercity,2nd Class,225,204,270,217,75.56
2024-12-02,Colombo Fort - Jaffna,Intercity,3rd Class,487,401,435,487,92.18
2024-12-02,Colombo Fort - Jaffna,Slow/Local,1st Class,25,22,22,22,100.0
2024-12-02,Colombo Fort - Jaffna,Slow/Local,2nd Class,150,135,135,123,100.0
2024-12-02,Colombo Fort - Jaffna,Slow/Local,3rd Class,325,304,343,278,88.63
2024-12-02,Colombo Fort - Kandy,Intercity,1st Class,37,33,44,37,75.0
2024-12-02,Colombo Fort - Kandy,Intercity,2nd Class,225,200,270,210,74.07
2024-12-02,Colombo Fort - Kandy,Intercity,3rd Class,487,435,435,484,100.0
2024-12-02,Colombo Fort - Kandy,Slow/Local,1st Class,25,22,22,22,100.0
2024-12-02,Colombo Fort - Kandy,Slow/Local,2nd Class,150,136,136,150,100.0
2024-12-02,Colombo Fort - Kandy,Slow/Local,3rd Class,325,300,342,313,87.72
2024-12-02,Colombo Fort - Matara,Intercity,1st Class,37,33,44,37,75.0
2024-12-02,Colombo Fort - Matara,Intercity,2nd Class,225,200,270,219,74.07
2024-12-02,Colombo Fort - Matara,Intercity,3rd Class,487,426,435,487,97.93
2024-12-02,Colombo Fort - Matara,Slow/Local,1st Class,25,22,22,24,100.0
2024-12-02,Colombo Fort - Matara,Slow/Local,2nd Class,150,136,136,132,100.0
2024-12-02,Colombo Fort - Matara,Slow/Local,3rd Class,325,299,342,299,87.43
2024-12-02,Colombo Fort - Puttalam,Slow/Local,1st Class,25,22,22,23,100.0
2024-12-02,Colombo Fort - Puttalam,Slow/Local,2nd Class,150,133,133,137,100.0
2024-12-02,Colombo Fort - Puttalam,Slow/Local,3rd Class,325,300,345,308,86.96
2024-12-02,Colombo Fort - Ratnapura,Night Mail,1st Class,32,31,31,31,100.0
2024-12-02,Colombo Fort - Ratnapura,Night Mail,2nd Class,195,181,181,180,100.0
2024-12-02,Colombo Fort - Ratnapura,Night Mail,3rd Class,422,396,437,381,90.62
2024-12-02,Colombo Fort - Trincomalee,Slow/Local,1st Class,25,22,30,24,73.33
2024-12-02,Colombo Fort - Trincomalee,Slow/Local,2nd Class,150,133,180,135,73.89
2024-12-02,Colombo Fort - Trincomalee,Slow/Local,3rd Class,325,290,290,325,100.0
2024-12-02,Colombo Fort - Vavuniya,Express,1st Class,45,42,42,44,100.0
2024-12-02,Colombo Fort - Vavuniya,Express,2nd Class,270,251,251,270,100.0
2024-12-02,Colombo Fort - Vavuniya,Express,3rd Class,585,531,607,585,87.48
2024-12-02,Colombo Fort - Vavuniya,Slow/Local,1st Class,25,22,22,24,100.0
2024-12-02,Colombo Fort - Vavuniya,Slow/Local,2nd Class,150,136,136,150,100.0
2024-12-02,Colombo Fort - Vavuniya,Slow/Local,3rd Class,325,306,342,289,89.47
2024-12-02,Kandy - Badulla,Slow/Local,1st Class,25,22,22,25,100.0
2024-12-02,Kandy - Badulla,Slow/Local,2nd Class,150,135,135,150,100.0
2024-12-02,Kandy - Badulla,Slow/Local,3rd Class,325,293,343,325,85.42
2024-12-02,Maradana - Avissawella,Slow/Local,1st Class,25,22,22,25,100.0
2024-12-02,Maradana - Avissawella,Slow/Local,2nd Class,150,137,137,150,100.0
2024-12-02,Maradana - Avissawella,Slow/Local,3rd Class,325,301,341,325,88.27
2024-12-03,Colombo Fort - Badulla,Intercity,1st Class,37,33,44,37,75.0
2024-12-03,Colombo Fort - Badulla,Intercity,2nd Class,225,202,270,215,74.81
2024-12-03,Colombo Fort - Badulla,Intercity,3rd Class,487,430,435,487,98.85
2024-12-03,Colombo Fort - Galle,Express,1st Class,45,42,54,36,77.78
2024-12-03,Colombo Fort - Galle,Express,2nd Class,270,249,324,247,76.85
2024-12-03,Colombo Fort - Galle,Express,3rd Class,585,517,522,470,99.04
2024-12-03,Colombo Fort - Ratnapura,Slow/Local,1st Class,25,22,30,24,73.33
2024-12-03,Colombo Fort - Ratnapura,Slow/Local,2nd Class,150,135,180,148,75.0
2024-12-03,Colombo Fort - Ratnapura,Slow/Local,3rd Class,325,290,290,322,100.0
2024-12-03,Colombo Fort - Vavuniya,Express,1st Class,45,43,43,45,100.0
2024-12-03,Colombo Fort - Vavuniya,Express,2nd Class,270,247,247,270,100.0
2024-12-03,Colombo Fort - Vavuniya,Express,3rd Class,585,534,610,565,87.54
2024-12-03,Kandy - Badulla,Express,1st Class,45,42,42,44,100.0
2024-12-03,Kandy - Badulla,Express,2nd Class,270,250,250,251,100.0
2024-12-03,Kandy - Badulla,Express,3rd Class,585,535,608,585,87.99
2024-12-03,Kandy - Badulla,Night Mail,1st Class,32,27,38,31,71.05
2024-12-03,Kandy - Badulla,Night Mail,2nd Class,195,173,234,195,73.93
2024-12-03,Kandy - Badulla,Night Mail,3rd Class,422,353,377,402,93.63
2024-12-03,Maradana - Avissawella,Slow/Local,1st Class,25,22,22,25,100.0
2024-12-03,Maradana - Avissawella,Slow/Local,2nd Class,150,135,135,150,100.0
2024-12-03,Maradana - Avissawella,Slow/Local,3rd Class,325,302,343,325,88.05
2024-12-04,Colombo Fort - Batticaloa,Slow/Local,1st Class,25,22,22,25,100.0
2024-12-04,Colombo Fort - Batticaloa,Slow/Local,2nd Class,150,136,136,139,100.0
2024-12-04,Colombo Fort - Batticaloa,Slow/Local,3rd Class,325,302,342,312,88.3
2024-12-04,Colombo Fort - Galle,Slow/Local,1st Class,25,24,24,24,100.0
2024-12-04,Colombo Fort - Galle,Slow/Local,2nd Class,150,154,154,143,100.0
2024-12-04,Colombo Fort - Galle,Slow/Local,3rd Class,325,319,322,313,99.07
2024-12-04,Colombo Fort - Kurunegala,Slow/Local,1st Class,25,22,22,19,100.0
2024-12-04,Colombo Fort - Kurunegala,Slow/Local,2nd Class,150,136,136,110,100.0
2024-12-04,Colombo Fort - Kurunegala,Slow/Local,3rd Class,325,299,342,239,87.43
2024-12-04,Colombo Fort - Matara,Intercity,1st Class,37,33,44,37,75.0
2024-12-04,Colombo Fort - Matara,Intercity,2nd Class,225,199,270,225,73.7
2024-12-04,Colombo Fort - Matara,Intercity,3rd Class,487,417,435,463,95.86
2024-12-05,Colombo Fort - Batticaloa,Night Mail,1st Class,32,28,38,30,73.68
2024-12-05,Colombo Fort - Batticaloa,Night Mail,2nd Class,195,174,234,185,74.36
2024-12-05,Colombo Fort - Batticaloa,Night Mail,3rd Class,422,358,377,414,94.96
2024-12-05,Colombo Fort - Jaffna,Express,1st Class,45,42,42,42,100.0
2024-12-05,Colombo Fort - Jaffna,Express,2nd Class,270,249,249,270,100.0
2024-12-05,Colombo Fort - Jaffna,Express,3rd Class,585,535,609,585,87.85
2024-12-05,Colombo Fort - Jaffna,Slow/Local,1st Class,25,22,22,25,100.0
2024-12-05,Colombo Fort - Jaffna,Slow/Local,2nd Class,150,135,135,143,100.0
2024-12-05,Colombo Fort - Jaffna,Slow/Local,3rd Class,325,303,343,305,88.34
2024-12-05,Colombo Fort - Kandy,Express,1st Class,45,43,54,38,79.63
2024-12-05,Colombo Fort - Kandy,Express,2nd Class,270,244,324,226,75.31
2024-12-05,Colombo Fort - Kandy,Express,3rd Class,585,517,522,480,99.04
2024-12-05,Colombo Fort - Kandy,Intercity,1st Class,37,33,44,37,75.0
2024-12-05,Colombo Fort - Kandy,Intercity,2nd Class,225,205,270,225,75.93
2024-12-05,Colombo Fort - Kandy,Intercity,3rd Class,487,417,435,479,95.86
2024-12-05,Colombo Fort - Kandy,Slow/Local,1st Class,25,22,22,23,100.0
2024-12-05,Colombo Fort - Kandy,Slow/Local,2nd Class,150,136,136,128,100.0
2024-12-05,Colombo Fort - Kandy,Slow/Local,3rd Class,325,303,342,303,88.6
2024-12-05,Colombo Fort - Kurunegala,Slow/Local,1st Class,25,22,22,19,100.0
2024-12-05,Colombo Fort - Kurunegala,Slow/Local,2nd Class,150,134,134,115,100.0
2024-12-05,Colombo Fort - Kurunegala,Slow/Local,3rd Class,325,300,344,274,87.21
2024-12-05,Colombo Fort - Puttalam,Express,1st Class,45,42,54,44,77.78
2024-12-05,Colombo Fort - Puttalam,Express,2nd Class,270,253,324,263,78.09
2024-12-05,Colombo Fort - Puttalam,Express,3rd Class,585,518,522,585,99.23
2024-12-05,Colombo Fort - Puttalam,Night Mail,1st Class,32,29,38,31,76.32
2024-12-05,Colombo Fort - Puttalam,Night Mail,2nd Class,195,178,234,167,76.07
2024-12-05,Colombo Fort - Puttalam,Night Mail,3rd Class,422,364,377,387,96.55
2024-12-05,Colombo Fort - Trincomalee,Intercity,1st Class,37,34,44,37,77.27
2024-12-05,Colombo Fort - Trincomalee,Intercity,2nd Class,225,202,270,225,74.81
2024-12-05,Colombo Fort - Trincomalee,Intercity,3rd Class,487,421,435,470,96.78
2024-12-05,Colombo Fort - Vavuniya,Intercity,1st Class,37,34,44,37,77.27
2024-12-05,Colombo Fort - Vavuniya,Intercity,2nd Class,225,198,270,225,73.33
2024-12-05,Colombo Fort - Vavuniya,Intercity,3rd Class,487,435,435,487,100.0
2024-12-05,Kandy - Badulla,Slow/Local,1st Class,25,22,22,25,100.0
2024-12-05,Kandy - Badulla,Slow/Local,2nd Class,150,135,135,145,100.0
2024-12-05,Kandy - Badulla,Slow/Local,3rd Class,325,297,343,325,86.59
2024-12-06,Colombo Fort - Anuradhapura,Night Mail,1st Class,32,30,30,32,100.0
2024-12-06,Colombo Fort - Anuradhapura,Night Mail,2nd Class,195,179,179,195,100.0
2024-12-06,Colombo Fort - Anuradhapura,Night Mail,3rd Class,422,386,440,419,87.73
2024-12-06,Colombo Fort - Badulla,Slow/Local,1st Class,25,23,23,20,100.0
2024-12-06,Colombo Fort - Badulla,Slow/Local,2nd Class,150,140,140,127,100.0
2024-12-06,Colombo Fort - Badulla,Slow/Local,3rd Class,325,303,337,266,89.91
2024-12-06,Colombo Fort - Batticaloa,Night Mail,1st Class,32,29,29,32,100.0
2024-12-06,Colombo Fort - Batticaloa,Night Mail,2nd Class,195,182,182,180,100.0
2024-12-06,Colombo Fort - Batticaloa,Night Mail,3rd Class,422,390,438,422,89.04
2024-12-06,Colombo Fort - Galle,Express,1st Class,45,42,42,40,100.0
2024-12-06,Colombo Fort - Galle,Express,2nd Class,270,259,259,240,100.0
2024-12-06,Colombo Fort - Galle,Express,3rd Class,585,533,599,543,88.98
2024-12-06,Colombo Fort - Jaffna,Night Mail,1st Class,32,30,30,32,100.0
2024-12-06,Colombo Fort - Jaffna,Night Mail,2nd Class,195,179,179,195,100.0
2024-12-06,Colombo Fort - Jaffna,Night Mail,3rd Class,422,389,440,405,88.41
2024-12-06,Colombo Fort - Kandy,Express,1st Class,45,43,43,45,100.0
2024-12-06,Colombo Fort - Kandy,Express,2nd Class,270,251,251,262,100.0
2024-12-06,Colombo Fort - Kandy,Express,3rd Class,585,555,606,585,91.58
2024-12-06,Colombo Fort - Kandy,Slow/Local,1st Class,25,23,23,22,100.0
2024-12-06,Colombo Fort - Kandy,Slow/Local,2nd Class,150,139,139,135,100.0
2024-12-06,Colombo Fort - Kandy,Slow/Local,3rd Class,325,297,338,279,87.87
2024-12-06,Colombo Fort - Trincomalee,Express,1st Class,45,42,42,36,100.0
2024-12-06,Colombo Fort - Trincomalee,Express,2nd Class,270,248,248,213,100.0
2024-12-06,Colombo Fort - Trincomalee,Express,3rd Class,585,539,610,466,88.36
2024-12-06,Colombo Fort - Trincomalee,Night Mail,1st Class,32,29,29,32,100.0
2024-12-06,Colombo Fort - Trincomalee,Night Mail,2nd Class,195,192,192,189,100.0
2024-12-06,Colombo Fort - Trincomalee,Night Mail,3rd Class,422,386,428,419,90.19
2024-12-06,Colombo Fort - Trincomalee,Slow/Local,1st Class,25,23,23,21,100.0
2024-12-06,Colombo Fort - Trincomalee,Slow/Local,2nd Class,150,140,140,122,100.0
2024-12-06,Colombo Fort - Trincomalee,Slow/Local,3rd Class,325,300,337,256,89.02
2024-12-06,Maradana - Avissawella,Intercity,1st Class,37,35,35,36,100.0
2024-12-06,Maradana - Avissawella,Intercity,2nd Class,225,210,210,225,100.0
2024-12-06,Maradana - Avissawella,Intercity,3rd Class,487,458,504,487,90.87
2024-12-07,Colombo Fort - Galle,Express,1st Class,45,43,43,44,100.0
2024-12-07,Colombo Fort - Galle,Express,2nd Class,270,258,258,257,100.0
2024-12-07,Colombo Fort - Galle,Express,3rd Class,585,531,599,571,88.65
2024-12-07,Colombo Fort - Jaffna,Intercity,1st Class,37,36,36,37,100.0
2024-12-07,Colombo Fort - Jaffna,Intercity,2nd Class,225,217,217,224,100.0
2024-12-07,Colombo Fort - Jaffna,Intercity,3rd Class,487,464,496,487,93.55
2024-12-07,Colombo Fort - Matara,Intercity,1st Class,37,36,36,28,100.0
2024-12-07,Colombo Fort - Matara,Intercity,2nd Class,225,217,217,177,100.0
2024-12-07,Colombo Fort - Matara,Intercity,3rd Class,487,472,496,398,95.16
2024-12-07,Colombo Fort - Puttalam,Slow/Local,1st Class,25,23,23,25,100.0
2024-12-07,Colombo Fort - Puttalam,Slow/Local,2nd Class,150,140,140,150,100.0
2024-12-07,Colombo Fort - Puttalam,Slow/Local,3rd Class,325,298,337,325,88.43
2024-12-07,Colombo Fort - Ratnapura,Slow/Local,1st Class,25,23,23,21,100.0
2024-12-07,Colombo Fort - Ratnapura,Slow/Local,2nd Class,150,140,140,125,100.0
2024-12-07,Colombo Fort - Ratnapura,Slow/Local,3rd Class,325,301,337,279,89.32
2024-12-07,Colombo Fort - Trincomalee,Express,1st Class,45,42,42,45,100.0
2024-12-07,Colombo Fort - Trincomalee,Express,2nd Class,270,248,248,270,100.0
2024-12-07,Colombo Fort - Trincomalee,Express,3rd Class,585,534,610,585,87.54
2024-12-08,Colombo Fort - Batticaloa,Intercity,1st Class,37,36,36,36,100.0
2024-12-08,Colombo Fort - Batticaloa,Intercity,2nd Class,225,214,214,225,100.0
2024-12-08,Colombo Fort - Batticaloa,Intercity,3rd Class,487,457,499,476,91.58
2024-12-08,Colombo Fort - Batticaloa,Slow/Local,1st Class,25,23,23,22,100.0
2024-12-08,Colombo Fort - Batticaloa,Slow/Local,2nd Class,150,140,140,150,100.0
2024-12-08,Colombo Fort - Batticaloa,Slow/Local,3rd Class,325,306,337,311,90.8
2024-12-08,Colombo Fort - Galle,Intercity,1st Class,37,36,36,37,100.0
2024-12-08,Colombo Fort - Galle,Intercity,2nd Class,225,216,216,216,100.0
2024-12-08,Colombo Fort - Galle,Intercity,3rd Class,487,458,497,461,92.15
2024-12-08,Colombo Fort - Kandy,Intercity,1st Class,37,36,36,33,100.0
2024-12-08,Colombo Fort - Kandy,Intercity,2nd Class,225,217,217,196,100.0
2024-12-08,Colombo Fort - Kandy,Intercity,3rd Class,487,455,496,412,91.73
2024-12-08,Colombo Fort - Matara,Intercity,1st Class,37,35,35,36,100.0
2024-12-08,Colombo Fort - Matara,Intercity,2nd Class,225,214,214,225,100.0
2024-12-08,Colombo Fort - Matara,Intercity,3rd Class,487,473,500,468,94.6
2024-12-08,Colombo Fort - Negombo,Intercity,1st Class,37,35,35,37,100.0
2024-12-08,Colombo Fort - Negombo,Intercity,2nd Class,225,217,217,225,100.0
2024-12-08,Colombo Fort - Negombo,Intercity,3rd Class,487,472,497,484,94.97
2024-12-08,Colombo Fort - Puttalam,Intercity,1st Class,37,35,35,36,100.0
2024-12-08,Colombo Fort - Puttalam,Intercity,2nd Class,225,213,213,215,100.0
2024-12-08,Colombo Fort - Puttalam,Intercity,3rd Class,487,466,501,472,93.01
2024-12-08,Colombo Fort - Trincomalee,Intercity,1st Class,37,36,36,36,100.0
2024-12-08,Colombo Fort - Trincomalee,Intercity,2nd Class,225,217,217,225,100.0
2024-12-08,Colombo Fort - Trincomalee,Intercity,3rd Class,487,446,496,476,89.92
2024-12-08,Colombo Fort - Trincomalee,Slow/Local,1st Class,25,23,23,24,100.0
2024-12-08,Colombo Fort - Trincomalee,Slow/Local,2nd Class,150,139,139,146,100.0
2024-12-08,Colombo Fort - Trincomalee,Slow/Local,3rd Class,325,305,338,311,90.24
2024-12-09,Colombo Fort - Kurunegala,Intercity,1st Class,37,34,34,36,100.0
2024-12-09,Colombo Fort - Kurunegala,Intercity,2nd Class,225,203,203,225,100.0
2024-12-09,Colombo Fort - Kurunegala,Intercity,3rd Class,487,444,512,487,86.72
2024-12-09,Colombo Fort - Kurunegala,Slow/Local,1st Class,25,22,22,22,100.0
2024-12-09,Colombo Fort - Kurunegala,Slow/Local,2nd Class,150,135,135,136,100.0
2024-12-09,Colombo Fort - Kurunegala,Slow/Local,3rd Class,325,292,343,275,85.13
2024-12-09,Colombo Fort - Negombo,Express,1st Class,45,42,42,37,100.0
2024-12-09,Colombo Fort - Negombo,Express,2nd Class,270,249,249,245,100.0
2024-12-09,Colombo Fort - Negombo,Express,3rd Class,585,534,609,523,87.68
2024-12-09,Colombo Fort - Puttalam,Slow/Local,1st Class,25,22,22,22,100.0
2024-12-09,Colombo Fort - Puttalam,Slow/Local,2nd Class,150,133,133,130,100.0
2024-12-09,Colombo Fort - Puttalam,Slow/Local,3rd Class,325,303,345,284,87.83
2024-12-09,Colombo Fort - Trincomalee,Night Mail,1st Class,32,29,29,26,100.0
2024-12-09,Colombo Fort - Trincomalee,Night Mail,2nd Class,195,176,176,162,100.0
2024-12-09,Colombo Fort - Trincomalee,Night Mail,3rd Class,422,383,444,324,86.26
2024-12-09,Colombo Fort - Vavuniya,Slow/Local,1st Class,25,22,22,20,100.0
2024-12-09,Colombo Fort - Vavuniya,Slow/Local,2nd Class,150,137,137,139,100.0
2024-12-09,Colombo Fort - Vavuniya,Slow/Local,3rd Class,325,301,341,319,88.27
2024-12-09,Maradana - Avissawella,Night Mail,1st Class,32,28,28,31,100.0
2024-12-09,Maradana - Avissawella,Night Mail,2nd Class,195,172,172,182,100.0
2024-12-09,Maradana - Avissawella,Night Mail,3rd Class,422,380,449,399,84.63
2024-12-10,Colombo Fort - Badulla,Intercity,1st Class,37,34,44,37,77.27
2024-12-10,Colombo Fort - Badulla,Intercity,2nd Class,225,203,270,225,75.19
2024-12-10,Colombo Fort - Badulla,Intercity,3rd Class,487,426,435,476,97.93
2024-12-10,Colombo Fort - Batticaloa,Intercity,1st Class,37,34,44,35,77.27
2024-12-10,Colombo Fort - Batticaloa,Intercity,2nd Class,225,203,270,225,75.19
2024-12-10,Colombo Fort - Batticaloa,Intercity,3rd Class,487,418,435,487,96.09
2024-12-10,Colombo Fort - Matara,Express,1st Class,45,41,54,45,75.93
2024-12-10,Colombo Fort - Matara,Express,2nd Class,270,246,324,270,75.93
2024-12-10,Colombo Fort - Matara,Express,3rd Class,585,502,522,537,96.17
2024-12-10,Colombo Fort - Matara,Intercity,1st Class,37,34,44,34,77.27
2024-12-10,Colombo Fort - Matara,Intercity,2nd Class,225,204,270,203,75.56
2024-12-10,Colombo Fort - Matara,Intercity,3rd Class,487,432,435,411,99.31
2024-12-10,Colombo Fort - Trincomalee,Intercity,1st Class,37,34,44,37,77.27
2024-12-10,Colombo Fort - Trincomalee,Intercity,2nd Class,225,204,270,224,75.56
2024-12-10,Colombo Fort - Trincomalee,Intercity,3rd Class,487,432,435,459,99.31
2024-12-10,Kandy - Badulla,Intercity,1st Class,37,34,44,35,77.27
2024-12-10,Kandy - Badulla,Intercity,2nd Class,225,199,270,224,73.7
2024-12-10,Kandy - Badulla,Intercity,3rd Class,487,410,435,460,94.25
2024-12-11,Colombo Fort - Batticaloa,Slow/Local,1st Class,25,22,22,18,100.0
2024-12-11,Colombo Fort - Batticaloa,Slow/Local,2nd Class,150,137,137,126,100.0
2024-12-11,Colombo Fort - Batticaloa,Slow/Local,3rd Class,325,302,341,245,88.56
2024-12-11,Colombo Fort - Galle,Intercity,1st Class,37,34,44,37,77.27
2024-12-11,Colombo Fort - Galle,Intercity,2nd Class,225,203,270,225,75.19
2024-12-11,Colombo Fort - Galle,Intercity,3rd Class,487,423,435,487,97.24
2024-12-11,Colombo Fort - Galle,Night Mail,1st Class,32,27,38,32,71.05
2024-12-11,Colombo Fort - Galle,Night Mail,2nd Class,195,178,234,194,76.07
2024-12-11,Colombo Fort - Galle,Night Mail,3rd Class,422,368,377,403,97.61
2024-12-11,Colombo Fort - Jaffna,Express,1st Class,45,42,42,44,100.0
2024-12-11,Colombo Fort - Jaffna,Express,2nd Class,270,250,250,257,100.0
2024-12-11,Colombo Fort - Jaffna,Express,3rd Class,585,535,608,563,87.99
2024-12-11,Colombo Fort - Kurunegala,Slow/Local,1st Class,25,22,22,25,100.0
2024-12-11,Colombo Fort - Kurunegala,Slow/Local,2nd Class,150,136,136,150,100.0
2024-12-11,Colombo Fort - Kurunegala,Slow/Local,3rd Class,325,315,342,320,92.11
2024-12-11,Colombo Fort - Matara,Slow/Local,1st Class,25,22,22,22,100.0
2024-12-11,Colombo Fort - Matara,Slow/Local,2nd Class,150,133,133,132,100.0
2024-12-11,Colombo Fort - Matara,Slow/Local,3rd Class,325,295,345,277,85.51
2024-12-11,Colombo Fort - Puttalam,Express,1st Class,45,41,41,45,100.0
2024-12-11,Colombo Fort - Puttalam,Express,2nd Class,270,252,252,265,100.0
2024-12-11,Colombo Fort - Puttalam,Express,3rd Class,585,542,607,585,89.29
2024-12-11,Colombo Fort - Trincomalee,Slow/Local,1st Class,25,22,22,24,100.0
2024-12-11,Colombo Fort - Trincomalee,Slow/Local,2nd Class,150,133,133,145,100.0
2024-12-11,Colombo Fort - Trincomalee,Slow/Local,3rd Class,325,296,345,325,85.8
2024-12-11,Colombo Fort - Vavuniya,Express,1st Class,45,42,42,41,100.0
2024-12-11,Colombo Fort - Vavuniya,Express,2nd Class,270,246,246,270,100.0
2024-12-11,Colombo Fort - Vavuniya,Express,3rd Class,585,540,612,525,88.24
2024-12-11,Colombo Fort - Vavuniya,Intercity,1st Class,37,34,44,31,77.27
2024-12-11,Colombo Fort - Vavuniya,Intercity,2nd Class,225,203,270,181,75.19
2024-12-11,Colombo Fort - Vavuniya,Intercity,3rd Class,487,420,435,388,96.55
2024-12-12,Colombo Fort - Badulla,Intercity,1st Class,37,34,44,34,77.27
2024-12-12,Colombo Fort - Badulla,Intercity,2nd Class,225,205,270,194,75.93
2024-12-12,Colombo Fort - Badulla,Intercity,3rd Class,487,434,435,436,99.77
2024-12-12,Colombo Fort - Jaffna,Intercity,1st Class,37,34,44,32,77.27
2024-12-12,Colombo Fort - Jaffna,Intercity,2nd Class,225,205,270,207,75.93
2024-12-12,Colombo Fort - Jaffna,Intercity,3rd Class,487,409,435,430,94.02
2024-12-12,Colombo Fort - Kandy,Express,1st Class,45,43,54,41,79.63
2024-12-12,Colombo Fort - Kandy,Express,2nd Class,270,247,324,270,76.23
2024-12-12,Colombo Fort - Kandy,Express,3rd Class,585,517,522,555,99.04
2024-12-12,Colombo Fort - Puttalam,Slow/Local,1st Class,25,22,22,25,100.0
2024-12-12,Colombo Fort - Puttalam,Slow/Local,2nd Class,150,131,131,138,100.0
2024-12-12,Colombo Fort - Puttalam,Slow/Local,3rd Class,325,298,347,324,85.88
2024-12-12,Colombo Fort - Trincomalee,Slow/Local,1st Class,25,22,22,25,100.0
2024-12-12,Colombo Fort - Trincomalee,Slow/Local,2nd Class,150,133,133,150,100.0
2024-12-12,Colombo Fort - Trincomalee,Slow/Local,3rd Class,325,302,345,325,87.54
2024-12-12,Maradana - Avissawella,Express,1st Class,45,42,42,45,100.0
2024-12-12,Maradana - Avissawella,Express,2nd Class,270,247,247,267,100.0
2024-12-12,Maradana - Avissawella,Express,3rd Class,585,536,611,570,87.73
2024-12-13,Colombo Fort - Anuradhapura,Intercity,1st Class,37,35,35,37,100.0
2024-12-13,Colombo Fort - Anuradhapura,Intercity,2nd Class,225,213,213,219,100.0
2024-12-13,Colombo Fort - Anuradhapura,Intercity,3rd Class,487,468,501,487,93.41
2024-12-13,Colombo Fort - Batticaloa,Express,1st Class,45,43,43,45,100.0
2024-12-13,Colombo Fort - Batticaloa,Express,2nd Class,270,260,260,264,100.0
2024-12-13,Colombo Fort - Batticaloa,Express,3rd Class,585,549,597,579,91.96
2024-12-13,Colombo Fort - Galle,Express,1st Class,45,43,43,44,100.0
2024-12-13,Colombo Fort - Galle,Express,2nd Class,270,260,260,269,100.0
2024-12-13,Colombo Fort - Galle,Express,3rd Class,585,539,597,585,90.28
2024-12-13,Colombo Fort - Jaffna,Intercity,1st Class,37,35,35,37,100.0
2024-12-13,Colombo Fort - Jaffna,Intercity,2nd Class,225,216,216,202,100.0
2024-12-13,Colombo Fort - Jaffna,Intercity,3rd Class,487,454,498,448,91.16
2024-12-13,Colombo Fort - Matara,Slow/Local,1st Class,25,23,23,19,100.0
2024-12-13,Colombo Fort - Matara,Slow/Local,2nd Class,150,140,140,125,100.0
2024-12-13,Colombo Fort - Matara,Slow/Local,3rd Class,325,296,337,269,87.83
2024-12-13,Colombo Fort - Negombo,Express,1st Class,45,42,42,44,100.0
2024-12-13,Colombo Fort - Negombo,Express,2nd Class,270,250,250,270,100.0
2024-12-13,Colombo Fort - Negombo,Express,3rd Class,585,536,608,576,88.16
2024-12-13,Colombo Fort - Ratnapura,Express,1st Class,45,42,42,45,100.0
2024-12-13,Colombo Fort - Ratnapura,Express,2nd Class,270,247,247,268,100.0
2024-12-13,Colombo Fort - Ratnapura,Express,3rd Class,585,544,611,567,89.03
2024-12-13,Colombo Fort - Trincomalee,Slow/Local,1st Class,25,23,23,25,100.0
2024-12-13,Colombo Fort - Trincomalee,Slow/Local,2nd Class,150,140,140,150,100.0
2024-12-13,Colombo Fort - Trincomalee,Slow/Local,3rd Class,325,301,337,304,89.32
2024-12-13,Colombo Fort - Vavuniya,Express,1st Class,45,42,42,45,100.0
2024-12-13,Colombo Fort - Vavuniya,Express,2nd Class,270,260,260,269,100.0
2024-12-13,Colombo Fort - Vavuniya,Express,3rd Class,585,544,598,509,90.97
2024-12-13,Kandy - Badulla,Express,1st Class,45,42,42,45,100.0
2024-12-13,Kandy - Badulla,Express,2nd Class,270,258,258,266,100.0
2024-12-13,Kandy - Badulla,Express,3rd Class,585,560,600,570,93.33
2024-12-14,Colombo Fort - Badulla,Express,1st Class,45,43,43,45,100.0
2024-12-14,Colombo Fort - Badulla,Express,2nd Class,270,259,259,266,100.0
2024-12-14,Colombo Fort - Badulla,Express,3rd Class,585,555,598,555,92.81
2024-12-14,Colombo Fort - Galle,Express,1st Class,45,43,43,44,100.0
2024-12-14,Colombo Fort - Galle,Express,2nd Class,270,259,259,261,100.0
2024-12-14,Colombo Fort - Galle,Express,3rd Class,585,547,598,585,91.47
2024-12-14,Colombo Fort - Galle,Slow/Local,1st Class,25,23,23,25,100.0
2024-12-14,Colombo Fort - Galle,Slow/Local,2nd Class,150,154,154,148,100.0
2024-12-14,Colombo Fort - Galle,Slow/Local,3rd Class,325,298,323,325,92.26
2024-12-14,Colombo Fort - Jaffna,Express,1st Class,45,43,43,40,100.0
2024-12-14,Colombo Fort - Jaffna,Express,2nd Class,270,254,254,259,100.0
2024-12-14,Colombo Fort - Jaffna,Express,3rd Class,585,534,603,561,88.56
2024-12-14,Colombo Fort - Puttalam,Express,1st Class,45,43,43,45,100.0
2024-12-14,Colombo Fort - Puttalam,Express,2nd Class,270,256,256,270,100.0
2024-12-14,Colombo Fort - Puttalam,Express,3rd Class,585,573,601,556,95.34
2024-12-14,Colombo Fort - Puttalam,Slow/Local,1st Class,25,22,22,25,100.0
2024-12-14,Colombo Fort - Puttalam,Slow/Local,2nd Class,150,139,139,150,100.0
2024-12-14,Colombo Fort - Puttalam,Slow/Local,3rd Class,325,305,339,325,89.97
2024-12-14,Colombo Fort - Vavuniya,Night Mail,1st Class,32,30,30,32,100.0
2024-12-14,Colombo Fort - Vavuniya,Night Mail,2nd Class,195,184,184,186,100.0
2024-12-14,Colombo Fort - Vavuniya,Night Mail,3rd Class,422,394,435,409,90.57
2024-12-15,Colombo Fort - Anuradhapura,Express,1st Class,45,44,44,45,100.0
2024-12-15,Colombo Fort - Anuradhapura,Express,2nd Class,270,244,244,270,100.0
2024-12-15,Colombo Fort - Anuradhapura,Express,3rd Class,585,534,612,585,87.25
2024-12-15,Colombo Fort - Anuradhapura,Intercity,1st Class,37,36,36,34,100.0
2024-12-15,Colombo Fort - Anuradhapura,Intercity,2nd Class,225,215,215,204,100.0
2024-12-15,Colombo Fort - Anuradhapura,Intercity,3rd Class,487,470,498,456,94.38
2024-12-15,Colombo Fort - Batticaloa,Express,1st Class,45,43,43,40,100.0
2024-12-15,Colombo Fort - Batticaloa,Express,2nd Class,270,258,258,270,100.0
2024-12-15,Colombo Fort - Batticaloa,Express,3rd Class,585,559,599,583,93.32
2024-12-15,Colombo Fort - Batticaloa,Intercity,1st Class,37,36,36,37,100.0
2024-12-15,Colombo Fort - Batticaloa,Intercity,2nd Class,225,216,216,224,100.0
2024-12-15,Colombo Fort - Batticaloa,Intercity,3rd Class,487,456,497,487,91.75
2024-12-15,Colombo Fort - Jaffna,Slow/Local,1st Class,25,23,23,21,100.0
2024-12-15,Colombo Fort - Jaffna,Slow/Local,2nd Class,150,141,141,124,100.0
2024-12-15,Colombo Fort - Jaffna,Slow/Local,3rd Class,325,307,336,274,91.37
2024-12-15,Colombo Fort - Matara,Express,1st Class,45,44,44,32,100.0
2024-12-15,Colombo Fort - Matara,Express,2nd Class,270,260,260,214,100.0
2024-12-15,Colombo Fort - Matara,Express,3rd Class,585,560,596,429,93.96
2024-12-15,Colombo Fort - Puttalam,Intercity,1st Class,37,36,36,37,100.0
2024-12-15,Colombo Fort - Puttalam,Intercity,2nd Class,225,217,217,225,100.0
2024-12-15,Colombo Fort - Puttalam,Intercity,3rd Class,487,465,496,477,93.75
2024-12-15,Colombo Fort - Puttalam,Slow/Local,1st Class,25,22,22,24,100.0
2024-12-15,Colombo Fort - Puttalam,Slow/Local,2nd Class,150,140,140,129,100.0
2024-12-15,Colombo Fort - Puttalam,Slow/Local,3rd Class,325,306,338,321,90.53
2024-12-15,Colombo Fort - Ratnapura,Express,1st Class,45,43,43,44,100.0
2024-12-15,Colombo Fort - Ratnapura,Express,2nd Class,270,249,249,270,100.0
2024-12-15,Colombo Fort - Ratnapura,Express,3rd Class,585,547,608,569,89.97
2024-12-15,Colombo Fort - Ratnapura,Intercity,1st Class,37,35,35,36,100.0
2024-12-15,Colombo Fort - Ratnapura,Intercity,2nd Class,225,215,215,225,100.0
2024-12-15,Colombo Fort - Ratnapura,Intercity,3rd Class,487,467,499,481,93.59
2024-12-15,Colombo Fort - Trincomalee,Intercity,1st Class,37,36,36,28,100.0
2024-12-15,Colombo Fort - Trincomalee,Intercity,2nd Class,225,220,220,185,100.0
2024-12-15,Colombo Fort - Trincomalee,Intercity,3rd Class,487,442,493,414,89.66
2024-12-15,Colombo Fort - Vavuniya,Intercity,1st Class,37,35,35,37,100.0
2024-12-15,Colombo Fort - Vavuniya,Intercity,2nd Class,225,215,215,213,100.0
2024-12-15,Colombo Fort - Vavuniya,Intercity,3rd Class,487,467,499,467,93.59
2024-12-15,Maradana - Avissawella,Intercity,1st Class,37,35,35,37,100.0
2024-12-15,Maradana - Avissawella,Intercity,2nd Class,225,211,211,225,100.0
2024-12-15,Maradana - Avissawella,Intercity,3rd Class,487,457,503,486,90.85
2024-12-16,Colombo Fort - Batticaloa,Express,1st Class,45,40,40,43,100.0
2024-12-16,Colombo Fort - Batticaloa,Express,2nd Class,270,246,246,270,100.0
2024-12-16,Colombo Fort - Batticaloa,Express,3rd Class,585,532,614,585,86.64
2024-12-16,Colombo Fort - Batticaloa,Slow/Local,1st Class,25,22,22,24,100.0
2024-12-16,Colombo Fort - Batticaloa,Slow/Local,2nd Class,150,137,137,128,100.0
2024-12-16,Colombo Fort - Batticaloa,Slow/Local,3rd Class,325,303,341,289,88.86
2024-12-16,Colombo Fort - Galle,Slow/Local,1st Class,25,24,24,25,100.0
2024-12-16,Colombo Fort - Galle,Slow/Local,2nd Class,150,152,152,150,100.0
2024-12-16,Colombo Fort - Galle,Slow/Local,3rd Class,325,316,324,325,97.53
2024-12-16,Colombo Fort - Jaffna,Intercity,1st Class,37,34,44,37,77.27
2024-12-16,Colombo Fort - Jaffna,Intercity,2nd Class,225,209,270,219,77.41
2024-12-16,Colombo Fort - Jaffna,Intercity,3rd Class,487,420,435,487,96.55
2024-12-16,Colombo Fort - Negombo,Express,1st Class,45,42,42,39,100.0
2024-12-16,Colombo Fort - Negombo,Express,2nd Class,270,247,247,228,100.0
2024-12-16,Colombo Fort - Negombo,Express,3rd Class,585,545,611,538,89.2
2024-12-16,Colombo Fort - Puttalam,Slow/Local,1st Class,25,23,23,23,100.0
2024-12-16,Colombo Fort - Puttalam,Slow/Local,2nd Class,150,132,132,136,100.0
2024-12-16,Colombo Fort - Puttalam,Slow/Local,3rd Class,325,301,345,280,87.25
2024-12-16,Colombo Fort - Ratnapura,Intercity,1st Class,37,34,44,32,77.27
2024-12-16,Colombo Fort - Ratnapura,Intercity,2nd Class,225,212,270,181,78.52
2024-12-16,Colombo Fort - Ratnapura,Intercity,3rd Class,487,423,435,423,97.24
2024-12-16,Colombo Fort - Ratnapura,Slow/Local,1st Class,25,22,30,25,73.33
2024-12-16,Colombo Fort - Ratnapura,Slow/Local,2nd Class,150,133,180,138,73.89
2024-12-16,Colombo Fort - Ratnapura,Slow/Local,3rd Class,325,290,290,321,100.0
2024-12-16,Colombo Fort - Trincomalee,Intercity,1st Class,37,34,44,37,77.27
2024-12-16,Colombo Fort - Trincomalee,Intercity,2nd Class,225,208,270,225,77.04
2024-12-16,Colombo Fort - Trincomalee,Intercity,3rd Class,487,420,435,459,96.55
2024-12-16,Kandy - Badulla,Slow/Local,1st Class,25,22,22,24,100.0
2024-12-16,Kandy - Badulla,Slow/Local,2nd Class,150,135,135,150,100.0
2024-12-16,Kandy - Badulla,Slow/Local,3rd Class,325,304,343,319,88.63
2024-12-17,Colombo Fort - Anuradhapura,Intercity,1st Class,37,34,34,37,100.0
2024-12-17,Colombo Fort - Anuradhapura,Intercity,2nd Class,225,209,209,225,100.0
2024-12-17,Colombo Fort - Anuradhapura,Intercity,3rd Class,487,437,506,487,86.36
2024-12-17,Colombo Fort - Anuradhapura,Slow/Local,1st Class,25,22,22,23,100.0
2024-12-17,Colombo Fort - Anuradhapura,Slow/Local,2nd Class,150,136,136,130,100.0
2024-12-17,Colombo Fort - Anuradhapura,Slow/Local,3rd Class,325,303,342,289,88.6
2024-12-17,Colombo Fort - Galle,Slow/Local,1st Class,25,23,23,25,100.0
2024-12-17,Colombo Fort - Galle,Slow/Local,2nd Class,150,151,151,150,100.0
2024-12-17,Colombo Fort - Galle,Slow/Local,3rd Class,325,317,326,318,97.24
2024-12-17,Colombo Fort - Jaffna,Slow/Local,1st Class,25,22,22,25,100.0
2024-12-17,Colombo Fort - Jaffna,Slow/Local,2nd Class,150,135,135,150,100.0
2024-12-17,Colombo Fort - Jaffna,Slow/Local,3rd Class,325,299,343,325,87.17
2024-12-17,Colombo Fort - Kurunegala,Express,1st Class,45,42,42,40,100.0
2024-12-17,Colombo Fort - Kurunegala,Express,2nd Class,270,247,247,244,100.0
2024-12-17,Colombo Fort - Kurunegala,Express,3rd Class,585,530,611,522,86.74
2024-12-17,Colombo Fort - Kurunegala,Intercity,1st Class,37,34,44,37,77.27
2024-12-17,Colombo Fort - Kurunegala,Intercity,2nd Class,225,209,270,195,77.41
2024-12-17,Colombo Fort - Kurunegala,Intercity,3rd Class,487,432,435,487,99.31
2024-12-17,Colombo Fort - Matara,Express,1st Class,45,39,54,38,72.22
2024-12-17,Colombo Fort - Matara,Express,2nd Class,270,248,324,210,76.54
2024-12-17,Colombo Fort - Matara,Express,3rd Class,585,503,522,463,96.36
2024-12-17,Colombo Fort - Matara,Intercity,1st Class,37,34,34,28,100.0
2024-12-17,Colombo Fort - Matara,Intercity,2nd Class,225,210,210,163,100.0
2024-12-17,Colombo Fort - Matara,Intercity,3rd Class,487,439,505,348,86.93
2024-12-17,Colombo Fort - Matara,Slow/Local,1st Class,25,22,22,25,100.0
2024-12-17,Colombo Fort - Matara,Slow/Local,2nd Class,150,133,133,149,100.0
2024-12-17,Colombo Fort - Matara,Slow/Local,3rd Class,325,303,345,325,87.83
2024-12-17,Colombo Fort - Trincomalee,Intercity,1st Class,37,33,44,37,75.0
2024-12-17,Colombo Fort - Trincomalee,Intercity,2nd Class,225,208,270,225,77.04
2024-12-17,Colombo Fort - Trincomalee,Intercity,3rd Class,487,427,435,487,98.16
2024-12-17,Kandy - Badulla,Intercity,1st Class,37,34,44,37,77.27
2024-12-17,Kandy - Badulla,Intercity,2nd Class,225,208,270,225,77.04
2024-12-17,Kandy - Badulla,Intercity,3rd Class,487,422,435,487,97.01
2024-12-17,Kandy - Badulla,Night Mail,1st Class,32,28,38,32,73.68
2024-12-17,Kandy - Badulla,Night Mail,2nd Class,195,172,234,179,73.5
2024-12-17,Kandy - Badulla,Night Mail,3rd Class,422,363,377,422,96.29
2024-12-18,Colombo Fort - Batticaloa,Express,1st Class,45,39,39,43,100.0
2024-12-18,Colombo Fort - Batticaloa,Express,2nd Class,270,235,235,242,100.0
2024-12-18,Colombo Fort - Batticaloa,Express,3rd Class,585,536,626,579,85.62
2024-12-18,Colombo Fort - Batticaloa,Slow/Local,1st Class,25,22,22,25,100.0
2024-12-18,Colombo Fort - Batticaloa,Slow/Local,2nd Class,150,136,136,148,100.0
2024-12-18,Colombo Fort - Batticaloa,Slow/Local,3rd Class,325,301,342,325,88.01
2024-12-18,Colombo Fort - Jaffna,Slow/Local,1st Class,25,22,22,24,100.0
2024-12-18,Colombo Fort - Jaffna,Slow/Local,2nd Class,150,137,137,149,100.0
2024-12-18,Colombo Fort - Jaffna,Slow/Local,3rd Class,325,302,341,325,88.56
2024-12-18,Colombo Fort - Kandy,Express,1st Class,45,41,54,43,75.93
2024-12-18,Colombo Fort - Kandy,Express,2nd Class,270,238,324,270,73.46
2024-12-18,Colombo Fort - Kandy,Express,3rd Class,585,507,522,577,97.13
2024-12-18,Colombo Fort - Kurunegala,Slow/Local,1st Class,25,22,22,25,100.0
2024-12-18,Colombo Fort - Kurunegala,Slow/Local,2nd Class,150,136,136,150,100.0
2024-12-18,Colombo Fort - Kurunegala,Slow/Local,3rd Class,325,317,342,325,92.69
2024-12-18,Colombo Fort - Negombo,Express,1st Class,45,39,39,45,100.0
2024-12-18,Colombo Fort - Negombo,Express,2nd Class,270,240,240,266,100.0
2024-12-18,Colombo Fort - Negombo,Express,3rd Class,585,525,621,585,84.54
2024-12-18,Colombo Fort - Puttalam,Slow/Local,1st Class,25,23,23,24,100.0
2024-12-18,Colombo Fort - Puttalam,Slow/Local,2nd Class,150,132,132,140,100.0
2024-12-18,Colombo Fort - Puttalam,Slow/Local,3rd Class,325,297,345,296,86.09
2024-12-18,Kandy - Badulla,Express,1st Class,45,42,42,44,100.0
2024-12-18,Kandy - Badulla,Express,2nd Class,270,245,245,270,100.0
2024-12-18,Kandy - Badulla,Express,3rd Class,585,549,613,582,89.56
2024-12-18,Maradana - Avissawella,Intercity,1st Class,37,34,44,37,77.27
2024-12-18,Maradana - Avissawella,Intercity,2nd Class,225,208,270,225,77.04
2024-12-18,Maradana - Avissawella,Intercity,3rd Class,487,401,435,481,92.18
2024-12-18,Maradana - Avissawella,Slow/Local,1st Class,25,22,22,25,100.0
2024-12-18,Maradana - Avissawella,Slow/Local,2nd Class,150,134,134,144,100.0
2024-12-18,Maradana - Avissawella,Slow/Local,3rd Class,325,302,344,295,87.79
2024-12-19,Colombo Fort - Anuradhapura,Slow/Local,1st Class,25,22,22,24,100.0
2024-12-19,Colombo Fort - Anuradhapura,Slow/Local,2nd Class,150,135,135,147,100.0
2024-12-19,Colombo Fort - Anuradhapura,Slow/Local,3rd Class,325,295,343,325,86.01
2024-12-19,Colombo Fort - Badulla,Slow/Local,1st Class,25,22,22,24,100.0
2024-12-19,Colombo Fort - Badulla,Slow/Local,2nd Class,150,136,136,150,100.0
2024-12-19,Colombo Fort - Badulla,Slow/Local,3rd Class,325,306,342,315,89.47
2024-12-19,Colombo Fort - Batticaloa,Slow/Local,1st Class,25,22,22,24,100.0
2024-12-19,Colombo Fort - Batticaloa,Slow/Local,2nd Class,150,139,139,139,100.0
2024-12-19,Colombo Fort - Batticaloa,Slow/Local,3rd Class,325,309,339,325,91.15
2024-12-19,Colombo Fort - Jaffna,Intercity,1st Class,37,34,44,27,77.27
2024-12-19,Colombo Fort - Jaffna,Intercity,2nd Class,225,209,270,183,77.41
2024-12-19,Colombo Fort - Jaffna,Intercity,3rd Class,487,422,435,380,97.01
2024-12-19,Colombo Fort - Jaffna,Slow/Local,1st Class,25,22,22,25,100.0
2024-12-19,Colombo Fort - Jaffna,Slow/Local,2nd Class,150,137,137,150,100.0
2024-12-19,Colombo Fort - Jaffna,Slow/Local,3rd Class,325,306,341,325,89.74
2024-12-19,Colombo Fort - Matara,Slow/Local,1st Class,25,22,22,24,100.0
2024-12-19,Colombo Fort - Matara,Slow/Local,2nd Class,150,134,134,149,100.0
2024-12-19,Colombo Fort - Matara,Slow/Local,3rd Class,325,299,344,297,86.92
2024-12-19,Colombo Fort - Puttalam,Slow/Local,1st Class,25,23,23,25,100.0
2024-12-19,Colombo Fort - Puttalam,Slow/Local,2nd Class,150,133,133,150,100.0
2024-12-19,Colombo Fort - Puttalam,Slow/Local,3rd Class,325,302,344,278,87.79
2024-12-19,Colombo Fort - Trincomalee,Intercity,1st Class,37,34,44,37,77.27
2024-12-19,Colombo Fort - Trincomalee,Intercity,2nd Class,225,213,270,218,78.89
2024-12-19,Colombo Fort - Trincomalee,Intercity,3rd Class,487,418,435,487,96.09
2024-12-19,Kandy - Badulla,Intercity,1st Class,37,34,44,35,77.27
2024-12-19,Kandy - Badulla,Intercity,2nd Class,225,210,270,212,77.78
2024-12-19,Kandy - Badulla,Intercity,3rd Class,487,420,435,487,96.55
2024-12-19,Maradana - Avissawella,Express,1st Class,45,43,43,40,100.0
2024-12-19,Maradana - Avissawella,Express,2nd Class,270,242,242,230,100.0
2024-12-19,Maradana - Avissawella,Express,3rd Class,585,562,615,480,91.38
2024-12-20,Colombo Fort - Anuradhapura,Slow/Local,1st Class,25,23,23,23,100.0
2024-12-20,Colombo Fort - Anuradhapura,Slow/Local,2nd Class,150,142,142,132,100.0
2024-12-20,Colombo Fort - Anuradhapura,Slow/Local,3rd Class,325,308,335,286,91.94
2024-12-20,Colombo Fort - Galle,Express,1st Class,45,42,42,45,100.0
2024-12-20,Colombo Fort - Galle,Express,2nd Class,270,261,261,265,100.0
2024-12-20,Colombo Fort - Galle,Express,3rd Class,585,545,597,559,91.29
2024-12-20,Colombo Fort - Galle,Intercity,1st Class,37,36,36,28,100.0
2024-12-20,Colombo Fort - Galle,Intercity,2nd Class,225,216,216,154,100.0
2024-12-20,Colombo Fort - Galle,Intercity,3rd Class,487,463,497,327,93.16
2024-12-20,Colombo Fort - Jaffna,Slow/Local,1st Class,25,23,23,24,100.0
2024-12-20,Colombo Fort - Jaffna,Slow/Local,2nd Class,150,141,141,140,100.0
2024-12-20,Colombo Fort - Jaffna,Slow/Local,3rd Class,325,303,336,298,90.18
2024-12-20,Colombo Fort - Negombo,Intercity,1st Class,37,36,36,30,100.0
2024-12-20,Colombo Fort - Negombo,Intercity,2nd Class,225,216,216,193,100.0
2024-12-20,Colombo Fort - Negombo,Intercity,3rd Class,487,466,497,384,93.76
2024-12-20,Colombo Fort - Negombo,Night Mail,1st Class,32,29,29,32,100.0
2024-12-20,Colombo Fort - Negombo,Night Mail,2nd Class,195,195,195,194,100.0
2024-12-20,Colombo Fort - Negombo,Night Mail,3rd Class,422,390,425,393,91.76
2024-12-20,Colombo Fort - Puttalam,Slow/Local,1st Class,25,22,22,24,100.0
2024-12-20,Colombo Fort - Puttalam,Slow/Local,2nd Class,150,149,149,150,100.0
2024-12-20,Colombo Fort - Puttalam,Slow/Local,3rd Class,325,295,329,319,89.67
2024-12-20,Colombo Fort - Trincomalee,Express,1st Class,45,42,42,40,100.0
2024-12-20,Colombo Fort - Trincomalee,Express,2nd Class,270,248,248,246,100.0
2024-12-20,Colombo Fort - Trincomalee,Express,3rd Class,585,533,610,487,87.38
2024-12-20,Colombo Fort - Trincomalee,Intercity,1st Class,37,38,38,35,100.0
2024-12-20,Colombo Fort - Trincomalee,Intercity,2nd Class,225,219,219,209,100.0
2024-12-20,Colombo Fort - Trincomalee,Intercity,3rd Class,487,453,492,453,92.07
2024-12-21,Colombo Fort - Anuradhapura,Night Mail,1st Class,32,30,30,31,100.0
2024-12-21,Colombo Fort - Anuradhapura,Night Mail,2nd Class,195,181,181,192,100.0
2024-12-21,Colombo Fort - Anuradhapura,Night Mail,3rd Class,422,392,438,398,89.5
2024-12-21,Colombo Fort - Anuradhapura,Slow/Local,1st Class,25,23,23,20,100.0
2024-12-21,Colombo Fort - Anuradhapura,Slow/Local,2nd Class,150,141,141,119,100.0
2024-12-21,Colombo Fort - Anuradhapura,Slow/Local,3rd Class,325,305,336,286,90.77
2024-12-21,Colombo Fort - Badulla,Slow/Local,1st Class,25,23,23,24,100.0
2024-12-21,Colombo Fort - Badulla,Slow/Local,2nd Class,150,141,141,150,100.0
2024-12-21,Colombo Fort - Badulla,Slow/Local,3rd Class,325,306,336,306,91.07
2024-12-21,Colombo Fort - Batticaloa,Intercity,1st Class,37,36,36,35,100.0
2024-12-21,Colombo Fort - Batticaloa,Intercity,2nd Class,225,217,217,225,100.0
2024-12-21,Colombo Fort - Batticaloa,Intercity,3rd Class,487,463,496,482,93.35
2024-12-21,Colombo Fort - Galle,Express,1st Class,45,43,43,43,100.0
2024-12-21,Colombo Fort - Galle,Express,2nd Class,270,262,262,270,100.0
2024-12-21,Colombo Fort - Galle,Express,3rd Class,585,537,595,585,90.25
2024-12-21,Colombo Fort - Galle,Night Mail,1st Class,32,29,29,32,100.0
2024-12-21,Colombo Fort - Galle,Night Mail,2nd Class,195,184,184,194,100.0
2024-12-21,Colombo Fort - Galle,Night Mail,3rd Class,422,400,436,410,91.74
2024-12-21,Colombo Fort - Matara,Intercity,1st Class,37,35,35,36,100.0
2024-12-21,Colombo Fort - Matara,Intercity,2nd Class,225,217,217,216,100.0
2024-12-21,Colombo Fort - Matara,Intercity,3rd Class,487,470,497,487,94.57
2024-12-21,Kandy - Badulla,Express,1st Class,45,43,43,45,100.0
2024-12-21,Kandy - Badulla,Express,2nd Class,270,258,258,269,100.0
2024-12-21,Kandy - Badulla,Express,3rd Class,585,566,599,585,94.49
2024-12-21,Kandy - Badulla,Slow/Local,1st Class,25,23,23,25,100.0
2024-12-21,Kandy - Badulla,Slow/Local,2nd Class,150,140,140,143,100.0
2024-12-21,Kandy - Badulla,Slow/Local,3rd Class,325,303,337,325,89.91
2024-12-21,Maradana - Avissawella,Intercity,1st Class,37,36,36,35,100.0
2024-12-21,Maradana - Avissawella,Intercity,2nd Class,225,214,214,225,100.0
2024-12-21,Maradana - Avissawella,Intercity,3rd Class,487,450,499,487,90.18
2024-12-22,Colombo Fort - Anuradhapura,Intercity,1st Class,37,36,36,37,100.0
2024-12-22,Colombo Fort - Anuradhapura,Intercity,2nd Class,225,218,218,214,100.0
2024-12-22,Colombo Fort - Anuradhapura,Intercity,3rd Class,487,469,495,460,94.75
2024-12-22,Colombo Fort - Badulla,Slow/Local,1st Class,25,23,23,25,100.0
2024-12-22,Colombo Fort - Badulla,Slow/Local,2nd Class,150,141,141,150,100.0
2024-12-22,Colombo Fort - Badulla,Slow/Local,3rd Class,325,304,336,325,90.48
2024-12-22,Colombo Fort - Batticaloa,Express,1st Class,45,43,43,43,100.0
2024-12-22,Colombo Fort - Batticaloa,Express,2nd Class,270,261,261,270,100.0
2024-12-22,Colombo Fort - Batticaloa,Express,3rd Class,585,562,596,575,94.3
2024-12-22,Colombo Fort - Galle,Intercity,1st Class,37,36,36,33,100.0
2024-12-22,Colombo Fort - Galle,Intercity,2nd Class,225,215,215,206,100.0
2024-12-22,Colombo Fort - Galle,Intercity,3rd Class,487,465,498,459,93.37
2024-12-22,Colombo Fort - Kandy,Express,1st Class,45,44,44,38,100.0
2024-12-22,Colombo Fort - Kandy,Express,2nd Class,270,262,262,243,100.0
2024-12-22,Colombo Fort - Kandy,Express,3rd Class,585,566,594,525,95.29
2024-12-22,Colombo Fort - Kandy,Intercity,1st Class,37,36,36,36,100.0
2024-12-22,Colombo Fort - Kandy,Intercity,2nd Class,225,218,218,214,100.0
2024-12-22,Colombo Fort - Kandy,Intercity,3rd Class,487,456,495,445,92.12
2024-12-22,Colombo Fort - Kandy,Slow/Local,1st Class,25,23,23,20,100.0
2024-12-22,Colombo Fort - Kandy,Slow/Local,2nd Class,150,140,140,114,100.0
2024-12-22,Colombo Fort - Kandy,Slow/Local,3rd Class,325,301,337,260,89.32
2024-12-22,Colombo Fort - Negombo,Express,1st Class,45,44,44,45,100.0
2024-12-22,Colombo Fort - Negombo,Express,2nd Class,270,257,257,266,100.0
2024-12-22,Colombo Fort - Negombo,Express,3rd Class,585,559,599,541,93.32
2024-12-22,Colombo Fort - Puttalam,Express,1st Class,45,43,43,44,100.0
2024-12-22,Colombo Fort - Puttalam,Express,2nd Class,270,262,262,260,100.0
2024-12-22,Colombo Fort - Puttalam,Express,3rd Class,585,563,595,553,94.62
2024-12-22,Colombo Fort - Puttalam,Intercity,1st Class,37,36,36,35,100.0
2024-12-22,Colombo Fort - Puttalam,Intercity,2nd Class,225,219,219,207,100.0
2024-12-22,Colombo Fort - Puttalam,Intercity,3rd Class,487,467,494,436,94.53
2024-12-22,Colombo Fort - Puttalam,Slow/Local,1st Class,25,23,23,25,100.0
2024-12-22,Colombo Fort - Puttalam,Slow/Local,2nd Class,150,150,150,143,100.0
2024-12-22,Colombo Fort - Puttalam,Slow/Local,3rd Class,325,301,327,325,92.05
2024-12-22,Colombo Fort - Ratnapura,Night Mail,1st Class,32,34,34,31,100.0
2024-12-22,Colombo Fort - Ratnapura,Night Mail,2nd Class,195,189,189,191,100.0
2024-12-22,Colombo Fort - Ratnapura,Night Mail,3rd Class,422,390,426,409,91.55
2024-12-22,Colombo Fort - Trincomalee,Intercity,1st Class,37,38,38,36,100.0
2024-12-22,Colombo Fort - Trincomalee,Intercity,2nd Class,225,219,219,219,100.0
2024-12-22,Colombo Fort - Trincomalee,Intercity,3rd Class,487,439,492,487,89.23
2024-12-23,Colombo Fort - Badulla,Express,1st Class,45,43,43,45,100.0
2024-12-23,Colombo Fort - Badulla,Express,2nd Class,270,252,252,259,100.0
2024-12-23,Colombo Fort - Badulla,Express,3rd Class,585,546,605,560,90.25
2024-12-23,Colombo Fort - Batticaloa,Intercity,1st Class,37,34,44,36,77.27
2024-12-23,Colombo Fort - Batticaloa,Intercity,2nd Class,225,206,270,225,76.3
2024-12-23,Colombo Fort - Batticaloa,Intercity,3rd Class,487,426,435,487,97.93
2024-12-23,Colombo Fort - Kurunegala,Express,1st Class,45,40,40,45,100.0
2024-12-23,Colombo Fort - Kurunegala,Express,2nd Class,270,247,247,247,100.0
2024-12-23,Colombo Fort - Kurunegala,Express,3rd Class,585,535,613,579,87.28
2024-12-23,Colombo Fort - Kurunegala,Intercity,1st Class,37,34,34,34,100.0
2024-12-23,Colombo Fort - Kurunegala,Intercity,2nd Class,225,210,210,205,100.0
2024-12-23,Colombo Fort - Kurunegala,Intercity,3rd Class,487,442,505,422,87.52
2024-12-23,Colombo Fort - Negombo,Slow/Local,1st Class,25,22,22,24,100.0
2024-12-23,Colombo Fort - Negombo,Slow/Local,2nd Class,150,136,136,138,100.0
2024-12-23,Colombo Fort - Negombo,Slow/Local,3rd Class,325,316,342,317,92.4
2024-12-23,Colombo Fort - Vavuniya,Intercity,1st Class,37,34,34,29,100.0
2024-12-23,Colombo Fort - Vavuniya,Intercity,2nd Class,225,211,211,196,100.0
2024-12-23,Colombo Fort - Vavuniya,Intercity,3rd Class,487,445,504,394,88.29
2024-12-23,Colombo Fort - Vavuniya,Slow/Local,1st Class,25,22,22,25,100.0
2024-12-23,Colombo Fort - Vavuniya,Slow/Local,2nd Class,150,135,135,150,100.0
2024-12-23,Colombo Fort - Vavuniya,Slow/Local,3rd Class,325,307,343,313,89.5
2024-12-23,Kandy - Badulla,Night Mail,1st Class,32,28,38,28,73.68
2024-12-23,Kandy - Badulla,Night Mail,2nd Class,195,178,234,162,76.07
2024-12-23,Kandy - Badulla,Night Mail,3rd Class,422,364,377,351,96.55
2024-12-23,Kandy - Badulla,Slow/Local,1st Class,25,23,23,18,100.0
2024-12-23,Kandy - Badulla,Slow/Local,2nd Class,150,136,136,116,100.0
2024-12-23,Kandy - Badulla,Slow/Local,3rd Class,325,316,341,267,92.67
2024-12-24,Colombo Fort - Batticaloa,Express,1st Class,45,40,40,43,100.0
2024-12-24,Colombo Fort - Batticaloa,Express,2nd Class,270,243,243,270,100.0
2024-12-24,Colombo Fort - Batticaloa,Express,3rd Class,585,543,617,583,88.01
2024-12-24,Colombo Fort - Kandy,Intercity,1st Class,37,34,44,37,77.27
2024-12-24,Colombo Fort - Kandy,Intercity,2nd Class,225,209,270,225,77.41
2024-12-24,Colombo Fort - Kandy,Intercity,3rd Class,487,429,435,487,98.62
2024-12-24,Colombo Fort - Kurunegala,Intercity,1st Class,37,34,34,37,100.0
2024-12-24,Colombo Fort - Kurunegala,Intercity,2nd Class,225,210,210,219,100.0
2024-12-24,Colombo Fort - Kurunegala,Intercity,3rd Class,487,437,505,487,86.53
2024-12-24,Colombo Fort - Trincomalee,Slow/Local,1st Class,25,22,22,25,100.0
2024-12-24,Colombo Fort - Trincomalee,Slow/Local,2nd Class,150,133,133,150,100.0
2024-12-24,Colombo Fort - Trincomalee,Slow/Local,3rd Class,325,302,345,309,87.54
2024-12-25,Colombo Fort - Anuradhapura,Intercity,1st Class,37,35,35,29,100.0
2024-12-25,Colombo Fort - Anuradhapura,Intercity,2nd Class,225,228,228,194,100.0
2024-12-25,Colombo Fort - Anuradhapura,Intercity,3rd Class,487,450,486,430,92.59
2024-12-25,Colombo Fort - Anuradhapura,Night Mail,1st Class,32,31,31,32,100.0
2024-12-25,Colombo Fort - Anuradhapura,Night Mail,2nd Class,195,192,192,195,100.0
2024-12-25,Colombo Fort - Anuradhapura,Night Mail,3rd Class,422,398,426,398,93.43
2024-12-25,Colombo Fort - Kandy,Slow/Local,1st Class,25,24,24,25,100.0
2024-12-25,Colombo Fort - Kandy,Slow/Local,2nd Class,150,134,134,143,100.0
2024-12-25,Colombo Fort - Kandy,Slow/Local,3rd Class,325,313,342,325,91.52
2024-12-25,Colombo Fort - Matara,Slow/Local,1st Class,25,24,24,25,100.0
2024-12-25,Colombo Fort - Matara,Slow/Local,2nd Class,150,136,136,144,100.0
2024-12-25,Colombo Fort - Matara,Slow/Local,3rd Class,325,305,340,317,89.71
2024-12-25,Colombo Fort - Puttalam,Intercity,1st Class,37,34,34,36,100.0
2024-12-25,Colombo Fort - Puttalam,Intercity,2nd Class,225,228,228,225,100.0
2024-12-25,Colombo Fort - Puttalam,Intercity,3rd Class,487,444,487,486,91.17
2024-12-25,Colombo Fort - Trincomalee,Intercity,1st Class,37,33,44,37,75.0
2024-12-25,Colombo Fort - Trincomalee,Intercity,2nd Class,225,230,270,225,85.19
2024-12-25,Colombo Fort - Trincomalee,Intercity,3rd Class,487,425,435,471,97.7
2024-12-25,Kandy - Badulla,Slow/Local,1st Class,25,24,24,24,100.0
2024-12-25,Kandy - Badulla,Slow/Local,2nd Class,150,138,138,150,100.0
2024-12-25,Kandy - Badulla,Slow/Local,3rd Class,325,314,338,318,92.9
2024-12-25,Maradana - Avissawella,Night Mail,1st Class,32,31,31,31,100.0
2024-12-25,Maradana - Avissawella,Night Mail,2nd Class,195,184,184,186,100.0
2024-12-25,Maradana - Avissawella,Night Mail,3rd Class,422,413,434,422,95.16
2024-12-26,Colombo Fort - Badulla,Intercity,1st Class,37,34,44,29,77.27
2024-12-26,Colombo Fort - Badulla,Intercity,2nd Class,225,210,270,204,77.78
2024-12-26,Colombo Fort - Badulla,Intercity,3rd Class,487,424,435,444,97.47
2024-12-26,Colombo Fort - Batticaloa,Intercity,1st Class,37,34,44,30,77.27
2024-12-26,Colombo Fort - Batticaloa,Intercity,2nd Class,225,209,270,200,77.41
2024-12-26,Colombo Fort - Batticaloa,Intercity,3rd Class,487,419,435,450,96.32
2024-12-26,Colombo Fort - Jaffna,Express,1st Class,45,41,41,36,100.0
2024-12-26,Colombo Fort - Jaffna,Express,2nd Class,270,251,251,204,100.0
2024-12-26,Colombo Fort - Jaffna,Express,3rd Class,585,542,608,435,89.14
2024-12-26,Colombo Fort - Jaffna,Slow/Local,1st Class,25,22,22,25,100.0
2024-12-26,Colombo Fort - Jaffna,Slow/Local,2nd Class,150,137,137,147,100.0
2024-12-26,Colombo Fort - Jaffna,Slow/Local,3rd Class,325,305,341,325,89.44
2024-12-26,Colombo Fort - Kandy,Intercity,1st Class,37,34,44,37,77.27
2024-12-26,Colombo Fort - Kandy,Intercity,2nd Class,225,210,270,225,77.78
2024-12-26,Colombo Fort - Kandy,Intercity,3rd Class,487,434,435,487,99.77
2024-12-26,Colombo Fort - Kurunegala,Intercity,1st Class,37,35,35,37,100.0
2024-12-26,Colombo Fort - Kurunegala,Intercity,2nd Class,225,210,210,225,100.0
2024-12-26,Colombo Fort - Kurunegala,Intercity,3rd Class,487,444,504,477,88.1
2024-12-26,Colombo Fort - Matara,Slow/Local,1st Class,25,22,22,23,100.0
2024-12-26,Colombo Fort - Matara,Slow/Local,2nd Class,150,134,134,150,100.0
2024-12-26,Colombo Fort - Matara,Slow/Local,3rd Class,325,308,344,325,89.53
2024-12-26,Colombo Fort - Puttalam,Intercity,1st Class,37,33,33,36,100.0
2024-12-26,Colombo Fort - Puttalam,Intercity,2nd Class,225,209,209,221,100.0
2024-12-26,Colombo Fort - Puttalam,Intercity,3rd Class,487,443,507,485,87.38
2024-12-26,Colombo Fort - Puttalam,Slow/Local,1st Class,25,23,23,25,100.0
2024-12-26,Colombo Fort - Puttalam,Slow/Local,2nd Class,150,145,145,150,100.0
2024-12-26,Colombo Fort - Puttalam,Slow/Local,3rd Class,325,316,332,325,95.18
2024-12-26,Colombo Fort - Vavuniya,Intercity,1st Class,37,34,44,37,77.27
2024-12-26,Colombo Fort - Vavuniya,Intercity,2nd Class,225,210,270,225,77.78
2024-12-26,Colombo Fort - Vavuniya,Intercity,3rd Class,487,432,435,470,99.31
2024-12-27,Colombo Fort - Anuradhapura,Intercity,1st Class,37,36,36,32,100.0
2024-12-27,Colombo Fort - Anuradhapura,Intercity,2nd Class,225,216,216,178,100.0
2024-12-27,Colombo Fort - Anuradhapura,Intercity,3rd Class,487,466,497,420,93.76
2024-12-27,Colombo Fort - Anuradhapura,Slow/Local,1st Class,25,23,23,18,100.0
2024-12-27,Colombo Fort - Anuradhapura,Slow/Local,2nd Class,150,140,140,111,100.0
2024-12-27,Colombo Fort - Anuradhapura,Slow/Local,3rd Class,325,304,337,219,90.21
2024-12-27,Colombo Fort - Batticaloa,Intercity,1st Class,37,36,36,37,100.0
2024-12-27,Colombo Fort - Batticaloa,Intercity,2nd Class,225,216,216,225,100.0
2024-12-27,Colombo Fort - Batticaloa,Intercity,3rd Class,487,452,497,487,90.95
2024-12-27,Colombo Fort - Jaffna,Intercity,1st Class,37,35,35,28,100.0
2024-12-27,Colombo Fort - Jaffna,Intercity,2nd Class,225,217,217,180,100.0
2024-12-27,Colombo Fort - Jaffna,Intercity,3rd Class,487,444,497,371,89.34
2024-12-27,Colombo Fort - Jaffna,Slow/Local,1st Class,25,23,23,25,100.0
2024-12-27,Colombo Fort - Jaffna,Slow/Local,2nd Class,150,140,140,150,100.0
2024-12-27,Colombo Fort - Jaffna,Slow/Local,3rd Class,325,303,337,323,89.91
2024-12-27,Colombo Fort - Matara,Express,1st Class,45,43,43,34,100.0
2024-12-27,Colombo Fort - Matara,Express,2nd Class,270,256,256,210,100.0
2024-12-27,Colombo Fort - Matara,Express,3rd Class,585,546,601,417,90.85
2024-12-27,Colombo Fort - Matara,Intercity,1st Class,37,36,36,30,100.0
2024-12-27,Colombo Fort - Matara,Intercity,2nd Class,225,218,218,167,100.0
2024-12-27,Colombo Fort - Matara,Intercity,3rd Class,487,462,495,362,93.33
2024-12-27,Colombo Fort - Ratnapura,Slow/Local,1st Class,25,23,23,21,100.0
2024-12-27,Colombo Fort - Ratnapura,Slow/Local,2nd Class,150,141,141,124,100.0
2024-12-27,Colombo Fort - Ratnapura,Slow/Local,3rd Class,325,302,336,254,89.88
2024-12-28,Colombo Fort - Badulla,Express,1st Class,45,44,44,45,100.0
2024-12-28,Colombo Fort - Badulla,Express,2nd Class,270,263,263,270,100.0
2024-12-28,Colombo Fort - Badulla,Express,3rd Class,585,561,593,585,94.6
2024-12-28,Colombo Fort - Jaffna,Express,1st Class,45,43,43,45,100.0
2024-12-28,Colombo Fort - Jaffna,Express,2nd Class,270,252,252,266,100.0
2024-12-28,Colombo Fort - Jaffna,Express,3rd Class,585,545,605,579,90.08
2024-12-28,Colombo Fort - Jaffna,Slow/Local,1st Class,25,23,23,15,100.0
2024-12-28,Colombo Fort - Jaffna,Slow/Local,2nd Class,150,144,144,84,100.0
2024-12-28,Colombo Fort - Jaffna,Slow/Local,3rd Class,325,299,333,196,89.79
2024-12-28,Colombo Fort - Kandy,Slow/Local,1st Class,25,23,23,24,100.0
2024-12-28,Colombo Fort - Kandy,Slow/Local,2nd Class,150,140,140,150,100.0
2024-12-28,Colombo Fort - Kandy,Slow/Local,3rd Class,325,306,337,318,90.8
2024-12-28,Colombo Fort - Matara,Express,1st Class,45,43,43,45,100.0
2024-12-28,Colombo Fort - Matara,Express,2nd Class,270,252,252,270,100.0
2024-12-28,Colombo Fort - Matara,Express,3rd Class,585,553,605,570,91.4
2024-12-28,Colombo Fort - Matara,Slow/Local,1st Class,25,23,23,24,100.0
2024-12-28,Colombo Fort - Matara,Slow/Local,2nd Class,150,141,141,150,100.0
2024-12-28,Colombo Fort - Matara,Slow/Local,3rd Class,325,309,336,314,91.96
2024-12-28,Colombo Fort - Negombo,Night Mail,1st Class,32,29,29,27,100.0
2024-12-28,Colombo Fort - Negombo,Night Mail,2nd Class,195,187,187,195,100.0
2024-12-28,Colombo Fort - Negombo,Night Mail,3rd Class,422,390,433,422,90.07
2024-12-28,Colombo Fort - Negombo,Slow/Local,1st Class,25,22,22,25,100.0
2024-12-28,Colombo Fort - Negombo,Slow/Local,2nd Class,150,140,140,133,100.0
2024-12-28,Colombo Fort - Negombo,Slow/Local,3rd Class,325,299,338,282,88.46
2024-12-28,Colombo Fort - Trincomalee,Express,1st Class,45,42,42,45,100.0
2024-12-28,Colombo Fort - Trincomalee,Express,2nd Class,270,256,256,244,100.0
2024-12-28,Colombo Fort - Trincomalee,Express,3rd Class,585,536,602,561,89.04
2024-12-28,Colombo Fort - Trincomalee,Intercity,1st Class,37,38,38,36,100.0
2024-12-28,Colombo Fort - Trincomalee,Intercity,2nd Class,225,220,220,224,100.0
2024-12-28,Colombo Fort - Trincomalee,Intercity,3rd Class,487,438,491,480,89.21
2024-12-28,Kandy - Badulla,Intercity,1st Class,37,36,36,37,100.0
2024-12-28,Kandy - Badulla,Intercity,2nd Class,225,218,218,225,100.0
2024-12-28,Kandy - Badulla,Intercity,3rd Class,487,461,495,487,93.13
2024-12-29,Colombo Fort - Anuradhapura,Slow/Local,1st Class,25,23,23,23,100.0
2024-12-29,Colombo Fort - Anuradhapura,Slow/Local,2nd Class,150,140,140,135,100.0
2024-12-29,Colombo Fort - Anuradhapura,Slow/Local,3rd Class,325,303,337,270,89.91
2024-12-29,Colombo Fort - Batticaloa,Intercity,1st Class,37,37,37,37,100.0
2024-12-29,Colombo Fort - Batticaloa,Intercity,2nd Class,225,217,217,224,100.0
2024-12-29,Colombo Fort - Batticaloa,Intercity,3rd Class,487,450,495,457,90.91
2024-12-29,Colombo Fort - Batticaloa,Slow/Local,1st Class,25,23,23,25,100.0
2024-12-29,Colombo Fort - Batticaloa,Slow/Local,2nd Class,150,140,140,143,100.0
2024-12-29,Colombo Fort - Batticaloa,Slow/Local,3rd Class,325,309,337,321,91.69
2024-12-29,Colombo Fort - Galle,Express,1st Class,45,43,43,45,100.0
2024-12-29,Colombo Fort - Galle,Express,2nd Class,270,261,261,247,100.0
2024-12-29,Colombo Fort - Galle,Express,3rd Class,585,549,596,578,92.11
2024-12-29,Colombo Fort - Galle,Intercity,1st Class,37,36,36,36,100.0
2024-12-29,Colombo Fort - Galle,Intercity,2nd Class,225,217,217,225,100.0
2024-12-29,Colombo Fort - Galle,Intercity,3rd Class,487,469,496,487,94.56
2024-12-29,Colombo Fort - Jaffna,Intercity,1st Class,37,36,36,35,100.0
2024-12-29,Colombo Fort - Jaffna,Intercity,2nd Class,225,217,217,219,100.0
2024-12-29,Colombo Fort - Jaffna,Intercity,3rd Class,487,463,496,487,93.35
2024-12-29,Colombo Fort - Matara,Slow/Local,1st Class,25,23,23,25,100.0
2024-12-29,Colombo Fort - Matara,Slow/Local,2nd Class,150,142,142,150,100.0
2024-12-29,Colombo Fort - Matara,Slow/Local,3rd Class,325,306,335,325,91.34
2024-12-29,Colombo Fort - Puttalam,Express,1st Class,45,43,43,45,100.0
2024-12-29,Colombo Fort - Puttalam,Express,2nd Class,270,264,264,270,100.0
2024-12-29,Colombo Fort - Puttalam,Express,3rd Class,585,567,593,585,95.62
2024-12-29,Colombo Fort - Vavuniya,Express,1st Class,45,43,43,33,100.0
2024-12-29,Colombo Fort - Vavuniya,Express,2nd Class,270,264,264,208,100.0
2024-12-29,Colombo Fort - Vavuniya,Express,3rd Class,585,553,593,462,93.25
2024-12-29,Kandy - Badulla,Express,1st Class,45,43,43,41,100.0
2024-12-29,Kandy - Badulla,Express,2nd Class,270,255,255,262,100.0
2024-12-29,Kandy - Badulla,Express,3rd Class,585,550,602,512,91.36
2024-12-29,Kandy - Badulla,Slow/Local,1st Class,25,22,22,25,100.0
2024-12-29,Kandy - Badulla,Slow/Local,2nd Class,150,140,140,149,100.0
2024-12-29,Kandy - Badulla,Slow/Local,3rd Class,325,301,338,325,89.05
2024-12-29,Maradana - Avissawella,Slow/Local,1st Class,25,23,23,24,100.0
2024-12-29,Maradana - Avissawella,Slow/Local,2nd Class,150,148,148,150,100.0
2024-12-29,Maradana - Avissawella,Slow/Local,3rd Class,325,304,329,325,92.4
2024-12-30,Colombo Fort - Badulla,Slow/Local,1st Class,25,22,22,22,100.0
2024-12-30,Colombo Fort - Badulla,Slow/Local,2nd Class,150,130,130,150,100.0
2024-12-30,Colombo Fort - Badulla,Slow/Local,3rd Class,325,301,348,310,86.49
2024-12-30,Colombo Fort - Galle,Express,1st Class,45,32,32,43,100.0
2024-12-30,Colombo Fort - Galle,Express,2nd Class,270,250,324,259,77.16
2024-12-30,Colombo Fort - Galle,Express,3rd Class,585,457,544,552,84.01
2024-12-30,Colombo Fort - Galle,Slow/Local,1st Class,25,23,23,16,100.0
2024-12-30,Colombo Fort - Galle,Slow/Local,2nd Class,150,135,135,106,100.0
2024-12-30,Colombo Fort - Galle,Slow/Local,3rd Class,325,311,342,236,90.94
2024-12-30,Colombo Fort - Jaffna,Express,1st Class,45,33,54,39,61.11
2024-12-30,Colombo Fort - Jaffna,Express,2nd Class,270,236,324,234,72.84
2024-12-30,Colombo Fort - Jaffna,Express,3rd Class,585,451,522,494,86.4
2024-12-30,Colombo Fort - Kandy,Night Mail,1st Class,32,26,38,32,68.42
2024-12-30,Colombo Fort - Kandy,Night Mail,2nd Class,195,162,234,195,69.23
2024-12-30,Colombo Fort - Kandy,Night Mail,3rd Class,422,343,377,388,90.98
2024-12-30,Colombo Fort - Kurunegala,Express,1st Class,45,32,32,43,100.0
2024-12-30,Colombo Fort - Kurunegala,Express,2nd Class,270,230,324,270,70.99
2024-12-30,Colombo Fort - Kurunegala,Express,3rd Class,585,447,544,585,82.17
2024-12-30,Colombo Fort - Kurunegala,Slow/Local,1st Class,25,22,22,23,100.0
2024-12-30,Colombo Fort - Kurunegala,Slow/Local,2nd Class,150,133,133,134,100.0
2024-12-30,Colombo Fort - Kurunegala,Slow/Local,3rd Class,325,305,345,292,88.41
2024-12-30,Colombo Fort - Puttalam,Express,1st Class,45,32,32,34,100.0
2024-12-30,Colombo Fort - Puttalam,Express,2nd Class,270,237,324,194,73.15
2024-12-30,Colombo Fort - Puttalam,Express,3rd Class,585,429,544,461,78.86
2024-12-30,Colombo Fort - Puttalam,Night Mail,1st Class,32,26,38,26,68.42
2024-12-30,Colombo Fort - Puttalam,Night Mail,2nd Class,195,165,234,164,70.51
2024-12-30,Colombo Fort - Puttalam,Night Mail,3rd Class,422,329,377,382,87.27
2024-12-30,Colombo Fort - Ratnapura,Slow/Local,1st Class,25,22,22,25,100.0
2024-12-30,Colombo Fort - Ratnapura,Slow/Local,2nd Class,150,130,130,150,100.0
2024-12-30,Colombo Fort - Ratnapura,Slow/Local,3rd Class,325,291,348,298,83.62
2024-12-30,Colombo Fort - Vavuniya,Express,1st Class,45,32,32,40,100.0
2024-12-30,Colombo Fort - Vavuniya,Express,2nd Class,270,231,324,210,71.3
2024-12-30,Colombo Fort - Vavuniya,Express,3rd Class,585,412,544,459,75.74
2024-12-30,Kandy - Badulla,Intercity,1st Class,37,28,44,28,63.64
2024-12-30,Kandy - Badulla,Intercity,2nd Class,225,197,270,180,72.96
2024-12-30,Kandy - Badulla,Intercity,3rd Class,487,358,435,369,82.3
2024-12-30,Maradana - Avissawella,Night Mail,1st Class,32,25,38,32,65.79
2024-12-30,Maradana - Avissawella,Night Mail,2nd Class,195,161,234,185,68.8
2024-12-30,Maradana - Avissawella,Night Mail,3rd Class,422,353,377,422,93.63
2024-12-31,Colombo Fort - Anuradhapura,Intercity,1st Class,37,29,44,30,65.91
2024-12-31,Colombo Fort - Anuradhapura,Intercity,2nd Class,225,219,270,193,81.11
2024-12-31,Colombo Fort - Anuradhapura,Intercity,3rd Class,487,388,435,409,89.2
2024-12-31,Colombo Fort - Anuradhapura,Slow/Local,1st Class,25,26,26,25,100.0
2024-12-31,Colombo Fort - Anuradhapura,Slow/Local,2nd Class,150,133,133,150,100.0
2024-12-31,Colombo Fort - Anuradhapura,Slow/Local,3rd Class,325,308,341,319,90.32
2024-12-31,Colombo Fort - Badulla,Slow/Local,1st Class,25,26,26,22,100.0
2024-12-31,Colombo Fort - Badulla,Slow/Local,2nd Class,150,145,145,131,100.0
2024-12-31,Colombo Fort - Badulla,Slow/Local,3rd Class,325,313,329,276,95.14
2024-12-31,Colombo Fort - Batticaloa,Express,1st Class,45,34,54,45,62.96
2024-12-31,Colombo Fort - Batticaloa,Express,2nd Class,270,263,324,263,81.17
2024-12-31,Colombo Fort - Batticaloa,Express,3rd Class,585,460,522,585,88.12
2024-12-31,Colombo Fort - Jaffna,Slow/Local,1st Class,25,26,26,21,100.0
2024-12-31,Colombo Fort - Jaffna,Slow/Local,2nd Class,150,133,133,128,100.0
2024-12-31,Colombo Fort - Jaffna,Slow/Local,3rd Class,325,320,341,290,93.84
2024-12-31,Colombo Fort - Kandy,Intercity,1st Class,37,27,44,36,61.36
2024-12-31,Colombo Fort - Kandy,Intercity,2nd Class,225,220,270,223,81.48
2024-12-31,Colombo Fort - Kandy,Intercity,3rd Class,487,367,435,475,84.37
2024-12-31,Colombo Fort - Ratnapura,Intercity,1st Class,37,28,44,37,63.64
2024-12-31,Colombo Fort - Ratnapura,Intercity,2nd Class,225,211,270,225,78.15
2024-12-31,Colombo Fort - Ratnapura,Intercity,3rd Class,487,417,435,482,95.86
2024-12-31,Colombo Fort - Trincomalee,Express,1st Class,45,34,54,45,62.96
2024-12-31,Colombo Fort - Trincomalee,Express,2nd Class,270,250,324,270,77.16
2024-12-31,Colombo Fort - Trincomalee,Express,3rd Class,585,440,522,553,84.29
2024-12-31,Colombo Fort - Trincomalee,Night Mail,1st Class,32,29,29,31,100.0
2024-12-31,Colombo Fort - Trincomalee,Night Mail,2nd Class,195,181,181,192,100.0
2024-12-31,Colombo Fort - Trincomalee,Night Mail,3rd Class,422,381,439,396,86.79
2024-12-31,Maradana - Avissawella,Intercity,1st Class,37,28,44,37,63.64
2024-12-31,Maradana - Avissawella,Intercity,2nd Class,225,217,270,222,80.37
2024-12-31,Maradana - Avissawella,Intercity,3rd Class,487,370,435,481,85.06
